usage_date,subscription_id,mac_id,resource_group,resource_type,service_name,meter_category,team_tag,cost_inr,currency,quantity,unit_of_measure
2026-01-01,sub-psiog-001,MAC-01,rg-mac-01-devops-prod,Microsoft.Compute/virtualMachines,Virtual Machines,Compute,team:DevOps,1221.73,INR,56.77,1 Hour
2026-01-01,sub-psiog-001,MAC-01,rg-mac-01-devops-prod,Microsoft.Storage/storageAccounts,Blob Storage,Storage,team:DevOps,335.57,INR,62.04,1 Hour
2026-01-01,sub-psiog-001,MAC-01,rg-mac-01-devops-prod,Microsoft.Network/virtualNetworks,Virtual Networks,Networking,team:DevOps,206.16,INR,45.14,1 Hour
2026-01-01,sub-psiog-001,MAC-01,rg-mac-01-devops-prod,Microsoft.Sql/servers/databases,SQL Database,Data Services,team:DevOps,411.66,INR,80.98,1 Hour
2026-01-01,sub-psiog-001,MAC-01,rg-mac-01-platform-prod,Microsoft.ContainerService/managedClusters,AKS Clusters,Compute,team:Platform,1180.68,INR,25.68,1 Hour
2026-01-01,sub-psiog-001,MAC-01,rg-mac-01-platform-prod,Microsoft.Storage/storageAccounts/fileServices,File Storage,Storage,team:Platform,251.56,INR,34.14,1 Hour
2026-01-01,sub-psiog-001,MAC-01,rg-mac-01-platform-prod,Microsoft.Network/virtualNetworks,Virtual Networks,Networking,team:Platform,231.84,INR,67.91,1 Hour
2026-01-01,sub-psiog-001,MAC-01,rg-mac-01-platform-prod,Microsoft.Sql/servers/databases,SQL Database,Data Services,team:Platform,352.9,INR,26.06,1 Hour
2026-01-01,sub-psiog-001,MAC-02,rg-mac-02-dataengineering-prod,Microsoft.Compute/virtualMachines,Virtual Machines,Compute,team:DataEngineering,966.97,INR,80.54,1 Hour
2026-01-01,sub-psiog-001,MAC-02,rg-mac-02-dataengineering-prod,Microsoft.Storage/storageAccounts,Blob Storage,Storage,team:DataEngineering,682.39,INR,46.23,1 Hour
2026-01-01,sub-psiog-001,MAC-02,rg-mac-02-dataengineering-prod,Microsoft.Network/loadBalancers,Load Balancers,Networking,team:DataEngineering,205.51,INR,1.82,1 Hour
2026-01-01,sub-psiog-001,MAC-02,rg-mac-02-dataengineering-prod,Microsoft.DocumentDB/databaseAccounts,Cosmos DB,Data Services,team:DataEngineering,941.86,INR,81.19,1 Hour
2026-01-01,sub-psiog-001,MAC-02,rg-mac-02-analytics-prod,Microsoft.ContainerService/managedClusters,AKS Clusters,Compute,team:Analytics,922.58,INR,4.35,1 Hour
2026-01-01,sub-psiog-001,MAC-02,rg-mac-02-analytics-prod,Microsoft.Storage/storageAccounts,Blob Storage,Storage,team:Analytics,476.19,INR,62.23,1 Hour
2026-01-01,sub-psiog-001,MAC-02,rg-mac-02-analytics-prod,Microsoft.Network/loadBalancers,Load Balancers,Networking,team:Analytics,145.98,INR,91.67,1 Hour
2026-01-01,sub-psiog-001,MAC-02,rg-mac-02-analytics-prod,Microsoft.DocumentDB/databaseAccounts,Cosmos DB,Data Services,team:Analytics,957.02,INR,13.84,1 Hour
2026-01-01,sub-psiog-001,MAC-03,rg-mac-03-product-prod,Microsoft.Compute/virtualMachines,Virtual Machines,Compute,team:Product,536.26,INR,99.12,1 Hour
2026-01-01,sub-psiog-001,MAC-03,rg-mac-03-product-prod,Microsoft.Storage/storageAccounts,Blob Storage,Storage,team:Product,201.37,INR,90.53,1 Hour
2026-01-01,sub-psiog-001,MAC-03,rg-mac-03-product-prod,Microsoft.Network/virtualNetworks,Virtual Networks,Networking,,108.63,INR,53.23,1 Hour
2026-01-01,sub-psiog-001,MAC-03,rg-mac-03-product-prod,Microsoft.Sql/servers/databases,SQL Database,Data Services,,301.75,INR,29.11,1 Hour
2026-01-01,sub-psiog-001,MAC-03,rg-mac-03-frontend-prod,Microsoft.ContainerService/managedClusters,AKS Clusters,Compute,team:Frontend,459.57,INR,11.45,1 Hour
2026-01-01,sub-psiog-001,MAC-03,rg-mac-03-frontend-prod,Microsoft.Storage/storageAccounts,Blob Storage,Storage,team:Frontend,150.55,INR,82.97,1 Hour
2026-01-01,sub-psiog-001,MAC-03,rg-mac-03-frontend-prod,Microsoft.Network/loadBalancers,Load Balancers,Networking,team:Frontend,100.94,INR,47.98,1 Hour
2026-01-01,sub-psiog-001,MAC-03,rg-mac-03-frontend-prod,Microsoft.DocumentDB/databaseAccounts,Cosmos DB,Data Services,,193.11,INR,13.48,1 Hour
2026-01-01,sub-psiog-001,MAC-04,rg-mac-04-backend-prod,Microsoft.ContainerService/managedClusters,AKS Clusters,Compute,team:Backend,1074.32,INR,25.92,1 Hour
2026-01-01,sub-psiog-001,MAC-04,rg-mac-04-backend-prod,Microsoft.Storage/storageAccounts/fileServices,File Storage,Storage,team:Backend,346.41,INR,79.02,1 Hour
2026-01-01,sub-psiog-001,MAC-04,rg-mac-04-backend-prod,Microsoft.Network/virtualNetworks,Virtual Networks,Networking,,250.87,INR,71.5,1 Hour
2026-01-01,sub-psiog-001,MAC-04,rg-mac-04-backend-prod,Microsoft.Sql/servers/databases,SQL Database,Data Services,team:Backend,462.48,INR,64.08,1 Hour
2026-01-01,sub-psiog-001,MAC-04,rg-mac-04-qa-prod,Microsoft.ContainerService/managedClusters,AKS Clusters,Compute,team:QA,355.42,INR,97.23,1 Hour
2026-01-01,sub-psiog-001,MAC-04,rg-mac-04-qa-prod,Microsoft.Storage/storageAccounts,Blob Storage,Storage,team:QA,195.13,INR,61.95,1 Hour
2026-01-01,sub-psiog-001,MAC-04,rg-mac-04-qa-prod,Microsoft.Network/loadBalancers,Load Balancers,Networking,,96.53,INR,41.01,1 Hour
2026-01-01,sub-psiog-001,MAC-04,rg-mac-04-qa-prod,Microsoft.Sql/servers/databases,SQL Database,Data Services,,247.14,INR,26.52,1 Hour
2026-01-01,sub-psiog-001,MAC-05,rg-mac-05-security-prod,Microsoft.Compute/virtualMachines,Virtual Machines,Compute,team:Security,778.92,INR,17.64,1 Hour
2026-01-01,sub-psiog-001,MAC-05,rg-mac-05-security-prod,Microsoft.Storage/storageAccounts,Blob Storage,Storage,team:Security,243.6,INR,44.41,1 Hour
2026-01-01,sub-psiog-001,MAC-05,rg-mac-05-security-prod,Microsoft.Network/virtualNetworks,Virtual Networks,Networking,team:Security,311.22,INR,27.26,1 Hour
2026-01-01,sub-psiog-001,MAC-05,rg-mac-05-security-prod,Microsoft.DocumentDB/databaseAccounts,Cosmos DB,Data Services,team:Security,301.29,INR,15.08,1 Hour
2026-01-01,sub-psiog-001,MAC-05,rg-mac-05-compliance-prod,Microsoft.ContainerService/managedClusters,AKS Clusters,Compute,team:Compliance,313.97,INR,15.93,1 Hour
2026-01-01,sub-psiog-001,MAC-05,rg-mac-05-compliance-prod,Microsoft.Storage/storageAccounts/fileServices,File Storage,Storage,team:Compliance,187.09,INR,34.87,1 Hour
2026-01-01,sub-psiog-001,MAC-05,rg-mac-05-compliance-prod,Microsoft.Network/loadBalancers,Load Balancers,Networking,team:Compliance,145.23,INR,56.39,1 Hour
2026-01-01,sub-psiog-001,MAC-05,rg-mac-05-compliance-prod,Microsoft.Sql/servers/databases,SQL Database,Data Services,team:Compliance,337.78,INR,58.34,1 Hour
2026-01-01,sub-psiog-001,MAC-06,rg-mac-06-infrastructure-prod,Microsoft.Compute/virtualMachines,Virtual Machines,Compute,,1237.93,INR,77.62,1 Hour
2026-01-01,sub-psiog-001,MAC-06,rg-mac-06-infrastructure-prod,Microsoft.Storage/storageAccounts/fileServices,File Storage,Storage,team:Infrastructure,456.28,INR,96.1,1 Hour
2026-01-01,sub-psiog-001,MAC-06,rg-mac-06-infrastructure-prod,Microsoft.Network/virtualNetworks,Virtual Networks,Networking,team:Infrastructure,372.66,INR,74.82,1 Hour
2026-01-01,sub-psiog-001,MAC-06,rg-mac-06-infrastructure-prod,Microsoft.Sql/servers/databases,SQL Database,Data Services,team:Infrastructure,452.24,INR,11.82,1 Hour
2026-01-01,sub-psiog-001,MAC-06,rg-mac-06-cloudops-prod,Microsoft.ContainerService/managedClusters,AKS Clusters,Compute,,1195.53,INR,7.68,1 Hour
2026-01-01,sub-psiog-001,MAC-06,rg-mac-06-cloudops-prod,Microsoft.Storage/storageAccounts,Blob Storage,Storage,team:CloudOps,363.49,INR,10.33,1 Hour
2026-01-01,sub-psiog-001,MAC-06,rg-mac-06-cloudops-prod,Microsoft.Network/virtualNetworks,Virtual Networks,Networking,team:CloudOps,317.2,INR,6.85,1 Hour
2026-01-01,sub-psiog-001,MAC-06,rg-mac-06-cloudops-prod,Microsoft.Sql/servers/databases,SQL Database,Data Services,team:CloudOps,436.77,INR,79.33,1 Hour
2026-01-01,sub-psiog-001,MAC-07,rg-mac-07-ml-prod,Microsoft.ContainerService/managedClusters,AKS Clusters,Compute,team:ML,1605.9,INR,3.63,1 Hour
2026-01-01,sub-psiog-001,MAC-07,rg-mac-07-ml-prod,Microsoft.Storage/storageAccounts,Blob Storage,Storage,team:ML,549.78,INR,89.73,1 Hour
2026-01-01,sub-psiog-001,MAC-07,rg-mac-07-ml-prod,Microsoft.Network/loadBalancers,Load Balancers,Networking,team:ML,213.07,INR,32.36,1 Hour
2026-01-01,sub-psiog-001,MAC-07,rg-mac-07-ml-prod,Microsoft.Sql/servers/databases,SQL Database,Data Services,team:ML,698.06,INR,57.26,1 Hour
2026-01-01,sub-psiog-001,MAC-07,rg-mac-07-research-prod,Microsoft.Compute/virtualMachines,Virtual Machines,Compute,team:Research,720.62,INR,10.6,1 Hour
2026-01-01,sub-psiog-001,MAC-07,rg-mac-07-research-prod,Microsoft.Storage/storageAccounts,Blob Storage,Storage,team:Research,491.35,INR,38.74,1 Hour
2026-01-01,sub-psiog-001,MAC-07,rg-mac-07-research-prod,Microsoft.Network/virtualNetworks,Virtual Networks,Networking,team:Research,199.26,INR,60.05,1 Hour
2026-01-01,sub-psiog-001,MAC-07,rg-mac-07-research-prod,Microsoft.DocumentDB/databaseAccounts,Cosmos DB,Data Services,team:Research,707.61,INR,29.82,1 Hour
2026-01-01,sub-psiog-001,MAC-08,rg-mac-08-finance-prod,Microsoft.Compute/virtualMachines,Virtual Machines,Compute,team:Finance,333.94,INR,98.36,1 Hour
2026-01-01,sub-psiog-001,MAC-08,rg-mac-08-finance-prod,Microsoft.Storage/storageAccounts/fileServices,File Storage,Storage,team:Finance,212.09,INR,5.9,1 Hour
2026-01-01,sub-psiog-001,MAC-08,rg-mac-08-finance-prod,Microsoft.Network/loadBalancers,Load Balancers,Networking,team:Finance,96.93,INR,12.53,1 Hour
2026-01-01,sub-psiog-001,MAC-08,rg-mac-08-finance-prod,Microsoft.DocumentDB/databaseAccounts,Cosmos DB,Data Services,team:Finance,393.34,INR,42.64,1 Hour
2026-01-01,sub-psiog-001,MAC-08,rg-mac-08-operations-prod,Microsoft.ContainerService/managedClusters,AKS Clusters,Compute,team:Operations,422.73,INR,51.25,1 Hour
2026-01-01,sub-psiog-001,MAC-08,rg-mac-08-operations-prod,Microsoft.Storage/storageAccounts,Blob Storage,Storage,team:Operations,274.17,INR,28.22,1 Hour
2026-01-01,sub-psiog-001,MAC-08,rg-mac-08-operations-prod,Microsoft.Network/virtualNetworks,Virtual Networks,Networking,,133.44,INR,34.92,1 Hour
2026-01-01,sub-psiog-001,MAC-08,rg-mac-08-operations-prod,Microsoft.DocumentDB/databaseAccounts,Cosmos DB,Data Services,team:Operations,379.91,INR,14.35,1 Hour
2026-01-02,sub-psiog-001,MAC-01,rg-mac-01-devops-prod,Microsoft.Compute/virtualMachines,Virtual Machines,Compute,team:DevOps,1112.06,INR,71.54,1 Hour
2026-01-02,sub-psiog-001,MAC-01,rg-mac-01-devops-prod,Microsoft.Storage/storageAccounts/fileServices,File Storage,Storage,team:DevOps,342.75,INR,54.9,1 Hour
2026-01-02,sub-psiog-001,MAC-01,rg-mac-01-devops-prod,Microsoft.Network/virtualNetworks,Virtual Networks,Networking,team:DevOps,213.95,INR,99.02,1 Hour
2026-01-02,sub-psiog-001,MAC-01,rg-mac-01-devops-prod,Microsoft.Sql/servers/databases,SQL Database,Data Services,team:DevOps,440.6,INR,67.62,1 Hour
2026-01-02,sub-psiog-001,MAC-01,rg-mac-01-platform-prod,Microsoft.ContainerService/managedClusters,AKS Clusters,Compute,team:Platform,1260.9,INR,29.44,1 Hour
2026-01-02,sub-psiog-001,MAC-01,rg-mac-01-platform-prod,Microsoft.Storage/storageAccounts,Blob Storage,Storage,team:Platform,243.89,INR,25.08,1 Hour
2026-01-02,sub-psiog-001,MAC-01,rg-mac-01-platform-prod,Microsoft.Network/loadBalancers,Load Balancers,Networking,team:Platform,253.5,INR,38.87,1 Hour
2026-01-02,sub-psiog-001,MAC-01,rg-mac-01-platform-prod,Microsoft.Sql/servers/databases,SQL Database,Data Services,team:Platform,364.34,INR,34.41,1 Hour
2026-01-02,sub-psiog-001,MAC-02,rg-mac-02-dataengineering-prod,Microsoft.Compute/virtualMachines,Virtual Machines,Compute,team:DataEngineering,811.67,INR,73.9,1 Hour
2026-01-02,sub-psiog-001,MAC-02,rg-mac-02-dataengineering-prod,Microsoft.Storage/storageAccounts,Blob Storage,Storage,team:DataEngineering,673.7,INR,77.23,1 Hour
2026-01-02,sub-psiog-001,MAC-02,rg-mac-02-dataengineering-prod,Microsoft.Network/virtualNetworks,Virtual Networks,Networking,team:DataEngineering,158.68,INR,19.46,1 Hour
2026-01-02,sub-psiog-001,MAC-02,rg-mac-02-dataengineering-prod,Microsoft.Sql/servers/databases,SQL Database,Data Services,team:DataEngineering,951.01,INR,41.48,1 Hour
2026-01-02,sub-psiog-001,MAC-02,rg-mac-02-analytics-prod,Microsoft.ContainerService/managedClusters,AKS Clusters,Compute,team:Analytics,960.05,INR,20.97,1 Hour
2026-01-02,sub-psiog-001,MAC-02,rg-mac-02-analytics-prod,Microsoft.Storage/storageAccounts/fileServices,File Storage,Storage,team:Analytics,630.34,INR,87.92,1 Hour
2026-01-02,sub-psiog-001,MAC-02,rg-mac-02-analytics-prod,Microsoft.Network/virtualNetworks,Virtual Networks,Networking,team:Analytics,158.21,INR,69.03,1 Hour
2026-01-02,sub-psiog-001,MAC-02,rg-mac-02-analytics-prod,Microsoft.Sql/servers/databases,SQL Database,Data Services,team:Analytics,843.54,INR,70.91,1 Hour
2026-01-02,sub-psiog-001,MAC-03,rg-mac-03-product-prod,Microsoft.Compute/virtualMachines,Virtual Machines,Compute,team:Product,684.39,INR,71.57,1 Hour
2026-01-02,sub-psiog-001,MAC-03,rg-mac-03-product-prod,Microsoft.Storage/storageAccounts,Blob Storage,Storage,team:Product,184.78,INR,16.9,1 Hour
2026-01-02,sub-psiog-001,MAC-03,rg-mac-03-product-prod,Microsoft.Network/loadBalancers,Load Balancers,Networking,team:Product,122.24,INR,65.9,1 Hour
2026-01-02,sub-psiog-001,MAC-03,rg-mac-03-product-prod,Microsoft.Sql/servers/databases,SQL Database,Data Services,team:Product,343.35,INR,8.66,1 Hour
2026-01-02,sub-psiog-001,MAC-03,rg-mac-03-frontend-prod,Microsoft.Compute/virtualMachines,Virtual Machines,Compute,team:Frontend,430.66,INR,62.95,1 Hour
2026-01-02,sub-psiog-001,MAC-03,rg-mac-03-frontend-prod,Microsoft.Storage/storageAccounts,Blob Storage,Storage,team:Frontend,154.52,INR,37.19,1 Hour
2026-01-02,sub-psiog-001,MAC-03,rg-mac-03-frontend-prod,Microsoft.Network/virtualNetworks,Virtual Networks,Networking,team:Frontend,109.37,INR,89.96,1 Hour
2026-01-02,sub-psiog-001,MAC-03,rg-mac-03-frontend-prod,Microsoft.DocumentDB/databaseAccounts,Cosmos DB,Data Services,team:Frontend,186.7,INR,72.98,1 Hour
2026-01-02,sub-psiog-001,MAC-04,rg-mac-04-backend-prod,Microsoft.Compute/virtualMachines,Virtual Machines,Compute,team:Backend,1020.15,INR,94.58,1 Hour
2026-01-02,sub-psiog-001,MAC-04,rg-mac-04-backend-prod,Microsoft.Storage/storageAccounts,Blob Storage,Storage,team:Backend,396.79,INR,1.93,1 Hour
2026-01-02,sub-psiog-001,MAC-04,rg-mac-04-backend-prod,Microsoft.Network/loadBalancers,Load Balancers,Networking,team:Backend,228.94,INR,87.34,1 Hour
2026-01-02,sub-psiog-001,MAC-04,rg-mac-04-backend-prod,Microsoft.Sql/servers/databases,SQL Database,Data Services,,512.37,INR,77.64,1 Hour
2026-01-02,sub-psiog-001,MAC-04,rg-mac-04-qa-prod,Microsoft.ContainerService/managedClusters,AKS Clusters,Compute,team:QA,421.54,INR,45.05,1 Hour
2026-01-02,sub-psiog-001,MAC-04,rg-mac-04-qa-prod,Microsoft.Storage/storageAccounts,Blob Storage,Storage,team:QA,171.64,INR,85.43,1 Hour
2026-01-02,sub-psiog-001,MAC-04,rg-mac-04-qa-prod,Microsoft.Network/virtualNetworks,Virtual Networks,Networking,team:QA,103.05,INR,49.73,1 Hour
2026-01-02,sub-psiog-001,MAC-04,rg-mac-04-qa-prod,Microsoft.Sql/servers/databases,SQL Database,Data Services,team:QA,280.03,INR,1.97,1 Hour
2026-01-02,sub-psiog-001,MAC-05,rg-mac-05-security-prod,Microsoft.ContainerService/managedClusters,AKS Clusters,Compute,team:Security,654.49,INR,14.92,1 Hour
2026-01-02,sub-psiog-001,MAC-05,rg-mac-05-security-prod,Microsoft.Storage/storageAccounts/fileServices,File Storage,Storage,team:Security,280.89,INR,76.36,1 Hour
2026-01-02,sub-psiog-001,MAC-05,rg-mac-05-security-prod,Microsoft.Network/virtualNetworks,Virtual Networks,Networking,team:Security,263.88,INR,4.44,1 Hour
2026-01-02,sub-psiog-001,MAC-05,rg-mac-05-security-prod,Microsoft.DocumentDB/databaseAccounts,Cosmos DB,Data Services,team:Security,334.17,INR,36.88,1 Hour
2026-01-02,sub-psiog-001,MAC-05,rg-mac-05-compliance-prod,Microsoft.Compute/virtualMachines,Virtual Machines,Compute,team:Compliance,386.16,INR,73.72,1 Hour
2026-01-02,sub-psiog-001,MAC-05,rg-mac-05-compliance-prod,Microsoft.Storage/storageAccounts,Blob Storage,Storage,team:Compliance,217.59,INR,6.04,1 Hour
2026-01-02,sub-psiog-001,MAC-05,rg-mac-05-compliance-prod,Microsoft.Network/virtualNetworks,Virtual Networks,Networking,team:Compliance,146.88,INR,9.1,1 Hour
2026-01-02,sub-psiog-001,MAC-05,rg-mac-05-compliance-prod,Microsoft.DocumentDB/databaseAccounts,Cosmos DB,Data Services,team:Compliance,317.7,INR,43.82,1 Hour
2026-01-02,sub-psiog-001,MAC-06,rg-mac-06-infrastructure-prod,Microsoft.Compute/virtualMachines,Virtual Machines,Compute,team:Infrastructure,1236.99,INR,38.67,1 Hour
2026-01-02,sub-psiog-001,MAC-06,rg-mac-06-infrastructure-prod,Microsoft.Storage/storageAccounts/fileServices,File Storage,Storage,team:Infrastructure,405.84,INR,38.93,1 Hour
2026-01-02,sub-psiog-001,MAC-06,rg-mac-06-infrastructure-prod,Microsoft.Network/loadBalancers,Load Balancers,Networking,team:Infrastructure,321.26,INR,87.48,1 Hour
2026-01-02,sub-psiog-001,MAC-06,rg-mac-06-infrastructure-prod,Microsoft.DocumentDB/databaseAccounts,Cosmos DB,Data Services,,452.15,INR,21.13,1 Hour
2026-01-02,sub-psiog-001,MAC-06,rg-mac-06-cloudops-prod,Microsoft.ContainerService/managedClusters,AKS Clusters,Compute,,1390.67,INR,52.22,1 Hour
2026-01-02,sub-psiog-001,MAC-06,rg-mac-06-cloudops-prod,Microsoft.Storage/storageAccounts,Blob Storage,Storage,team:CloudOps,363.82,INR,9.2,1 Hour
2026-01-02,sub-psiog-001,MAC-06,rg-mac-06-cloudops-prod,Microsoft.Network/loadBalancers,Load Balancers,Networking,team:CloudOps,367.73,INR,95.12,1 Hour
2026-01-02,sub-psiog-001,MAC-06,rg-mac-06-cloudops-prod,Microsoft.Sql/servers/databases,SQL Database,Data Services,team:CloudOps,395.57,INR,64.64,1 Hour
2026-01-02,sub-psiog-001,MAC-07,rg-mac-07-ml-prod,Microsoft.ContainerService/managedClusters,AKS Clusters,Compute,team:ML,1636.01,INR,99.07,1 Hour
2026-01-02,sub-psiog-001,MAC-07,rg-mac-07-ml-prod,Microsoft.Storage/storageAccounts/fileServices,File Storage,Storage,team:ML,479.16,INR,83.08,1 Hour
2026-01-02,sub-psiog-001,MAC-07,rg-mac-07-ml-prod,Microsoft.Network/virtualNetworks,Virtual Networks,Networking,team:ML,198.38,INR,44.2,1 Hour
2026-01-02,sub-psiog-001,MAC-07,rg-mac-07-ml-prod,Microsoft.DocumentDB/databaseAccounts,Cosmos DB,Data Services,team:ML,735.3,INR,92.01,1 Hour
2026-01-02,sub-psiog-001,MAC-07,rg-mac-07-research-prod,Microsoft.Compute/virtualMachines,Virtual Machines,Compute,team:Research,769.16,INR,41.98,1 Hour
2026-01-02,sub-psiog-001,MAC-07,rg-mac-07-research-prod,Microsoft.Storage/storageAccounts,Blob Storage,Storage,team:Research,513.88,INR,83.47,1 Hour
2026-01-02,sub-psiog-001,MAC-07,rg-mac-07-research-prod,Microsoft.Network/virtualNetworks,Virtual Networks,Networking,team:Research,188.72,INR,99.58,1 Hour
2026-01-02,sub-psiog-001,MAC-07,rg-mac-07-research-prod,Microsoft.DocumentDB/databaseAccounts,Cosmos DB,Data Services,team:Research,617.17,INR,82.36,1 Hour
2026-01-02,sub-psiog-001,MAC-08,rg-mac-08-finance-prod,Microsoft.ContainerService/managedClusters,AKS Clusters,Compute,team:Finance,304.41,INR,9.06,1 Hour
2026-01-02,sub-psiog-001,MAC-08,rg-mac-08-finance-prod,Microsoft.Storage/storageAccounts/fileServices,File Storage,Storage,team:Finance,170.82,INR,98.0,1 Hour
2026-01-02,sub-psiog-001,MAC-08,rg-mac-08-finance-prod,Microsoft.Network/virtualNetworks,Virtual Networks,Networking,team:Finance,86.18,INR,23.58,1 Hour
2026-01-02,sub-psiog-001,MAC-08,rg-mac-08-finance-prod,Microsoft.Sql/servers/databases,SQL Database,Data Services,team:Finance,394.97,INR,58.92,1 Hour
2026-01-02,sub-psiog-001,MAC-08,rg-mac-08-operations-prod,Microsoft.Compute/virtualMachines,Virtual Machines,Compute,team:Operations,481.25,INR,48.22,1 Hour
2026-01-02,sub-psiog-001,MAC-08,rg-mac-08-operations-prod,Microsoft.Storage/storageAccounts/fileServices,File Storage,Storage,,299.9,INR,17.81,1 Hour
2026-01-02,sub-psiog-001,MAC-08,rg-mac-08-operations-prod,Microsoft.Network/virtualNetworks,Virtual Networks,Networking,team:Operations,131.21,INR,96.79,1 Hour
2026-01-02,sub-psiog-001,MAC-08,rg-mac-08-operations-prod,Microsoft.DocumentDB/databaseAccounts,Cosmos DB,Data Services,,384.15,INR,26.18,1 Hour
2026-01-03,sub-psiog-001,MAC-01,rg-mac-01-devops-prod,Microsoft.ContainerService/managedClusters,AKS Clusters,Compute,team:DevOps,1236.67,INR,60.56,1 Hour
2026-01-03,sub-psiog-001,MAC-01,rg-mac-01-devops-prod,Microsoft.Storage/storageAccounts,Blob Storage,Storage,,271.62,INR,82.15,1 Hour
2026-01-03,sub-psiog-001,MAC-01,rg-mac-01-devops-prod,Microsoft.Network/virtualNetworks,Virtual Networks,Networking,team:DevOps,192.32,INR,14.87,1 Hour
2026-01-03,sub-psiog-001,MAC-01,rg-mac-01-devops-prod,Microsoft.DocumentDB/databaseAccounts,Cosmos DB,Data Services,team:DevOps,407.81,INR,60.85,1 Hour
2026-01-03,sub-psiog-001,MAC-01,rg-mac-01-platform-prod,Microsoft.Compute/virtualMachines,Virtual Machines,Compute,team:Platform,1251.07,INR,95.69,1 Hour
2026-01-03,sub-psiog-001,MAC-01,rg-mac-01-platform-prod,Microsoft.Storage/storageAccounts,Blob Storage,Storage,team:Platform,254.86,INR,45.37,1 Hour
2026-01-03,sub-psiog-001,MAC-01,rg-mac-01-platform-prod,Microsoft.Network/loadBalancers,Load Balancers,Networking,team:Platform,235.26,INR,78.07,1 Hour
2026-01-03,sub-psiog-001,MAC-01,rg-mac-01-platform-prod,Microsoft.DocumentDB/databaseAccounts,Cosmos DB,Data Services,team:Platform,428.79,INR,22.12,1 Hour
2026-01-03,sub-psiog-001,MAC-02,rg-mac-02-dataengineering-prod,Microsoft.Compute/virtualMachines,Virtual Machines,Compute,team:DataEngineering,842.93,INR,49.09,1 Hour
2026-01-03,sub-psiog-001,MAC-02,rg-mac-02-dataengineering-prod,Microsoft.Storage/storageAccounts/fileServices,File Storage,Storage,,592.14,INR,89.73,1 Hour
2026-01-03,sub-psiog-001,MAC-02,rg-mac-02-dataengineering-prod,Microsoft.Network/virtualNetworks,Virtual Networks,Networking,,197.91,INR,50.09,1 Hour
2026-01-03,sub-psiog-001,MAC-02,rg-mac-02-dataengineering-prod,Microsoft.DocumentDB/databaseAccounts,Cosmos DB,Data Services,team:DataEngineering,851.95,INR,38.71,1 Hour
2026-01-03,sub-psiog-001,MAC-02,rg-mac-02-analytics-prod,Microsoft.ContainerService/managedClusters,AKS Clusters,Compute,team:Analytics,819.42,INR,64.51,1 Hour
2026-01-03,sub-psiog-001,MAC-02,rg-mac-02-analytics-prod,Microsoft.Storage/storageAccounts,Blob Storage,Storage,team:Analytics,471.76,INR,37.74,1 Hour
2026-01-03,sub-psiog-001,MAC-02,rg-mac-02-analytics-prod,Microsoft.Network/loadBalancers,Load Balancers,Networking,,151.58,INR,56.51,1 Hour
2026-01-03,sub-psiog-001,MAC-02,rg-mac-02-analytics-prod,Microsoft.Sql/servers/databases,SQL Database,Data Services,team:Analytics,837.24,INR,32.38,1 Hour
2026-01-03,sub-psiog-001,MAC-03,rg-mac-03-product-prod,Microsoft.Compute/virtualMachines,Virtual Machines,Compute,team:Product,582.67,INR,1.44,1 Hour
2026-01-03,sub-psiog-001,MAC-03,rg-mac-03-product-prod,Microsoft.Storage/storageAccounts/fileServices,File Storage,Storage,team:Product,188.63,INR,34.94,1 Hour
2026-01-03,sub-psiog-001,MAC-03,rg-mac-03-product-prod,Microsoft.Network/virtualNetworks,Virtual Networks,Networking,,127.12,INR,22.69,1 Hour
2026-01-03,sub-psiog-001,MAC-03,rg-mac-03-product-prod,Microsoft.DocumentDB/databaseAccounts,Cosmos DB,Data Services,team:Product,337.96,INR,49.65,1 Hour
2026-01-03,sub-psiog-001,MAC-03,rg-mac-03-frontend-prod,Microsoft.ContainerService/managedClusters,AKS Clusters,Compute,team:Frontend,522.26,INR,35.69,1 Hour
2026-01-03,sub-psiog-001,MAC-03,rg-mac-03-frontend-prod,Microsoft.Storage/storageAccounts,Blob Storage,Storage,team:Frontend,171.85,INR,82.25,1 Hour
2026-01-03,sub-psiog-001,MAC-03,rg-mac-03-frontend-prod,Microsoft.Network/virtualNetworks,Virtual Networks,Networking,team:Frontend,89.18,INR,48.68,1 Hour
2026-01-03,sub-psiog-001,MAC-03,rg-mac-03-frontend-prod,Microsoft.DocumentDB/databaseAccounts,Cosmos DB,Data Services,team:Frontend,229.36,INR,34.71,1 Hour
2026-01-03,sub-psiog-001,MAC-04,rg-mac-04-backend-prod,Microsoft.ContainerService/managedClusters,AKS Clusters,Compute,team:Backend,1074.59,INR,50.62,1 Hour
2026-01-03,sub-psiog-001,MAC-04,rg-mac-04-backend-prod,Microsoft.Storage/storageAccounts/fileServices,File Storage,Storage,team:Backend,309.92,INR,25.82,1 Hour
2026-01-03,sub-psiog-001,MAC-04,rg-mac-04-backend-prod,Microsoft.Network/virtualNetworks,Virtual Networks,Networking,,222.48,INR,98.26,1 Hour
2026-01-03,sub-psiog-001,MAC-04,rg-mac-04-backend-prod,Microsoft.Sql/servers/databases,SQL Database,Data Services,team:Backend,463.63,INR,53.1,1 Hour
2026-01-03,sub-psiog-001,MAC-04,rg-mac-04-qa-prod,Microsoft.ContainerService/managedClusters,AKS Clusters,Compute,team:QA,342.1,INR,68.01,1 Hour
2026-01-03,sub-psiog-001,MAC-04,rg-mac-04-qa-prod,Microsoft.Storage/storageAccounts/fileServices,File Storage,Storage,team:QA,175.74,INR,26.59,1 Hour
2026-01-03,sub-psiog-001,MAC-04,rg-mac-04-qa-prod,Microsoft.Network/loadBalancers,Load Balancers,Networking,team:QA,79.76,INR,69.75,1 Hour
2026-01-03,sub-psiog-001,MAC-04,rg-mac-04-qa-prod,Microsoft.DocumentDB/databaseAccounts,Cosmos DB,Data Services,team:QA,286.0,INR,79.59,1 Hour
2026-01-03,sub-psiog-001,MAC-05,rg-mac-05-security-prod,Microsoft.ContainerService/managedClusters,AKS Clusters,Compute,,629.86,INR,67.26,1 Hour
2026-01-03,sub-psiog-001,MAC-05,rg-mac-05-security-prod,Microsoft.Storage/storageAccounts,Blob Storage,Storage,team:Security,280.45,INR,6.0,1 Hour
2026-01-03,sub-psiog-001,MAC-05,rg-mac-05-security-prod,Microsoft.Network/loadBalancers,Load Balancers,Networking,team:Security,334.08,INR,53.09,1 Hour
2026-01-03,sub-psiog-001,MAC-05,rg-mac-05-security-prod,Microsoft.Sql/servers/databases,SQL Database,Data Services,team:Security,345.78,INR,69.98,1 Hour
2026-01-03,sub-psiog-001,MAC-05,rg-mac-05-compliance-prod,Microsoft.Compute/virtualMachines,Virtual Machines,Compute,team:Compliance,328.15,INR,61.89,1 Hour
2026-01-03,sub-psiog-001,MAC-05,rg-mac-05-compliance-prod,Microsoft.Storage/storageAccounts/fileServices,File Storage,Storage,team:Compliance,198.96,INR,18.15,1 Hour
2026-01-03,sub-psiog-001,MAC-05,rg-mac-05-compliance-prod,Microsoft.Network/virtualNetworks,Virtual Networks,Networking,team:Compliance,145.82,INR,83.95,1 Hour
2026-01-03,sub-psiog-001,MAC-05,rg-mac-05-compliance-prod,Microsoft.Sql/servers/databases,SQL Database,Data Services,,269.72,INR,76.53,1 Hour
2026-01-03,sub-psiog-001,MAC-06,rg-mac-06-infrastructure-prod,Microsoft.ContainerService/managedClusters,AKS Clusters,Compute,team:Infrastructure,1280.82,INR,13.26,1 Hour
2026-01-03,sub-psiog-001,MAC-06,rg-mac-06-infrastructure-prod,Microsoft.Storage/storageAccounts,Blob Storage,Storage,team:Infrastructure,425.03,INR,7.46,1 Hour
2026-01-03,sub-psiog-001,MAC-06,rg-mac-06-infrastructure-prod,Microsoft.Network/loadBalancers,Load Balancers,Networking,team:Infrastructure,313.76,INR,44.13,1 Hour
2026-01-03,sub-psiog-001,MAC-06,rg-mac-06-infrastructure-prod,Microsoft.DocumentDB/databaseAccounts,Cosmos DB,Data Services,,425.11,INR,28.6,1 Hour
2026-01-03,sub-psiog-001,MAC-06,rg-mac-06-cloudops-prod,Microsoft.ContainerService/managedClusters,AKS Clusters,Compute,team:CloudOps,1128.1,INR,49.06,1 Hour
2026-01-03,sub-psiog-001,MAC-06,rg-mac-06-cloudops-prod,Microsoft.Storage/storageAccounts/fileServices,File Storage,Storage,team:CloudOps,402.88,INR,38.65,1 Hour
2026-01-03,sub-psiog-001,MAC-06,rg-mac-06-cloudops-prod,Microsoft.Network/virtualNetworks,Virtual Networks,Networking,team:CloudOps,301.23,INR,59.38,1 Hour
2026-01-03,sub-psiog-001,MAC-06,rg-mac-06-cloudops-prod,Microsoft.DocumentDB/databaseAccounts,Cosmos DB,Data Services,team:CloudOps,425.6,INR,88.79,1 Hour
2026-01-03,sub-psiog-001,MAC-07,rg-mac-07-ml-prod,Microsoft.Compute/virtualMachines,Virtual Machines,Compute,team:ML,1545.57,INR,66.94,1 Hour
2026-01-03,sub-psiog-001,MAC-07,rg-mac-07-ml-prod,Microsoft.Storage/storageAccounts,Blob Storage,Storage,team:ML,429.74,INR,67.92,1 Hour
2026-01-03,sub-psiog-001,MAC-07,rg-mac-07-ml-prod,Microsoft.Network/loadBalancers,Load Balancers,Networking,team:ML,179.71,INR,26.35,1 Hour
2026-01-03,sub-psiog-001,MAC-07,rg-mac-07-ml-prod,Microsoft.DocumentDB/databaseAccounts,Cosmos DB,Data Services,team:ML,803.1,INR,40.93,1 Hour
2026-01-03,sub-psiog-001,MAC-07,rg-mac-07-research-prod,Microsoft.Compute/virtualMachines,Virtual Machines,Compute,team:Research,754.6,INR,72.93,1 Hour
2026-01-03,sub-psiog-001,MAC-07,rg-mac-07-research-prod,Microsoft.Storage/storageAccounts,Blob Storage,Storage,team:Research,409.75,INR,26.27,1 Hour
2026-01-03,sub-psiog-001,MAC-07,rg-mac-07-research-prod,Microsoft.Network/virtualNetworks,Virtual Networks,Networking,team:Research,170.34,INR,44.64,1 Hour
2026-01-03,sub-psiog-001,MAC-07,rg-mac-07-research-prod,Microsoft.Sql/servers/databases,SQL Database,Data Services,team:Research,584.9,INR,51.08,1 Hour
2026-01-03,sub-psiog-001,MAC-08,rg-mac-08-finance-prod,Microsoft.ContainerService/managedClusters,AKS Clusters,Compute,team:Finance,289.22,INR,78.83,1 Hour
2026-01-03,sub-psiog-001,MAC-08,rg-mac-08-finance-prod,Microsoft.Storage/storageAccounts/fileServices,File Storage,Storage,team:Finance,205.92,INR,23.8,1 Hour
2026-01-03,sub-psiog-001,MAC-08,rg-mac-08-finance-prod,Microsoft.Network/loadBalancers,Load Balancers,Networking,team:Finance,98.33,INR,31.12,1 Hour
2026-01-03,sub-psiog-001,MAC-08,rg-mac-08-finance-prod,Microsoft.DocumentDB/databaseAccounts,Cosmos DB,Data Services,team:Finance,453.09,INR,54.54,1 Hour
2026-01-03,sub-psiog-001,MAC-08,rg-mac-08-operations-prod,Microsoft.Compute/virtualMachines,Virtual Machines,Compute,team:Operations,439.46,INR,13.99,1 Hour
2026-01-03,sub-psiog-001,MAC-08,rg-mac-08-operations-prod,Microsoft.Storage/storageAccounts/fileServices,File Storage,Storage,team:Operations,328.16,INR,52.66,1 Hour
2026-01-03,sub-psiog-001,MAC-08,rg-mac-08-operations-prod,Microsoft.Network/loadBalancers,Load Balancers,Networking,team:Operations,119.81,INR,91.29,1 Hour
2026-01-03,sub-psiog-001,MAC-08,rg-mac-08-operations-prod,Microsoft.Sql/servers/databases,SQL Database,Data Services,team:Operations,350.22,INR,59.83,1 Hour
2026-01-04,sub-psiog-001,MAC-01,rg-mac-01-devops-prod,Microsoft.Compute/virtualMachines,Virtual Machines,Compute,team:DevOps,1355.35,INR,89.63,1 Hour
2026-01-04,sub-psiog-001,MAC-01,rg-mac-01-devops-prod,Microsoft.Storage/storageAccounts/fileServices,File Storage,Storage,team:DevOps,314.09,INR,32.34,1 Hour
2026-01-04,sub-psiog-001,MAC-01,rg-mac-01-devops-prod,Microsoft.Network/virtualNetworks,Virtual Networks,Networking,team:DevOps,191.92,INR,87.05,1 Hour
2026-01-04,sub-psiog-001,MAC-01,rg-mac-01-devops-prod,Microsoft.Sql/servers/databases,SQL Database,Data Services,team:DevOps,419.9,INR,98.64,1 Hour
2026-01-04,sub-psiog-001,MAC-01,rg-mac-01-platform-prod,Microsoft.ContainerService/managedClusters,AKS Clusters,Compute,team:Platform,1083.53,INR,65.03,1 Hour
2026-01-04,sub-psiog-001,MAC-01,rg-mac-01-platform-prod,Microsoft.Storage/storageAccounts,Blob Storage,Storage,team:Platform,260.15,INR,38.39,1 Hour
2026-01-04,sub-psiog-001,MAC-01,rg-mac-01-platform-prod,Microsoft.Network/loadBalancers,Load Balancers,Networking,team:Platform,269.97,INR,12.35,1 Hour
2026-01-04,sub-psiog-001,MAC-01,rg-mac-01-platform-prod,Microsoft.DocumentDB/databaseAccounts,Cosmos DB,Data Services,team:Platform,406.29,INR,29.19,1 Hour
2026-01-04,sub-psiog-001,MAC-02,rg-mac-02-dataengineering-prod,Microsoft.Compute/virtualMachines,Virtual Machines,Compute,team:DataEngineering,802.48,INR,63.16,1 Hour
2026-01-04,sub-psiog-001,MAC-02,rg-mac-02-dataengineering-prod,Microsoft.Storage/storageAccounts/fileServices,File Storage,Storage,team:DataEngineering,689.43,INR,47.71,1 Hour
2026-01-04,sub-psiog-001,MAC-02,rg-mac-02-dataengineering-prod,Microsoft.Network/loadBalancers,Load Balancers,Networking,team:DataEngineering,192.05,INR,47.89,1 Hour
2026-01-04,sub-psiog-001,MAC-02,rg-mac-02-dataengineering-prod,Microsoft.DocumentDB/databaseAccounts,Cosmos DB,Data Services,team:DataEngineering,977.05,INR,66.97,1 Hour
2026-01-04,sub-psiog-001,MAC-02,rg-mac-02-analytics-prod,Microsoft.Compute/virtualMachines,Virtual Machines,Compute,,773.14,INR,61.9,1 Hour
2026-01-04,sub-psiog-001,MAC-02,rg-mac-02-analytics-prod,Microsoft.Storage/storageAccounts/fileServices,File Storage,Storage,team:Analytics,565.37,INR,54.82,1 Hour
2026-01-04,sub-psiog-001,MAC-02,rg-mac-02-analytics-prod,Microsoft.Network/virtualNetworks,Virtual Networks,Networking,team:Analytics,169.35,INR,32.56,1 Hour
2026-01-04,sub-psiog-001,MAC-02,rg-mac-02-analytics-prod,Microsoft.Sql/servers/databases,SQL Database,Data Services,team:Analytics,942.55,INR,23.48,1 Hour
2026-01-04,sub-psiog-001,MAC-03,rg-mac-03-product-prod,Microsoft.ContainerService/managedClusters,AKS Clusters,Compute,team:Product,553.93,INR,10.09,1 Hour
2026-01-04,sub-psiog-001,MAC-03,rg-mac-03-product-prod,Microsoft.Storage/storageAccounts,Blob Storage,Storage,team:Product,215.93,INR,11.7,1 Hour
2026-01-04,sub-psiog-001,MAC-03,rg-mac-03-product-prod,Microsoft.Network/virtualNetworks,Virtual Networks,Networking,,109.7,INR,17.0,1 Hour
2026-01-04,sub-psiog-001,MAC-03,rg-mac-03-product-prod,Microsoft.Sql/servers/databases,SQL Database,Data Services,team:Product,328.72,INR,68.13,1 Hour
2026-01-04,sub-psiog-001,MAC-03,rg-mac-03-frontend-prod,Microsoft.Compute/virtualMachines,Virtual Machines,Compute,team:Frontend,570.43,INR,58.86,1 Hour
2026-01-04,sub-psiog-001,MAC-03,rg-mac-03-frontend-prod,Microsoft.Storage/storageAccounts,Blob Storage,Storage,team:Frontend,129.26,INR,69.19,1 Hour
2026-01-04,sub-psiog-001,MAC-03,rg-mac-03-frontend-prod,Microsoft.Network/loadBalancers,Load Balancers,Networking,,104.19,INR,95.64,1 Hour
2026-01-04,sub-psiog-001,MAC-03,rg-mac-03-frontend-prod,Microsoft.DocumentDB/databaseAccounts,Cosmos DB,Data Services,,206.73,INR,18.48,1 Hour
2026-01-04,sub-psiog-001,MAC-04,rg-mac-04-backend-prod,Microsoft.ContainerService/managedClusters,AKS Clusters,Compute,team:Backend,1072.82,INR,68.06,1 Hour
2026-01-04,sub-psiog-001,MAC-04,rg-mac-04-backend-prod,Microsoft.Storage/storageAccounts,Blob Storage,Storage,team:Backend,399.68,INR,11.43,1 Hour
2026-01-04,sub-psiog-001,MAC-04,rg-mac-04-backend-prod,Microsoft.Network/loadBalancers,Load Balancers,Networking,team:Backend,200.79,INR,33.51,1 Hour
2026-01-04,sub-psiog-001,MAC-04,rg-mac-04-backend-prod,Microsoft.Sql/servers/databases,SQL Database,Data Services,team:Backend,560.06,INR,20.37,1 Hour
2026-01-04,sub-psiog-001,MAC-04,rg-mac-04-qa-prod,Microsoft.ContainerService/managedClusters,AKS Clusters,Compute,team:QA,400.89,INR,34.96,1 Hour
2026-01-04,sub-psiog-001,MAC-04,rg-mac-04-qa-prod,Microsoft.Storage/storageAccounts,Blob Storage,Storage,team:QA,171.48,INR,99.29,1 Hour
2026-01-04,sub-psiog-001,MAC-04,rg-mac-04-qa-prod,Microsoft.Network/loadBalancers,Load Balancers,Networking,team:QA,93.85,INR,51.61,1 Hour
2026-01-04,sub-psiog-001,MAC-04,rg-mac-04-qa-prod,Microsoft.Sql/servers/databases,SQL Database,Data Services,team:QA,261.56,INR,62.87,1 Hour
2026-01-04,sub-psiog-001,MAC-05,rg-mac-05-security-prod,Microsoft.ContainerService/managedClusters,AKS Clusters,Compute,,606.82,INR,6.19,1 Hour
2026-01-04,sub-psiog-001,MAC-05,rg-mac-05-security-prod,Microsoft.Storage/storageAccounts/fileServices,File Storage,Storage,team:Security,274.33,INR,50.9,1 Hour
2026-01-04,sub-psiog-001,MAC-05,rg-mac-05-security-prod,Microsoft.Network/virtualNetworks,Virtual Networks,Networking,team:Security,279.23,INR,87.08,1 Hour
2026-01-04,sub-psiog-001,MAC-05,rg-mac-05-security-prod,Microsoft.DocumentDB/databaseAccounts,Cosmos DB,Data Services,team:Security,336.91,INR,32.16,1 Hour
2026-01-04,sub-psiog-001,MAC-05,rg-mac-05-compliance-prod,Microsoft.ContainerService/managedClusters,AKS Clusters,Compute,team:Compliance,361.17,INR,51.48,1 Hour
2026-01-04,sub-psiog-001,MAC-05,rg-mac-05-compliance-prod,Microsoft.Storage/storageAccounts,Blob Storage,Storage,team:Compliance,219.2,INR,39.43,1 Hour
2026-01-04,sub-psiog-001,MAC-05,rg-mac-05-compliance-prod,Microsoft.Network/virtualNetworks,Virtual Networks,Networking,team:Compliance,146.9,INR,95.18,1 Hour
2026-01-04,sub-psiog-001,MAC-05,rg-mac-05-compliance-prod,Microsoft.DocumentDB/databaseAccounts,Cosmos DB,Data Services,team:Compliance,295.85,INR,50.98,1 Hour
2026-01-04,sub-psiog-001,MAC-06,rg-mac-06-infrastructure-prod,Microsoft.Compute/virtualMachines,Virtual Machines,Compute,,1497.04,INR,60.87,1 Hour
2026-01-04,sub-psiog-001,MAC-06,rg-mac-06-infrastructure-prod,Microsoft.Storage/storageAccounts,Blob Storage,Storage,team:Infrastructure,357.25,INR,99.67,1 Hour
2026-01-04,sub-psiog-001,MAC-06,rg-mac-06-infrastructure-prod,Microsoft.Network/loadBalancers,Load Balancers,Networking,team:Infrastructure,328.23,INR,40.16,1 Hour
2026-01-04,sub-psiog-001,MAC-06,rg-mac-06-infrastructure-prod,Microsoft.DocumentDB/databaseAccounts,Cosmos DB,Data Services,team:Infrastructure,459.34,INR,40.25,1 Hour
2026-01-04,sub-psiog-001,MAC-06,rg-mac-06-cloudops-prod,Microsoft.ContainerService/managedClusters,AKS Clusters,Compute,team:CloudOps,1184.1,INR,27.27,1 Hour
2026-01-04,sub-psiog-001,MAC-06,rg-mac-06-cloudops-prod,Microsoft.Storage/storageAccounts,Blob Storage,Storage,team:CloudOps,437.46,INR,8.98,1 Hour
2026-01-04,sub-psiog-001,MAC-06,rg-mac-06-cloudops-prod,Microsoft.Network/loadBalancers,Load Balancers,Networking,team:CloudOps,284.89,INR,87.31,1 Hour
2026-01-04,sub-psiog-001,MAC-06,rg-mac-06-cloudops-prod,Microsoft.Sql/servers/databases,SQL Database,Data Services,team:CloudOps,399.78,INR,61.66,1 Hour
2026-01-04,sub-psiog-001,MAC-07,rg-mac-07-ml-prod,Microsoft.ContainerService/managedClusters,AKS Clusters,Compute,team:ML,1826.09,INR,1.26,1 Hour
2026-01-04,sub-psiog-001,MAC-07,rg-mac-07-ml-prod,Microsoft.Storage/storageAccounts/fileServices,File Storage,Storage,team:ML,527.33,INR,44.27,1 Hour
2026-01-04,sub-psiog-001,MAC-07,rg-mac-07-ml-prod,Microsoft.Network/loadBalancers,Load Balancers,Networking,team:ML,202.53,INR,58.32,1 Hour
2026-01-04,sub-psiog-001,MAC-07,rg-mac-07-ml-prod,Microsoft.Sql/servers/databases,SQL Database,Data Services,team:ML,630.76,INR,87.88,1 Hour
2026-01-04,sub-psiog-001,MAC-07,rg-mac-07-research-prod,Microsoft.Compute/virtualMachines,Virtual Machines,Compute,team:Research,745.72,INR,55.04,1 Hour
2026-01-04,sub-psiog-001,MAC-07,rg-mac-07-research-prod,Microsoft.Storage/storageAccounts/fileServices,File Storage,Storage,team:Research,513.82,INR,29.01,1 Hour
2026-01-04,sub-psiog-001,MAC-07,rg-mac-07-research-prod,Microsoft.Network/loadBalancers,Load Balancers,Networking,team:Research,166.23,INR,43.73,1 Hour
2026-01-04,sub-psiog-001,MAC-07,rg-mac-07-research-prod,Microsoft.DocumentDB/databaseAccounts,Cosmos DB,Data Services,,570.35,INR,22.11,1 Hour
2026-01-04,sub-psiog-001,MAC-08,rg-mac-08-finance-prod,Microsoft.ContainerService/managedClusters,AKS Clusters,Compute,team:Finance,280.93,INR,11.92,1 Hour
2026-01-04,sub-psiog-001,MAC-08,rg-mac-08-finance-prod,Microsoft.Storage/storageAccounts/fileServices,File Storage,Storage,team:Finance,179.2,INR,83.96,1 Hour
2026-01-04,sub-psiog-001,MAC-08,rg-mac-08-finance-prod,Microsoft.Network/virtualNetworks,Virtual Networks,Networking,team:Finance,108.69,INR,73.46,1 Hour
2026-01-04,sub-psiog-001,MAC-08,rg-mac-08-finance-prod,Microsoft.DocumentDB/databaseAccounts,Cosmos DB,Data Services,team:Finance,449.15,INR,55.18,1 Hour
2026-01-04,sub-psiog-001,MAC-08,rg-mac-08-operations-prod,Microsoft.Compute/virtualMachines,Virtual Machines,Compute,team:Operations,512.07,INR,77.63,1 Hour
2026-01-04,sub-psiog-001,MAC-08,rg-mac-08-operations-prod,Microsoft.Storage/storageAccounts,Blob Storage,Storage,team:Operations,321.42,INR,17.24,1 Hour
2026-01-04,sub-psiog-001,MAC-08,rg-mac-08-operations-prod,Microsoft.Network/virtualNetworks,Virtual Networks,Networking,team:Operations,118.85,INR,47.84,1 Hour
2026-01-04,sub-psiog-001,MAC-08,rg-mac-08-operations-prod,Microsoft.DocumentDB/databaseAccounts,Cosmos DB,Data Services,team:Operations,401.07,INR,37.28,1 Hour
2026-01-05,sub-psiog-001,MAC-01,rg-mac-01-devops-prod,Microsoft.Compute/virtualMachines,Virtual Machines,Compute,team:DevOps,1352.15,INR,69.78,1 Hour
2026-01-05,sub-psiog-001,MAC-01,rg-mac-01-devops-prod,Microsoft.Storage/storageAccounts/fileServices,File Storage,Storage,team:DevOps,328.05,INR,27.72,1 Hour
2026-01-05,sub-psiog-001,MAC-01,rg-mac-01-devops-prod,Microsoft.Network/virtualNetworks,Virtual Networks,Networking,team:DevOps,188.22,INR,7.86,1 Hour
2026-01-05,sub-psiog-001,MAC-01,rg-mac-01-devops-prod,Microsoft.DocumentDB/databaseAccounts,Cosmos DB,Data Services,team:DevOps,383.35,INR,69.77,1 Hour
2026-01-05,sub-psiog-001,MAC-01,rg-mac-01-platform-prod,Microsoft.ContainerService/managedClusters,AKS Clusters,Compute,team:Platform,997.06,INR,19.34,1 Hour
2026-01-05,sub-psiog-001,MAC-01,rg-mac-01-platform-prod,Microsoft.Storage/storageAccounts/fileServices,File Storage,Storage,,258.99,INR,79.8,1 Hour
2026-01-05,sub-psiog-001,MAC-01,rg-mac-01-platform-prod,Microsoft.Network/loadBalancers,Load Balancers,Networking,team:Platform,278.69,INR,24.34,1 Hour
2026-01-05,sub-psiog-001,MAC-01,rg-mac-01-platform-prod,Microsoft.Sql/servers/databases,SQL Database,Data Services,team:Platform,374.49,INR,98.51,1 Hour
2026-01-05,sub-psiog-001,MAC-02,rg-mac-02-dataengineering-prod,Microsoft.Compute/virtualMachines,Virtual Machines,Compute,,777.17,INR,19.56,1 Hour
2026-01-05,sub-psiog-001,MAC-02,rg-mac-02-dataengineering-prod,Microsoft.Storage/storageAccounts/fileServices,File Storage,Storage,team:DataEngineering,658.33,INR,51.22,1 Hour
2026-01-05,sub-psiog-001,MAC-02,rg-mac-02-dataengineering-prod,Microsoft.Network/virtualNetworks,Virtual Networks,Networking,team:DataEngineering,163.09,INR,21.12,1 Hour
2026-01-05,sub-psiog-001,MAC-02,rg-mac-02-dataengineering-prod,Microsoft.DocumentDB/databaseAccounts,Cosmos DB,Data Services,team:DataEngineering,1021.73,INR,36.32,1 Hour
2026-01-05,sub-psiog-001,MAC-02,rg-mac-02-analytics-prod,Microsoft.ContainerService/managedClusters,AKS Clusters,Compute,team:Analytics,934.29,INR,47.58,1 Hour
2026-01-05,sub-psiog-001,MAC-02,rg-mac-02-analytics-prod,Microsoft.Storage/storageAccounts,Blob Storage,Storage,team:Analytics,540.83,INR,97.87,1 Hour
2026-01-05,sub-psiog-001,MAC-02,rg-mac-02-analytics-prod,Microsoft.Network/loadBalancers,Load Balancers,Networking,team:Analytics,150.44,INR,20.96,1 Hour
2026-01-05,sub-psiog-001,MAC-02,rg-mac-02-analytics-prod,Microsoft.DocumentDB/databaseAccounts,Cosmos DB,Data Services,team:Analytics,760.85,INR,83.59,1 Hour
2026-01-05,sub-psiog-001,MAC-03,rg-mac-03-product-prod,Microsoft.ContainerService/managedClusters,AKS Clusters,Compute,team:Product,593.3,INR,78.09,1 Hour
2026-01-05,sub-psiog-001,MAC-03,rg-mac-03-product-prod,Microsoft.Storage/storageAccounts,Blob Storage,Storage,team:Product,189.01,INR,49.0,1 Hour
2026-01-05,sub-psiog-001,MAC-03,rg-mac-03-product-prod,Microsoft.Network/loadBalancers,Load Balancers,Networking,team:Product,107.79,INR,21.94,1 Hour
2026-01-05,sub-psiog-001,MAC-03,rg-mac-03-product-prod,Microsoft.Sql/servers/databases,SQL Database,Data Services,team:Product,308.44,INR,60.18,1 Hour
2026-01-05,sub-psiog-001,MAC-03,rg-mac-03-frontend-prod,Microsoft.Compute/virtualMachines,Virtual Machines,Compute,team:Frontend,575.71,INR,43.37,1 Hour
2026-01-05,sub-psiog-001,MAC-03,rg-mac-03-frontend-prod,Microsoft.Storage/storageAccounts/fileServices,File Storage,Storage,team:Frontend,128.76,INR,33.36,1 Hour
2026-01-05,sub-psiog-001,MAC-03,rg-mac-03-frontend-prod,Microsoft.Network/virtualNetworks,Virtual Networks,Networking,team:Frontend,89.17,INR,12.24,1 Hour
2026-01-05,sub-psiog-001,MAC-03,rg-mac-03-frontend-prod,Microsoft.Sql/servers/databases,SQL Database,Data Services,team:Frontend,222.38,INR,86.93,1 Hour
2026-01-05,sub-psiog-001,MAC-04,rg-mac-04-backend-prod,Microsoft.Compute/virtualMachines,Virtual Machines,Compute,team:Backend,852.79,INR,60.37,1 Hour
2026-01-05,sub-psiog-001,MAC-04,rg-mac-04-backend-prod,Microsoft.Storage/storageAccounts/fileServices,File Storage,Storage,team:Backend,401.74,INR,60.42,1 Hour
2026-01-05,sub-psiog-001,MAC-04,rg-mac-04-backend-prod,Microsoft.Network/loadBalancers,Load Balancers,Networking,team:Backend,240.73,INR,73.28,1 Hour
2026-01-05,sub-psiog-001,MAC-04,rg-mac-04-backend-prod,Microsoft.Sql/servers/databases,SQL Database,Data Services,team:Backend,495.3,INR,82.02,1 Hour
2026-01-05,sub-psiog-001,MAC-04,rg-mac-04-qa-prod,Microsoft.ContainerService/managedClusters,AKS Clusters,Compute,,457.52,INR,43.48,1 Hour
2026-01-05,sub-psiog-001,MAC-04,rg-mac-04-qa-prod,Microsoft.Storage/storageAccounts/fileServices,File Storage,Storage,team:QA,203.36,INR,14.73,1 Hour
2026-01-05,sub-psiog-001,MAC-04,rg-mac-04-qa-prod,Microsoft.Network/virtualNetworks,Virtual Networks,Networking,team:QA,91.76,INR,86.24,1 Hour
2026-01-05,sub-psiog-001,MAC-04,rg-mac-04-qa-prod,Microsoft.DocumentDB/databaseAccounts,Cosmos DB,Data Services,team:QA,266.98,INR,38.37,1 Hour
2026-01-05,sub-psiog-001,MAC-05,rg-mac-05-security-prod,Microsoft.ContainerService/managedClusters,AKS Clusters,Compute,team:Security,631.91,INR,8.65,1 Hour
2026-01-05,sub-psiog-001,MAC-05,rg-mac-05-security-prod,Microsoft.Storage/storageAccounts,Blob Storage,Storage,team:Security,240.38,INR,93.73,1 Hour
2026-01-05,sub-psiog-001,MAC-05,rg-mac-05-security-prod,Microsoft.Network/virtualNetworks,Virtual Networks,Networking,team:Security,303.91,INR,34.44,1 Hour
2026-01-05,sub-psiog-001,MAC-05,rg-mac-05-security-prod,Microsoft.DocumentDB/databaseAccounts,Cosmos DB,Data Services,team:Security,311.11,INR,38.06,1 Hour
2026-01-05,sub-psiog-001,MAC-05,rg-mac-05-compliance-prod,Microsoft.ContainerService/managedClusters,AKS Clusters,Compute,,362.3,INR,43.72,1 Hour
2026-01-05,sub-psiog-001,MAC-05,rg-mac-05-compliance-prod,Microsoft.Storage/storageAccounts/fileServices,File Storage,Storage,team:Compliance,196.95,INR,52.79,1 Hour
2026-01-05,sub-psiog-001,MAC-05,rg-mac-05-compliance-prod,Microsoft.Network/loadBalancers,Load Balancers,Networking,team:Compliance,136.84,INR,87.7,1 Hour
2026-01-05,sub-psiog-001,MAC-05,rg-mac-05-compliance-prod,Microsoft.DocumentDB/databaseAccounts,Cosmos DB,Data Services,team:Compliance,328.01,INR,59.38,1 Hour
2026-01-05,sub-psiog-001,MAC-06,rg-mac-06-infrastructure-prod,Microsoft.Compute/virtualMachines,Virtual Machines,Compute,team:Infrastructure,1268.72,INR,86.95,1 Hour
2026-01-05,sub-psiog-001,MAC-06,rg-mac-06-infrastructure-prod,Microsoft.Storage/storageAccounts/fileServices,File Storage,Storage,team:Infrastructure,367.77,INR,96.39,1 Hour
2026-01-05,sub-psiog-001,MAC-06,rg-mac-06-infrastructure-prod,Microsoft.Network/loadBalancers,Load Balancers,Networking,team:Infrastructure,388.77,INR,70.25,1 Hour
2026-01-05,sub-psiog-001,MAC-06,rg-mac-06-infrastructure-prod,Microsoft.DocumentDB/databaseAccounts,Cosmos DB,Data Services,team:Infrastructure,445.35,INR,45.64,1 Hour
2026-01-05,sub-psiog-001,MAC-06,rg-mac-06-cloudops-prod,Microsoft.ContainerService/managedClusters,AKS Clusters,Compute,team:CloudOps,1334.29,INR,39.41,1 Hour
2026-01-05,sub-psiog-001,MAC-06,rg-mac-06-cloudops-prod,Microsoft.Storage/storageAccounts,Blob Storage,Storage,team:CloudOps,407.47,INR,70.54,1 Hour
2026-01-05,sub-psiog-001,MAC-06,rg-mac-06-cloudops-prod,Microsoft.Network/loadBalancers,Load Balancers,Networking,team:CloudOps,303.58,INR,96.1,1 Hour
2026-01-05,sub-psiog-001,MAC-06,rg-mac-06-cloudops-prod,Microsoft.Sql/servers/databases,SQL Database,Data Services,team:CloudOps,439.39,INR,18.55,1 Hour
2026-01-05,sub-psiog-001,MAC-07,rg-mac-07-ml-prod,Microsoft.ContainerService/managedClusters,AKS Clusters,Compute,team:ML,1821.61,INR,4.15,1 Hour
2026-01-05,sub-psiog-001,MAC-07,rg-mac-07-ml-prod,Microsoft.Storage/storageAccounts/fileServices,File Storage,Storage,,431.28,INR,48.21,1 Hour
2026-01-05,sub-psiog-001,MAC-07,rg-mac-07-ml-prod,Microsoft.Network/virtualNetworks,Virtual Networks,Networking,team:ML,191.82,INR,27.21,1 Hour
2026-01-05,sub-psiog-001,MAC-07,rg-mac-07-ml-prod,Microsoft.Sql/servers/databases,SQL Database,Data Services,team:ML,800.39,INR,12.55,1 Hour
2026-01-05,sub-psiog-001,MAC-07,rg-mac-07-research-prod,Microsoft.Compute/virtualMachines,Virtual Machines,Compute,team:Research,739.76,INR,6.48,1 Hour
2026-01-05,sub-psiog-001,MAC-07,rg-mac-07-research-prod,Microsoft.Storage/storageAccounts,Blob Storage,Storage,team:Research,473.89,INR,57.5,1 Hour
2026-01-05,sub-psiog-001,MAC-07,rg-mac-07-research-prod,Microsoft.Network/virtualNetworks,Virtual Networks,Networking,team:Research,186.31,INR,8.82,1 Hour
2026-01-05,sub-psiog-001,MAC-07,rg-mac-07-research-prod,Microsoft.DocumentDB/databaseAccounts,Cosmos DB,Data Services,team:Research,729.91,INR,67.5,1 Hour
2026-01-05,sub-psiog-001,MAC-08,rg-mac-08-finance-prod,Microsoft.Compute/virtualMachines,Virtual Machines,Compute,team:Finance,333.61,INR,26.27,1 Hour
2026-01-05,sub-psiog-001,MAC-08,rg-mac-08-finance-prod,Microsoft.Storage/storageAccounts,Blob Storage,Storage,,220.15,INR,96.97,1 Hour
2026-01-05,sub-psiog-001,MAC-08,rg-mac-08-finance-prod,Microsoft.Network/virtualNetworks,Virtual Networks,Networking,,90.82,INR,52.41,1 Hour
2026-01-05,sub-psiog-001,MAC-08,rg-mac-08-finance-prod,Microsoft.DocumentDB/databaseAccounts,Cosmos DB,Data Services,team:Finance,469.96,INR,51.75,1 Hour
2026-01-05,sub-psiog-001,MAC-08,rg-mac-08-operations-prod,Microsoft.Compute/virtualMachines,Virtual Machines,Compute,team:Operations,390.41,INR,4.6,1 Hour
2026-01-05,sub-psiog-001,MAC-08,rg-mac-08-operations-prod,Microsoft.Storage/storageAccounts/fileServices,File Storage,Storage,team:Operations,277.19,INR,82.5,1 Hour
2026-01-05,sub-psiog-001,MAC-08,rg-mac-08-operations-prod,Microsoft.Network/loadBalancers,Load Balancers,Networking,team:Operations,124.03,INR,20.13,1 Hour
2026-01-05,sub-psiog-001,MAC-08,rg-mac-08-operations-prod,Microsoft.Sql/servers/databases,SQL Database,Data Services,team:Operations,409.17,INR,25.71,1 Hour
2026-01-06,sub-psiog-001,MAC-01,rg-mac-01-devops-prod,Microsoft.ContainerService/managedClusters,AKS Clusters,Compute,team:DevOps,1105.35,INR,75.56,1 Hour
2026-01-06,sub-psiog-001,MAC-01,rg-mac-01-devops-prod,Microsoft.Storage/storageAccounts/fileServices,File Storage,Storage,team:DevOps,300.44,INR,14.21,1 Hour
2026-01-06,sub-psiog-001,MAC-01,rg-mac-01-devops-prod,Microsoft.Network/virtualNetworks,Virtual Networks,Networking,team:DevOps,172.14,INR,69.81,1 Hour
2026-01-06,sub-psiog-001,MAC-01,rg-mac-01-devops-prod,Microsoft.Sql/servers/databases,SQL Database,Data Services,team:DevOps,398.16,INR,28.49,1 Hour
2026-01-06,sub-psiog-001,MAC-01,rg-mac-01-platform-prod,Microsoft.Compute/virtualMachines,Virtual Machines,Compute,team:Platform,1133.76,INR,31.69,1 Hour
2026-01-06,sub-psiog-001,MAC-01,rg-mac-01-platform-prod,Microsoft.Storage/storageAccounts/fileServices,File Storage,Storage,team:Platform,273.49,INR,7.55,1 Hour
2026-01-06,sub-psiog-001,MAC-01,rg-mac-01-platform-prod,Microsoft.Network/virtualNetworks,Virtual Networks,Networking,team:Platform,234.39,INR,74.02,1 Hour
2026-01-06,sub-psiog-001,MAC-01,rg-mac-01-platform-prod,Microsoft.Sql/servers/databases,SQL Database,Data Services,team:Platform,328.79,INR,3.52,1 Hour
2026-01-06,sub-psiog-001,MAC-02,rg-mac-02-dataengineering-prod,Microsoft.ContainerService/managedClusters,AKS Clusters,Compute,team:DataEngineering,785.47,INR,54.03,1 Hour
2026-01-06,sub-psiog-001,MAC-02,rg-mac-02-dataengineering-prod,Microsoft.Storage/storageAccounts/fileServices,File Storage,Storage,,611.89,INR,49.98,1 Hour
2026-01-06,sub-psiog-001,MAC-02,rg-mac-02-dataengineering-prod,Microsoft.Network/loadBalancers,Load Balancers,Networking,team:DataEngineering,204.58,INR,82.24,1 Hour
2026-01-06,sub-psiog-001,MAC-02,rg-mac-02-dataengineering-prod,Microsoft.Sql/servers/databases,SQL Database,Data Services,team:DataEngineering,800.31,INR,95.08,1 Hour
2026-01-06,sub-psiog-001,MAC-02,rg-mac-02-analytics-prod,Microsoft.ContainerService/managedClusters,AKS Clusters,Compute,team:Analytics,733.5,INR,91.53,1 Hour
2026-01-06,sub-psiog-001,MAC-02,rg-mac-02-analytics-prod,Microsoft.Storage/storageAccounts/fileServices,File Storage,Storage,team:Analytics,514.89,INR,25.75,1 Hour
2026-01-06,sub-psiog-001,MAC-02,rg-mac-02-analytics-prod,Microsoft.Network/virtualNetworks,Virtual Networks,Networking,team:Analytics,152.3,INR,47.99,1 Hour
2026-01-06,sub-psiog-001,MAC-02,rg-mac-02-analytics-prod,Microsoft.Sql/servers/databases,SQL Database,Data Services,team:Analytics,960.01,INR,20.49,1 Hour
2026-01-06,sub-psiog-001,MAC-03,rg-mac-03-product-prod,Microsoft.ContainerService/managedClusters,AKS Clusters,Compute,team:Product,667.07,INR,58.66,1 Hour
2026-01-06,sub-psiog-001,MAC-03,rg-mac-03-product-prod,Microsoft.Storage/storageAccounts/fileServices,File Storage,Storage,team:Product,224.32,INR,31.72,1 Hour
2026-01-06,sub-psiog-001,MAC-03,rg-mac-03-product-prod,Microsoft.Network/loadBalancers,Load Balancers,Networking,team:Product,122.08,INR,97.8,1 Hour
2026-01-06,sub-psiog-001,MAC-03,rg-mac-03-product-prod,Microsoft.DocumentDB/databaseAccounts,Cosmos DB,Data Services,team:Product,272.0,INR,76.46,1 Hour
2026-01-06,sub-psiog-001,MAC-03,rg-mac-03-frontend-prod,Microsoft.ContainerService/managedClusters,AKS Clusters,Compute,team:Frontend,499.41,INR,60.77,1 Hour
2026-01-06,sub-psiog-001,MAC-03,rg-mac-03-frontend-prod,Microsoft.Storage/storageAccounts/fileServices,File Storage,Storage,team:Frontend,136.76,INR,85.42,1 Hour
2026-01-06,sub-psiog-001,MAC-03,rg-mac-03-frontend-prod,Microsoft.Network/loadBalancers,Load Balancers,Networking,team:Frontend,106.04,INR,33.87,1 Hour
2026-01-06,sub-psiog-001,MAC-03,rg-mac-03-frontend-prod,Microsoft.Sql/servers/databases,SQL Database,Data Services,team:Frontend,222.16,INR,59.96,1 Hour
2026-01-06,sub-psiog-001,MAC-04,rg-mac-04-backend-prod,Microsoft.ContainerService/managedClusters,AKS Clusters,Compute,team:Backend,965.38,INR,53.37,1 Hour
2026-01-06,sub-psiog-001,MAC-04,rg-mac-04-backend-prod,Microsoft.Storage/storageAccounts,Blob Storage,Storage,team:Backend,334.27,INR,14.09,1 Hour
2026-01-06,sub-psiog-001,MAC-04,rg-mac-04-backend-prod,Microsoft.Network/loadBalancers,Load Balancers,Networking,team:Backend,240.87,INR,25.18,1 Hour
2026-01-06,sub-psiog-001,MAC-04,rg-mac-04-backend-prod,Microsoft.Sql/servers/databases,SQL Database,Data Services,team:Backend,553.75,INR,28.01,1 Hour
2026-01-06,sub-psiog-001,MAC-04,rg-mac-04-qa-prod,Microsoft.Compute/virtualMachines,Virtual Machines,Compute,,436.69,INR,79.68,1 Hour
2026-01-06,sub-psiog-001,MAC-04,rg-mac-04-qa-prod,Microsoft.Storage/storageAccounts/fileServices,File Storage,Storage,team:QA,194.25,INR,27.18,1 Hour
2026-01-06,sub-psiog-001,MAC-04,rg-mac-04-qa-prod,Microsoft.Network/loadBalancers,Load Balancers,Networking,,100.13,INR,12.04,1 Hour
2026-01-06,sub-psiog-001,MAC-04,rg-mac-04-qa-prod,Microsoft.Sql/servers/databases,SQL Database,Data Services,,287.41,INR,10.7,1 Hour
2026-01-06,sub-psiog-001,MAC-05,rg-mac-05-security-prod,Microsoft.ContainerService/managedClusters,AKS Clusters,Compute,team:Security,609.33,INR,60.19,1 Hour
2026-01-06,sub-psiog-001,MAC-05,rg-mac-05-security-prod,Microsoft.Storage/storageAccounts/fileServices,File Storage,Storage,team:Security,279.47,INR,71.96,1 Hour
2026-01-06,sub-psiog-001,MAC-05,rg-mac-05-security-prod,Microsoft.Network/loadBalancers,Load Balancers,Networking,team:Security,327.8,INR,3.05,1 Hour
2026-01-06,sub-psiog-001,MAC-05,rg-mac-05-security-prod,Microsoft.Sql/servers/databases,SQL Database,Data Services,team:Security,383.57,INR,9.5,1 Hour
2026-01-06,sub-psiog-001,MAC-05,rg-mac-05-compliance-prod,Microsoft.ContainerService/managedClusters,AKS Clusters,Compute,team:Compliance,319.1,INR,36.56,1 Hour
2026-01-06,sub-psiog-001,MAC-05,rg-mac-05-compliance-prod,Microsoft.Storage/storageAccounts,Blob Storage,Storage,,248.45,INR,62.49,1 Hour
2026-01-06,sub-psiog-001,MAC-05,rg-mac-05-compliance-prod,Microsoft.Network/virtualNetworks,Virtual Networks,Networking,team:Compliance,132.53,INR,63.48,1 Hour
2026-01-06,sub-psiog-001,MAC-05,rg-mac-05-compliance-prod,Microsoft.Sql/servers/databases,SQL Database,Data Services,team:Compliance,288.19,INR,80.93,1 Hour
2026-01-06,sub-psiog-001,MAC-06,rg-mac-06-infrastructure-prod,Microsoft.ContainerService/managedClusters,AKS Clusters,Compute,team:Infrastructure,1491.24,INR,40.54,1 Hour
2026-01-06,sub-psiog-001,MAC-06,rg-mac-06-infrastructure-prod,Microsoft.Storage/storageAccounts/fileServices,File Storage,Storage,team:Infrastructure,377.3,INR,50.1,1 Hour
2026-01-06,sub-psiog-001,MAC-06,rg-mac-06-infrastructure-prod,Microsoft.Network/virtualNetworks,Virtual Networks,Networking,team:Infrastructure,351.72,INR,79.02,1 Hour
2026-01-06,sub-psiog-001,MAC-06,rg-mac-06-infrastructure-prod,Microsoft.DocumentDB/databaseAccounts,Cosmos DB,Data Services,team:Infrastructure,420.44,INR,47.04,1 Hour
2026-01-06,sub-psiog-001,MAC-06,rg-mac-06-cloudops-prod,Microsoft.ContainerService/managedClusters,AKS Clusters,Compute,team:CloudOps,1308.03,INR,31.76,1 Hour
2026-01-06,sub-psiog-001,MAC-06,rg-mac-06-cloudops-prod,Microsoft.Storage/storageAccounts/fileServices,File Storage,Storage,team:CloudOps,366.2,INR,33.98,1 Hour
2026-01-06,sub-psiog-001,MAC-06,rg-mac-06-cloudops-prod,Microsoft.Network/virtualNetworks,Virtual Networks,Networking,team:CloudOps,344.27,INR,11.08,1 Hour
2026-01-06,sub-psiog-001,MAC-06,rg-mac-06-cloudops-prod,Microsoft.Sql/servers/databases,SQL Database,Data Services,team:CloudOps,406.72,INR,60.41,1 Hour
2026-01-06,sub-psiog-001,MAC-07,rg-mac-07-ml-prod,Microsoft.Compute/virtualMachines,Virtual Machines,Compute,team:ML,1625.69,INR,39.63,1 Hour
2026-01-06,sub-psiog-001,MAC-07,rg-mac-07-ml-prod,Microsoft.Storage/storageAccounts/fileServices,File Storage,Storage,team:ML,439.96,INR,30.17,1 Hour
2026-01-06,sub-psiog-001,MAC-07,rg-mac-07-ml-prod,Microsoft.Network/virtualNetworks,Virtual Networks,Networking,team:ML,214.99,INR,34.5,1 Hour
2026-01-06,sub-psiog-001,MAC-07,rg-mac-07-ml-prod,Microsoft.DocumentDB/databaseAccounts,Cosmos DB,Data Services,team:ML,735.37,INR,59.02,1 Hour
2026-01-06,sub-psiog-001,MAC-07,rg-mac-07-research-prod,Microsoft.Compute/virtualMachines,Virtual Machines,Compute,team:Research,741.75,INR,37.07,1 Hour
2026-01-06,sub-psiog-001,MAC-07,rg-mac-07-research-prod,Microsoft.Storage/storageAccounts,Blob Storage,Storage,team:Research,428.03,INR,38.65,1 Hour
2026-01-06,sub-psiog-001,MAC-07,rg-mac-07-research-prod,Microsoft.Network/virtualNetworks,Virtual Networks,Networking,team:Research,184.82,INR,32.07,1 Hour
2026-01-06,sub-psiog-001,MAC-07,rg-mac-07-research-prod,Microsoft.DocumentDB/databaseAccounts,Cosmos DB,Data Services,team:Research,635.42,INR,1.33,1 Hour
2026-01-06,sub-psiog-001,MAC-08,rg-mac-08-finance-prod,Microsoft.Compute/virtualMachines,Virtual Machines,Compute,team:Finance,299.47,INR,95.06,1 Hour
2026-01-06,sub-psiog-001,MAC-08,rg-mac-08-finance-prod,Microsoft.Storage/storageAccounts,Blob Storage,Storage,team:Finance,200.61,INR,57.85,1 Hour
2026-01-06,sub-psiog-001,MAC-08,rg-mac-08-finance-prod,Microsoft.Network/virtualNetworks,Virtual Networks,Networking,,114.82,INR,43.97,1 Hour
2026-01-06,sub-psiog-001,MAC-08,rg-mac-08-finance-prod,Microsoft.Sql/servers/databases,SQL Database,Data Services,team:Finance,452.91,INR,33.1,1 Hour
2026-01-06,sub-psiog-001,MAC-08,rg-mac-08-operations-prod,Microsoft.ContainerService/managedClusters,AKS Clusters,Compute,team:Operations,518.17,INR,74.51,1 Hour
2026-01-06,sub-psiog-001,MAC-08,rg-mac-08-operations-prod,Microsoft.Storage/storageAccounts/fileServices,File Storage,Storage,,314.04,INR,83.77,1 Hour
2026-01-06,sub-psiog-001,MAC-08,rg-mac-08-operations-prod,Microsoft.Network/virtualNetworks,Virtual Networks,Networking,,116.63,INR,68.09,1 Hour
2026-01-06,sub-psiog-001,MAC-08,rg-mac-08-operations-prod,Microsoft.DocumentDB/databaseAccounts,Cosmos DB,Data Services,team:Operations,382.52,INR,24.11,1 Hour
2026-01-07,sub-psiog-001,MAC-01,rg-mac-01-devops-prod,Microsoft.Compute/virtualMachines,Virtual Machines,Compute,team:DevOps,1385.17,INR,34.0,1 Hour
2026-01-07,sub-psiog-001,MAC-01,rg-mac-01-devops-prod,Microsoft.Storage/storageAccounts,Blob Storage,Storage,team:DevOps,274.26,INR,35.21,1 Hour
2026-01-07,sub-psiog-001,MAC-01,rg-mac-01-devops-prod,Microsoft.Network/loadBalancers,Load Balancers,Networking,team:DevOps,209.46,INR,48.15,1 Hour
2026-01-07,sub-psiog-001,MAC-01,rg-mac-01-devops-prod,Microsoft.DocumentDB/databaseAccounts,Cosmos DB,Data Services,team:DevOps,419.51,INR,64.51,1 Hour
2026-01-07,sub-psiog-001,MAC-01,rg-mac-01-platform-prod,Microsoft.Compute/virtualMachines,Virtual Machines,Compute,,1218.67,INR,87.02,1 Hour
2026-01-07,sub-psiog-001,MAC-01,rg-mac-01-platform-prod,Microsoft.Storage/storageAccounts,Blob Storage,Storage,team:Platform,292.73,INR,67.37,1 Hour
2026-01-07,sub-psiog-001,MAC-01,rg-mac-01-platform-prod,Microsoft.Network/loadBalancers,Load Balancers,Networking,team:Platform,276.24,INR,49.92,1 Hour
2026-01-07,sub-psiog-001,MAC-01,rg-mac-01-platform-prod,Microsoft.DocumentDB/databaseAccounts,Cosmos DB,Data Services,team:Platform,432.84,INR,7.9,1 Hour
2026-01-07,sub-psiog-001,MAC-02,rg-mac-02-dataengineering-prod,Microsoft.Compute/virtualMachines,Virtual Machines,Compute,team:DataEngineering,1022.41,INR,95.66,1 Hour
2026-01-07,sub-psiog-001,MAC-02,rg-mac-02-dataengineering-prod,Microsoft.Storage/storageAccounts/fileServices,File Storage,Storage,team:DataEngineering,528.96,INR,17.5,1 Hour
2026-01-07,sub-psiog-001,MAC-02,rg-mac-02-dataengineering-prod,Microsoft.Network/virtualNetworks,Virtual Networks,Networking,team:DataEngineering,175.28,INR,94.53,1 Hour
2026-01-07,sub-psiog-001,MAC-02,rg-mac-02-dataengineering-prod,Microsoft.DocumentDB/databaseAccounts,Cosmos DB,Data Services,team:DataEngineering,972.37,INR,53.13,1 Hour
2026-01-07,sub-psiog-001,MAC-02,rg-mac-02-analytics-prod,Microsoft.ContainerService/managedClusters,AKS Clusters,Compute,team:Analytics,923.27,INR,70.6,1 Hour
2026-01-07,sub-psiog-001,MAC-02,rg-mac-02-analytics-prod,Microsoft.Storage/storageAccounts,Blob Storage,Storage,team:Analytics,596.19,INR,84.81,1 Hour
2026-01-07,sub-psiog-001,MAC-02,rg-mac-02-analytics-prod,Microsoft.Network/virtualNetworks,Virtual Networks,Networking,team:Analytics,147.8,INR,37.42,1 Hour
2026-01-07,sub-psiog-001,MAC-02,rg-mac-02-analytics-prod,Microsoft.Sql/servers/databases,SQL Database,Data Services,team:Analytics,769.07,INR,31.97,1 Hour
2026-01-07,sub-psiog-001,MAC-03,rg-mac-03-product-prod,Microsoft.Compute/virtualMachines,Virtual Machines,Compute,team:Product,630.85,INR,34.98,1 Hour
2026-01-07,sub-psiog-001,MAC-03,rg-mac-03-product-prod,Microsoft.Storage/storageAccounts/fileServices,File Storage,Storage,,208.04,INR,62.82,1 Hour
2026-01-07,sub-psiog-001,MAC-03,rg-mac-03-product-prod,Microsoft.Network/loadBalancers,Load Balancers,Networking,team:Product,108.26,INR,13.18,1 Hour
2026-01-07,sub-psiog-001,MAC-03,rg-mac-03-product-prod,Microsoft.Sql/servers/databases,SQL Database,Data Services,team:Product,337.78,INR,66.46,1 Hour
2026-01-07,sub-psiog-001,MAC-03,rg-mac-03-frontend-prod,Microsoft.ContainerService/managedClusters,AKS Clusters,Compute,team:Frontend,555.07,INR,98.27,1 Hour
2026-01-07,sub-psiog-001,MAC-03,rg-mac-03-frontend-prod,Microsoft.Storage/storageAccounts/fileServices,File Storage,Storage,,134.15,INR,67.26,1 Hour
2026-01-07,sub-psiog-001,MAC-03,rg-mac-03-frontend-prod,Microsoft.Network/loadBalancers,Load Balancers,Networking,team:Frontend,114.83,INR,67.89,1 Hour
2026-01-07,sub-psiog-001,MAC-03,rg-mac-03-frontend-prod,Microsoft.DocumentDB/databaseAccounts,Cosmos DB,Data Services,team:Frontend,230.33,INR,54.95,1 Hour
2026-01-07,sub-psiog-001,MAC-04,rg-mac-04-backend-prod,Microsoft.Compute/virtualMachines,Virtual Machines,Compute,team:Backend,847.28,INR,46.3,1 Hour
2026-01-07,sub-psiog-001,MAC-04,rg-mac-04-backend-prod,Microsoft.Storage/storageAccounts/fileServices,File Storage,Storage,team:Backend,327.64,INR,62.65,1 Hour
2026-01-07,sub-psiog-001,MAC-04,rg-mac-04-backend-prod,Microsoft.Network/loadBalancers,Load Balancers,Networking,team:Backend,198.4,INR,45.16,1 Hour
2026-01-07,sub-psiog-001,MAC-04,rg-mac-04-backend-prod,Microsoft.Sql/servers/databases,SQL Database,Data Services,team:Backend,492.37,INR,7.07,1 Hour
2026-01-07,sub-psiog-001,MAC-04,rg-mac-04-qa-prod,Microsoft.Compute/virtualMachines,Virtual Machines,Compute,,416.78,INR,21.74,1 Hour
2026-01-07,sub-psiog-001,MAC-04,rg-mac-04-qa-prod,Microsoft.Storage/storageAccounts,Blob Storage,Storage,team:QA,199.12,INR,24.11,1 Hour
2026-01-07,sub-psiog-001,MAC-04,rg-mac-04-qa-prod,Microsoft.Network/loadBalancers,Load Balancers,Networking,team:QA,91.08,INR,19.9,1 Hour
2026-01-07,sub-psiog-001,MAC-04,rg-mac-04-qa-prod,Microsoft.Sql/servers/databases,SQL Database,Data Services,team:QA,262.03,INR,12.29,1 Hour
2026-01-07,sub-psiog-001,MAC-05,rg-mac-05-security-prod,Microsoft.ContainerService/managedClusters,AKS Clusters,Compute,team:Security,716.7,INR,59.88,1 Hour
2026-01-07,sub-psiog-001,MAC-05,rg-mac-05-security-prod,Microsoft.Storage/storageAccounts/fileServices,File Storage,Storage,team:Security,265.52,INR,68.49,1 Hour
2026-01-07,sub-psiog-001,MAC-05,rg-mac-05-security-prod,Microsoft.Network/loadBalancers,Load Balancers,Networking,team:Security,308.29,INR,98.49,1 Hour
2026-01-07,sub-psiog-001,MAC-05,rg-mac-05-security-prod,Microsoft.Sql/servers/databases,SQL Database,Data Services,team:Security,381.5,INR,21.73,1 Hour
2026-01-07,sub-psiog-001,MAC-05,rg-mac-05-compliance-prod,Microsoft.Compute/virtualMachines,Virtual Machines,Compute,team:Compliance,342.82,INR,5.7,1 Hour
2026-01-07,sub-psiog-001,MAC-05,rg-mac-05-compliance-prod,Microsoft.Storage/storageAccounts,Blob Storage,Storage,team:Compliance,217.19,INR,46.79,1 Hour
2026-01-07,sub-psiog-001,MAC-05,rg-mac-05-compliance-prod,Microsoft.Network/virtualNetworks,Virtual Networks,Networking,team:Compliance,160.54,INR,54.04,1 Hour
2026-01-07,sub-psiog-001,MAC-05,rg-mac-05-compliance-prod,Microsoft.DocumentDB/databaseAccounts,Cosmos DB,Data Services,team:Compliance,289.49,INR,19.98,1 Hour
2026-01-07,sub-psiog-001,MAC-06,rg-mac-06-infrastructure-prod,Microsoft.ContainerService/managedClusters,AKS Clusters,Compute,team:Infrastructure,1429.58,INR,55.89,1 Hour
2026-01-07,sub-psiog-001,MAC-06,rg-mac-06-infrastructure-prod,Microsoft.Storage/storageAccounts/fileServices,File Storage,Storage,team:Infrastructure,344.51,INR,34.69,1 Hour
2026-01-07,sub-psiog-001,MAC-06,rg-mac-06-infrastructure-prod,Microsoft.Network/virtualNetworks,Virtual Networks,Networking,team:Infrastructure,375.74,INR,65.48,1 Hour
2026-01-07,sub-psiog-001,MAC-06,rg-mac-06-infrastructure-prod,Microsoft.Sql/servers/databases,SQL Database,Data Services,team:Infrastructure,429.91,INR,63.59,1 Hour
2026-01-07,sub-psiog-001,MAC-06,rg-mac-06-cloudops-prod,Microsoft.Compute/virtualMachines,Virtual Machines,Compute,team:CloudOps,1215.89,INR,72.35,1 Hour
2026-01-07,sub-psiog-001,MAC-06,rg-mac-06-cloudops-prod,Microsoft.Storage/storageAccounts/fileServices,File Storage,Storage,team:CloudOps,373.63,INR,39.12,1 Hour
2026-01-07,sub-psiog-001,MAC-06,rg-mac-06-cloudops-prod,Microsoft.Network/loadBalancers,Load Balancers,Networking,team:CloudOps,314.09,INR,3.66,1 Hour
2026-01-07,sub-psiog-001,MAC-06,rg-mac-06-cloudops-prod,Microsoft.Sql/servers/databases,SQL Database,Data Services,team:CloudOps,435.56,INR,17.05,1 Hour
2026-01-07,sub-psiog-001,MAC-07,rg-mac-07-ml-prod,Microsoft.Compute/virtualMachines,Virtual Machines,Compute,team:ML,1437.01,INR,36.22,1 Hour
2026-01-07,sub-psiog-001,MAC-07,rg-mac-07-ml-prod,Microsoft.Storage/storageAccounts,Blob Storage,Storage,team:ML,576.87,INR,16.14,1 Hour
2026-01-07,sub-psiog-001,MAC-07,rg-mac-07-ml-prod,Microsoft.Network/loadBalancers,Load Balancers,Networking,team:ML,225.46,INR,91.42,1 Hour
2026-01-07,sub-psiog-001,MAC-07,rg-mac-07-ml-prod,Microsoft.Sql/servers/databases,SQL Database,Data Services,team:ML,694.35,INR,22.47,1 Hour
2026-01-07,sub-psiog-001,MAC-07,rg-mac-07-research-prod,Microsoft.ContainerService/managedClusters,AKS Clusters,Compute,team:Research,874.49,INR,30.75,1 Hour
2026-01-07,sub-psiog-001,MAC-07,rg-mac-07-research-prod,Microsoft.Storage/storageAccounts/fileServices,File Storage,Storage,team:Research,449.11,INR,77.66,1 Hour
2026-01-07,sub-psiog-001,MAC-07,rg-mac-07-research-prod,Microsoft.Network/loadBalancers,Load Balancers,Networking,team:Research,184.25,INR,75.97,1 Hour
2026-01-07,sub-psiog-001,MAC-07,rg-mac-07-research-prod,Microsoft.DocumentDB/databaseAccounts,Cosmos DB,Data Services,,733.12,INR,62.54,1 Hour
2026-01-07,sub-psiog-001,MAC-08,rg-mac-08-finance-prod,Microsoft.Compute/virtualMachines,Virtual Machines,Compute,team:Finance,339.11,INR,51.41,1 Hour
2026-01-07,sub-psiog-001,MAC-08,rg-mac-08-finance-prod,Microsoft.Storage/storageAccounts/fileServices,File Storage,Storage,team:Finance,213.56,INR,11.38,1 Hour
2026-01-07,sub-psiog-001,MAC-08,rg-mac-08-finance-prod,Microsoft.Network/virtualNetworks,Virtual Networks,Networking,team:Finance,95.57,INR,79.06,1 Hour
2026-01-07,sub-psiog-001,MAC-08,rg-mac-08-finance-prod,Microsoft.Sql/servers/databases,SQL Database,Data Services,,477.1,INR,42.67,1 Hour
2026-01-07,sub-psiog-001,MAC-08,rg-mac-08-operations-prod,Microsoft.Compute/virtualMachines,Virtual Machines,Compute,team:Operations,405.38,INR,59.11,1 Hour
2026-01-07,sub-psiog-001,MAC-08,rg-mac-08-operations-prod,Microsoft.Storage/storageAccounts/fileServices,File Storage,Storage,team:Operations,269.05,INR,97.34,1 Hour
2026-01-07,sub-psiog-001,MAC-08,rg-mac-08-operations-prod,Microsoft.Network/virtualNetworks,Virtual Networks,Networking,team:Operations,139.07,INR,57.03,1 Hour
2026-01-07,sub-psiog-001,MAC-08,rg-mac-08-operations-prod,Microsoft.DocumentDB/databaseAccounts,Cosmos DB,Data Services,team:Operations,387.55,INR,46.68,1 Hour
2026-01-08,sub-psiog-001,MAC-01,rg-mac-01-devops-prod,Microsoft.Compute/virtualMachines,Virtual Machines,Compute,team:DevOps,1129.58,INR,68.95,1 Hour
2026-01-08,sub-psiog-001,MAC-01,rg-mac-01-devops-prod,Microsoft.Storage/storageAccounts/fileServices,File Storage,Storage,team:DevOps,334.19,INR,81.62,1 Hour
2026-01-08,sub-psiog-001,MAC-01,rg-mac-01-devops-prod,Microsoft.Network/loadBalancers,Load Balancers,Networking,team:DevOps,177.73,INR,52.19,1 Hour
2026-01-08,sub-psiog-001,MAC-01,rg-mac-01-devops-prod,Microsoft.DocumentDB/databaseAccounts,Cosmos DB,Data Services,team:DevOps,403.56,INR,15.93,1 Hour
2026-01-08,sub-psiog-001,MAC-01,rg-mac-01-platform-prod,Microsoft.Compute/virtualMachines,Virtual Machines,Compute,team:Platform,1235.34,INR,63.89,1 Hour
2026-01-08,sub-psiog-001,MAC-01,rg-mac-01-platform-prod,Microsoft.Storage/storageAccounts,Blob Storage,Storage,team:Platform,257.98,INR,60.56,1 Hour
2026-01-08,sub-psiog-001,MAC-01,rg-mac-01-platform-prod,Microsoft.Network/loadBalancers,Load Balancers,Networking,team:Platform,252.54,INR,35.34,1 Hour
2026-01-08,sub-psiog-001,MAC-01,rg-mac-01-platform-prod,Microsoft.Sql/servers/databases,SQL Database,Data Services,team:Platform,400.61,INR,31.58,1 Hour
2026-01-08,sub-psiog-001,MAC-02,rg-mac-02-dataengineering-prod,Microsoft.Compute/virtualMachines,Virtual Machines,Compute,team:DataEngineering,975.1,INR,56.86,1 Hour
2026-01-08,sub-psiog-001,MAC-02,rg-mac-02-dataengineering-prod,Microsoft.Storage/storageAccounts,Blob Storage,Storage,team:DataEngineering,577.85,INR,67.24,1 Hour
2026-01-08,sub-psiog-001,MAC-02,rg-mac-02-dataengineering-prod,Microsoft.Network/loadBalancers,Load Balancers,Networking,team:DataEngineering,183.84,INR,3.71,1 Hour
2026-01-08,sub-psiog-001,MAC-02,rg-mac-02-dataengineering-prod,Microsoft.DocumentDB/databaseAccounts,Cosmos DB,Data Services,team:DataEngineering,854.18,INR,40.88,1 Hour
2026-01-08,sub-psiog-001,MAC-02,rg-mac-02-analytics-prod,Microsoft.ContainerService/managedClusters,AKS Clusters,Compute,team:Analytics,838.62,INR,87.7,1 Hour
2026-01-08,sub-psiog-001,MAC-02,rg-mac-02-analytics-prod,Microsoft.Storage/storageAccounts/fileServices,File Storage,Storage,team:Analytics,532.73,INR,94.9,1 Hour
2026-01-08,sub-psiog-001,MAC-02,rg-mac-02-analytics-prod,Microsoft.Network/virtualNetworks,Virtual Networks,Networking,team:Analytics,182.02,INR,36.71,1 Hour
2026-01-08,sub-psiog-001,MAC-02,rg-mac-02-analytics-prod,Microsoft.Sql/servers/databases,SQL Database,Data Services,team:Analytics,769.05,INR,22.57,1 Hour
2026-01-08,sub-psiog-001,MAC-03,rg-mac-03-product-prod,Microsoft.ContainerService/managedClusters,AKS Clusters,Compute,team:Product,546.12,INR,1.95,1 Hour
2026-01-08,sub-psiog-001,MAC-03,rg-mac-03-product-prod,Microsoft.Storage/storageAccounts/fileServices,File Storage,Storage,team:Product,176.71,INR,82.6,1 Hour
2026-01-08,sub-psiog-001,MAC-03,rg-mac-03-product-prod,Microsoft.Network/loadBalancers,Load Balancers,Networking,team:Product,106.49,INR,67.5,1 Hour
2026-01-08,sub-psiog-001,MAC-03,rg-mac-03-product-prod,Microsoft.Sql/servers/databases,SQL Database,Data Services,team:Product,301.82,INR,26.64,1 Hour
2026-01-08,sub-psiog-001,MAC-03,rg-mac-03-frontend-prod,Microsoft.Compute/virtualMachines,Virtual Machines,Compute,,486.5,INR,21.58,1 Hour
2026-01-08,sub-psiog-001,MAC-03,rg-mac-03-frontend-prod,Microsoft.Storage/storageAccounts,Blob Storage,Storage,team:Frontend,147.92,INR,55.15,1 Hour
2026-01-08,sub-psiog-001,MAC-03,rg-mac-03-frontend-prod,Microsoft.Network/virtualNetworks,Virtual Networks,Networking,team:Frontend,86.62,INR,45.36,1 Hour
2026-01-08,sub-psiog-001,MAC-03,rg-mac-03-frontend-prod,Microsoft.DocumentDB/databaseAccounts,Cosmos DB,Data Services,team:Frontend,221.1,INR,99.36,1 Hour
2026-01-08,sub-psiog-001,MAC-04,rg-mac-04-backend-prod,Microsoft.ContainerService/managedClusters,AKS Clusters,Compute,team:Backend,986.52,INR,39.34,1 Hour
2026-01-08,sub-psiog-001,MAC-04,rg-mac-04-backend-prod,Microsoft.Storage/storageAccounts/fileServices,File Storage,Storage,team:Backend,325.86,INR,74.29,1 Hour
2026-01-08,sub-psiog-001,MAC-04,rg-mac-04-backend-prod,Microsoft.Network/loadBalancers,Load Balancers,Networking,team:Backend,244.65,INR,72.64,1 Hour
2026-01-08,sub-psiog-001,MAC-04,rg-mac-04-backend-prod,Microsoft.Sql/servers/databases,SQL Database,Data Services,team:Backend,576.43,INR,6.02,1 Hour
2026-01-08,sub-psiog-001,MAC-04,rg-mac-04-qa-prod,Microsoft.ContainerService/managedClusters,AKS Clusters,Compute,team:QA,465.95,INR,31.88,1 Hour
2026-01-08,sub-psiog-001,MAC-04,rg-mac-04-qa-prod,Microsoft.Storage/storageAccounts,Blob Storage,Storage,team:QA,171.0,INR,88.48,1 Hour
2026-01-08,sub-psiog-001,MAC-04,rg-mac-04-qa-prod,Microsoft.Network/loadBalancers,Load Balancers,Networking,team:QA,102.05,INR,62.28,1 Hour
2026-01-08,sub-psiog-001,MAC-04,rg-mac-04-qa-prod,Microsoft.Sql/servers/databases,SQL Database,Data Services,team:QA,256.54,INR,40.18,1 Hour
2026-01-08,sub-psiog-001,MAC-05,rg-mac-05-security-prod,Microsoft.ContainerService/managedClusters,AKS Clusters,Compute,team:Security,735.25,INR,3.75,1 Hour
2026-01-08,sub-psiog-001,MAC-05,rg-mac-05-security-prod,Microsoft.Storage/storageAccounts,Blob Storage,Storage,team:Security,242.98,INR,81.42,1 Hour
2026-01-08,sub-psiog-001,MAC-05,rg-mac-05-security-prod,Microsoft.Network/virtualNetworks,Virtual Networks,Networking,team:Security,292.94,INR,64.04,1 Hour
2026-01-08,sub-psiog-001,MAC-05,rg-mac-05-security-prod,Microsoft.Sql/servers/databases,SQL Database,Data Services,team:Security,326.52,INR,24.98,1 Hour
2026-01-08,sub-psiog-001,MAC-05,rg-mac-05-compliance-prod,Microsoft.ContainerService/managedClusters,AKS Clusters,Compute,team:Compliance,365.27,INR,28.74,1 Hour
2026-01-08,sub-psiog-001,MAC-05,rg-mac-05-compliance-prod,Microsoft.Storage/storageAccounts,Blob Storage,Storage,team:Compliance,249.09,INR,17.25,1 Hour
2026-01-08,sub-psiog-001,MAC-05,rg-mac-05-compliance-prod,Microsoft.Network/loadBalancers,Load Balancers,Networking,team:Compliance,156.72,INR,78.15,1 Hour
2026-01-08,sub-psiog-001,MAC-05,rg-mac-05-compliance-prod,Microsoft.Sql/servers/databases,SQL Database,Data Services,team:Compliance,299.3,INR,84.09,1 Hour
2026-01-08,sub-psiog-001,MAC-06,rg-mac-06-infrastructure-prod,Microsoft.Compute/virtualMachines,Virtual Machines,Compute,team:Infrastructure,1485.84,INR,44.91,1 Hour
2026-01-08,sub-psiog-001,MAC-06,rg-mac-06-infrastructure-prod,Microsoft.Storage/storageAccounts,Blob Storage,Storage,team:Infrastructure,392.5,INR,63.08,1 Hour
2026-01-08,sub-psiog-001,MAC-06,rg-mac-06-infrastructure-prod,Microsoft.Network/loadBalancers,Load Balancers,Networking,team:Infrastructure,329.22,INR,20.56,1 Hour
2026-01-08,sub-psiog-001,MAC-06,rg-mac-06-infrastructure-prod,Microsoft.DocumentDB/databaseAccounts,Cosmos DB,Data Services,team:Infrastructure,441.47,INR,67.32,1 Hour
2026-01-08,sub-psiog-001,MAC-06,rg-mac-06-cloudops-prod,Microsoft.Compute/virtualMachines,Virtual Machines,Compute,team:CloudOps,1196.58,INR,18.22,1 Hour
2026-01-08,sub-psiog-001,MAC-06,rg-mac-06-cloudops-prod,Microsoft.Storage/storageAccounts/fileServices,File Storage,Storage,team:CloudOps,339.35,INR,82.03,1 Hour
2026-01-08,sub-psiog-001,MAC-06,rg-mac-06-cloudops-prod,Microsoft.Network/virtualNetworks,Virtual Networks,Networking,team:CloudOps,300.17,INR,74.62,1 Hour
2026-01-08,sub-psiog-001,MAC-06,rg-mac-06-cloudops-prod,Microsoft.DocumentDB/databaseAccounts,Cosmos DB,Data Services,team:CloudOps,424.29,INR,13.62,1 Hour
2026-01-08,sub-psiog-001,MAC-07,rg-mac-07-ml-prod,Microsoft.ContainerService/managedClusters,AKS Clusters,Compute,team:ML,1552.5,INR,42.52,1 Hour
2026-01-08,sub-psiog-001,MAC-07,rg-mac-07-ml-prod,Microsoft.Storage/storageAccounts/fileServices,File Storage,Storage,,547.2,INR,19.79,1 Hour
2026-01-08,sub-psiog-001,MAC-07,rg-mac-07-ml-prod,Microsoft.Network/virtualNetworks,Virtual Networks,Networking,team:ML,182.51,INR,89.59,1 Hour
2026-01-08,sub-psiog-001,MAC-07,rg-mac-07-ml-prod,Microsoft.Sql/servers/databases,SQL Database,Data Services,team:ML,695.07,INR,25.48,1 Hour
2026-01-08,sub-psiog-001,MAC-07,rg-mac-07-research-prod,Microsoft.Compute/virtualMachines,Virtual Machines,Compute,team:Research,874.57,INR,10.5,1 Hour
2026-01-08,sub-psiog-001,MAC-07,rg-mac-07-research-prod,Microsoft.Storage/storageAccounts,Blob Storage,Storage,team:Research,434.79,INR,58.87,1 Hour
2026-01-08,sub-psiog-001,MAC-07,rg-mac-07-research-prod,Microsoft.Network/loadBalancers,Load Balancers,Networking,team:Research,196.31,INR,69.06,1 Hour
2026-01-08,sub-psiog-001,MAC-07,rg-mac-07-research-prod,Microsoft.DocumentDB/databaseAccounts,Cosmos DB,Data Services,team:Research,752.13,INR,57.57,1 Hour
2026-01-08,sub-psiog-001,MAC-08,rg-mac-08-finance-prod,Microsoft.Compute/virtualMachines,Virtual Machines,Compute,,319.63,INR,33.28,1 Hour
2026-01-08,sub-psiog-001,MAC-08,rg-mac-08-finance-prod,Microsoft.Storage/storageAccounts/fileServices,File Storage,Storage,team:Finance,211.47,INR,52.78,1 Hour
2026-01-08,sub-psiog-001,MAC-08,rg-mac-08-finance-prod,Microsoft.Network/virtualNetworks,Virtual Networks,Networking,team:Finance,98.55,INR,23.79,1 Hour
2026-01-08,sub-psiog-001,MAC-08,rg-mac-08-finance-prod,Microsoft.DocumentDB/databaseAccounts,Cosmos DB,Data Services,team:Finance,504.37,INR,70.36,1 Hour
2026-01-08,sub-psiog-001,MAC-08,rg-mac-08-operations-prod,Microsoft.Compute/virtualMachines,Virtual Machines,Compute,team:Operations,519.44,INR,66.67,1 Hour
2026-01-08,sub-psiog-001,MAC-08,rg-mac-08-operations-prod,Microsoft.Storage/storageAccounts,Blob Storage,Storage,team:Operations,314.72,INR,33.17,1 Hour
2026-01-08,sub-psiog-001,MAC-08,rg-mac-08-operations-prod,Microsoft.Network/loadBalancers,Load Balancers,Networking,team:Operations,150.83,INR,75.78,1 Hour
2026-01-08,sub-psiog-001,MAC-08,rg-mac-08-operations-prod,Microsoft.DocumentDB/databaseAccounts,Cosmos DB,Data Services,team:Operations,431.96,INR,33.26,1 Hour
2026-01-09,sub-psiog-001,MAC-01,rg-mac-01-devops-prod,Microsoft.Compute/virtualMachines,Virtual Machines,Compute,team:DevOps,1055.14,INR,92.29,1 Hour
2026-01-09,sub-psiog-001,MAC-01,rg-mac-01-devops-prod,Microsoft.Storage/storageAccounts,Blob Storage,Storage,team:DevOps,287.79,INR,74.68,1 Hour
2026-01-09,sub-psiog-001,MAC-01,rg-mac-01-devops-prod,Microsoft.Network/virtualNetworks,Virtual Networks,Networking,team:DevOps,211.73,INR,14.61,1 Hour
2026-01-09,sub-psiog-001,MAC-01,rg-mac-01-devops-prod,Microsoft.Sql/servers/databases,SQL Database,Data Services,team:DevOps,411.25,INR,1.97,1 Hour
2026-01-09,sub-psiog-001,MAC-01,rg-mac-01-platform-prod,Microsoft.ContainerService/managedClusters,AKS Clusters,Compute,team:Platform,1099.68,INR,4.34,1 Hour
2026-01-09,sub-psiog-001,MAC-01,rg-mac-01-platform-prod,Microsoft.Storage/storageAccounts,Blob Storage,Storage,,250.79,INR,24.64,1 Hour
2026-01-09,sub-psiog-001,MAC-01,rg-mac-01-platform-prod,Microsoft.Network/loadBalancers,Load Balancers,Networking,team:Platform,277.8,INR,99.87,1 Hour
2026-01-09,sub-psiog-001,MAC-01,rg-mac-01-platform-prod,Microsoft.DocumentDB/databaseAccounts,Cosmos DB,Data Services,,336.51,INR,59.34,1 Hour
2026-01-09,sub-psiog-001,MAC-02,rg-mac-02-dataengineering-prod,Microsoft.Compute/virtualMachines,Virtual Machines,Compute,team:DataEngineering,873.54,INR,21.49,1 Hour
2026-01-09,sub-psiog-001,MAC-02,rg-mac-02-dataengineering-prod,Microsoft.Storage/storageAccounts,Blob Storage,Storage,team:DataEngineering,552.06,INR,47.82,1 Hour
2026-01-09,sub-psiog-001,MAC-02,rg-mac-02-dataengineering-prod,Microsoft.Network/loadBalancers,Load Balancers,Networking,team:DataEngineering,197.97,INR,65.21,1 Hour
2026-01-09,sub-psiog-001,MAC-02,rg-mac-02-dataengineering-prod,Microsoft.DocumentDB/databaseAccounts,Cosmos DB,Data Services,,966.08,INR,76.81,1 Hour
2026-01-09,sub-psiog-001,MAC-02,rg-mac-02-analytics-prod,Microsoft.ContainerService/managedClusters,AKS Clusters,Compute,,749.81,INR,45.28,1 Hour
2026-01-09,sub-psiog-001,MAC-02,rg-mac-02-analytics-prod,Microsoft.Storage/storageAccounts,Blob Storage,Storage,,575.23,INR,37.04,1 Hour
2026-01-09,sub-psiog-001,MAC-02,rg-mac-02-analytics-prod,Microsoft.Network/virtualNetworks,Virtual Networks,Networking,team:Analytics,183.8,INR,59.87,1 Hour
2026-01-09,sub-psiog-001,MAC-02,rg-mac-02-analytics-prod,Microsoft.DocumentDB/databaseAccounts,Cosmos DB,Data Services,team:Analytics,964.69,INR,10.96,1 Hour
2026-01-09,sub-psiog-001,MAC-03,rg-mac-03-product-prod,Microsoft.ContainerService/managedClusters,AKS Clusters,Compute,team:Product,669.3,INR,77.24,1 Hour
2026-01-09,sub-psiog-001,MAC-03,rg-mac-03-product-prod,Microsoft.Storage/storageAccounts,Blob Storage,Storage,team:Product,188.96,INR,59.08,1 Hour
2026-01-09,sub-psiog-001,MAC-03,rg-mac-03-product-prod,Microsoft.Network/virtualNetworks,Virtual Networks,Networking,team:Product,116.23,INR,57.86,1 Hour
2026-01-09,sub-psiog-001,MAC-03,rg-mac-03-product-prod,Microsoft.DocumentDB/databaseAccounts,Cosmos DB,Data Services,team:Product,306.92,INR,42.82,1 Hour
2026-01-09,sub-psiog-001,MAC-03,rg-mac-03-frontend-prod,Microsoft.ContainerService/managedClusters,AKS Clusters,Compute,team:Frontend,581.09,INR,76.85,1 Hour
2026-01-09,sub-psiog-001,MAC-03,rg-mac-03-frontend-prod,Microsoft.Storage/storageAccounts/fileServices,File Storage,Storage,team:Frontend,131.69,INR,86.83,1 Hour
2026-01-09,sub-psiog-001,MAC-03,rg-mac-03-frontend-prod,Microsoft.Network/virtualNetworks,Virtual Networks,Networking,team:Frontend,91.31,INR,11.67,1 Hour
2026-01-09,sub-psiog-001,MAC-03,rg-mac-03-frontend-prod,Microsoft.DocumentDB/databaseAccounts,Cosmos DB,Data Services,team:Frontend,201.64,INR,3.5,1 Hour
2026-01-09,sub-psiog-001,MAC-04,rg-mac-04-backend-prod,Microsoft.Compute/virtualMachines,Virtual Machines,Compute,team:Backend,964.31,INR,8.99,1 Hour
2026-01-09,sub-psiog-001,MAC-04,rg-mac-04-backend-prod,Microsoft.Storage/storageAccounts/fileServices,File Storage,Storage,team:Backend,370.1,INR,98.62,1 Hour
2026-01-09,sub-psiog-001,MAC-04,rg-mac-04-backend-prod,Microsoft.Network/virtualNetworks,Virtual Networks,Networking,team:Backend,245.22,INR,43.17,1 Hour
2026-01-09,sub-psiog-001,MAC-04,rg-mac-04-backend-prod,Microsoft.Sql/servers/databases,SQL Database,Data Services,team:Backend,453.95,INR,3.81,1 Hour
2026-01-09,sub-psiog-001,MAC-04,rg-mac-04-qa-prod,Microsoft.Compute/virtualMachines,Virtual Machines,Compute,team:QA,378.67,INR,70.63,1 Hour
2026-01-09,sub-psiog-001,MAC-04,rg-mac-04-qa-prod,Microsoft.Storage/storageAccounts,Blob Storage,Storage,team:QA,207.48,INR,41.13,1 Hour
2026-01-09,sub-psiog-001,MAC-04,rg-mac-04-qa-prod,Microsoft.Network/virtualNetworks,Virtual Networks,Networking,team:QA,89.02,INR,77.76,1 Hour
2026-01-09,sub-psiog-001,MAC-04,rg-mac-04-qa-prod,Microsoft.Sql/servers/databases,SQL Database,Data Services,team:QA,268.95,INR,99.63,1 Hour
2026-01-09,sub-psiog-001,MAC-05,rg-mac-05-security-prod,Microsoft.ContainerService/managedClusters,AKS Clusters,Compute,team:Security,653.34,INR,90.46,1 Hour
2026-01-09,sub-psiog-001,MAC-05,rg-mac-05-security-prod,Microsoft.Storage/storageAccounts/fileServices,File Storage,Storage,team:Security,275.28,INR,17.99,1 Hour
2026-01-09,sub-psiog-001,MAC-05,rg-mac-05-security-prod,Microsoft.Network/virtualNetworks,Virtual Networks,Networking,team:Security,302.57,INR,18.17,1 Hour
2026-01-09,sub-psiog-001,MAC-05,rg-mac-05-security-prod,Microsoft.DocumentDB/databaseAccounts,Cosmos DB,Data Services,team:Security,355.67,INR,6.99,1 Hour
2026-01-09,sub-psiog-001,MAC-05,rg-mac-05-compliance-prod,Microsoft.Compute/virtualMachines,Virtual Machines,Compute,team:Compliance,370.22,INR,38.04,1 Hour
2026-01-09,sub-psiog-001,MAC-05,rg-mac-05-compliance-prod,Microsoft.Storage/storageAccounts/fileServices,File Storage,Storage,team:Compliance,210.67,INR,73.61,1 Hour
2026-01-09,sub-psiog-001,MAC-05,rg-mac-05-compliance-prod,Microsoft.Network/virtualNetworks,Virtual Networks,Networking,team:Compliance,130.84,INR,20.31,1 Hour
2026-01-09,sub-psiog-001,MAC-05,rg-mac-05-compliance-prod,Microsoft.Sql/servers/databases,SQL Database,Data Services,team:Compliance,286.08,INR,54.47,1 Hour
2026-01-09,sub-psiog-001,MAC-06,rg-mac-06-infrastructure-prod,Microsoft.Compute/virtualMachines,Virtual Machines,Compute,team:Infrastructure,1448.86,INR,70.04,1 Hour
2026-01-09,sub-psiog-001,MAC-06,rg-mac-06-infrastructure-prod,Microsoft.Storage/storageAccounts,Blob Storage,Storage,team:Infrastructure,365.71,INR,6.51,1 Hour
2026-01-09,sub-psiog-001,MAC-06,rg-mac-06-infrastructure-prod,Microsoft.Network/virtualNetworks,Virtual Networks,Networking,team:Infrastructure,339.71,INR,51.81,1 Hour
2026-01-09,sub-psiog-001,MAC-06,rg-mac-06-infrastructure-prod,Microsoft.DocumentDB/databaseAccounts,Cosmos DB,Data Services,team:Infrastructure,486.9,INR,58.37,1 Hour
2026-01-09,sub-psiog-001,MAC-06,rg-mac-06-cloudops-prod,Microsoft.ContainerService/managedClusters,AKS Clusters,Compute,team:CloudOps,1513.65,INR,65.16,1 Hour
2026-01-09,sub-psiog-001,MAC-06,rg-mac-06-cloudops-prod,Microsoft.Storage/storageAccounts,Blob Storage,Storage,team:CloudOps,417.79,INR,34.67,1 Hour
2026-01-09,sub-psiog-001,MAC-06,rg-mac-06-cloudops-prod,Microsoft.Network/loadBalancers,Load Balancers,Networking,team:CloudOps,299.45,INR,3.8,1 Hour
2026-01-09,sub-psiog-001,MAC-06,rg-mac-06-cloudops-prod,Microsoft.DocumentDB/databaseAccounts,Cosmos DB,Data Services,team:CloudOps,411.16,INR,73.9,1 Hour
2026-01-09,sub-psiog-001,MAC-07,rg-mac-07-ml-prod,Microsoft.Compute/virtualMachines,Virtual Machines,Compute,,1448.74,INR,71.51,1 Hour
2026-01-09,sub-psiog-001,MAC-07,rg-mac-07-ml-prod,Microsoft.Storage/storageAccounts,Blob Storage,Storage,team:ML,511.74,INR,81.63,1 Hour
2026-01-09,sub-psiog-001,MAC-07,rg-mac-07-ml-prod,Microsoft.Network/virtualNetworks,Virtual Networks,Networking,team:ML,191.37,INR,15.05,1 Hour
2026-01-09,sub-psiog-001,MAC-07,rg-mac-07-ml-prod,Microsoft.Sql/servers/databases,SQL Database,Data Services,team:ML,616.25,INR,40.75,1 Hour
2026-01-09,sub-psiog-001,MAC-07,rg-mac-07-research-prod,Microsoft.Compute/virtualMachines,Virtual Machines,Compute,team:Research,773.7,INR,57.82,1 Hour
2026-01-09,sub-psiog-001,MAC-07,rg-mac-07-research-prod,Microsoft.Storage/storageAccounts,Blob Storage,Storage,team:Research,524.43,INR,61.36,1 Hour
2026-01-09,sub-psiog-001,MAC-07,rg-mac-07-research-prod,Microsoft.Network/virtualNetworks,Virtual Networks,Networking,team:Research,206.08,INR,77.19,1 Hour
2026-01-09,sub-psiog-001,MAC-07,rg-mac-07-research-prod,Microsoft.Sql/servers/databases,SQL Database,Data Services,team:Research,593.57,INR,13.6,1 Hour
2026-01-09,sub-psiog-001,MAC-08,rg-mac-08-finance-prod,Microsoft.Compute/virtualMachines,Virtual Machines,Compute,team:Finance,335.9,INR,26.2,1 Hour
2026-01-09,sub-psiog-001,MAC-08,rg-mac-08-finance-prod,Microsoft.Storage/storageAccounts,Blob Storage,Storage,team:Finance,186.66,INR,52.32,1 Hour
2026-01-09,sub-psiog-001,MAC-08,rg-mac-08-finance-prod,Microsoft.Network/loadBalancers,Load Balancers,Networking,team:Finance,104.93,INR,12.47,1 Hour
2026-01-09,sub-psiog-001,MAC-08,rg-mac-08-finance-prod,Microsoft.DocumentDB/databaseAccounts,Cosmos DB,Data Services,,459.37,INR,8.53,1 Hour
2026-01-09,sub-psiog-001,MAC-08,rg-mac-08-operations-prod,Microsoft.ContainerService/managedClusters,AKS Clusters,Compute,,514.99,INR,77.64,1 Hour
2026-01-09,sub-psiog-001,MAC-08,rg-mac-08-operations-prod,Microsoft.Storage/storageAccounts/fileServices,File Storage,Storage,team:Operations,333.95,INR,51.4,1 Hour
2026-01-09,sub-psiog-001,MAC-08,rg-mac-08-operations-prod,Microsoft.Network/loadBalancers,Load Balancers,Networking,,144.96,INR,34.72,1 Hour
2026-01-09,sub-psiog-001,MAC-08,rg-mac-08-operations-prod,Microsoft.DocumentDB/databaseAccounts,Cosmos DB,Data Services,team:Operations,377.88,INR,72.35,1 Hour
2026-01-10,sub-psiog-001,MAC-01,rg-mac-01-devops-prod,Microsoft.Compute/virtualMachines,Virtual Machines,Compute,team:DevOps,1261.78,INR,50.98,1 Hour
2026-01-10,sub-psiog-001,MAC-01,rg-mac-01-devops-prod,Microsoft.Storage/storageAccounts,Blob Storage,Storage,team:DevOps,320.84,INR,45.72,1 Hour
2026-01-10,sub-psiog-001,MAC-01,rg-mac-01-devops-prod,Microsoft.Network/virtualNetworks,Virtual Networks,Networking,team:DevOps,210.64,INR,98.54,1 Hour
2026-01-10,sub-psiog-001,MAC-01,rg-mac-01-devops-prod,Microsoft.DocumentDB/databaseAccounts,Cosmos DB,Data Services,team:DevOps,432.32,INR,50.05,1 Hour
2026-01-10,sub-psiog-001,MAC-01,rg-mac-01-platform-prod,Microsoft.ContainerService/managedClusters,AKS Clusters,Compute,team:Platform,1004.19,INR,47.85,1 Hour
2026-01-10,sub-psiog-001,MAC-01,rg-mac-01-platform-prod,Microsoft.Storage/storageAccounts,Blob Storage,Storage,team:Platform,283.98,INR,32.82,1 Hour
2026-01-10,sub-psiog-001,MAC-01,rg-mac-01-platform-prod,Microsoft.Network/virtualNetworks,Virtual Networks,Networking,team:Platform,269.56,INR,23.82,1 Hour
2026-01-10,sub-psiog-001,MAC-01,rg-mac-01-platform-prod,Microsoft.Sql/servers/databases,SQL Database,Data Services,team:Platform,399.97,INR,23.58,1 Hour
2026-01-10,sub-psiog-001,MAC-02,rg-mac-02-dataengineering-prod,Microsoft.ContainerService/managedClusters,AKS Clusters,Compute,team:DataEngineering,876.88,INR,78.81,1 Hour
2026-01-10,sub-psiog-001,MAC-02,rg-mac-02-dataengineering-prod,Microsoft.Storage/storageAccounts/fileServices,File Storage,Storage,team:DataEngineering,521.19,INR,5.33,1 Hour
2026-01-10,sub-psiog-001,MAC-02,rg-mac-02-dataengineering-prod,Microsoft.Network/virtualNetworks,Virtual Networks,Networking,team:DataEngineering,166.92,INR,41.77,1 Hour
2026-01-10,sub-psiog-001,MAC-02,rg-mac-02-dataengineering-prod,Microsoft.DocumentDB/databaseAccounts,Cosmos DB,Data Services,,966.33,INR,15.07,1 Hour
2026-01-10,sub-psiog-001,MAC-02,rg-mac-02-analytics-prod,Microsoft.Compute/virtualMachines,Virtual Machines,Compute,team:Analytics,768.58,INR,64.16,1 Hour
2026-01-10,sub-psiog-001,MAC-02,rg-mac-02-analytics-prod,Microsoft.Storage/storageAccounts,Blob Storage,Storage,team:Analytics,484.31,INR,68.09,1 Hour
2026-01-10,sub-psiog-001,MAC-02,rg-mac-02-analytics-prod,Microsoft.Network/loadBalancers,Load Balancers,Networking,team:Analytics,171.13,INR,75.29,1 Hour
2026-01-10,sub-psiog-001,MAC-02,rg-mac-02-analytics-prod,Microsoft.DocumentDB/databaseAccounts,Cosmos DB,Data Services,team:Analytics,962.01,INR,79.47,1 Hour
2026-01-10,sub-psiog-001,MAC-03,rg-mac-03-product-prod,Microsoft.ContainerService/managedClusters,AKS Clusters,Compute,team:Product,599.79,INR,99.11,1 Hour
2026-01-10,sub-psiog-001,MAC-03,rg-mac-03-product-prod,Microsoft.Storage/storageAccounts,Blob Storage,Storage,team:Product,196.72,INR,5.69,1 Hour
2026-01-10,sub-psiog-001,MAC-03,rg-mac-03-product-prod,Microsoft.Network/virtualNetworks,Virtual Networks,Networking,team:Product,119.0,INR,97.74,1 Hour
2026-01-10,sub-psiog-001,MAC-03,rg-mac-03-product-prod,Microsoft.Sql/servers/databases,SQL Database,Data Services,team:Product,335.07,INR,4.0,1 Hour
2026-01-10,sub-psiog-001,MAC-03,rg-mac-03-frontend-prod,Microsoft.Compute/virtualMachines,Virtual Machines,Compute,team:Frontend,501.92,INR,85.5,1 Hour
2026-01-10,sub-psiog-001,MAC-03,rg-mac-03-frontend-prod,Microsoft.Storage/storageAccounts/fileServices,File Storage,Storage,team:Frontend,144.19,INR,82.43,1 Hour
2026-01-10,sub-psiog-001,MAC-03,rg-mac-03-frontend-prod,Microsoft.Network/virtualNetworks,Virtual Networks,Networking,,108.93,INR,94.18,1 Hour
2026-01-10,sub-psiog-001,MAC-03,rg-mac-03-frontend-prod,Microsoft.Sql/servers/databases,SQL Database,Data Services,,206.27,INR,87.7,1 Hour
2026-01-10,sub-psiog-001,MAC-04,rg-mac-04-backend-prod,Microsoft.ContainerService/managedClusters,AKS Clusters,Compute,team:Backend,930.09,INR,97.71,1 Hour
2026-01-10,sub-psiog-001,MAC-04,rg-mac-04-backend-prod,Microsoft.Storage/storageAccounts,Blob Storage,Storage,team:Backend,309.01,INR,29.58,1 Hour
2026-01-10,sub-psiog-001,MAC-04,rg-mac-04-backend-prod,Microsoft.Network/virtualNetworks,Virtual Networks,Networking,team:Backend,200.09,INR,83.19,1 Hour
2026-01-10,sub-psiog-001,MAC-04,rg-mac-04-backend-prod,Microsoft.DocumentDB/databaseAccounts,Cosmos DB,Data Services,team:Backend,571.39,INR,42.4,1 Hour
2026-01-10,sub-psiog-001,MAC-04,rg-mac-04-qa-prod,Microsoft.ContainerService/managedClusters,AKS Clusters,Compute,team:QA,394.2,INR,20.85,1 Hour
2026-01-10,sub-psiog-001,MAC-04,rg-mac-04-qa-prod,Microsoft.Storage/storageAccounts,Blob Storage,Storage,team:QA,158.07,INR,41.38,1 Hour
2026-01-10,sub-psiog-001,MAC-04,rg-mac-04-qa-prod,Microsoft.Network/virtualNetworks,Virtual Networks,Networking,team:QA,79.87,INR,23.42,1 Hour
2026-01-10,sub-psiog-001,MAC-04,rg-mac-04-qa-prod,Microsoft.DocumentDB/databaseAccounts,Cosmos DB,Data Services,team:QA,291.96,INR,23.14,1 Hour
2026-01-10,sub-psiog-001,MAC-05,rg-mac-05-security-prod,Microsoft.ContainerService/managedClusters,AKS Clusters,Compute,,624.05,INR,29.34,1 Hour
2026-01-10,sub-psiog-001,MAC-05,rg-mac-05-security-prod,Microsoft.Storage/storageAccounts,Blob Storage,Storage,team:Security,254.5,INR,68.38,1 Hour
2026-01-10,sub-psiog-001,MAC-05,rg-mac-05-security-prod,Microsoft.Network/loadBalancers,Load Balancers,Networking,,340.08,INR,87.27,1 Hour
2026-01-10,sub-psiog-001,MAC-05,rg-mac-05-security-prod,Microsoft.DocumentDB/databaseAccounts,Cosmos DB,Data Services,team:Security,335.08,INR,18.73,1 Hour
2026-01-10,sub-psiog-001,MAC-05,rg-mac-05-compliance-prod,Microsoft.Compute/virtualMachines,Virtual Machines,Compute,,341.33,INR,5.4,1 Hour
2026-01-10,sub-psiog-001,MAC-05,rg-mac-05-compliance-prod,Microsoft.Storage/storageAccounts/fileServices,File Storage,Storage,team:Compliance,208.66,INR,12.49,1 Hour
2026-01-10,sub-psiog-001,MAC-05,rg-mac-05-compliance-prod,Microsoft.Network/virtualNetworks,Virtual Networks,Networking,team:Compliance,142.42,INR,25.5,1 Hour
2026-01-10,sub-psiog-001,MAC-05,rg-mac-05-compliance-prod,Microsoft.DocumentDB/databaseAccounts,Cosmos DB,Data Services,team:Compliance,298.28,INR,40.61,1 Hour
2026-01-10,sub-psiog-001,MAC-06,rg-mac-06-infrastructure-prod,Microsoft.Compute/virtualMachines,Virtual Machines,Compute,team:Infrastructure,1253.16,INR,53.1,1 Hour
2026-01-10,sub-psiog-001,MAC-06,rg-mac-06-infrastructure-prod,Microsoft.Storage/storageAccounts/fileServices,File Storage,Storage,team:Infrastructure,413.03,INR,76.77,1 Hour
2026-01-10,sub-psiog-001,MAC-06,rg-mac-06-infrastructure-prod,Microsoft.Network/virtualNetworks,Virtual Networks,Networking,team:Infrastructure,386.42,INR,23.28,1 Hour
2026-01-10,sub-psiog-001,MAC-06,rg-mac-06-infrastructure-prod,Microsoft.Sql/servers/databases,SQL Database,Data Services,team:Infrastructure,421.17,INR,11.09,1 Hour
2026-01-10,sub-psiog-001,MAC-06,rg-mac-06-cloudops-prod,Microsoft.ContainerService/managedClusters,AKS Clusters,Compute,team:CloudOps,1150.7,INR,34.96,1 Hour
2026-01-10,sub-psiog-001,MAC-06,rg-mac-06-cloudops-prod,Microsoft.Storage/storageAccounts,Blob Storage,Storage,team:CloudOps,419.58,INR,26.69,1 Hour
2026-01-10,sub-psiog-001,MAC-06,rg-mac-06-cloudops-prod,Microsoft.Network/virtualNetworks,Virtual Networks,Networking,,335.37,INR,10.59,1 Hour
2026-01-10,sub-psiog-001,MAC-06,rg-mac-06-cloudops-prod,Microsoft.Sql/servers/databases,SQL Database,Data Services,team:CloudOps,352.78,INR,66.33,1 Hour
2026-01-10,sub-psiog-001,MAC-07,rg-mac-07-ml-prod,Microsoft.ContainerService/managedClusters,AKS Clusters,Compute,team:ML,1760.74,INR,86.79,1 Hour
2026-01-10,sub-psiog-001,MAC-07,rg-mac-07-ml-prod,Microsoft.Storage/storageAccounts,Blob Storage,Storage,team:ML,568.22,INR,61.13,1 Hour
2026-01-10,sub-psiog-001,MAC-07,rg-mac-07-ml-prod,Microsoft.Network/virtualNetworks,Virtual Networks,Networking,team:ML,188.69,INR,45.0,1 Hour
2026-01-10,sub-psiog-001,MAC-07,rg-mac-07-ml-prod,Microsoft.DocumentDB/databaseAccounts,Cosmos DB,Data Services,team:ML,772.04,INR,21.37,1 Hour
2026-01-10,sub-psiog-001,MAC-07,rg-mac-07-research-prod,Microsoft.ContainerService/managedClusters,AKS Clusters,Compute,team:Research,860.61,INR,1.65,1 Hour
2026-01-10,sub-psiog-001,MAC-07,rg-mac-07-research-prod,Microsoft.Storage/storageAccounts/fileServices,File Storage,Storage,team:Research,427.0,INR,89.43,1 Hour
2026-01-10,sub-psiog-001,MAC-07,rg-mac-07-research-prod,Microsoft.Network/virtualNetworks,Virtual Networks,Networking,team:Research,209.14,INR,38.06,1 Hour
2026-01-10,sub-psiog-001,MAC-07,rg-mac-07-research-prod,Microsoft.DocumentDB/databaseAccounts,Cosmos DB,Data Services,team:Research,574.29,INR,68.98,1 Hour
2026-01-10,sub-psiog-001,MAC-08,rg-mac-08-finance-prod,Microsoft.Compute/virtualMachines,Virtual Machines,Compute,team:Finance,298.68,INR,91.42,1 Hour
2026-01-10,sub-psiog-001,MAC-08,rg-mac-08-finance-prod,Microsoft.Storage/storageAccounts,Blob Storage,Storage,team:Finance,230.65,INR,97.56,1 Hour
2026-01-10,sub-psiog-001,MAC-08,rg-mac-08-finance-prod,Microsoft.Network/loadBalancers,Load Balancers,Networking,team:Finance,89.53,INR,58.56,1 Hour
2026-01-10,sub-psiog-001,MAC-08,rg-mac-08-finance-prod,Microsoft.Sql/servers/databases,SQL Database,Data Services,team:Finance,447.74,INR,93.62,1 Hour
2026-01-10,sub-psiog-001,MAC-08,rg-mac-08-operations-prod,Microsoft.ContainerService/managedClusters,AKS Clusters,Compute,team:Operations,406.45,INR,38.59,1 Hour
2026-01-10,sub-psiog-001,MAC-08,rg-mac-08-operations-prod,Microsoft.Storage/storageAccounts/fileServices,File Storage,Storage,team:Operations,271.84,INR,5.12,1 Hour
2026-01-10,sub-psiog-001,MAC-08,rg-mac-08-operations-prod,Microsoft.Network/virtualNetworks,Virtual Networks,Networking,team:Operations,121.14,INR,46.56,1 Hour
2026-01-10,sub-psiog-001,MAC-08,rg-mac-08-operations-prod,Microsoft.Sql/servers/databases,SQL Database,Data Services,team:Operations,380.86,INR,55.3,1 Hour
2026-01-11,sub-psiog-001,MAC-01,rg-mac-01-devops-prod,Microsoft.Compute/virtualMachines,Virtual Machines,Compute,team:DevOps,1065.81,INR,1.48,1 Hour
2026-01-11,sub-psiog-001,MAC-01,rg-mac-01-devops-prod,Microsoft.Storage/storageAccounts,Blob Storage,Storage,team:DevOps,351.55,INR,80.69,1 Hour
2026-01-11,sub-psiog-001,MAC-01,rg-mac-01-devops-prod,Microsoft.Network/virtualNetworks,Virtual Networks,Networking,team:DevOps,225.67,INR,10.45,1 Hour
2026-01-11,sub-psiog-001,MAC-01,rg-mac-01-devops-prod,Microsoft.DocumentDB/databaseAccounts,Cosmos DB,Data Services,team:DevOps,353.22,INR,47.75,1 Hour
2026-01-11,sub-psiog-001,MAC-01,rg-mac-01-platform-prod,Microsoft.Compute/virtualMachines,Virtual Machines,Compute,team:Platform,1036.16,INR,52.53,1 Hour
2026-01-11,sub-psiog-001,MAC-01,rg-mac-01-platform-prod,Microsoft.Storage/storageAccounts,Blob Storage,Storage,team:Platform,269.48,INR,54.76,1 Hour
2026-01-11,sub-psiog-001,MAC-01,rg-mac-01-platform-prod,Microsoft.Network/virtualNetworks,Virtual Networks,Networking,team:Platform,274.71,INR,80.69,1 Hour
2026-01-11,sub-psiog-001,MAC-01,rg-mac-01-platform-prod,Microsoft.DocumentDB/databaseAccounts,Cosmos DB,Data Services,team:Platform,378.78,INR,26.11,1 Hour
2026-01-11,sub-psiog-001,MAC-02,rg-mac-02-dataengineering-prod,Microsoft.Compute/virtualMachines,Virtual Machines,Compute,team:DataEngineering,999.03,INR,24.52,1 Hour
2026-01-11,sub-psiog-001,MAC-02,rg-mac-02-dataengineering-prod,Microsoft.Storage/storageAccounts,Blob Storage,Storage,team:DataEngineering,668.66,INR,23.62,1 Hour
2026-01-11,sub-psiog-001,MAC-02,rg-mac-02-dataengineering-prod,Microsoft.Network/loadBalancers,Load Balancers,Networking,team:DataEngineering,169.3,INR,13.29,1 Hour
2026-01-11,sub-psiog-001,MAC-02,rg-mac-02-dataengineering-prod,Microsoft.Sql/servers/databases,SQL Database,Data Services,team:DataEngineering,995.72,INR,11.27,1 Hour
2026-01-11,sub-psiog-001,MAC-02,rg-mac-02-analytics-prod,Microsoft.ContainerService/managedClusters,AKS Clusters,Compute,team:Analytics,852.73,INR,6.64,1 Hour
2026-01-11,sub-psiog-001,MAC-02,rg-mac-02-analytics-prod,Microsoft.Storage/storageAccounts/fileServices,File Storage,Storage,team:Analytics,521.8,INR,95.13,1 Hour
2026-01-11,sub-psiog-001,MAC-02,rg-mac-02-analytics-prod,Microsoft.Network/virtualNetworks,Virtual Networks,Networking,team:Analytics,182.06,INR,34.35,1 Hour
2026-01-11,sub-psiog-001,MAC-02,rg-mac-02-analytics-prod,Microsoft.Sql/servers/databases,SQL Database,Data Services,team:Analytics,969.99,INR,27.05,1 Hour
2026-01-11,sub-psiog-001,MAC-03,rg-mac-03-product-prod,Microsoft.ContainerService/managedClusters,AKS Clusters,Compute,team:Product,549.72,INR,58.55,1 Hour
2026-01-11,sub-psiog-001,MAC-03,rg-mac-03-product-prod,Microsoft.Storage/storageAccounts,Blob Storage,Storage,team:Product,220.56,INR,76.14,1 Hour
2026-01-11,sub-psiog-001,MAC-03,rg-mac-03-product-prod,Microsoft.Network/loadBalancers,Load Balancers,Networking,team:Product,128.38,INR,21.32,1 Hour
2026-01-11,sub-psiog-001,MAC-03,rg-mac-03-product-prod,Microsoft.DocumentDB/databaseAccounts,Cosmos DB,Data Services,team:Product,281.27,INR,85.94,1 Hour
2026-01-11,sub-psiog-001,MAC-03,rg-mac-03-frontend-prod,Microsoft.Compute/virtualMachines,Virtual Machines,Compute,team:Frontend,561.03,INR,57.88,1 Hour
2026-01-11,sub-psiog-001,MAC-03,rg-mac-03-frontend-prod,Microsoft.Storage/storageAccounts,Blob Storage,Storage,team:Frontend,141.28,INR,32.1,1 Hour
2026-01-11,sub-psiog-001,MAC-03,rg-mac-03-frontend-prod,Microsoft.Network/virtualNetworks,Virtual Networks,Networking,team:Frontend,89.1,INR,77.92,1 Hour
2026-01-11,sub-psiog-001,MAC-03,rg-mac-03-frontend-prod,Microsoft.DocumentDB/databaseAccounts,Cosmos DB,Data Services,team:Frontend,208.3,INR,81.59,1 Hour
2026-01-11,sub-psiog-001,MAC-04,rg-mac-04-backend-prod,Microsoft.ContainerService/managedClusters,AKS Clusters,Compute,team:Backend,898.47,INR,81.45,1 Hour
2026-01-11,sub-psiog-001,MAC-04,rg-mac-04-backend-prod,Microsoft.Storage/storageAccounts/fileServices,File Storage,Storage,team:Backend,306.08,INR,12.01,1 Hour
2026-01-11,sub-psiog-001,MAC-04,rg-mac-04-backend-prod,Microsoft.Network/loadBalancers,Load Balancers,Networking,,223.6,INR,96.54,1 Hour
2026-01-11,sub-psiog-001,MAC-04,rg-mac-04-backend-prod,Microsoft.Sql/servers/databases,SQL Database,Data Services,team:Backend,572.38,INR,32.06,1 Hour
2026-01-11,sub-psiog-001,MAC-04,rg-mac-04-qa-prod,Microsoft.Compute/virtualMachines,Virtual Machines,Compute,team:QA,353.27,INR,31.73,1 Hour
2026-01-11,sub-psiog-001,MAC-04,rg-mac-04-qa-prod,Microsoft.Storage/storageAccounts,Blob Storage,Storage,team:QA,190.39,INR,92.24,1 Hour
2026-01-11,sub-psiog-001,MAC-04,rg-mac-04-qa-prod,Microsoft.Network/loadBalancers,Load Balancers,Networking,team:QA,89.65,INR,48.18,1 Hour
2026-01-11,sub-psiog-001,MAC-04,rg-mac-04-qa-prod,Microsoft.Sql/servers/databases,SQL Database,Data Services,team:QA,227.39,INR,20.5,1 Hour
2026-01-11,sub-psiog-001,MAC-05,rg-mac-05-security-prod,Microsoft.ContainerService/managedClusters,AKS Clusters,Compute,team:Security,799.86,INR,38.03,1 Hour
2026-01-11,sub-psiog-001,MAC-05,rg-mac-05-security-prod,Microsoft.Storage/storageAccounts,Blob Storage,Storage,team:Security,269.15,INR,4.26,1 Hour
2026-01-11,sub-psiog-001,MAC-05,rg-mac-05-security-prod,Microsoft.Network/loadBalancers,Load Balancers,Networking,team:Security,283.53,INR,98.91,1 Hour
2026-01-11,sub-psiog-001,MAC-05,rg-mac-05-security-prod,Microsoft.Sql/servers/databases,SQL Database,Data Services,team:Security,376.74,INR,34.42,1 Hour
2026-01-11,sub-psiog-001,MAC-05,rg-mac-05-compliance-prod,Microsoft.Compute/virtualMachines,Virtual Machines,Compute,team:Compliance,329.61,INR,15.65,1 Hour
2026-01-11,sub-psiog-001,MAC-05,rg-mac-05-compliance-prod,Microsoft.Storage/storageAccounts/fileServices,File Storage,Storage,team:Compliance,199.25,INR,98.8,1 Hour
2026-01-11,sub-psiog-001,MAC-05,rg-mac-05-compliance-prod,Microsoft.Network/virtualNetworks,Virtual Networks,Networking,team:Compliance,133.51,INR,65.84,1 Hour
2026-01-11,sub-psiog-001,MAC-05,rg-mac-05-compliance-prod,Microsoft.DocumentDB/databaseAccounts,Cosmos DB,Data Services,team:Compliance,271.54,INR,13.65,1 Hour
2026-01-11,sub-psiog-001,MAC-06,rg-mac-06-infrastructure-prod,Microsoft.ContainerService/managedClusters,AKS Clusters,Compute,team:Infrastructure,1333.28,INR,4.8,1 Hour
2026-01-11,sub-psiog-001,MAC-06,rg-mac-06-infrastructure-prod,Microsoft.Storage/storageAccounts,Blob Storage,Storage,team:Infrastructure,389.89,INR,78.97,1 Hour
2026-01-11,sub-psiog-001,MAC-06,rg-mac-06-infrastructure-prod,Microsoft.Network/loadBalancers,Load Balancers,Networking,team:Infrastructure,306.53,INR,34.6,1 Hour
2026-01-11,sub-psiog-001,MAC-06,rg-mac-06-infrastructure-prod,Microsoft.DocumentDB/databaseAccounts,Cosmos DB,Data Services,team:Infrastructure,456.83,INR,35.21,1 Hour
2026-01-11,sub-psiog-001,MAC-06,rg-mac-06-cloudops-prod,Microsoft.Compute/virtualMachines,Virtual Machines,Compute,team:CloudOps,1289.0,INR,40.07,1 Hour
2026-01-11,sub-psiog-001,MAC-06,rg-mac-06-cloudops-prod,Microsoft.Storage/storageAccounts/fileServices,File Storage,Storage,team:CloudOps,361.5,INR,90.78,1 Hour
2026-01-11,sub-psiog-001,MAC-06,rg-mac-06-cloudops-prod,Microsoft.Network/loadBalancers,Load Balancers,Networking,team:CloudOps,287.53,INR,99.24,1 Hour
2026-01-11,sub-psiog-001,MAC-06,rg-mac-06-cloudops-prod,Microsoft.Sql/servers/databases,SQL Database,Data Services,team:CloudOps,367.52,INR,58.59,1 Hour
2026-01-11,sub-psiog-001,MAC-07,rg-mac-07-ml-prod,Microsoft.Compute/virtualMachines,Virtual Machines,Compute,team:ML,1676.41,INR,87.36,1 Hour
2026-01-11,sub-psiog-001,MAC-07,rg-mac-07-ml-prod,Microsoft.Storage/storageAccounts,Blob Storage,Storage,team:ML,484.72,INR,8.75,1 Hour
2026-01-11,sub-psiog-001,MAC-07,rg-mac-07-ml-prod,Microsoft.Network/loadBalancers,Load Balancers,Networking,team:ML,182.21,INR,51.97,1 Hour
2026-01-11,sub-psiog-001,MAC-07,rg-mac-07-ml-prod,Microsoft.Sql/servers/databases,SQL Database,Data Services,team:ML,649.14,INR,99.66,1 Hour
2026-01-11,sub-psiog-001,MAC-07,rg-mac-07-research-prod,Microsoft.Compute/virtualMachines,Virtual Machines,Compute,team:Research,901.01,INR,47.69,1 Hour
2026-01-11,sub-psiog-001,MAC-07,rg-mac-07-research-prod,Microsoft.Storage/storageAccounts/fileServices,File Storage,Storage,team:Research,453.16,INR,30.18,1 Hour
2026-01-11,sub-psiog-001,MAC-07,rg-mac-07-research-prod,Microsoft.Network/virtualNetworks,Virtual Networks,Networking,team:Research,191.24,INR,49.08,1 Hour
2026-01-11,sub-psiog-001,MAC-07,rg-mac-07-research-prod,Microsoft.DocumentDB/databaseAccounts,Cosmos DB,Data Services,team:Research,618.64,INR,17.28,1 Hour
2026-01-11,sub-psiog-001,MAC-08,rg-mac-08-finance-prod,Microsoft.Compute/virtualMachines,Virtual Machines,Compute,team:Finance,339.7,INR,59.35,1 Hour
2026-01-11,sub-psiog-001,MAC-08,rg-mac-08-finance-prod,Microsoft.Storage/storageAccounts/fileServices,File Storage,Storage,team:Finance,219.13,INR,2.89,1 Hour
2026-01-11,sub-psiog-001,MAC-08,rg-mac-08-finance-prod,Microsoft.Network/loadBalancers,Load Balancers,Networking,team:Finance,115.29,INR,81.53,1 Hour
2026-01-11,sub-psiog-001,MAC-08,rg-mac-08-finance-prod,Microsoft.DocumentDB/databaseAccounts,Cosmos DB,Data Services,team:Finance,512.91,INR,51.04,1 Hour
2026-01-11,sub-psiog-001,MAC-08,rg-mac-08-operations-prod,Microsoft.ContainerService/managedClusters,AKS Clusters,Compute,team:Operations,426.42,INR,58.23,1 Hour
2026-01-11,sub-psiog-001,MAC-08,rg-mac-08-operations-prod,Microsoft.Storage/storageAccounts/fileServices,File Storage,Storage,team:Operations,292.66,INR,38.15,1 Hour
2026-01-11,sub-psiog-001,MAC-08,rg-mac-08-operations-prod,Microsoft.Network/virtualNetworks,Virtual Networks,Networking,team:Operations,124.63,INR,93.54,1 Hour
2026-01-11,sub-psiog-001,MAC-08,rg-mac-08-operations-prod,Microsoft.DocumentDB/databaseAccounts,Cosmos DB,Data Services,team:Operations,426.65,INR,2.04,1 Hour
2026-01-12,sub-psiog-001,MAC-01,rg-mac-01-devops-prod,Microsoft.Compute/virtualMachines,Virtual Machines,Compute,,1353.45,INR,13.5,1 Hour
2026-01-12,sub-psiog-001,MAC-01,rg-mac-01-devops-prod,Microsoft.Storage/storageAccounts,Blob Storage,Storage,team:DevOps,264.28,INR,21.0,1 Hour
2026-01-12,sub-psiog-001,MAC-01,rg-mac-01-devops-prod,Microsoft.Network/loadBalancers,Load Balancers,Networking,team:DevOps,188.12,INR,60.5,1 Hour
2026-01-12,sub-psiog-001,MAC-01,rg-mac-01-devops-prod,Microsoft.DocumentDB/databaseAccounts,Cosmos DB,Data Services,team:DevOps,353.47,INR,96.95,1 Hour
2026-01-12,sub-psiog-001,MAC-01,rg-mac-01-platform-prod,Microsoft.ContainerService/managedClusters,AKS Clusters,Compute,team:Platform,1061.87,INR,33.55,1 Hour
2026-01-12,sub-psiog-001,MAC-01,rg-mac-01-platform-prod,Microsoft.Storage/storageAccounts,Blob Storage,Storage,team:Platform,255.49,INR,92.4,1 Hour
2026-01-12,sub-psiog-001,MAC-01,rg-mac-01-platform-prod,Microsoft.Network/virtualNetworks,Virtual Networks,Networking,team:Platform,225.08,INR,32.23,1 Hour
2026-01-12,sub-psiog-001,MAC-01,rg-mac-01-platform-prod,Microsoft.Sql/servers/databases,SQL Database,Data Services,team:Platform,408.43,INR,60.14,1 Hour
2026-01-12,sub-psiog-001,MAC-02,rg-mac-02-dataengineering-prod,Microsoft.ContainerService/managedClusters,AKS Clusters,Compute,,979.13,INR,23.99,1 Hour
2026-01-12,sub-psiog-001,MAC-02,rg-mac-02-dataengineering-prod,Microsoft.Storage/storageAccounts/fileServices,File Storage,Storage,team:DataEngineering,585.24,INR,75.06,1 Hour
2026-01-12,sub-psiog-001,MAC-02,rg-mac-02-dataengineering-prod,Microsoft.Network/virtualNetworks,Virtual Networks,Networking,team:DataEngineering,194.2,INR,8.22,1 Hour
2026-01-12,sub-psiog-001,MAC-02,rg-mac-02-dataengineering-prod,Microsoft.Sql/servers/databases,SQL Database,Data Services,team:DataEngineering,996.4,INR,56.52,1 Hour
2026-01-12,sub-psiog-001,MAC-02,rg-mac-02-analytics-prod,Microsoft.ContainerService/managedClusters,AKS Clusters,Compute,team:Analytics,907.23,INR,20.25,1 Hour
2026-01-12,sub-psiog-001,MAC-02,rg-mac-02-analytics-prod,Microsoft.Storage/storageAccounts,Blob Storage,Storage,team:Analytics,518.78,INR,29.81,1 Hour
2026-01-12,sub-psiog-001,MAC-02,rg-mac-02-analytics-prod,Microsoft.Network/loadBalancers,Load Balancers,Networking,team:Analytics,152.08,INR,38.9,1 Hour
2026-01-12,sub-psiog-001,MAC-02,rg-mac-02-analytics-prod,Microsoft.Sql/servers/databases,SQL Database,Data Services,team:Analytics,850.71,INR,95.54,1 Hour
2026-01-12,sub-psiog-001,MAC-03,rg-mac-03-product-prod,Microsoft.ContainerService/managedClusters,AKS Clusters,Compute,team:Product,538.65,INR,45.4,1 Hour
2026-01-12,sub-psiog-001,MAC-03,rg-mac-03-product-prod,Microsoft.Storage/storageAccounts,Blob Storage,Storage,team:Product,221.21,INR,16.71,1 Hour
2026-01-12,sub-psiog-001,MAC-03,rg-mac-03-product-prod,Microsoft.Network/virtualNetworks,Virtual Networks,Networking,team:Product,112.17,INR,79.9,1 Hour
2026-01-12,sub-psiog-001,MAC-03,rg-mac-03-product-prod,Microsoft.DocumentDB/databaseAccounts,Cosmos DB,Data Services,team:Product,346.18,INR,24.65,1 Hour
2026-01-12,sub-psiog-001,MAC-03,rg-mac-03-frontend-prod,Microsoft.ContainerService/managedClusters,AKS Clusters,Compute,,512.02,INR,79.46,1 Hour
2026-01-12,sub-psiog-001,MAC-03,rg-mac-03-frontend-prod,Microsoft.Storage/storageAccounts/fileServices,File Storage,Storage,team:Frontend,142.15,INR,32.71,1 Hour
2026-01-12,sub-psiog-001,MAC-03,rg-mac-03-frontend-prod,Microsoft.Network/virtualNetworks,Virtual Networks,Networking,team:Frontend,110.13,INR,52.85,1 Hour
2026-01-12,sub-psiog-001,MAC-03,rg-mac-03-frontend-prod,Microsoft.Sql/servers/databases,SQL Database,Data Services,team:Frontend,216.67,INR,39.63,1 Hour
2026-01-12,sub-psiog-001,MAC-04,rg-mac-04-backend-prod,Microsoft.ContainerService/managedClusters,AKS Clusters,Compute,team:Backend,1060.84,INR,92.14,1 Hour
2026-01-12,sub-psiog-001,MAC-04,rg-mac-04-backend-prod,Microsoft.Storage/storageAccounts/fileServices,File Storage,Storage,team:Backend,339.9,INR,38.04,1 Hour
2026-01-12,sub-psiog-001,MAC-04,rg-mac-04-backend-prod,Microsoft.Network/virtualNetworks,Virtual Networks,Networking,team:Backend,256.21,INR,18.05,1 Hour
2026-01-12,sub-psiog-001,MAC-04,rg-mac-04-backend-prod,Microsoft.Sql/servers/databases,SQL Database,Data Services,team:Backend,556.91,INR,13.95,1 Hour
2026-01-12,sub-psiog-001,MAC-04,rg-mac-04-qa-prod,Microsoft.Compute/virtualMachines,Virtual Machines,Compute,team:QA,444.27,INR,81.93,1 Hour
2026-01-12,sub-psiog-001,MAC-04,rg-mac-04-qa-prod,Microsoft.Storage/storageAccounts/fileServices,File Storage,Storage,team:QA,186.0,INR,74.03,1 Hour
2026-01-12,sub-psiog-001,MAC-04,rg-mac-04-qa-prod,Microsoft.Network/virtualNetworks,Virtual Networks,Networking,,103.55,INR,91.94,1 Hour
2026-01-12,sub-psiog-001,MAC-04,rg-mac-04-qa-prod,Microsoft.Sql/servers/databases,SQL Database,Data Services,team:QA,242.91,INR,7.74,1 Hour
2026-01-12,sub-psiog-001,MAC-05,rg-mac-05-security-prod,Microsoft.Compute/virtualMachines,Virtual Machines,Compute,team:Security,815.74,INR,92.95,1 Hour
2026-01-12,sub-psiog-001,MAC-05,rg-mac-05-security-prod,Microsoft.Storage/storageAccounts,Blob Storage,Storage,team:Security,283.2,INR,56.84,1 Hour
2026-01-12,sub-psiog-001,MAC-05,rg-mac-05-security-prod,Microsoft.Network/loadBalancers,Load Balancers,Networking,team:Security,260.89,INR,9.32,1 Hour
2026-01-12,sub-psiog-001,MAC-05,rg-mac-05-security-prod,Microsoft.DocumentDB/databaseAccounts,Cosmos DB,Data Services,team:Security,314.56,INR,44.86,1 Hour
2026-01-12,sub-psiog-001,MAC-05,rg-mac-05-compliance-prod,Microsoft.ContainerService/managedClusters,AKS Clusters,Compute,team:Compliance,410.94,INR,16.07,1 Hour
2026-01-12,sub-psiog-001,MAC-05,rg-mac-05-compliance-prod,Microsoft.Storage/storageAccounts,Blob Storage,Storage,team:Compliance,218.97,INR,74.9,1 Hour
2026-01-12,sub-psiog-001,MAC-05,rg-mac-05-compliance-prod,Microsoft.Network/loadBalancers,Load Balancers,Networking,team:Compliance,131.36,INR,88.08,1 Hour
2026-01-12,sub-psiog-001,MAC-05,rg-mac-05-compliance-prod,Microsoft.DocumentDB/databaseAccounts,Cosmos DB,Data Services,team:Compliance,328.18,INR,3.09,1 Hour
2026-01-12,sub-psiog-001,MAC-06,rg-mac-06-infrastructure-prod,Microsoft.ContainerService/managedClusters,AKS Clusters,Compute,team:Infrastructure,1423.02,INR,31.78,1 Hour
2026-01-12,sub-psiog-001,MAC-06,rg-mac-06-infrastructure-prod,Microsoft.Storage/storageAccounts,Blob Storage,Storage,team:Infrastructure,361.68,INR,30.85,1 Hour
2026-01-12,sub-psiog-001,MAC-06,rg-mac-06-infrastructure-prod,Microsoft.Network/virtualNetworks,Virtual Networks,Networking,team:Infrastructure,305.36,INR,11.73,1 Hour
2026-01-12,sub-psiog-001,MAC-06,rg-mac-06-infrastructure-prod,Microsoft.DocumentDB/databaseAccounts,Cosmos DB,Data Services,team:Infrastructure,404.93,INR,58.01,1 Hour
2026-01-12,sub-psiog-001,MAC-06,rg-mac-06-cloudops-prod,Microsoft.Compute/virtualMachines,Virtual Machines,Compute,team:CloudOps,1433.71,INR,30.84,1 Hour
2026-01-12,sub-psiog-001,MAC-06,rg-mac-06-cloudops-prod,Microsoft.Storage/storageAccounts/fileServices,File Storage,Storage,,401.13,INR,49.12,1 Hour
2026-01-12,sub-psiog-001,MAC-06,rg-mac-06-cloudops-prod,Microsoft.Network/loadBalancers,Load Balancers,Networking,team:CloudOps,313.87,INR,90.9,1 Hour
2026-01-12,sub-psiog-001,MAC-06,rg-mac-06-cloudops-prod,Microsoft.DocumentDB/databaseAccounts,Cosmos DB,Data Services,team:CloudOps,408.7,INR,51.25,1 Hour
2026-01-12,sub-psiog-001,MAC-07,rg-mac-07-ml-prod,Microsoft.Compute/virtualMachines,Virtual Machines,Compute,team:ML,1815.01,INR,57.62,1 Hour
2026-01-12,sub-psiog-001,MAC-07,rg-mac-07-ml-prod,Microsoft.Storage/storageAccounts,Blob Storage,Storage,team:ML,474.9,INR,45.61,1 Hour
2026-01-12,sub-psiog-001,MAC-07,rg-mac-07-ml-prod,Microsoft.Network/virtualNetworks,Virtual Networks,Networking,team:ML,213.47,INR,69.49,1 Hour
2026-01-12,sub-psiog-001,MAC-07,rg-mac-07-ml-prod,Microsoft.DocumentDB/databaseAccounts,Cosmos DB,Data Services,team:ML,765.61,INR,3.26,1 Hour
2026-01-12,sub-psiog-001,MAC-07,rg-mac-07-research-prod,Microsoft.ContainerService/managedClusters,AKS Clusters,Compute,team:Research,758.79,INR,8.36,1 Hour
2026-01-12,sub-psiog-001,MAC-07,rg-mac-07-research-prod,Microsoft.Storage/storageAccounts,Blob Storage,Storage,team:Research,422.83,INR,56.71,1 Hour
2026-01-12,sub-psiog-001,MAC-07,rg-mac-07-research-prod,Microsoft.Network/loadBalancers,Load Balancers,Networking,team:Research,170.4,INR,78.73,1 Hour
2026-01-12,sub-psiog-001,MAC-07,rg-mac-07-research-prod,Microsoft.Sql/servers/databases,SQL Database,Data Services,team:Research,699.75,INR,95.0,1 Hour
2026-01-12,sub-psiog-001,MAC-08,rg-mac-08-finance-prod,Microsoft.ContainerService/managedClusters,AKS Clusters,Compute,team:Finance,284.55,INR,41.93,1 Hour
2026-01-12,sub-psiog-001,MAC-08,rg-mac-08-finance-prod,Microsoft.Storage/storageAccounts,Blob Storage,Storage,team:Finance,198.48,INR,15.22,1 Hour
2026-01-12,sub-psiog-001,MAC-08,rg-mac-08-finance-prod,Microsoft.Network/loadBalancers,Load Balancers,Networking,team:Finance,93.66,INR,10.86,1 Hour
2026-01-12,sub-psiog-001,MAC-08,rg-mac-08-finance-prod,Microsoft.Sql/servers/databases,SQL Database,Data Services,team:Finance,404.3,INR,5.6,1 Hour
2026-01-12,sub-psiog-001,MAC-08,rg-mac-08-operations-prod,Microsoft.ContainerService/managedClusters,AKS Clusters,Compute,team:Operations,462.72,INR,3.01,1 Hour
2026-01-12,sub-psiog-001,MAC-08,rg-mac-08-operations-prod,Microsoft.Storage/storageAccounts/fileServices,File Storage,Storage,team:Operations,274.7,INR,68.48,1 Hour
2026-01-12,sub-psiog-001,MAC-08,rg-mac-08-operations-prod,Microsoft.Network/virtualNetworks,Virtual Networks,Networking,team:Operations,146.13,INR,52.48,1 Hour
2026-01-12,sub-psiog-001,MAC-08,rg-mac-08-operations-prod,Microsoft.Sql/servers/databases,SQL Database,Data Services,team:Operations,442.78,INR,90.27,1 Hour
2026-01-13,sub-psiog-001,MAC-01,rg-mac-01-devops-prod,Microsoft.ContainerService/managedClusters,AKS Clusters,Compute,team:DevOps,1085.02,INR,37.82,1 Hour
2026-01-13,sub-psiog-001,MAC-01,rg-mac-01-devops-prod,Microsoft.Storage/storageAccounts/fileServices,File Storage,Storage,team:DevOps,294.99,INR,73.39,1 Hour
2026-01-13,sub-psiog-001,MAC-01,rg-mac-01-devops-prod,Microsoft.Network/virtualNetworks,Virtual Networks,Networking,team:DevOps,188.47,INR,53.85,1 Hour
2026-01-13,sub-psiog-001,MAC-01,rg-mac-01-devops-prod,Microsoft.Sql/servers/databases,SQL Database,Data Services,team:DevOps,370.62,INR,70.7,1 Hour
2026-01-13,sub-psiog-001,MAC-01,rg-mac-01-platform-prod,Microsoft.ContainerService/managedClusters,AKS Clusters,Compute,team:Platform,988.41,INR,41.89,1 Hour
2026-01-13,sub-psiog-001,MAC-01,rg-mac-01-platform-prod,Microsoft.Storage/storageAccounts,Blob Storage,Storage,team:Platform,259.25,INR,45.64,1 Hour
2026-01-13,sub-psiog-001,MAC-01,rg-mac-01-platform-prod,Microsoft.Network/loadBalancers,Load Balancers,Networking,team:Platform,267.0,INR,57.37,1 Hour
2026-01-13,sub-psiog-001,MAC-01,rg-mac-01-platform-prod,Microsoft.DocumentDB/databaseAccounts,Cosmos DB,Data Services,team:Platform,332.9,INR,7.26,1 Hour
2026-01-13,sub-psiog-001,MAC-02,rg-mac-02-dataengineering-prod,Microsoft.Compute/virtualMachines,Virtual Machines,Compute,team:DataEngineering,1028.38,INR,11.19,1 Hour
2026-01-13,sub-psiog-001,MAC-02,rg-mac-02-dataengineering-prod,Microsoft.Storage/storageAccounts,Blob Storage,Storage,team:DataEngineering,583.88,INR,75.59,1 Hour
2026-01-13,sub-psiog-001,MAC-02,rg-mac-02-dataengineering-prod,Microsoft.Network/virtualNetworks,Virtual Networks,Networking,team:DataEngineering,202.99,INR,95.5,1 Hour
2026-01-13,sub-psiog-001,MAC-02,rg-mac-02-dataengineering-prod,Microsoft.Sql/servers/databases,SQL Database,Data Services,team:DataEngineering,803.38,INR,76.61,1 Hour
2026-01-13,sub-psiog-001,MAC-02,rg-mac-02-analytics-prod,Microsoft.Compute/virtualMachines,Virtual Machines,Compute,team:Analytics,881.51,INR,8.57,1 Hour
2026-01-13,sub-psiog-001,MAC-02,rg-mac-02-analytics-prod,Microsoft.Storage/storageAccounts/fileServices,File Storage,Storage,team:Analytics,498.62,INR,47.72,1 Hour
2026-01-13,sub-psiog-001,MAC-02,rg-mac-02-analytics-prod,Microsoft.Network/loadBalancers,Load Balancers,Networking,team:Analytics,156.03,INR,68.6,1 Hour
2026-01-13,sub-psiog-001,MAC-02,rg-mac-02-analytics-prod,Microsoft.Sql/servers/databases,SQL Database,Data Services,team:Analytics,958.0,INR,9.11,1 Hour
2026-01-13,sub-psiog-001,MAC-03,rg-mac-03-product-prod,Microsoft.Compute/virtualMachines,Virtual Machines,Compute,team:Product,582.62,INR,77.28,1 Hour
2026-01-13,sub-psiog-001,MAC-03,rg-mac-03-product-prod,Microsoft.Storage/storageAccounts,Blob Storage,Storage,team:Product,200.5,INR,5.46,1 Hour
2026-01-13,sub-psiog-001,MAC-03,rg-mac-03-product-prod,Microsoft.Network/virtualNetworks,Virtual Networks,Networking,team:Product,111.52,INR,25.29,1 Hour
2026-01-13,sub-psiog-001,MAC-03,rg-mac-03-product-prod,Microsoft.DocumentDB/databaseAccounts,Cosmos DB,Data Services,team:Product,312.4,INR,61.12,1 Hour
2026-01-13,sub-psiog-001,MAC-03,rg-mac-03-frontend-prod,Microsoft.Compute/virtualMachines,Virtual Machines,Compute,team:Frontend,573.23,INR,21.64,1 Hour
2026-01-13,sub-psiog-001,MAC-03,rg-mac-03-frontend-prod,Microsoft.Storage/storageAccounts,Blob Storage,Storage,team:Frontend,148.68,INR,14.99,1 Hour
2026-01-13,sub-psiog-001,MAC-03,rg-mac-03-frontend-prod,Microsoft.Network/loadBalancers,Load Balancers,Networking,team:Frontend,111.12,INR,82.37,1 Hour
2026-01-13,sub-psiog-001,MAC-03,rg-mac-03-frontend-prod,Microsoft.Sql/servers/databases,SQL Database,Data Services,team:Frontend,211.03,INR,70.04,1 Hour
2026-01-13,sub-psiog-001,MAC-04,rg-mac-04-backend-prod,Microsoft.Compute/virtualMachines,Virtual Machines,Compute,team:Backend,1090.99,INR,82.7,1 Hour
2026-01-13,sub-psiog-001,MAC-04,rg-mac-04-backend-prod,Microsoft.Storage/storageAccounts/fileServices,File Storage,Storage,team:Backend,312.38,INR,85.22,1 Hour
2026-01-13,sub-psiog-001,MAC-04,rg-mac-04-backend-prod,Microsoft.Network/virtualNetworks,Virtual Networks,Networking,team:Backend,258.08,INR,47.51,1 Hour
2026-01-13,sub-psiog-001,MAC-04,rg-mac-04-backend-prod,Microsoft.Sql/servers/databases,SQL Database,Data Services,team:Backend,471.36,INR,16.88,1 Hour
2026-01-13,sub-psiog-001,MAC-04,rg-mac-04-qa-prod,Microsoft.Compute/virtualMachines,Virtual Machines,Compute,team:QA,459.11,INR,33.3,1 Hour
2026-01-13,sub-psiog-001,MAC-04,rg-mac-04-qa-prod,Microsoft.Storage/storageAccounts/fileServices,File Storage,Storage,team:QA,191.05,INR,65.63,1 Hour
2026-01-13,sub-psiog-001,MAC-04,rg-mac-04-qa-prod,Microsoft.Network/virtualNetworks,Virtual Networks,Networking,team:QA,100.36,INR,36.87,1 Hour
2026-01-13,sub-psiog-001,MAC-04,rg-mac-04-qa-prod,Microsoft.Sql/servers/databases,SQL Database,Data Services,team:QA,270.44,INR,71.08,1 Hour
2026-01-13,sub-psiog-001,MAC-05,rg-mac-05-security-prod,Microsoft.ContainerService/managedClusters,AKS Clusters,Compute,,817.86,INR,12.12,1 Hour
2026-01-13,sub-psiog-001,MAC-05,rg-mac-05-security-prod,Microsoft.Storage/storageAccounts/fileServices,File Storage,Storage,team:Security,223.6,INR,91.0,1 Hour
2026-01-13,sub-psiog-001,MAC-05,rg-mac-05-security-prod,Microsoft.Network/loadBalancers,Load Balancers,Networking,team:Security,264.97,INR,67.47,1 Hour
2026-01-13,sub-psiog-001,MAC-05,rg-mac-05-security-prod,Microsoft.DocumentDB/databaseAccounts,Cosmos DB,Data Services,team:Security,357.15,INR,64.53,1 Hour
2026-01-13,sub-psiog-001,MAC-05,rg-mac-05-compliance-prod,Microsoft.ContainerService/managedClusters,AKS Clusters,Compute,team:Compliance,356.94,INR,83.33,1 Hour
2026-01-13,sub-psiog-001,MAC-05,rg-mac-05-compliance-prod,Microsoft.Storage/storageAccounts,Blob Storage,Storage,team:Compliance,225.79,INR,61.4,1 Hour
2026-01-13,sub-psiog-001,MAC-05,rg-mac-05-compliance-prod,Microsoft.Network/loadBalancers,Load Balancers,Networking,team:Compliance,139.3,INR,77.76,1 Hour
2026-01-13,sub-psiog-001,MAC-05,rg-mac-05-compliance-prod,Microsoft.Sql/servers/databases,SQL Database,Data Services,team:Compliance,326.01,INR,2.61,1 Hour
2026-01-13,sub-psiog-001,MAC-06,rg-mac-06-infrastructure-prod,Microsoft.ContainerService/managedClusters,AKS Clusters,Compute,team:Infrastructure,1432.34,INR,30.46,1 Hour
2026-01-13,sub-psiog-001,MAC-06,rg-mac-06-infrastructure-prod,Microsoft.Storage/storageAccounts,Blob Storage,Storage,,353.62,INR,12.19,1 Hour
2026-01-13,sub-psiog-001,MAC-06,rg-mac-06-infrastructure-prod,Microsoft.Network/virtualNetworks,Virtual Networks,Networking,team:Infrastructure,347.67,INR,96.36,1 Hour
2026-01-13,sub-psiog-001,MAC-06,rg-mac-06-infrastructure-prod,Microsoft.Sql/servers/databases,SQL Database,Data Services,team:Infrastructure,374.92,INR,32.46,1 Hour
2026-01-13,sub-psiog-001,MAC-06,rg-mac-06-cloudops-prod,Microsoft.ContainerService/managedClusters,AKS Clusters,Compute,team:CloudOps,1271.95,INR,20.1,1 Hour
2026-01-13,sub-psiog-001,MAC-06,rg-mac-06-cloudops-prod,Microsoft.Storage/storageAccounts,Blob Storage,Storage,team:CloudOps,417.98,INR,77.89,1 Hour
2026-01-13,sub-psiog-001,MAC-06,rg-mac-06-cloudops-prod,Microsoft.Network/loadBalancers,Load Balancers,Networking,team:CloudOps,296.98,INR,86.3,1 Hour
2026-01-13,sub-psiog-001,MAC-06,rg-mac-06-cloudops-prod,Microsoft.Sql/servers/databases,SQL Database,Data Services,team:CloudOps,458.27,INR,62.59,1 Hour
2026-01-13,sub-psiog-001,MAC-07,rg-mac-07-ml-prod,Microsoft.Compute/virtualMachines,Virtual Machines,Compute,team:ML,1455.46,INR,48.76,1 Hour
2026-01-13,sub-psiog-001,MAC-07,rg-mac-07-ml-prod,Microsoft.Storage/storageAccounts,Blob Storage,Storage,team:ML,556.44,INR,95.95,1 Hour
2026-01-13,sub-psiog-001,MAC-07,rg-mac-07-ml-prod,Microsoft.Network/virtualNetworks,Virtual Networks,Networking,team:ML,230.02,INR,97.68,1 Hour
2026-01-13,sub-psiog-001,MAC-07,rg-mac-07-ml-prod,Microsoft.Sql/servers/databases,SQL Database,Data Services,team:ML,782.33,INR,51.12,1 Hour
2026-01-13,sub-psiog-001,MAC-07,rg-mac-07-research-prod,Microsoft.ContainerService/managedClusters,AKS Clusters,Compute,team:Research,887.97,INR,11.6,1 Hour
2026-01-13,sub-psiog-001,MAC-07,rg-mac-07-research-prod,Microsoft.Storage/storageAccounts/fileServices,File Storage,Storage,team:Research,528.74,INR,81.02,1 Hour
2026-01-13,sub-psiog-001,MAC-07,rg-mac-07-research-prod,Microsoft.Network/virtualNetworks,Virtual Networks,Networking,team:Research,161.74,INR,51.64,1 Hour
2026-01-13,sub-psiog-001,MAC-07,rg-mac-07-research-prod,Microsoft.Sql/servers/databases,SQL Database,Data Services,,577.1,INR,70.04,1 Hour
2026-01-13,sub-psiog-001,MAC-08,rg-mac-08-finance-prod,Microsoft.ContainerService/managedClusters,AKS Clusters,Compute,team:Finance,297.5,INR,96.69,1 Hour
2026-01-13,sub-psiog-001,MAC-08,rg-mac-08-finance-prod,Microsoft.Storage/storageAccounts/fileServices,File Storage,Storage,team:Finance,201.11,INR,74.84,1 Hour
2026-01-13,sub-psiog-001,MAC-08,rg-mac-08-finance-prod,Microsoft.Network/loadBalancers,Load Balancers,Networking,team:Finance,116.78,INR,60.98,1 Hour
2026-01-13,sub-psiog-001,MAC-08,rg-mac-08-finance-prod,Microsoft.DocumentDB/databaseAccounts,Cosmos DB,Data Services,team:Finance,422.53,INR,56.95,1 Hour
2026-01-13,sub-psiog-001,MAC-08,rg-mac-08-operations-prod,Microsoft.ContainerService/managedClusters,AKS Clusters,Compute,team:Operations,498.27,INR,61.13,1 Hour
2026-01-13,sub-psiog-001,MAC-08,rg-mac-08-operations-prod,Microsoft.Storage/storageAccounts,Blob Storage,Storage,team:Operations,302.48,INR,13.53,1 Hour
2026-01-13,sub-psiog-001,MAC-08,rg-mac-08-operations-prod,Microsoft.Network/loadBalancers,Load Balancers,Networking,team:Operations,135.02,INR,76.54,1 Hour
2026-01-13,sub-psiog-001,MAC-08,rg-mac-08-operations-prod,Microsoft.DocumentDB/databaseAccounts,Cosmos DB,Data Services,team:Operations,358.01,INR,72.01,1 Hour
2026-01-14,sub-psiog-001,MAC-01,rg-mac-01-devops-prod,Microsoft.Compute/virtualMachines,Virtual Machines,Compute,team:DevOps,1069.92,INR,96.92,1 Hour
2026-01-14,sub-psiog-001,MAC-01,rg-mac-01-devops-prod,Microsoft.Storage/storageAccounts,Blob Storage,Storage,,290.57,INR,12.85,1 Hour
2026-01-14,sub-psiog-001,MAC-01,rg-mac-01-devops-prod,Microsoft.Network/loadBalancers,Load Balancers,Networking,team:DevOps,212.84,INR,23.69,1 Hour
2026-01-14,sub-psiog-001,MAC-01,rg-mac-01-devops-prod,Microsoft.DocumentDB/databaseAccounts,Cosmos DB,Data Services,,397.41,INR,50.18,1 Hour
2026-01-14,sub-psiog-001,MAC-01,rg-mac-01-platform-prod,Microsoft.Compute/virtualMachines,Virtual Machines,Compute,team:Platform,1037.46,INR,83.92,1 Hour
2026-01-14,sub-psiog-001,MAC-01,rg-mac-01-platform-prod,Microsoft.Storage/storageAccounts,Blob Storage,Storage,team:Platform,281.29,INR,61.58,1 Hour
2026-01-14,sub-psiog-001,MAC-01,rg-mac-01-platform-prod,Microsoft.Network/loadBalancers,Load Balancers,Networking,team:Platform,244.33,INR,90.71,1 Hour
2026-01-14,sub-psiog-001,MAC-01,rg-mac-01-platform-prod,Microsoft.DocumentDB/databaseAccounts,Cosmos DB,Data Services,,437.3,INR,9.49,1 Hour
2026-01-14,sub-psiog-001,MAC-02,rg-mac-02-dataengineering-prod,Microsoft.Compute/virtualMachines,Virtual Machines,Compute,team:DataEngineering,866.59,INR,94.49,1 Hour
2026-01-14,sub-psiog-001,MAC-02,rg-mac-02-dataengineering-prod,Microsoft.Storage/storageAccounts/fileServices,File Storage,Storage,team:DataEngineering,627.34,INR,25.74,1 Hour
2026-01-14,sub-psiog-001,MAC-02,rg-mac-02-dataengineering-prod,Microsoft.Network/virtualNetworks,Virtual Networks,Networking,team:DataEngineering,186.85,INR,62.31,1 Hour
2026-01-14,sub-psiog-001,MAC-02,rg-mac-02-dataengineering-prod,Microsoft.Sql/servers/databases,SQL Database,Data Services,team:DataEngineering,1005.26,INR,7.95,1 Hour
2026-01-14,sub-psiog-001,MAC-02,rg-mac-02-analytics-prod,Microsoft.Compute/virtualMachines,Virtual Machines,Compute,team:Analytics,966.71,INR,27.05,1 Hour
2026-01-14,sub-psiog-001,MAC-02,rg-mac-02-analytics-prod,Microsoft.Storage/storageAccounts/fileServices,File Storage,Storage,team:Analytics,641.76,INR,71.7,1 Hour
2026-01-14,sub-psiog-001,MAC-02,rg-mac-02-analytics-prod,Microsoft.Network/loadBalancers,Load Balancers,Networking,,142.6,INR,8.62,1 Hour
2026-01-14,sub-psiog-001,MAC-02,rg-mac-02-analytics-prod,Microsoft.Sql/servers/databases,SQL Database,Data Services,team:Analytics,902.51,INR,66.33,1 Hour
2026-01-14,sub-psiog-001,MAC-03,rg-mac-03-product-prod,Microsoft.Compute/virtualMachines,Virtual Machines,Compute,team:Product,694.3,INR,32.61,1 Hour
2026-01-14,sub-psiog-001,MAC-03,rg-mac-03-product-prod,Microsoft.Storage/storageAccounts,Blob Storage,Storage,team:Product,222.67,INR,63.05,1 Hour
2026-01-14,sub-psiog-001,MAC-03,rg-mac-03-product-prod,Microsoft.Network/virtualNetworks,Virtual Networks,Networking,team:Product,132.54,INR,82.56,1 Hour
2026-01-14,sub-psiog-001,MAC-03,rg-mac-03-product-prod,Microsoft.DocumentDB/databaseAccounts,Cosmos DB,Data Services,team:Product,295.07,INR,78.6,1 Hour
2026-01-14,sub-psiog-001,MAC-03,rg-mac-03-frontend-prod,Microsoft.Compute/virtualMachines,Virtual Machines,Compute,team:Frontend,524.46,INR,60.81,1 Hour
2026-01-14,sub-psiog-001,MAC-03,rg-mac-03-frontend-prod,Microsoft.Storage/storageAccounts,Blob Storage,Storage,team:Frontend,157.28,INR,51.39,1 Hour
2026-01-14,sub-psiog-001,MAC-03,rg-mac-03-frontend-prod,Microsoft.Network/loadBalancers,Load Balancers,Networking,,93.59,INR,74.64,1 Hour
2026-01-14,sub-psiog-001,MAC-03,rg-mac-03-frontend-prod,Microsoft.DocumentDB/databaseAccounts,Cosmos DB,Data Services,,228.85,INR,98.05,1 Hour
2026-01-14,sub-psiog-001,MAC-04,rg-mac-04-backend-prod,Microsoft.ContainerService/managedClusters,AKS Clusters,Compute,team:Backend,988.46,INR,7.84,1 Hour
2026-01-14,sub-psiog-001,MAC-04,rg-mac-04-backend-prod,Microsoft.Storage/storageAccounts,Blob Storage,Storage,team:Backend,377.02,INR,67.58,1 Hour
2026-01-14,sub-psiog-001,MAC-04,rg-mac-04-backend-prod,Microsoft.Network/loadBalancers,Load Balancers,Networking,,227.75,INR,47.83,1 Hour
2026-01-14,sub-psiog-001,MAC-04,rg-mac-04-backend-prod,Microsoft.Sql/servers/databases,SQL Database,Data Services,team:Backend,490.96,INR,24.68,1 Hour
2026-01-14,sub-psiog-001,MAC-04,rg-mac-04-qa-prod,Microsoft.Compute/virtualMachines,Virtual Machines,Compute,team:QA,360.23,INR,69.14,1 Hour
2026-01-14,sub-psiog-001,MAC-04,rg-mac-04-qa-prod,Microsoft.Storage/storageAccounts,Blob Storage,Storage,team:QA,179.44,INR,39.92,1 Hour
2026-01-14,sub-psiog-001,MAC-04,rg-mac-04-qa-prod,Microsoft.Network/loadBalancers,Load Balancers,Networking,,103.87,INR,29.37,1 Hour
2026-01-14,sub-psiog-001,MAC-04,rg-mac-04-qa-prod,Microsoft.DocumentDB/databaseAccounts,Cosmos DB,Data Services,team:QA,290.52,INR,51.82,1 Hour
2026-01-14,sub-psiog-001,MAC-05,rg-mac-05-security-prod,Microsoft.ContainerService/managedClusters,AKS Clusters,Compute,team:Security,643.66,INR,80.84,1 Hour
2026-01-14,sub-psiog-001,MAC-05,rg-mac-05-security-prod,Microsoft.Storage/storageAccounts/fileServices,File Storage,Storage,team:Security,235.66,INR,32.47,1 Hour
2026-01-14,sub-psiog-001,MAC-05,rg-mac-05-security-prod,Microsoft.Network/virtualNetworks,Virtual Networks,Networking,team:Security,345.04,INR,79.44,1 Hour
2026-01-14,sub-psiog-001,MAC-05,rg-mac-05-security-prod,Microsoft.Sql/servers/databases,SQL Database,Data Services,team:Security,329.9,INR,3.16,1 Hour
2026-01-14,sub-psiog-001,MAC-05,rg-mac-05-compliance-prod,Microsoft.ContainerService/managedClusters,AKS Clusters,Compute,team:Compliance,340.82,INR,88.12,1 Hour
2026-01-14,sub-psiog-001,MAC-05,rg-mac-05-compliance-prod,Microsoft.Storage/storageAccounts,Blob Storage,Storage,team:Compliance,209.69,INR,72.64,1 Hour
2026-01-14,sub-psiog-001,MAC-05,rg-mac-05-compliance-prod,Microsoft.Network/loadBalancers,Load Balancers,Networking,team:Compliance,159.78,INR,61.85,1 Hour
2026-01-14,sub-psiog-001,MAC-05,rg-mac-05-compliance-prod,Microsoft.Sql/servers/databases,SQL Database,Data Services,team:Compliance,351.32,INR,78.5,1 Hour
2026-01-14,sub-psiog-001,MAC-06,rg-mac-06-infrastructure-prod,Microsoft.ContainerService/managedClusters,AKS Clusters,Compute,,1532.46,INR,95.32,1 Hour
2026-01-14,sub-psiog-001,MAC-06,rg-mac-06-infrastructure-prod,Microsoft.Storage/storageAccounts/fileServices,File Storage,Storage,,438.72,INR,48.74,1 Hour
2026-01-14,sub-psiog-001,MAC-06,rg-mac-06-infrastructure-prod,Microsoft.Network/loadBalancers,Load Balancers,Networking,team:Infrastructure,375.45,INR,74.27,1 Hour
2026-01-14,sub-psiog-001,MAC-06,rg-mac-06-infrastructure-prod,Microsoft.Sql/servers/databases,SQL Database,Data Services,,454.31,INR,62.54,1 Hour
2026-01-14,sub-psiog-001,MAC-06,rg-mac-06-cloudops-prod,Microsoft.ContainerService/managedClusters,AKS Clusters,Compute,,1482.05,INR,79.56,1 Hour
2026-01-14,sub-psiog-001,MAC-06,rg-mac-06-cloudops-prod,Microsoft.Storage/storageAccounts/fileServices,File Storage,Storage,team:CloudOps,443.51,INR,52.42,1 Hour
2026-01-14,sub-psiog-001,MAC-06,rg-mac-06-cloudops-prod,Microsoft.Network/loadBalancers,Load Balancers,Networking,team:CloudOps,299.98,INR,9.8,1 Hour
2026-01-14,sub-psiog-001,MAC-06,rg-mac-06-cloudops-prod,Microsoft.DocumentDB/databaseAccounts,Cosmos DB,Data Services,team:CloudOps,432.15,INR,45.53,1 Hour
2026-01-14,sub-psiog-001,MAC-07,rg-mac-07-ml-prod,Microsoft.ContainerService/managedClusters,AKS Clusters,Compute,team:ML,1451.93,INR,20.59,1 Hour
2026-01-14,sub-psiog-001,MAC-07,rg-mac-07-ml-prod,Microsoft.Storage/storageAccounts/fileServices,File Storage,Storage,team:ML,578.75,INR,90.42,1 Hour
2026-01-14,sub-psiog-001,MAC-07,rg-mac-07-ml-prod,Microsoft.Network/virtualNetworks,Virtual Networks,Networking,,216.49,INR,28.48,1 Hour
2026-01-14,sub-psiog-001,MAC-07,rg-mac-07-ml-prod,Microsoft.Sql/servers/databases,SQL Database,Data Services,team:ML,647.83,INR,35.48,1 Hour
2026-01-14,sub-psiog-001,MAC-07,rg-mac-07-research-prod,Microsoft.Compute/virtualMachines,Virtual Machines,Compute,team:Research,743.73,INR,54.34,1 Hour
2026-01-14,sub-psiog-001,MAC-07,rg-mac-07-research-prod,Microsoft.Storage/storageAccounts/fileServices,File Storage,Storage,team:Research,465.59,INR,30.19,1 Hour
2026-01-14,sub-psiog-001,MAC-07,rg-mac-07-research-prod,Microsoft.Network/loadBalancers,Load Balancers,Networking,team:Research,176.27,INR,61.58,1 Hour
2026-01-14,sub-psiog-001,MAC-07,rg-mac-07-research-prod,Microsoft.DocumentDB/databaseAccounts,Cosmos DB,Data Services,team:Research,728.4,INR,51.58,1 Hour
2026-01-14,sub-psiog-001,MAC-08,rg-mac-08-finance-prod,Microsoft.ContainerService/managedClusters,AKS Clusters,Compute,team:Finance,276.58,INR,65.4,1 Hour
2026-01-14,sub-psiog-001,MAC-08,rg-mac-08-finance-prod,Microsoft.Storage/storageAccounts/fileServices,File Storage,Storage,team:Finance,225.76,INR,68.87,1 Hour
2026-01-14,sub-psiog-001,MAC-08,rg-mac-08-finance-prod,Microsoft.Network/loadBalancers,Load Balancers,Networking,team:Finance,88.74,INR,36.87,1 Hour
2026-01-14,sub-psiog-001,MAC-08,rg-mac-08-finance-prod,Microsoft.DocumentDB/databaseAccounts,Cosmos DB,Data Services,team:Finance,515.95,INR,73.25,1 Hour
2026-01-14,sub-psiog-001,MAC-08,rg-mac-08-operations-prod,Microsoft.ContainerService/managedClusters,AKS Clusters,Compute,team:Operations,476.11,INR,27.97,1 Hour
2026-01-14,sub-psiog-001,MAC-08,rg-mac-08-operations-prod,Microsoft.Storage/storageAccounts/fileServices,File Storage,Storage,,348.33,INR,9.03,1 Hour
2026-01-14,sub-psiog-001,MAC-08,rg-mac-08-operations-prod,Microsoft.Network/virtualNetworks,Virtual Networks,Networking,team:Operations,147.39,INR,21.16,1 Hour
2026-01-14,sub-psiog-001,MAC-08,rg-mac-08-operations-prod,Microsoft.DocumentDB/databaseAccounts,Cosmos DB,Data Services,team:Operations,406.43,INR,9.86,1 Hour
2026-01-15,sub-psiog-001,MAC-01,rg-mac-01-devops-prod,Microsoft.ContainerService/managedClusters,AKS Clusters,Compute,team:DevOps,1292.16,INR,79.12,1 Hour
2026-01-15,sub-psiog-001,MAC-01,rg-mac-01-devops-prod,Microsoft.Storage/storageAccounts/fileServices,File Storage,Storage,team:DevOps,299.61,INR,24.77,1 Hour
2026-01-15,sub-psiog-001,MAC-01,rg-mac-01-devops-prod,Microsoft.Network/loadBalancers,Load Balancers,Networking,team:DevOps,218.6,INR,28.5,1 Hour
2026-01-15,sub-psiog-001,MAC-01,rg-mac-01-devops-prod,Microsoft.Sql/servers/databases,SQL Database,Data Services,team:DevOps,424.09,INR,37.28,1 Hour
2026-01-15,sub-psiog-001,MAC-01,rg-mac-01-platform-prod,Microsoft.ContainerService/managedClusters,AKS Clusters,Compute,team:Platform,1053.56,INR,29.18,1 Hour
2026-01-15,sub-psiog-001,MAC-01,rg-mac-01-platform-prod,Microsoft.Storage/storageAccounts,Blob Storage,Storage,team:Platform,298.23,INR,65.22,1 Hour
2026-01-15,sub-psiog-001,MAC-01,rg-mac-01-platform-prod,Microsoft.Network/virtualNetworks,Virtual Networks,Networking,team:Platform,250.08,INR,21.79,1 Hour
2026-01-15,sub-psiog-001,MAC-01,rg-mac-01-platform-prod,Microsoft.DocumentDB/databaseAccounts,Cosmos DB,Data Services,team:Platform,408.99,INR,97.13,1 Hour
2026-01-15,sub-psiog-001,MAC-02,rg-mac-02-dataengineering-prod,Microsoft.Compute/virtualMachines,Virtual Machines,Compute,team:DataEngineering,837.5,INR,32.76,1 Hour
2026-01-15,sub-psiog-001,MAC-02,rg-mac-02-dataengineering-prod,Microsoft.Storage/storageAccounts/fileServices,File Storage,Storage,team:DataEngineering,664.66,INR,49.45,1 Hour
2026-01-15,sub-psiog-001,MAC-02,rg-mac-02-dataengineering-prod,Microsoft.Network/loadBalancers,Load Balancers,Networking,team:DataEngineering,190.8,INR,92.86,1 Hour
2026-01-15,sub-psiog-001,MAC-02,rg-mac-02-dataengineering-prod,Microsoft.DocumentDB/databaseAccounts,Cosmos DB,Data Services,team:DataEngineering,824.2,INR,67.27,1 Hour
2026-01-15,sub-psiog-001,MAC-02,rg-mac-02-analytics-prod,Microsoft.ContainerService/managedClusters,AKS Clusters,Compute,team:Analytics,809.04,INR,43.46,1 Hour
2026-01-15,sub-psiog-001,MAC-02,rg-mac-02-analytics-prod,Microsoft.Storage/storageAccounts/fileServices,File Storage,Storage,team:Analytics,494.05,INR,57.15,1 Hour
2026-01-15,sub-psiog-001,MAC-02,rg-mac-02-analytics-prod,Microsoft.Network/virtualNetworks,Virtual Networks,Networking,team:Analytics,175.75,INR,33.52,1 Hour
2026-01-15,sub-psiog-001,MAC-02,rg-mac-02-analytics-prod,Microsoft.Sql/servers/databases,SQL Database,Data Services,team:Analytics,976.3,INR,66.36,1 Hour
2026-01-15,sub-psiog-001,MAC-03,rg-mac-03-product-prod,Microsoft.Compute/virtualMachines,Virtual Machines,Compute,team:Product,605.27,INR,60.93,1 Hour
2026-01-15,sub-psiog-001,MAC-03,rg-mac-03-product-prod,Microsoft.Storage/storageAccounts/fileServices,File Storage,Storage,,175.31,INR,51.2,1 Hour
2026-01-15,sub-psiog-001,MAC-03,rg-mac-03-product-prod,Microsoft.Network/loadBalancers,Load Balancers,Networking,team:Product,140.25,INR,68.33,1 Hour
2026-01-15,sub-psiog-001,MAC-03,rg-mac-03-product-prod,Microsoft.Sql/servers/databases,SQL Database,Data Services,team:Product,308.41,INR,50.12,1 Hour
2026-01-15,sub-psiog-001,MAC-03,rg-mac-03-frontend-prod,Microsoft.Compute/virtualMachines,Virtual Machines,Compute,team:Frontend,509.96,INR,90.36,1 Hour
2026-01-15,sub-psiog-001,MAC-03,rg-mac-03-frontend-prod,Microsoft.Storage/storageAccounts/fileServices,File Storage,Storage,team:Frontend,135.42,INR,38.19,1 Hour
2026-01-15,sub-psiog-001,MAC-03,rg-mac-03-frontend-prod,Microsoft.Network/virtualNetworks,Virtual Networks,Networking,team:Frontend,116.03,INR,92.4,1 Hour
2026-01-15,sub-psiog-001,MAC-03,rg-mac-03-frontend-prod,Microsoft.Sql/servers/databases,SQL Database,Data Services,team:Frontend,235.36,INR,18.95,1 Hour
2026-01-15,sub-psiog-001,MAC-04,rg-mac-04-backend-prod,Microsoft.Compute/virtualMachines,Virtual Machines,Compute,,1080.58,INR,98.46,1 Hour
2026-01-15,sub-psiog-001,MAC-04,rg-mac-04-backend-prod,Microsoft.Storage/storageAccounts,Blob Storage,Storage,team:Backend,350.67,INR,1.99,1 Hour
2026-01-15,sub-psiog-001,MAC-04,rg-mac-04-backend-prod,Microsoft.Network/loadBalancers,Load Balancers,Networking,team:Backend,204.76,INR,58.98,1 Hour
2026-01-15,sub-psiog-001,MAC-04,rg-mac-04-backend-prod,Microsoft.Sql/servers/databases,SQL Database,Data Services,team:Backend,505.0,INR,32.28,1 Hour
2026-01-15,sub-psiog-001,MAC-04,rg-mac-04-qa-prod,Microsoft.ContainerService/managedClusters,AKS Clusters,Compute,team:QA,464.4,INR,78.65,1 Hour
2026-01-15,sub-psiog-001,MAC-04,rg-mac-04-qa-prod,Microsoft.Storage/storageAccounts,Blob Storage,Storage,,161.0,INR,64.48,1 Hour
2026-01-15,sub-psiog-001,MAC-04,rg-mac-04-qa-prod,Microsoft.Network/loadBalancers,Load Balancers,Networking,,97.26,INR,88.63,1 Hour
2026-01-15,sub-psiog-001,MAC-04,rg-mac-04-qa-prod,Microsoft.DocumentDB/databaseAccounts,Cosmos DB,Data Services,team:QA,257.01,INR,75.66,1 Hour
2026-01-15,sub-psiog-001,MAC-05,rg-mac-05-security-prod,Microsoft.ContainerService/managedClusters,AKS Clusters,Compute,team:Security,673.04,INR,77.05,1 Hour
2026-01-15,sub-psiog-001,MAC-05,rg-mac-05-security-prod,Microsoft.Storage/storageAccounts,Blob Storage,Storage,team:Security,265.32,INR,74.25,1 Hour
2026-01-15,sub-psiog-001,MAC-05,rg-mac-05-security-prod,Microsoft.Network/virtualNetworks,Virtual Networks,Networking,,335.68,INR,94.23,1 Hour
2026-01-15,sub-psiog-001,MAC-05,rg-mac-05-security-prod,Microsoft.DocumentDB/databaseAccounts,Cosmos DB,Data Services,team:Security,386.58,INR,92.61,1 Hour
2026-01-15,sub-psiog-001,MAC-05,rg-mac-05-compliance-prod,Microsoft.ContainerService/managedClusters,AKS Clusters,Compute,team:Compliance,309.22,INR,10.05,1 Hour
2026-01-15,sub-psiog-001,MAC-05,rg-mac-05-compliance-prod,Microsoft.Storage/storageAccounts,Blob Storage,Storage,team:Compliance,243.32,INR,78.46,1 Hour
2026-01-15,sub-psiog-001,MAC-05,rg-mac-05-compliance-prod,Microsoft.Network/virtualNetworks,Virtual Networks,Networking,team:Compliance,147.35,INR,73.67,1 Hour
2026-01-15,sub-psiog-001,MAC-05,rg-mac-05-compliance-prod,Microsoft.Sql/servers/databases,SQL Database,Data Services,team:Compliance,338.41,INR,50.24,1 Hour
2026-01-15,sub-psiog-001,MAC-06,rg-mac-06-infrastructure-prod,Microsoft.Compute/virtualMachines,Virtual Machines,Compute,team:Infrastructure,1307.92,INR,58.53,1 Hour
2026-01-15,sub-psiog-001,MAC-06,rg-mac-06-infrastructure-prod,Microsoft.Storage/storageAccounts,Blob Storage,Storage,team:Infrastructure,386.81,INR,71.79,1 Hour
2026-01-15,sub-psiog-001,MAC-06,rg-mac-06-infrastructure-prod,Microsoft.Network/virtualNetworks,Virtual Networks,Networking,team:Infrastructure,327.76,INR,55.96,1 Hour
2026-01-15,sub-psiog-001,MAC-06,rg-mac-06-infrastructure-prod,Microsoft.DocumentDB/databaseAccounts,Cosmos DB,Data Services,team:Infrastructure,444.3,INR,24.94,1 Hour
2026-01-15,sub-psiog-001,MAC-06,rg-mac-06-cloudops-prod,Microsoft.ContainerService/managedClusters,AKS Clusters,Compute,team:CloudOps,1346.83,INR,79.95,1 Hour
2026-01-15,sub-psiog-001,MAC-06,rg-mac-06-cloudops-prod,Microsoft.Storage/storageAccounts/fileServices,File Storage,Storage,team:CloudOps,427.43,INR,10.07,1 Hour
2026-01-15,sub-psiog-001,MAC-06,rg-mac-06-cloudops-prod,Microsoft.Network/virtualNetworks,Virtual Networks,Networking,,285.21,INR,33.1,1 Hour
2026-01-15,sub-psiog-001,MAC-06,rg-mac-06-cloudops-prod,Microsoft.DocumentDB/databaseAccounts,Cosmos DB,Data Services,team:CloudOps,440.44,INR,59.38,1 Hour
2026-01-15,sub-psiog-001,MAC-07,rg-mac-07-ml-prod,Microsoft.Compute/virtualMachines,Virtual Machines,Compute,team:ML,1403.29,INR,64.82,1 Hour
2026-01-15,sub-psiog-001,MAC-07,rg-mac-07-ml-prod,Microsoft.Storage/storageAccounts/fileServices,File Storage,Storage,team:ML,574.32,INR,3.8,1 Hour
2026-01-15,sub-psiog-001,MAC-07,rg-mac-07-ml-prod,Microsoft.Network/virtualNetworks,Virtual Networks,Networking,team:ML,230.82,INR,94.67,1 Hour
2026-01-15,sub-psiog-001,MAC-07,rg-mac-07-ml-prod,Microsoft.DocumentDB/databaseAccounts,Cosmos DB,Data Services,team:ML,642.13,INR,60.82,1 Hour
2026-01-15,sub-psiog-001,MAC-07,rg-mac-07-research-prod,Microsoft.ContainerService/managedClusters,AKS Clusters,Compute,team:Research,721.77,INR,61.46,1 Hour
2026-01-15,sub-psiog-001,MAC-07,rg-mac-07-research-prod,Microsoft.Storage/storageAccounts/fileServices,File Storage,Storage,team:Research,408.54,INR,27.06,1 Hour
2026-01-15,sub-psiog-001,MAC-07,rg-mac-07-research-prod,Microsoft.Network/virtualNetworks,Virtual Networks,Networking,team:Research,158.52,INR,26.08,1 Hour
2026-01-15,sub-psiog-001,MAC-07,rg-mac-07-research-prod,Microsoft.DocumentDB/databaseAccounts,Cosmos DB,Data Services,team:Research,723.49,INR,37.42,1 Hour
2026-01-15,sub-psiog-001,MAC-08,rg-mac-08-finance-prod,Microsoft.ContainerService/managedClusters,AKS Clusters,Compute,team:Finance,276.66,INR,28.37,1 Hour
2026-01-15,sub-psiog-001,MAC-08,rg-mac-08-finance-prod,Microsoft.Storage/storageAccounts/fileServices,File Storage,Storage,team:Finance,207.3,INR,81.36,1 Hour
2026-01-15,sub-psiog-001,MAC-08,rg-mac-08-finance-prod,Microsoft.Network/virtualNetworks,Virtual Networks,Networking,team:Finance,88.52,INR,54.53,1 Hour
2026-01-15,sub-psiog-001,MAC-08,rg-mac-08-finance-prod,Microsoft.Sql/servers/databases,SQL Database,Data Services,team:Finance,504.05,INR,20.25,1 Hour
2026-01-15,sub-psiog-001,MAC-08,rg-mac-08-operations-prod,Microsoft.Compute/virtualMachines,Virtual Machines,Compute,team:Operations,469.07,INR,15.14,1 Hour
2026-01-15,sub-psiog-001,MAC-08,rg-mac-08-operations-prod,Microsoft.Storage/storageAccounts,Blob Storage,Storage,team:Operations,341.65,INR,5.05,1 Hour
2026-01-15,sub-psiog-001,MAC-08,rg-mac-08-operations-prod,Microsoft.Network/virtualNetworks,Virtual Networks,Networking,team:Operations,127.87,INR,3.99,1 Hour
2026-01-15,sub-psiog-001,MAC-08,rg-mac-08-operations-prod,Microsoft.DocumentDB/databaseAccounts,Cosmos DB,Data Services,team:Operations,384.98,INR,71.41,1 Hour
2026-01-16,sub-psiog-001,MAC-01,rg-mac-01-devops-prod,Microsoft.Compute/virtualMachines,Virtual Machines,Compute,,1217.74,INR,57.11,1 Hour
2026-01-16,sub-psiog-001,MAC-01,rg-mac-01-devops-prod,Microsoft.Storage/storageAccounts,Blob Storage,Storage,team:DevOps,355.2,INR,14.8,1 Hour
2026-01-16,sub-psiog-001,MAC-01,rg-mac-01-devops-prod,Microsoft.Network/virtualNetworks,Virtual Networks,Networking,team:DevOps,195.36,INR,25.06,1 Hour
2026-01-16,sub-psiog-001,MAC-01,rg-mac-01-devops-prod,Microsoft.Sql/servers/databases,SQL Database,Data Services,team:DevOps,446.05,INR,3.67,1 Hour
2026-01-16,sub-psiog-001,MAC-01,rg-mac-01-platform-prod,Microsoft.ContainerService/managedClusters,AKS Clusters,Compute,team:Platform,1055.14,INR,87.25,1 Hour
2026-01-16,sub-psiog-001,MAC-01,rg-mac-01-platform-prod,Microsoft.Storage/storageAccounts,Blob Storage,Storage,team:Platform,259.24,INR,77.67,1 Hour
2026-01-16,sub-psiog-001,MAC-01,rg-mac-01-platform-prod,Microsoft.Network/virtualNetworks,Virtual Networks,Networking,team:Platform,224.23,INR,70.06,1 Hour
2026-01-16,sub-psiog-001,MAC-01,rg-mac-01-platform-prod,Microsoft.DocumentDB/databaseAccounts,Cosmos DB,Data Services,team:Platform,403.48,INR,9.07,1 Hour
2026-01-16,sub-psiog-001,MAC-02,rg-mac-02-dataengineering-prod,Microsoft.Compute/virtualMachines,Virtual Machines,Compute,team:DataEngineering,1036.78,INR,99.96,1 Hour
2026-01-16,sub-psiog-001,MAC-02,rg-mac-02-dataengineering-prod,Microsoft.Storage/storageAccounts/fileServices,File Storage,Storage,team:DataEngineering,620.33,INR,75.55,1 Hour
2026-01-16,sub-psiog-001,MAC-02,rg-mac-02-dataengineering-prod,Microsoft.Network/loadBalancers,Load Balancers,Networking,team:DataEngineering,195.64,INR,38.83,1 Hour
2026-01-16,sub-psiog-001,MAC-02,rg-mac-02-dataengineering-prod,Microsoft.DocumentDB/databaseAccounts,Cosmos DB,Data Services,team:DataEngineering,986.31,INR,28.21,1 Hour
2026-01-16,sub-psiog-001,MAC-02,rg-mac-02-analytics-prod,Microsoft.Compute/virtualMachines,Virtual Machines,Compute,team:Analytics,899.81,INR,13.68,1 Hour
2026-01-16,sub-psiog-001,MAC-02,rg-mac-02-analytics-prod,Microsoft.Storage/storageAccounts/fileServices,File Storage,Storage,team:Analytics,561.45,INR,27.95,1 Hour
2026-01-16,sub-psiog-001,MAC-02,rg-mac-02-analytics-prod,Microsoft.Network/loadBalancers,Load Balancers,Networking,team:Analytics,151.41,INR,63.3,1 Hour
2026-01-16,sub-psiog-001,MAC-02,rg-mac-02-analytics-prod,Microsoft.Sql/servers/databases,SQL Database,Data Services,team:Analytics,880.28,INR,41.66,1 Hour
2026-01-16,sub-psiog-001,MAC-03,rg-mac-03-product-prod,Microsoft.Compute/virtualMachines,Virtual Machines,Compute,team:Product,696.72,INR,70.24,1 Hour
2026-01-16,sub-psiog-001,MAC-03,rg-mac-03-product-prod,Microsoft.Storage/storageAccounts,Blob Storage,Storage,,205.16,INR,50.49,1 Hour
2026-01-16,sub-psiog-001,MAC-03,rg-mac-03-product-prod,Microsoft.Network/loadBalancers,Load Balancers,Networking,team:Product,122.73,INR,1.6,1 Hour
2026-01-16,sub-psiog-001,MAC-03,rg-mac-03-product-prod,Microsoft.DocumentDB/databaseAccounts,Cosmos DB,Data Services,team:Product,306.46,INR,6.28,1 Hour
2026-01-16,sub-psiog-001,MAC-03,rg-mac-03-frontend-prod,Microsoft.ContainerService/managedClusters,AKS Clusters,Compute,team:Frontend,476.54,INR,86.75,1 Hour
2026-01-16,sub-psiog-001,MAC-03,rg-mac-03-frontend-prod,Microsoft.Storage/storageAccounts/fileServices,File Storage,Storage,,152.85,INR,51.18,1 Hour
2026-01-16,sub-psiog-001,MAC-03,rg-mac-03-frontend-prod,Microsoft.Network/virtualNetworks,Virtual Networks,Networking,team:Frontend,90.12,INR,45.65,1 Hour
2026-01-16,sub-psiog-001,MAC-03,rg-mac-03-frontend-prod,Microsoft.DocumentDB/databaseAccounts,Cosmos DB,Data Services,team:Frontend,204.22,INR,77.48,1 Hour
2026-01-16,sub-psiog-001,MAC-04,rg-mac-04-backend-prod,Microsoft.Compute/virtualMachines,Virtual Machines,Compute,team:Backend,980.68,INR,71.58,1 Hour
2026-01-16,sub-psiog-001,MAC-04,rg-mac-04-backend-prod,Microsoft.Storage/storageAccounts,Blob Storage,Storage,team:Backend,377.82,INR,21.68,1 Hour
2026-01-16,sub-psiog-001,MAC-04,rg-mac-04-backend-prod,Microsoft.Network/virtualNetworks,Virtual Networks,Networking,team:Backend,202.8,INR,33.71,1 Hour
2026-01-16,sub-psiog-001,MAC-04,rg-mac-04-backend-prod,Microsoft.Sql/servers/databases,SQL Database,Data Services,team:Backend,535.46,INR,47.65,1 Hour
2026-01-16,sub-psiog-001,MAC-04,rg-mac-04-qa-prod,Microsoft.ContainerService/managedClusters,AKS Clusters,Compute,team:QA,377.82,INR,90.11,1 Hour
2026-01-16,sub-psiog-001,MAC-04,rg-mac-04-qa-prod,Microsoft.Storage/storageAccounts/fileServices,File Storage,Storage,team:QA,160.62,INR,48.68,1 Hour
2026-01-16,sub-psiog-001,MAC-04,rg-mac-04-qa-prod,Microsoft.Network/loadBalancers,Load Balancers,Networking,team:QA,105.57,INR,47.18,1 Hour
2026-01-16,sub-psiog-001,MAC-04,rg-mac-04-qa-prod,Microsoft.Sql/servers/databases,SQL Database,Data Services,team:QA,287.57,INR,63.42,1 Hour
2026-01-16,sub-psiog-001,MAC-05,rg-mac-05-security-prod,Microsoft.Compute/virtualMachines,Virtual Machines,Compute,team:Security,763.87,INR,46.48,1 Hour
2026-01-16,sub-psiog-001,MAC-05,rg-mac-05-security-prod,Microsoft.Storage/storageAccounts,Blob Storage,Storage,team:Security,292.19,INR,85.94,1 Hour
2026-01-16,sub-psiog-001,MAC-05,rg-mac-05-security-prod,Microsoft.Network/virtualNetworks,Virtual Networks,Networking,team:Security,341.97,INR,35.11,1 Hour
2026-01-16,sub-psiog-001,MAC-05,rg-mac-05-security-prod,Microsoft.Sql/servers/databases,SQL Database,Data Services,team:Security,404.07,INR,59.37,1 Hour
2026-01-16,sub-psiog-001,MAC-05,rg-mac-05-compliance-prod,Microsoft.Compute/virtualMachines,Virtual Machines,Compute,team:Compliance,404.09,INR,1.92,1 Hour
2026-01-16,sub-psiog-001,MAC-05,rg-mac-05-compliance-prod,Microsoft.Storage/storageAccounts,Blob Storage,Storage,team:Compliance,241.05,INR,16.33,1 Hour
2026-01-16,sub-psiog-001,MAC-05,rg-mac-05-compliance-prod,Microsoft.Network/loadBalancers,Load Balancers,Networking,team:Compliance,145.4,INR,41.47,1 Hour
2026-01-16,sub-psiog-001,MAC-05,rg-mac-05-compliance-prod,Microsoft.Sql/servers/databases,SQL Database,Data Services,team:Compliance,342.64,INR,43.76,1 Hour
2026-01-16,sub-psiog-001,MAC-06,rg-mac-06-infrastructure-prod,Microsoft.Compute/virtualMachines,Virtual Machines,Compute,,1290.19,INR,81.91,1 Hour
2026-01-16,sub-psiog-001,MAC-06,rg-mac-06-infrastructure-prod,Microsoft.Storage/storageAccounts/fileServices,File Storage,Storage,team:Infrastructure,361.89,INR,76.86,1 Hour
2026-01-16,sub-psiog-001,MAC-06,rg-mac-06-infrastructure-prod,Microsoft.Network/virtualNetworks,Virtual Networks,Networking,team:Infrastructure,412.49,INR,12.91,1 Hour
2026-01-16,sub-psiog-001,MAC-06,rg-mac-06-infrastructure-prod,Microsoft.Sql/servers/databases,SQL Database,Data Services,team:Infrastructure,379.68,INR,91.57,1 Hour
2026-01-16,sub-psiog-001,MAC-06,rg-mac-06-cloudops-prod,Microsoft.ContainerService/managedClusters,AKS Clusters,Compute,team:CloudOps,1153.37,INR,49.38,1 Hour
2026-01-16,sub-psiog-001,MAC-06,rg-mac-06-cloudops-prod,Microsoft.Storage/storageAccounts,Blob Storage,Storage,team:CloudOps,445.63,INR,64.14,1 Hour
2026-01-16,sub-psiog-001,MAC-06,rg-mac-06-cloudops-prod,Microsoft.Network/loadBalancers,Load Balancers,Networking,team:CloudOps,338.05,INR,66.15,1 Hour
2026-01-16,sub-psiog-001,MAC-06,rg-mac-06-cloudops-prod,Microsoft.DocumentDB/databaseAccounts,Cosmos DB,Data Services,team:CloudOps,419.48,INR,80.74,1 Hour
2026-01-16,sub-psiog-001,MAC-07,rg-mac-07-ml-prod,Microsoft.Compute/virtualMachines,Virtual Machines,Compute,team:ML,1488.68,INR,69.04,1 Hour
2026-01-16,sub-psiog-001,MAC-07,rg-mac-07-ml-prod,Microsoft.Storage/storageAccounts/fileServices,File Storage,Storage,team:ML,459.13,INR,69.63,1 Hour
2026-01-16,sub-psiog-001,MAC-07,rg-mac-07-ml-prod,Microsoft.Network/loadBalancers,Load Balancers,Networking,team:ML,233.45,INR,70.37,1 Hour
2026-01-16,sub-psiog-001,MAC-07,rg-mac-07-ml-prod,Microsoft.Sql/servers/databases,SQL Database,Data Services,,627.3,INR,50.62,1 Hour
2026-01-16,sub-psiog-001,MAC-07,rg-mac-07-research-prod,Microsoft.ContainerService/managedClusters,AKS Clusters,Compute,team:Research,834.22,INR,34.7,1 Hour
2026-01-16,sub-psiog-001,MAC-07,rg-mac-07-research-prod,Microsoft.Storage/storageAccounts,Blob Storage,Storage,team:Research,532.77,INR,40.58,1 Hour
2026-01-16,sub-psiog-001,MAC-07,rg-mac-07-research-prod,Microsoft.Network/virtualNetworks,Virtual Networks,Networking,team:Research,211.89,INR,55.12,1 Hour
2026-01-16,sub-psiog-001,MAC-07,rg-mac-07-research-prod,Microsoft.Sql/servers/databases,SQL Database,Data Services,team:Research,601.49,INR,52.36,1 Hour
2026-01-16,sub-psiog-001,MAC-08,rg-mac-08-finance-prod,Microsoft.Compute/virtualMachines,Virtual Machines,Compute,team:Finance,332.86,INR,60.07,1 Hour
2026-01-16,sub-psiog-001,MAC-08,rg-mac-08-finance-prod,Microsoft.Storage/storageAccounts,Blob Storage,Storage,team:Finance,224.5,INR,17.97,1 Hour
2026-01-16,sub-psiog-001,MAC-08,rg-mac-08-finance-prod,Microsoft.Network/loadBalancers,Load Balancers,Networking,team:Finance,110.97,INR,41.81,1 Hour
2026-01-16,sub-psiog-001,MAC-08,rg-mac-08-finance-prod,Microsoft.DocumentDB/databaseAccounts,Cosmos DB,Data Services,team:Finance,518.65,INR,91.09,1 Hour
2026-01-16,sub-psiog-001,MAC-08,rg-mac-08-operations-prod,Microsoft.ContainerService/managedClusters,AKS Clusters,Compute,team:Operations,425.23,INR,74.55,1 Hour
2026-01-16,sub-psiog-001,MAC-08,rg-mac-08-operations-prod,Microsoft.Storage/storageAccounts,Blob Storage,Storage,team:Operations,338.32,INR,10.23,1 Hour
2026-01-16,sub-psiog-001,MAC-08,rg-mac-08-operations-prod,Microsoft.Network/loadBalancers,Load Balancers,Networking,team:Operations,139.13,INR,78.06,1 Hour
2026-01-16,sub-psiog-001,MAC-08,rg-mac-08-operations-prod,Microsoft.Sql/servers/databases,SQL Database,Data Services,team:Operations,394.89,INR,39.95,1 Hour
2026-01-17,sub-psiog-001,MAC-01,rg-mac-01-devops-prod,Microsoft.ContainerService/managedClusters,AKS Clusters,Compute,team:DevOps,1400.17,INR,77.02,1 Hour
2026-01-17,sub-psiog-001,MAC-01,rg-mac-01-devops-prod,Microsoft.Storage/storageAccounts,Blob Storage,Storage,team:DevOps,289.72,INR,65.47,1 Hour
2026-01-17,sub-psiog-001,MAC-01,rg-mac-01-devops-prod,Microsoft.Network/virtualNetworks,Virtual Networks,Networking,team:DevOps,216.91,INR,7.18,1 Hour
2026-01-17,sub-psiog-001,MAC-01,rg-mac-01-devops-prod,Microsoft.Sql/servers/databases,SQL Database,Data Services,team:DevOps,387.59,INR,87.13,1 Hour
2026-01-17,sub-psiog-001,MAC-01,rg-mac-01-platform-prod,Microsoft.ContainerService/managedClusters,AKS Clusters,Compute,team:Platform,969.83,INR,92.05,1 Hour
2026-01-17,sub-psiog-001,MAC-01,rg-mac-01-platform-prod,Microsoft.Storage/storageAccounts/fileServices,File Storage,Storage,team:Platform,265.54,INR,35.35,1 Hour
2026-01-17,sub-psiog-001,MAC-01,rg-mac-01-platform-prod,Microsoft.Network/virtualNetworks,Virtual Networks,Networking,,272.62,INR,32.42,1 Hour
2026-01-17,sub-psiog-001,MAC-01,rg-mac-01-platform-prod,Microsoft.Sql/servers/databases,SQL Database,Data Services,team:Platform,420.38,INR,78.06,1 Hour
2026-01-17,sub-psiog-001,MAC-02,rg-mac-02-dataengineering-prod,Microsoft.ContainerService/managedClusters,AKS Clusters,Compute,,1058.4,INR,37.69,1 Hour
2026-01-17,sub-psiog-001,MAC-02,rg-mac-02-dataengineering-prod,Microsoft.Storage/storageAccounts/fileServices,File Storage,Storage,team:DataEngineering,628.52,INR,69.21,1 Hour
2026-01-17,sub-psiog-001,MAC-02,rg-mac-02-dataengineering-prod,Microsoft.Network/loadBalancers,Load Balancers,Networking,team:DataEngineering,165.55,INR,37.75,1 Hour
2026-01-17,sub-psiog-001,MAC-02,rg-mac-02-dataengineering-prod,Microsoft.Sql/servers/databases,SQL Database,Data Services,team:DataEngineering,962.17,INR,46.49,1 Hour
2026-01-17,sub-psiog-001,MAC-02,rg-mac-02-analytics-prod,Microsoft.Compute/virtualMachines,Virtual Machines,Compute,team:Analytics,969.73,INR,31.0,1 Hour
2026-01-17,sub-psiog-001,MAC-02,rg-mac-02-analytics-prod,Microsoft.Storage/storageAccounts/fileServices,File Storage,Storage,team:Analytics,550.34,INR,75.34,1 Hour
2026-01-17,sub-psiog-001,MAC-02,rg-mac-02-analytics-prod,Microsoft.Network/loadBalancers,Load Balancers,Networking,,169.71,INR,47.17,1 Hour
2026-01-17,sub-psiog-001,MAC-02,rg-mac-02-analytics-prod,Microsoft.Sql/servers/databases,SQL Database,Data Services,team:Analytics,1000.73,INR,72.72,1 Hour
2026-01-17,sub-psiog-001,MAC-03,rg-mac-03-product-prod,Microsoft.Compute/virtualMachines,Virtual Machines,Compute,team:Product,687.07,INR,18.86,1 Hour
2026-01-17,sub-psiog-001,MAC-03,rg-mac-03-product-prod,Microsoft.Storage/storageAccounts/fileServices,File Storage,Storage,team:Product,230.98,INR,25.11,1 Hour
2026-01-17,sub-psiog-001,MAC-03,rg-mac-03-product-prod,Microsoft.Network/virtualNetworks,Virtual Networks,Networking,team:Product,119.43,INR,62.3,1 Hour
2026-01-17,sub-psiog-001,MAC-03,rg-mac-03-product-prod,Microsoft.Sql/servers/databases,SQL Database,Data Services,team:Product,283.35,INR,55.46,1 Hour
2026-01-17,sub-psiog-001,MAC-03,rg-mac-03-frontend-prod,Microsoft.ContainerService/managedClusters,AKS Clusters,Compute,team:Frontend,548.7,INR,39.65,1 Hour
2026-01-17,sub-psiog-001,MAC-03,rg-mac-03-frontend-prod,Microsoft.Storage/storageAccounts/fileServices,File Storage,Storage,team:Frontend,168.99,INR,13.38,1 Hour
2026-01-17,sub-psiog-001,MAC-03,rg-mac-03-frontend-prod,Microsoft.Network/virtualNetworks,Virtual Networks,Networking,team:Frontend,92.64,INR,27.65,1 Hour
2026-01-17,sub-psiog-001,MAC-03,rg-mac-03-frontend-prod,Microsoft.Sql/servers/databases,SQL Database,Data Services,,197.56,INR,88.83,1 Hour
2026-01-17,sub-psiog-001,MAC-04,rg-mac-04-backend-prod,Microsoft.ContainerService/managedClusters,AKS Clusters,Compute,team:Backend,1019.03,INR,16.92,1 Hour
2026-01-17,sub-psiog-001,MAC-04,rg-mac-04-backend-prod,Microsoft.Storage/storageAccounts/fileServices,File Storage,Storage,team:Backend,381.33,INR,97.44,1 Hour
2026-01-17,sub-psiog-001,MAC-04,rg-mac-04-backend-prod,Microsoft.Network/loadBalancers,Load Balancers,Networking,team:Backend,215.72,INR,23.12,1 Hour
2026-01-17,sub-psiog-001,MAC-04,rg-mac-04-backend-prod,Microsoft.DocumentDB/databaseAccounts,Cosmos DB,Data Services,team:Backend,453.07,INR,41.79,1 Hour
2026-01-17,sub-psiog-001,MAC-04,rg-mac-04-qa-prod,Microsoft.ContainerService/managedClusters,AKS Clusters,Compute,team:QA,465.07,INR,46.22,1 Hour
2026-01-17,sub-psiog-001,MAC-04,rg-mac-04-qa-prod,Microsoft.Storage/storageAccounts/fileServices,File Storage,Storage,team:QA,162.26,INR,21.09,1 Hour
2026-01-17,sub-psiog-001,MAC-04,rg-mac-04-qa-prod,Microsoft.Network/loadBalancers,Load Balancers,Networking,team:QA,105.08,INR,63.81,1 Hour
2026-01-17,sub-psiog-001,MAC-04,rg-mac-04-qa-prod,Microsoft.DocumentDB/databaseAccounts,Cosmos DB,Data Services,,237.32,INR,44.59,1 Hour
2026-01-17,sub-psiog-001,MAC-05,rg-mac-05-security-prod,Microsoft.ContainerService/managedClusters,AKS Clusters,Compute,,770.96,INR,73.78,1 Hour
2026-01-17,sub-psiog-001,MAC-05,rg-mac-05-security-prod,Microsoft.Storage/storageAccounts/fileServices,File Storage,Storage,team:Security,269.41,INR,65.76,1 Hour
2026-01-17,sub-psiog-001,MAC-05,rg-mac-05-security-prod,Microsoft.Network/loadBalancers,Load Balancers,Networking,team:Security,337.8,INR,92.07,1 Hour
2026-01-17,sub-psiog-001,MAC-05,rg-mac-05-security-prod,Microsoft.Sql/servers/databases,SQL Database,Data Services,,326.64,INR,20.22,1 Hour
2026-01-17,sub-psiog-001,MAC-05,rg-mac-05-compliance-prod,Microsoft.Compute/virtualMachines,Virtual Machines,Compute,,406.3,INR,76.26,1 Hour
2026-01-17,sub-psiog-001,MAC-05,rg-mac-05-compliance-prod,Microsoft.Storage/storageAccounts,Blob Storage,Storage,,200.5,INR,41.48,1 Hour
2026-01-17,sub-psiog-001,MAC-05,rg-mac-05-compliance-prod,Microsoft.Network/virtualNetworks,Virtual Networks,Networking,team:Compliance,155.99,INR,29.64,1 Hour
2026-01-17,sub-psiog-001,MAC-05,rg-mac-05-compliance-prod,Microsoft.Sql/servers/databases,SQL Database,Data Services,team:Compliance,332.28,INR,12.78,1 Hour
2026-01-17,sub-psiog-001,MAC-06,rg-mac-06-infrastructure-prod,Microsoft.Compute/virtualMachines,Virtual Machines,Compute,team:Infrastructure,1525.86,INR,92.88,1 Hour
2026-01-17,sub-psiog-001,MAC-06,rg-mac-06-infrastructure-prod,Microsoft.Storage/storageAccounts,Blob Storage,Storage,team:Infrastructure,474.67,INR,80.52,1 Hour
2026-01-17,sub-psiog-001,MAC-06,rg-mac-06-infrastructure-prod,Microsoft.Network/virtualNetworks,Virtual Networks,Networking,team:Infrastructure,342.92,INR,18.12,1 Hour
2026-01-17,sub-psiog-001,MAC-06,rg-mac-06-infrastructure-prod,Microsoft.DocumentDB/databaseAccounts,Cosmos DB,Data Services,team:Infrastructure,421.77,INR,61.29,1 Hour
2026-01-17,sub-psiog-001,MAC-06,rg-mac-06-cloudops-prod,Microsoft.Compute/virtualMachines,Virtual Machines,Compute,team:CloudOps,1428.25,INR,45.47,1 Hour
2026-01-17,sub-psiog-001,MAC-06,rg-mac-06-cloudops-prod,Microsoft.Storage/storageAccounts,Blob Storage,Storage,team:CloudOps,346.42,INR,24.51,1 Hour
2026-01-17,sub-psiog-001,MAC-06,rg-mac-06-cloudops-prod,Microsoft.Network/virtualNetworks,Virtual Networks,Networking,team:CloudOps,302.24,INR,19.41,1 Hour
2026-01-17,sub-psiog-001,MAC-06,rg-mac-06-cloudops-prod,Microsoft.DocumentDB/databaseAccounts,Cosmos DB,Data Services,team:CloudOps,356.38,INR,33.96,1 Hour
2026-01-17,sub-psiog-001,MAC-07,rg-mac-07-ml-prod,Microsoft.ContainerService/managedClusters,AKS Clusters,Compute,team:ML,1744.54,INR,18.42,1 Hour
2026-01-17,sub-psiog-001,MAC-07,rg-mac-07-ml-prod,Microsoft.Storage/storageAccounts,Blob Storage,Storage,team:ML,491.24,INR,76.94,1 Hour
2026-01-17,sub-psiog-001,MAC-07,rg-mac-07-ml-prod,Microsoft.Network/loadBalancers,Load Balancers,Networking,,212.71,INR,39.78,1 Hour
2026-01-17,sub-psiog-001,MAC-07,rg-mac-07-ml-prod,Microsoft.DocumentDB/databaseAccounts,Cosmos DB,Data Services,team:ML,659.66,INR,24.2,1 Hour
2026-01-17,sub-psiog-001,MAC-07,rg-mac-07-research-prod,Microsoft.Compute/virtualMachines,Virtual Machines,Compute,team:Research,896.79,INR,29.09,1 Hour
2026-01-17,sub-psiog-001,MAC-07,rg-mac-07-research-prod,Microsoft.Storage/storageAccounts,Blob Storage,Storage,team:Research,486.86,INR,2.08,1 Hour
2026-01-17,sub-psiog-001,MAC-07,rg-mac-07-research-prod,Microsoft.Network/virtualNetworks,Virtual Networks,Networking,team:Research,177.37,INR,10.32,1 Hour
2026-01-17,sub-psiog-001,MAC-07,rg-mac-07-research-prod,Microsoft.Sql/servers/databases,SQL Database,Data Services,team:Research,681.17,INR,33.16,1 Hour
2026-01-17,sub-psiog-001,MAC-08,rg-mac-08-finance-prod,Microsoft.Compute/virtualMachines,Virtual Machines,Compute,team:Finance,346.26,INR,49.45,1 Hour
2026-01-17,sub-psiog-001,MAC-08,rg-mac-08-finance-prod,Microsoft.Storage/storageAccounts,Blob Storage,Storage,team:Finance,225.2,INR,20.87,1 Hour
2026-01-17,sub-psiog-001,MAC-08,rg-mac-08-finance-prod,Microsoft.Network/loadBalancers,Load Balancers,Networking,team:Finance,115.94,INR,17.48,1 Hour
2026-01-17,sub-psiog-001,MAC-08,rg-mac-08-finance-prod,Microsoft.DocumentDB/databaseAccounts,Cosmos DB,Data Services,team:Finance,456.12,INR,12.0,1 Hour
2026-01-17,sub-psiog-001,MAC-08,rg-mac-08-operations-prod,Microsoft.Compute/virtualMachines,Virtual Machines,Compute,team:Operations,526.92,INR,73.37,1 Hour
2026-01-17,sub-psiog-001,MAC-08,rg-mac-08-operations-prod,Microsoft.Storage/storageAccounts/fileServices,File Storage,Storage,team:Operations,335.54,INR,97.68,1 Hour
2026-01-17,sub-psiog-001,MAC-08,rg-mac-08-operations-prod,Microsoft.Network/loadBalancers,Load Balancers,Networking,team:Operations,123.61,INR,6.7,1 Hour
2026-01-17,sub-psiog-001,MAC-08,rg-mac-08-operations-prod,Microsoft.Sql/servers/databases,SQL Database,Data Services,team:Operations,446.82,INR,17.63,1 Hour
2026-01-18,sub-psiog-001,MAC-01,rg-mac-01-devops-prod,Microsoft.ContainerService/managedClusters,AKS Clusters,Compute,team:DevOps,1423.13,INR,85.45,1 Hour
2026-01-18,sub-psiog-001,MAC-01,rg-mac-01-devops-prod,Microsoft.Storage/storageAccounts/fileServices,File Storage,Storage,team:DevOps,299.66,INR,67.23,1 Hour
2026-01-18,sub-psiog-001,MAC-01,rg-mac-01-devops-prod,Microsoft.Network/virtualNetworks,Virtual Networks,Networking,team:DevOps,196.25,INR,74.5,1 Hour
2026-01-18,sub-psiog-001,MAC-01,rg-mac-01-devops-prod,Microsoft.DocumentDB/databaseAccounts,Cosmos DB,Data Services,team:DevOps,389.99,INR,26.44,1 Hour
2026-01-18,sub-psiog-001,MAC-01,rg-mac-01-platform-prod,Microsoft.ContainerService/managedClusters,AKS Clusters,Compute,team:Platform,1033.86,INR,7.4,1 Hour
2026-01-18,sub-psiog-001,MAC-01,rg-mac-01-platform-prod,Microsoft.Storage/storageAccounts,Blob Storage,Storage,team:Platform,296.28,INR,42.39,1 Hour
2026-01-18,sub-psiog-001,MAC-01,rg-mac-01-platform-prod,Microsoft.Network/loadBalancers,Load Balancers,Networking,team:Platform,283.71,INR,20.22,1 Hour
2026-01-18,sub-psiog-001,MAC-01,rg-mac-01-platform-prod,Microsoft.Sql/servers/databases,SQL Database,Data Services,,366.34,INR,61.61,1 Hour
2026-01-18,sub-psiog-001,MAC-02,rg-mac-02-dataengineering-prod,Microsoft.ContainerService/managedClusters,AKS Clusters,Compute,,919.33,INR,2.77,1 Hour
2026-01-18,sub-psiog-001,MAC-02,rg-mac-02-dataengineering-prod,Microsoft.Storage/storageAccounts/fileServices,File Storage,Storage,team:DataEngineering,667.82,INR,59.38,1 Hour
2026-01-18,sub-psiog-001,MAC-02,rg-mac-02-dataengineering-prod,Microsoft.Network/loadBalancers,Load Balancers,Networking,team:DataEngineering,204.01,INR,95.85,1 Hour
2026-01-18,sub-psiog-001,MAC-02,rg-mac-02-dataengineering-prod,Microsoft.Sql/servers/databases,SQL Database,Data Services,team:DataEngineering,854.0,INR,17.08,1 Hour
2026-01-18,sub-psiog-001,MAC-02,rg-mac-02-analytics-prod,Microsoft.ContainerService/managedClusters,AKS Clusters,Compute,team:Analytics,979.15,INR,94.86,1 Hour
2026-01-18,sub-psiog-001,MAC-02,rg-mac-02-analytics-prod,Microsoft.Storage/storageAccounts,Blob Storage,Storage,team:Analytics,589.55,INR,31.2,1 Hour
2026-01-18,sub-psiog-001,MAC-02,rg-mac-02-analytics-prod,Microsoft.Network/virtualNetworks,Virtual Networks,Networking,team:Analytics,172.04,INR,1.43,1 Hour
2026-01-18,sub-psiog-001,MAC-02,rg-mac-02-analytics-prod,Microsoft.Sql/servers/databases,SQL Database,Data Services,team:Analytics,908.26,INR,25.78,1 Hour
2026-01-18,sub-psiog-001,MAC-03,rg-mac-03-product-prod,Microsoft.Compute/virtualMachines,Virtual Machines,Compute,team:Product,709.94,INR,77.93,1 Hour
2026-01-18,sub-psiog-001,MAC-03,rg-mac-03-product-prod,Microsoft.Storage/storageAccounts,Blob Storage,Storage,team:Product,190.7,INR,46.43,1 Hour
2026-01-18,sub-psiog-001,MAC-03,rg-mac-03-product-prod,Microsoft.Network/virtualNetworks,Virtual Networks,Networking,team:Product,114.55,INR,78.55,1 Hour
2026-01-18,sub-psiog-001,MAC-03,rg-mac-03-product-prod,Microsoft.Sql/servers/databases,SQL Database,Data Services,team:Product,311.74,INR,61.31,1 Hour
2026-01-18,sub-psiog-001,MAC-03,rg-mac-03-frontend-prod,Microsoft.Compute/virtualMachines,Virtual Machines,Compute,team:Frontend,562.78,INR,46.13,1 Hour
2026-01-18,sub-psiog-001,MAC-03,rg-mac-03-frontend-prod,Microsoft.Storage/storageAccounts/fileServices,File Storage,Storage,team:Frontend,177.82,INR,30.04,1 Hour
2026-01-18,sub-psiog-001,MAC-03,rg-mac-03-frontend-prod,Microsoft.Network/loadBalancers,Load Balancers,Networking,team:Frontend,108.79,INR,98.32,1 Hour
2026-01-18,sub-psiog-001,MAC-03,rg-mac-03-frontend-prod,Microsoft.DocumentDB/databaseAccounts,Cosmos DB,Data Services,team:Frontend,197.26,INR,76.24,1 Hour
2026-01-18,sub-psiog-001,MAC-04,rg-mac-04-backend-prod,Microsoft.Compute/virtualMachines,Virtual Machines,Compute,team:Backend,888.87,INR,7.59,1 Hour
2026-01-18,sub-psiog-001,MAC-04,rg-mac-04-backend-prod,Microsoft.Storage/storageAccounts/fileServices,File Storage,Storage,team:Backend,391.15,INR,65.14,1 Hour
2026-01-18,sub-psiog-001,MAC-04,rg-mac-04-backend-prod,Microsoft.Network/virtualNetworks,Virtual Networks,Networking,team:Backend,201.8,INR,20.45,1 Hour
2026-01-18,sub-psiog-001,MAC-04,rg-mac-04-backend-prod,Microsoft.DocumentDB/databaseAccounts,Cosmos DB,Data Services,team:Backend,561.72,INR,26.27,1 Hour
2026-01-18,sub-psiog-001,MAC-04,rg-mac-04-qa-prod,Microsoft.Compute/virtualMachines,Virtual Machines,Compute,team:QA,458.08,INR,94.51,1 Hour
2026-01-18,sub-psiog-001,MAC-04,rg-mac-04-qa-prod,Microsoft.Storage/storageAccounts,Blob Storage,Storage,team:QA,203.08,INR,65.57,1 Hour
2026-01-18,sub-psiog-001,MAC-04,rg-mac-04-qa-prod,Microsoft.Network/virtualNetworks,Virtual Networks,Networking,team:QA,90.75,INR,5.67,1 Hour
2026-01-18,sub-psiog-001,MAC-04,rg-mac-04-qa-prod,Microsoft.DocumentDB/databaseAccounts,Cosmos DB,Data Services,team:QA,224.5,INR,39.73,1 Hour
2026-01-18,sub-psiog-001,MAC-05,rg-mac-05-security-prod,Microsoft.ContainerService/managedClusters,AKS Clusters,Compute,team:Security,719.2,INR,86.9,1 Hour
2026-01-18,sub-psiog-001,MAC-05,rg-mac-05-security-prod,Microsoft.Storage/storageAccounts,Blob Storage,Storage,team:Security,231.83,INR,69.32,1 Hour
2026-01-18,sub-psiog-001,MAC-05,rg-mac-05-security-prod,Microsoft.Network/virtualNetworks,Virtual Networks,Networking,team:Security,344.64,INR,72.06,1 Hour
2026-01-18,sub-psiog-001,MAC-05,rg-mac-05-security-prod,Microsoft.Sql/servers/databases,SQL Database,Data Services,team:Security,376.47,INR,53.73,1 Hour
2026-01-18,sub-psiog-001,MAC-05,rg-mac-05-compliance-prod,Microsoft.Compute/virtualMachines,Virtual Machines,Compute,team:Compliance,387.92,INR,51.05,1 Hour
2026-01-18,sub-psiog-001,MAC-05,rg-mac-05-compliance-prod,Microsoft.Storage/storageAccounts,Blob Storage,Storage,team:Compliance,258.94,INR,23.74,1 Hour
2026-01-18,sub-psiog-001,MAC-05,rg-mac-05-compliance-prod,Microsoft.Network/virtualNetworks,Virtual Networks,Networking,team:Compliance,139.83,INR,80.13,1 Hour
2026-01-18,sub-psiog-001,MAC-05,rg-mac-05-compliance-prod,Microsoft.DocumentDB/databaseAccounts,Cosmos DB,Data Services,team:Compliance,333.28,INR,65.27,1 Hour
2026-01-18,sub-psiog-001,MAC-06,rg-mac-06-infrastructure-prod,Microsoft.ContainerService/managedClusters,AKS Clusters,Compute,team:Infrastructure,1282.75,INR,80.49,1 Hour
2026-01-18,sub-psiog-001,MAC-06,rg-mac-06-infrastructure-prod,Microsoft.Storage/storageAccounts,Blob Storage,Storage,team:Infrastructure,462.7,INR,64.7,1 Hour
2026-01-18,sub-psiog-001,MAC-06,rg-mac-06-infrastructure-prod,Microsoft.Network/loadBalancers,Load Balancers,Networking,team:Infrastructure,341.66,INR,64.63,1 Hour
2026-01-18,sub-psiog-001,MAC-06,rg-mac-06-infrastructure-prod,Microsoft.DocumentDB/databaseAccounts,Cosmos DB,Data Services,,494.14,INR,70.01,1 Hour
2026-01-18,sub-psiog-001,MAC-06,rg-mac-06-cloudops-prod,Microsoft.ContainerService/managedClusters,AKS Clusters,Compute,team:CloudOps,1433.73,INR,71.27,1 Hour
2026-01-18,sub-psiog-001,MAC-06,rg-mac-06-cloudops-prod,Microsoft.Storage/storageAccounts,Blob Storage,Storage,team:CloudOps,393.82,INR,90.73,1 Hour
2026-01-18,sub-psiog-001,MAC-06,rg-mac-06-cloudops-prod,Microsoft.Network/virtualNetworks,Virtual Networks,Networking,team:CloudOps,330.48,INR,24.54,1 Hour
2026-01-18,sub-psiog-001,MAC-06,rg-mac-06-cloudops-prod,Microsoft.DocumentDB/databaseAccounts,Cosmos DB,Data Services,,468.09,INR,27.93,1 Hour
2026-01-18,sub-psiog-001,MAC-07,rg-mac-07-ml-prod,Microsoft.Compute/virtualMachines,Virtual Machines,Compute,team:ML,1425.42,INR,24.44,1 Hour
2026-01-18,sub-psiog-001,MAC-07,rg-mac-07-ml-prod,Microsoft.Storage/storageAccounts,Blob Storage,Storage,team:ML,464.13,INR,41.59,1 Hour
2026-01-18,sub-psiog-001,MAC-07,rg-mac-07-ml-prod,Microsoft.Network/loadBalancers,Load Balancers,Networking,team:ML,215.97,INR,2.56,1 Hour
2026-01-18,sub-psiog-001,MAC-07,rg-mac-07-ml-prod,Microsoft.DocumentDB/databaseAccounts,Cosmos DB,Data Services,team:ML,685.1,INR,22.24,1 Hour
2026-01-18,sub-psiog-001,MAC-07,rg-mac-07-research-prod,Microsoft.Compute/virtualMachines,Virtual Machines,Compute,team:Research,718.96,INR,61.96,1 Hour
2026-01-18,sub-psiog-001,MAC-07,rg-mac-07-research-prod,Microsoft.Storage/storageAccounts,Blob Storage,Storage,team:Research,523.29,INR,26.99,1 Hour
2026-01-18,sub-psiog-001,MAC-07,rg-mac-07-research-prod,Microsoft.Network/virtualNetworks,Virtual Networks,Networking,team:Research,193.26,INR,6.41,1 Hour
2026-01-18,sub-psiog-001,MAC-07,rg-mac-07-research-prod,Microsoft.Sql/servers/databases,SQL Database,Data Services,,680.89,INR,52.18,1 Hour
2026-01-18,sub-psiog-001,MAC-08,rg-mac-08-finance-prod,Microsoft.ContainerService/managedClusters,AKS Clusters,Compute,team:Finance,284.63,INR,76.33,1 Hour
2026-01-18,sub-psiog-001,MAC-08,rg-mac-08-finance-prod,Microsoft.Storage/storageAccounts,Blob Storage,Storage,team:Finance,221.25,INR,95.5,1 Hour
2026-01-18,sub-psiog-001,MAC-08,rg-mac-08-finance-prod,Microsoft.Network/virtualNetworks,Virtual Networks,Networking,team:Finance,106.22,INR,47.53,1 Hour
2026-01-18,sub-psiog-001,MAC-08,rg-mac-08-finance-prod,Microsoft.Sql/servers/databases,SQL Database,Data Services,team:Finance,483.67,INR,44.28,1 Hour
2026-01-18,sub-psiog-001,MAC-08,rg-mac-08-operations-prod,Microsoft.ContainerService/managedClusters,AKS Clusters,Compute,team:Operations,451.69,INR,35.95,1 Hour
2026-01-18,sub-psiog-001,MAC-08,rg-mac-08-operations-prod,Microsoft.Storage/storageAccounts/fileServices,File Storage,Storage,team:Operations,306.55,INR,49.68,1 Hour
2026-01-18,sub-psiog-001,MAC-08,rg-mac-08-operations-prod,Microsoft.Network/virtualNetworks,Virtual Networks,Networking,team:Operations,147.65,INR,76.35,1 Hour
2026-01-18,sub-psiog-001,MAC-08,rg-mac-08-operations-prod,Microsoft.DocumentDB/databaseAccounts,Cosmos DB,Data Services,team:Operations,378.04,INR,97.88,1 Hour
2026-01-19,sub-psiog-001,MAC-01,rg-mac-01-devops-prod,Microsoft.Compute/virtualMachines,Virtual Machines,Compute,team:DevOps,1178.15,INR,79.13,1 Hour
2026-01-19,sub-psiog-001,MAC-01,rg-mac-01-devops-prod,Microsoft.Storage/storageAccounts/fileServices,File Storage,Storage,team:DevOps,313.13,INR,84.44,1 Hour
2026-01-19,sub-psiog-001,MAC-01,rg-mac-01-devops-prod,Microsoft.Network/virtualNetworks,Virtual Networks,Networking,team:DevOps,184.5,INR,32.53,1 Hour
2026-01-19,sub-psiog-001,MAC-01,rg-mac-01-devops-prod,Microsoft.DocumentDB/databaseAccounts,Cosmos DB,Data Services,team:DevOps,407.42,INR,47.98,1 Hour
2026-01-19,sub-psiog-001,MAC-01,rg-mac-01-platform-prod,Microsoft.ContainerService/managedClusters,AKS Clusters,Compute,team:Platform,1039.34,INR,50.74,1 Hour
2026-01-19,sub-psiog-001,MAC-01,rg-mac-01-platform-prod,Microsoft.Storage/storageAccounts,Blob Storage,Storage,team:Platform,278.79,INR,69.99,1 Hour
2026-01-19,sub-psiog-001,MAC-01,rg-mac-01-platform-prod,Microsoft.Network/virtualNetworks,Virtual Networks,Networking,team:Platform,285.57,INR,50.98,1 Hour
2026-01-19,sub-psiog-001,MAC-01,rg-mac-01-platform-prod,Microsoft.DocumentDB/databaseAccounts,Cosmos DB,Data Services,team:Platform,368.88,INR,13.08,1 Hour
2026-01-19,sub-psiog-001,MAC-02,rg-mac-02-dataengineering-prod,Microsoft.ContainerService/managedClusters,AKS Clusters,Compute,team:DataEngineering,909.15,INR,97.04,1 Hour
2026-01-19,sub-psiog-001,MAC-02,rg-mac-02-dataengineering-prod,Microsoft.Storage/storageAccounts/fileServices,File Storage,Storage,team:DataEngineering,634.48,INR,60.86,1 Hour
2026-01-19,sub-psiog-001,MAC-02,rg-mac-02-dataengineering-prod,Microsoft.Network/virtualNetworks,Virtual Networks,Networking,team:DataEngineering,212.75,INR,27.24,1 Hour
2026-01-19,sub-psiog-001,MAC-02,rg-mac-02-dataengineering-prod,Microsoft.DocumentDB/databaseAccounts,Cosmos DB,Data Services,team:DataEngineering,897.43,INR,43.52,1 Hour
2026-01-19,sub-psiog-001,MAC-02,rg-mac-02-analytics-prod,Microsoft.ContainerService/managedClusters,AKS Clusters,Compute,team:Analytics,993.02,INR,93.49,1 Hour
2026-01-19,sub-psiog-001,MAC-02,rg-mac-02-analytics-prod,Microsoft.Storage/storageAccounts/fileServices,File Storage,Storage,,640.23,INR,94.68,1 Hour
2026-01-19,sub-psiog-001,MAC-02,rg-mac-02-analytics-prod,Microsoft.Network/loadBalancers,Load Balancers,Networking,team:Analytics,157.32,INR,75.48,1 Hour
2026-01-19,sub-psiog-001,MAC-02,rg-mac-02-analytics-prod,Microsoft.DocumentDB/databaseAccounts,Cosmos DB,Data Services,team:Analytics,930.98,INR,18.13,1 Hour
2026-01-19,sub-psiog-001,MAC-03,rg-mac-03-product-prod,Microsoft.ContainerService/managedClusters,AKS Clusters,Compute,team:Product,575.72,INR,28.21,1 Hour
2026-01-19,sub-psiog-001,MAC-03,rg-mac-03-product-prod,Microsoft.Storage/storageAccounts,Blob Storage,Storage,team:Product,183.34,INR,26.31,1 Hour
2026-01-19,sub-psiog-001,MAC-03,rg-mac-03-product-prod,Microsoft.Network/virtualNetworks,Virtual Networks,Networking,,140.23,INR,49.66,1 Hour
2026-01-19,sub-psiog-001,MAC-03,rg-mac-03-product-prod,Microsoft.DocumentDB/databaseAccounts,Cosmos DB,Data Services,team:Product,354.27,INR,77.54,1 Hour
2026-01-19,sub-psiog-001,MAC-03,rg-mac-03-frontend-prod,Microsoft.ContainerService/managedClusters,AKS Clusters,Compute,team:Frontend,572.03,INR,96.22,1 Hour
2026-01-19,sub-psiog-001,MAC-03,rg-mac-03-frontend-prod,Microsoft.Storage/storageAccounts/fileServices,File Storage,Storage,team:Frontend,154.04,INR,79.18,1 Hour
2026-01-19,sub-psiog-001,MAC-03,rg-mac-03-frontend-prod,Microsoft.Network/virtualNetworks,Virtual Networks,Networking,team:Frontend,99.97,INR,22.5,1 Hour
2026-01-19,sub-psiog-001,MAC-03,rg-mac-03-frontend-prod,Microsoft.Sql/servers/databases,SQL Database,Data Services,team:Frontend,218.59,INR,69.34,1 Hour
2026-01-19,sub-psiog-001,MAC-04,rg-mac-04-backend-prod,Microsoft.ContainerService/managedClusters,AKS Clusters,Compute,team:Backend,1033.03,INR,40.12,1 Hour
2026-01-19,sub-psiog-001,MAC-04,rg-mac-04-backend-prod,Microsoft.Storage/storageAccounts,Blob Storage,Storage,team:Backend,350.55,INR,47.45,1 Hour
2026-01-19,sub-psiog-001,MAC-04,rg-mac-04-backend-prod,Microsoft.Network/loadBalancers,Load Balancers,Networking,team:Backend,218.99,INR,2.27,1 Hour
2026-01-19,sub-psiog-001,MAC-04,rg-mac-04-backend-prod,Microsoft.DocumentDB/databaseAccounts,Cosmos DB,Data Services,team:Backend,531.35,INR,89.86,1 Hour
2026-01-19,sub-psiog-001,MAC-04,rg-mac-04-qa-prod,Microsoft.Compute/virtualMachines,Virtual Machines,Compute,team:QA,371.18,INR,7.59,1 Hour
2026-01-19,sub-psiog-001,MAC-04,rg-mac-04-qa-prod,Microsoft.Storage/storageAccounts/fileServices,File Storage,Storage,team:QA,198.78,INR,74.22,1 Hour
2026-01-19,sub-psiog-001,MAC-04,rg-mac-04-qa-prod,Microsoft.Network/loadBalancers,Load Balancers,Networking,,91.77,INR,34.92,1 Hour
2026-01-19,sub-psiog-001,MAC-04,rg-mac-04-qa-prod,Microsoft.DocumentDB/databaseAccounts,Cosmos DB,Data Services,team:QA,277.66,INR,37.98,1 Hour
2026-01-19,sub-psiog-001,MAC-05,rg-mac-05-security-prod,Microsoft.ContainerService/managedClusters,AKS Clusters,Compute,team:Security,644.1,INR,44.39,1 Hour
2026-01-19,sub-psiog-001,MAC-05,rg-mac-05-security-prod,Microsoft.Storage/storageAccounts/fileServices,File Storage,Storage,team:Security,256.81,INR,53.46,1 Hour
2026-01-19,sub-psiog-001,MAC-05,rg-mac-05-security-prod,Microsoft.Network/loadBalancers,Load Balancers,Networking,team:Security,281.01,INR,4.58,1 Hour
2026-01-19,sub-psiog-001,MAC-05,rg-mac-05-security-prod,Microsoft.Sql/servers/databases,SQL Database,Data Services,team:Security,414.35,INR,28.08,1 Hour
2026-01-19,sub-psiog-001,MAC-05,rg-mac-05-compliance-prod,Microsoft.Compute/virtualMachines,Virtual Machines,Compute,team:Compliance,374.4,INR,67.2,1 Hour
2026-01-19,sub-psiog-001,MAC-05,rg-mac-05-compliance-prod,Microsoft.Storage/storageAccounts,Blob Storage,Storage,team:Compliance,240.31,INR,5.93,1 Hour
2026-01-19,sub-psiog-001,MAC-05,rg-mac-05-compliance-prod,Microsoft.Network/loadBalancers,Load Balancers,Networking,team:Compliance,162.99,INR,14.2,1 Hour
2026-01-19,sub-psiog-001,MAC-05,rg-mac-05-compliance-prod,Microsoft.DocumentDB/databaseAccounts,Cosmos DB,Data Services,team:Compliance,297.5,INR,5.92,1 Hour
2026-01-19,sub-psiog-001,MAC-06,rg-mac-06-infrastructure-prod,Microsoft.ContainerService/managedClusters,AKS Clusters,Compute,team:Infrastructure,1562.33,INR,87.6,1 Hour
2026-01-19,sub-psiog-001,MAC-06,rg-mac-06-infrastructure-prod,Microsoft.Storage/storageAccounts/fileServices,File Storage,Storage,team:Infrastructure,412.34,INR,16.55,1 Hour
2026-01-19,sub-psiog-001,MAC-06,rg-mac-06-infrastructure-prod,Microsoft.Network/loadBalancers,Load Balancers,Networking,team:Infrastructure,324.83,INR,36.14,1 Hour
2026-01-19,sub-psiog-001,MAC-06,rg-mac-06-infrastructure-prod,Microsoft.DocumentDB/databaseAccounts,Cosmos DB,Data Services,team:Infrastructure,449.19,INR,86.7,1 Hour
2026-01-19,sub-psiog-001,MAC-06,rg-mac-06-cloudops-prod,Microsoft.Compute/virtualMachines,Virtual Machines,Compute,team:CloudOps,1393.97,INR,6.19,1 Hour
2026-01-19,sub-psiog-001,MAC-06,rg-mac-06-cloudops-prod,Microsoft.Storage/storageAccounts,Blob Storage,Storage,team:CloudOps,413.83,INR,3.66,1 Hour
2026-01-19,sub-psiog-001,MAC-06,rg-mac-06-cloudops-prod,Microsoft.Network/loadBalancers,Load Balancers,Networking,team:CloudOps,348.19,INR,6.28,1 Hour
2026-01-19,sub-psiog-001,MAC-06,rg-mac-06-cloudops-prod,Microsoft.DocumentDB/databaseAccounts,Cosmos DB,Data Services,team:CloudOps,370.59,INR,77.69,1 Hour
2026-01-19,sub-psiog-001,MAC-07,rg-mac-07-ml-prod,Microsoft.Compute/virtualMachines,Virtual Machines,Compute,team:ML,1671.11,INR,78.14,1 Hour
2026-01-19,sub-psiog-001,MAC-07,rg-mac-07-ml-prod,Microsoft.Storage/storageAccounts,Blob Storage,Storage,team:ML,488.79,INR,43.73,1 Hour
2026-01-19,sub-psiog-001,MAC-07,rg-mac-07-ml-prod,Microsoft.Network/virtualNetworks,Virtual Networks,Networking,team:ML,186.41,INR,22.95,1 Hour
2026-01-19,sub-psiog-001,MAC-07,rg-mac-07-ml-prod,Microsoft.Sql/servers/databases,SQL Database,Data Services,team:ML,799.0,INR,17.96,1 Hour
2026-01-19,sub-psiog-001,MAC-07,rg-mac-07-research-prod,Microsoft.ContainerService/managedClusters,AKS Clusters,Compute,team:Research,799.04,INR,7.91,1 Hour
2026-01-19,sub-psiog-001,MAC-07,rg-mac-07-research-prod,Microsoft.Storage/storageAccounts/fileServices,File Storage,Storage,team:Research,435.16,INR,76.55,1 Hour
2026-01-19,sub-psiog-001,MAC-07,rg-mac-07-research-prod,Microsoft.Network/loadBalancers,Load Balancers,Networking,team:Research,204.72,INR,21.74,1 Hour
2026-01-19,sub-psiog-001,MAC-07,rg-mac-07-research-prod,Microsoft.Sql/servers/databases,SQL Database,Data Services,team:Research,738.84,INR,71.63,1 Hour
2026-01-19,sub-psiog-001,MAC-08,rg-mac-08-finance-prod,Microsoft.Compute/virtualMachines,Virtual Machines,Compute,team:Finance,284.01,INR,87.68,1 Hour
2026-01-19,sub-psiog-001,MAC-08,rg-mac-08-finance-prod,Microsoft.Storage/storageAccounts/fileServices,File Storage,Storage,team:Finance,185.17,INR,59.72,1 Hour
2026-01-19,sub-psiog-001,MAC-08,rg-mac-08-finance-prod,Microsoft.Network/virtualNetworks,Virtual Networks,Networking,team:Finance,104.87,INR,53.53,1 Hour
2026-01-19,sub-psiog-001,MAC-08,rg-mac-08-finance-prod,Microsoft.DocumentDB/databaseAccounts,Cosmos DB,Data Services,team:Finance,459.35,INR,63.67,1 Hour
2026-01-19,sub-psiog-001,MAC-08,rg-mac-08-operations-prod,Microsoft.Compute/virtualMachines,Virtual Machines,Compute,team:Operations,419.98,INR,35.11,1 Hour
2026-01-19,sub-psiog-001,MAC-08,rg-mac-08-operations-prod,Microsoft.Storage/storageAccounts,Blob Storage,Storage,team:Operations,339.28,INR,89.15,1 Hour
2026-01-19,sub-psiog-001,MAC-08,rg-mac-08-operations-prod,Microsoft.Network/loadBalancers,Load Balancers,Networking,team:Operations,126.21,INR,16.69,1 Hour
2026-01-19,sub-psiog-001,MAC-08,rg-mac-08-operations-prod,Microsoft.Sql/servers/databases,SQL Database,Data Services,team:Operations,362.06,INR,49.28,1 Hour
2026-01-20,sub-psiog-001,MAC-01,rg-mac-01-devops-prod,Microsoft.Compute/virtualMachines,Virtual Machines,Compute,team:DevOps,1389.97,INR,30.5,1 Hour
2026-01-20,sub-psiog-001,MAC-01,rg-mac-01-devops-prod,Microsoft.Storage/storageAccounts/fileServices,File Storage,Storage,team:DevOps,295.28,INR,6.69,1 Hour
2026-01-20,sub-psiog-001,MAC-01,rg-mac-01-devops-prod,Microsoft.Network/virtualNetworks,Virtual Networks,Networking,team:DevOps,218.94,INR,67.94,1 Hour
2026-01-20,sub-psiog-001,MAC-01,rg-mac-01-devops-prod,Microsoft.DocumentDB/databaseAccounts,Cosmos DB,Data Services,team:DevOps,375.07,INR,21.01,1 Hour
2026-01-20,sub-psiog-001,MAC-01,rg-mac-01-platform-prod,Microsoft.ContainerService/managedClusters,AKS Clusters,Compute,team:Platform,1275.88,INR,43.15,1 Hour
2026-01-20,sub-psiog-001,MAC-01,rg-mac-01-platform-prod,Microsoft.Storage/storageAccounts,Blob Storage,Storage,team:Platform,301.54,INR,8.07,1 Hour
2026-01-20,sub-psiog-001,MAC-01,rg-mac-01-platform-prod,Microsoft.Network/loadBalancers,Load Balancers,Networking,team:Platform,269.5,INR,54.83,1 Hour
2026-01-20,sub-psiog-001,MAC-01,rg-mac-01-platform-prod,Microsoft.Sql/servers/databases,SQL Database,Data Services,team:Platform,433.74,INR,12.71,1 Hour
2026-01-20,sub-psiog-001,MAC-02,rg-mac-02-dataengineering-prod,Microsoft.ContainerService/managedClusters,AKS Clusters,Compute,,815.13,INR,50.91,1 Hour
2026-01-20,sub-psiog-001,MAC-02,rg-mac-02-dataengineering-prod,Microsoft.Storage/storageAccounts,Blob Storage,Storage,team:DataEngineering,546.18,INR,73.58,1 Hour
2026-01-20,sub-psiog-001,MAC-02,rg-mac-02-dataengineering-prod,Microsoft.Network/loadBalancers,Load Balancers,Networking,team:DataEngineering,162.04,INR,93.9,1 Hour
2026-01-20,sub-psiog-001,MAC-02,rg-mac-02-dataengineering-prod,Microsoft.Sql/servers/databases,SQL Database,Data Services,team:DataEngineering,968.37,INR,76.8,1 Hour
2026-01-20,sub-psiog-001,MAC-02,rg-mac-02-analytics-prod,Microsoft.ContainerService/managedClusters,AKS Clusters,Compute,team:Analytics,898.02,INR,25.33,1 Hour
2026-01-20,sub-psiog-001,MAC-02,rg-mac-02-analytics-prod,Microsoft.Storage/storageAccounts,Blob Storage,Storage,team:Analytics,587.04,INR,50.89,1 Hour
2026-01-20,sub-psiog-001,MAC-02,rg-mac-02-analytics-prod,Microsoft.Network/virtualNetworks,Virtual Networks,Networking,team:Analytics,152.84,INR,95.47,1 Hour
2026-01-20,sub-psiog-001,MAC-02,rg-mac-02-analytics-prod,Microsoft.Sql/servers/databases,SQL Database,Data Services,team:Analytics,941.03,INR,86.76,1 Hour
2026-01-20,sub-psiog-001,MAC-03,rg-mac-03-product-prod,Microsoft.Compute/virtualMachines,Virtual Machines,Compute,team:Product,571.1,INR,66.08,1 Hour
2026-01-20,sub-psiog-001,MAC-03,rg-mac-03-product-prod,Microsoft.Storage/storageAccounts,Blob Storage,Storage,team:Product,204.38,INR,2.74,1 Hour
2026-01-20,sub-psiog-001,MAC-03,rg-mac-03-product-prod,Microsoft.Network/loadBalancers,Load Balancers,Networking,team:Product,129.89,INR,76.8,1 Hour
2026-01-20,sub-psiog-001,MAC-03,rg-mac-03-product-prod,Microsoft.Sql/servers/databases,SQL Database,Data Services,team:Product,271.66,INR,63.1,1 Hour
2026-01-20,sub-psiog-001,MAC-03,rg-mac-03-frontend-prod,Microsoft.Compute/virtualMachines,Virtual Machines,Compute,team:Frontend,470.54,INR,55.24,1 Hour
2026-01-20,sub-psiog-001,MAC-03,rg-mac-03-frontend-prod,Microsoft.Storage/storageAccounts/fileServices,File Storage,Storage,,147.71,INR,20.45,1 Hour
2026-01-20,sub-psiog-001,MAC-03,rg-mac-03-frontend-prod,Microsoft.Network/virtualNetworks,Virtual Networks,Networking,team:Frontend,113.51,INR,38.0,1 Hour
2026-01-20,sub-psiog-001,MAC-03,rg-mac-03-frontend-prod,Microsoft.Sql/servers/databases,SQL Database,Data Services,team:Frontend,226.99,INR,25.98,1 Hour
2026-01-20,sub-psiog-001,MAC-04,rg-mac-04-backend-prod,Microsoft.ContainerService/managedClusters,AKS Clusters,Compute,team:Backend,841.15,INR,26.5,1 Hour
2026-01-20,sub-psiog-001,MAC-04,rg-mac-04-backend-prod,Microsoft.Storage/storageAccounts,Blob Storage,Storage,team:Backend,325.13,INR,83.67,1 Hour
2026-01-20,sub-psiog-001,MAC-04,rg-mac-04-backend-prod,Microsoft.Network/loadBalancers,Load Balancers,Networking,,224.88,INR,13.66,1 Hour
2026-01-20,sub-psiog-001,MAC-04,rg-mac-04-backend-prod,Microsoft.DocumentDB/databaseAccounts,Cosmos DB,Data Services,,589.57,INR,99.28,1 Hour
2026-01-20,sub-psiog-001,MAC-04,rg-mac-04-qa-prod,Microsoft.ContainerService/managedClusters,AKS Clusters,Compute,team:QA,409.51,INR,7.26,1 Hour
2026-01-20,sub-psiog-001,MAC-04,rg-mac-04-qa-prod,Microsoft.Storage/storageAccounts/fileServices,File Storage,Storage,team:QA,188.87,INR,76.82,1 Hour
2026-01-20,sub-psiog-001,MAC-04,rg-mac-04-qa-prod,Microsoft.Network/virtualNetworks,Virtual Networks,Networking,team:QA,93.55,INR,97.51,1 Hour
2026-01-20,sub-psiog-001,MAC-04,rg-mac-04-qa-prod,Microsoft.DocumentDB/databaseAccounts,Cosmos DB,Data Services,team:QA,261.41,INR,65.75,1 Hour
2026-01-20,sub-psiog-001,MAC-05,rg-mac-05-security-prod,Microsoft.Compute/virtualMachines,Virtual Machines,Compute,,659.67,INR,20.09,1 Hour
2026-01-20,sub-psiog-001,MAC-05,rg-mac-05-security-prod,Microsoft.Storage/storageAccounts,Blob Storage,Storage,team:Security,255.95,INR,90.58,1 Hour
2026-01-20,sub-psiog-001,MAC-05,rg-mac-05-security-prod,Microsoft.Network/virtualNetworks,Virtual Networks,Networking,team:Security,284.12,INR,75.38,1 Hour
2026-01-20,sub-psiog-001,MAC-05,rg-mac-05-security-prod,Microsoft.Sql/servers/databases,SQL Database,Data Services,team:Security,368.22,INR,54.41,1 Hour
2026-01-20,sub-psiog-001,MAC-05,rg-mac-05-compliance-prod,Microsoft.ContainerService/managedClusters,AKS Clusters,Compute,team:Compliance,322.48,INR,49.13,1 Hour
2026-01-20,sub-psiog-001,MAC-05,rg-mac-05-compliance-prod,Microsoft.Storage/storageAccounts/fileServices,File Storage,Storage,team:Compliance,230.84,INR,29.93,1 Hour
2026-01-20,sub-psiog-001,MAC-05,rg-mac-05-compliance-prod,Microsoft.Network/loadBalancers,Load Balancers,Networking,team:Compliance,165.12,INR,97.15,1 Hour
2026-01-20,sub-psiog-001,MAC-05,rg-mac-05-compliance-prod,Microsoft.Sql/servers/databases,SQL Database,Data Services,team:Compliance,273.24,INR,83.79,1 Hour
2026-01-20,sub-psiog-001,MAC-06,rg-mac-06-infrastructure-prod,Microsoft.Compute/virtualMachines,Virtual Machines,Compute,team:Infrastructure,1252.79,INR,69.39,1 Hour
2026-01-20,sub-psiog-001,MAC-06,rg-mac-06-infrastructure-prod,Microsoft.Storage/storageAccounts/fileServices,File Storage,Storage,team:Infrastructure,403.24,INR,47.82,1 Hour
2026-01-20,sub-psiog-001,MAC-06,rg-mac-06-infrastructure-prod,Microsoft.Network/virtualNetworks,Virtual Networks,Networking,team:Infrastructure,377.43,INR,13.28,1 Hour
2026-01-20,sub-psiog-001,MAC-06,rg-mac-06-infrastructure-prod,Microsoft.DocumentDB/databaseAccounts,Cosmos DB,Data Services,,479.27,INR,9.07,1 Hour
2026-01-20,sub-psiog-001,MAC-06,rg-mac-06-cloudops-prod,Microsoft.ContainerService/managedClusters,AKS Clusters,Compute,team:CloudOps,1452.38,INR,55.49,1 Hour
2026-01-20,sub-psiog-001,MAC-06,rg-mac-06-cloudops-prod,Microsoft.Storage/storageAccounts/fileServices,File Storage,Storage,,426.37,INR,41.85,1 Hour
2026-01-20,sub-psiog-001,MAC-06,rg-mac-06-cloudops-prod,Microsoft.Network/virtualNetworks,Virtual Networks,Networking,team:CloudOps,298.22,INR,59.34,1 Hour
2026-01-20,sub-psiog-001,MAC-06,rg-mac-06-cloudops-prod,Microsoft.DocumentDB/databaseAccounts,Cosmos DB,Data Services,team:CloudOps,459.33,INR,65.57,1 Hour
2026-01-20,sub-psiog-001,MAC-07,rg-mac-07-ml-prod,Microsoft.Compute/virtualMachines,Virtual Machines,Compute,team:ML,1589.93,INR,7.45,1 Hour
2026-01-20,sub-psiog-001,MAC-07,rg-mac-07-ml-prod,Microsoft.Storage/storageAccounts/fileServices,File Storage,Storage,,460.5,INR,14.17,1 Hour
2026-01-20,sub-psiog-001,MAC-07,rg-mac-07-ml-prod,Microsoft.Network/virtualNetworks,Virtual Networks,Networking,team:ML,233.47,INR,89.35,1 Hour
2026-01-20,sub-psiog-001,MAC-07,rg-mac-07-ml-prod,Microsoft.Sql/servers/databases,SQL Database,Data Services,team:ML,723.72,INR,9.24,1 Hour
2026-01-20,sub-psiog-001,MAC-07,rg-mac-07-research-prod,Microsoft.Compute/virtualMachines,Virtual Machines,Compute,team:Research,836.33,INR,9.22,1 Hour
2026-01-20,sub-psiog-001,MAC-07,rg-mac-07-research-prod,Microsoft.Storage/storageAccounts,Blob Storage,Storage,team:Research,413.4,INR,5.63,1 Hour
2026-01-20,sub-psiog-001,MAC-07,rg-mac-07-research-prod,Microsoft.Network/loadBalancers,Load Balancers,Networking,team:Research,211.05,INR,47.07,1 Hour
2026-01-20,sub-psiog-001,MAC-07,rg-mac-07-research-prod,Microsoft.Sql/servers/databases,SQL Database,Data Services,team:Research,643.68,INR,81.12,1 Hour
2026-01-20,sub-psiog-001,MAC-08,rg-mac-08-finance-prod,Microsoft.ContainerService/managedClusters,AKS Clusters,Compute,team:Finance,350.58,INR,64.69,1 Hour
2026-01-20,sub-psiog-001,MAC-08,rg-mac-08-finance-prod,Microsoft.Storage/storageAccounts,Blob Storage,Storage,team:Finance,195.33,INR,66.65,1 Hour
2026-01-20,sub-psiog-001,MAC-08,rg-mac-08-finance-prod,Microsoft.Network/virtualNetworks,Virtual Networks,Networking,team:Finance,110.82,INR,88.03,1 Hour
2026-01-20,sub-psiog-001,MAC-08,rg-mac-08-finance-prod,Microsoft.DocumentDB/databaseAccounts,Cosmos DB,Data Services,team:Finance,517.62,INR,97.59,1 Hour
2026-01-20,sub-psiog-001,MAC-08,rg-mac-08-operations-prod,Microsoft.ContainerService/managedClusters,AKS Clusters,Compute,team:Operations,470.79,INR,33.03,1 Hour
2026-01-20,sub-psiog-001,MAC-08,rg-mac-08-operations-prod,Microsoft.Storage/storageAccounts/fileServices,File Storage,Storage,team:Operations,289.15,INR,75.39,1 Hour
2026-01-20,sub-psiog-001,MAC-08,rg-mac-08-operations-prod,Microsoft.Network/loadBalancers,Load Balancers,Networking,team:Operations,153.68,INR,10.16,1 Hour
2026-01-20,sub-psiog-001,MAC-08,rg-mac-08-operations-prod,Microsoft.Sql/servers/databases,SQL Database,Data Services,team:Operations,429.57,INR,62.75,1 Hour
2026-01-21,sub-psiog-001,MAC-01,rg-mac-01-devops-prod,Microsoft.Compute/virtualMachines,Virtual Machines,Compute,team:DevOps,1380.24,INR,27.39,1 Hour
2026-01-21,sub-psiog-001,MAC-01,rg-mac-01-devops-prod,Microsoft.Storage/storageAccounts/fileServices,File Storage,Storage,team:DevOps,293.13,INR,60.58,1 Hour
2026-01-21,sub-psiog-001,MAC-01,rg-mac-01-devops-prod,Microsoft.Network/virtualNetworks,Virtual Networks,Networking,,228.75,INR,79.43,1 Hour
2026-01-21,sub-psiog-001,MAC-01,rg-mac-01-devops-prod,Microsoft.DocumentDB/databaseAccounts,Cosmos DB,Data Services,team:DevOps,376.74,INR,78.31,1 Hour
2026-01-21,sub-psiog-001,MAC-01,rg-mac-01-platform-prod,Microsoft.ContainerService/managedClusters,AKS Clusters,Compute,team:Platform,1135.06,INR,23.3,1 Hour
2026-01-21,sub-psiog-001,MAC-01,rg-mac-01-platform-prod,Microsoft.Storage/storageAccounts/fileServices,File Storage,Storage,team:Platform,284.7,INR,23.78,1 Hour
2026-01-21,sub-psiog-001,MAC-01,rg-mac-01-platform-prod,Microsoft.Network/virtualNetworks,Virtual Networks,Networking,team:Platform,267.45,INR,93.61,1 Hour
2026-01-21,sub-psiog-001,MAC-01,rg-mac-01-platform-prod,Microsoft.Sql/servers/databases,SQL Database,Data Services,team:Platform,381.64,INR,90.2,1 Hour
2026-01-21,sub-psiog-001,MAC-02,rg-mac-02-dataengineering-prod,Microsoft.Compute/virtualMachines,Virtual Machines,Compute,team:DataEngineering,900.34,INR,57.92,1 Hour
2026-01-21,sub-psiog-001,MAC-02,rg-mac-02-dataengineering-prod,Microsoft.Storage/storageAccounts/fileServices,File Storage,Storage,team:DataEngineering,570.5,INR,38.46,1 Hour
2026-01-21,sub-psiog-001,MAC-02,rg-mac-02-dataengineering-prod,Microsoft.Network/virtualNetworks,Virtual Networks,Networking,team:DataEngineering,168.6,INR,13.25,1 Hour
2026-01-21,sub-psiog-001,MAC-02,rg-mac-02-dataengineering-prod,Microsoft.Sql/servers/databases,SQL Database,Data Services,team:DataEngineering,910.61,INR,94.69,1 Hour
2026-01-21,sub-psiog-001,MAC-02,rg-mac-02-analytics-prod,Microsoft.ContainerService/managedClusters,AKS Clusters,Compute,team:Analytics,990.32,INR,32.72,1 Hour
2026-01-21,sub-psiog-001,MAC-02,rg-mac-02-analytics-prod,Microsoft.Storage/storageAccounts/fileServices,File Storage,Storage,team:Analytics,509.3,INR,63.43,1 Hour
2026-01-21,sub-psiog-001,MAC-02,rg-mac-02-analytics-prod,Microsoft.Network/loadBalancers,Load Balancers,Networking,team:Analytics,176.41,INR,2.87,1 Hour
2026-01-21,sub-psiog-001,MAC-02,rg-mac-02-analytics-prod,Microsoft.DocumentDB/databaseAccounts,Cosmos DB,Data Services,team:Analytics,771.9,INR,21.15,1 Hour
2026-01-21,sub-psiog-001,MAC-03,rg-mac-03-product-prod,Microsoft.Compute/virtualMachines,Virtual Machines,Compute,team:Product,574.29,INR,19.53,1 Hour
2026-01-21,sub-psiog-001,MAC-03,rg-mac-03-product-prod,Microsoft.Storage/storageAccounts,Blob Storage,Storage,team:Product,190.47,INR,50.21,1 Hour
2026-01-21,sub-psiog-001,MAC-03,rg-mac-03-product-prod,Microsoft.Network/loadBalancers,Load Balancers,Networking,team:Product,114.37,INR,8.17,1 Hour
2026-01-21,sub-psiog-001,MAC-03,rg-mac-03-product-prod,Microsoft.Sql/servers/databases,SQL Database,Data Services,team:Product,358.01,INR,56.39,1 Hour
2026-01-21,sub-psiog-001,MAC-03,rg-mac-03-frontend-prod,Microsoft.Compute/virtualMachines,Virtual Machines,Compute,team:Frontend,526.49,INR,8.86,1 Hour
2026-01-21,sub-psiog-001,MAC-03,rg-mac-03-frontend-prod,Microsoft.Storage/storageAccounts/fileServices,File Storage,Storage,team:Frontend,155.65,INR,56.92,1 Hour
2026-01-21,sub-psiog-001,MAC-03,rg-mac-03-frontend-prod,Microsoft.Network/loadBalancers,Load Balancers,Networking,team:Frontend,100.51,INR,38.72,1 Hour
2026-01-21,sub-psiog-001,MAC-03,rg-mac-03-frontend-prod,Microsoft.Sql/servers/databases,SQL Database,Data Services,team:Frontend,224.52,INR,85.33,1 Hour
2026-01-21,sub-psiog-001,MAC-04,rg-mac-04-backend-prod,Microsoft.ContainerService/managedClusters,AKS Clusters,Compute,team:Backend,1019.63,INR,73.16,1 Hour
2026-01-21,sub-psiog-001,MAC-04,rg-mac-04-backend-prod,Microsoft.Storage/storageAccounts,Blob Storage,Storage,team:Backend,312.05,INR,10.34,1 Hour
2026-01-21,sub-psiog-001,MAC-04,rg-mac-04-backend-prod,Microsoft.Network/virtualNetworks,Virtual Networks,Networking,team:Backend,222.59,INR,83.96,1 Hour
2026-01-21,sub-psiog-001,MAC-04,rg-mac-04-backend-prod,Microsoft.DocumentDB/databaseAccounts,Cosmos DB,Data Services,team:Backend,498.29,INR,74.2,1 Hour
2026-01-21,sub-psiog-001,MAC-04,rg-mac-04-qa-prod,Microsoft.Compute/virtualMachines,Virtual Machines,Compute,team:QA,364.85,INR,40.14,1 Hour
2026-01-21,sub-psiog-001,MAC-04,rg-mac-04-qa-prod,Microsoft.Storage/storageAccounts,Blob Storage,Storage,team:QA,183.6,INR,18.72,1 Hour
2026-01-21,sub-psiog-001,MAC-04,rg-mac-04-qa-prod,Microsoft.Network/virtualNetworks,Virtual Networks,Networking,team:QA,89.74,INR,26.58,1 Hour
2026-01-21,sub-psiog-001,MAC-04,rg-mac-04-qa-prod,Microsoft.Sql/servers/databases,SQL Database,Data Services,,250.6,INR,24.83,1 Hour
2026-01-21,sub-psiog-001,MAC-05,rg-mac-05-security-prod,Microsoft.Compute/virtualMachines,Virtual Machines,Compute,,699.07,INR,81.36,1 Hour
2026-01-21,sub-psiog-001,MAC-05,rg-mac-05-security-prod,Microsoft.Storage/storageAccounts/fileServices,File Storage,Storage,team:Security,222.75,INR,29.23,1 Hour
2026-01-21,sub-psiog-001,MAC-05,rg-mac-05-security-prod,Microsoft.Network/loadBalancers,Load Balancers,Networking,team:Security,312.21,INR,51.9,1 Hour
2026-01-21,sub-psiog-001,MAC-05,rg-mac-05-security-prod,Microsoft.Sql/servers/databases,SQL Database,Data Services,team:Security,378.42,INR,60.73,1 Hour
2026-01-21,sub-psiog-001,MAC-05,rg-mac-05-compliance-prod,Microsoft.Compute/virtualMachines,Virtual Machines,Compute,team:Compliance,356.66,INR,56.49,1 Hour
2026-01-21,sub-psiog-001,MAC-05,rg-mac-05-compliance-prod,Microsoft.Storage/storageAccounts/fileServices,File Storage,Storage,team:Compliance,215.21,INR,10.89,1 Hour
2026-01-21,sub-psiog-001,MAC-05,rg-mac-05-compliance-prod,Microsoft.Network/loadBalancers,Load Balancers,Networking,team:Compliance,136.49,INR,78.46,1 Hour
2026-01-21,sub-psiog-001,MAC-05,rg-mac-05-compliance-prod,Microsoft.DocumentDB/databaseAccounts,Cosmos DB,Data Services,team:Compliance,267.05,INR,76.0,1 Hour
2026-01-21,sub-psiog-001,MAC-06,rg-mac-06-infrastructure-prod,Microsoft.Compute/virtualMachines,Virtual Machines,Compute,team:Infrastructure,1467.26,INR,89.69,1 Hour
2026-01-21,sub-psiog-001,MAC-06,rg-mac-06-infrastructure-prod,Microsoft.Storage/storageAccounts/fileServices,File Storage,Storage,team:Infrastructure,415.48,INR,10.34,1 Hour
2026-01-21,sub-psiog-001,MAC-06,rg-mac-06-infrastructure-prod,Microsoft.Network/virtualNetworks,Virtual Networks,Networking,team:Infrastructure,324.89,INR,55.51,1 Hour
2026-01-21,sub-psiog-001,MAC-06,rg-mac-06-infrastructure-prod,Microsoft.DocumentDB/databaseAccounts,Cosmos DB,Data Services,team:Infrastructure,489.87,INR,25.16,1 Hour
2026-01-21,sub-psiog-001,MAC-06,rg-mac-06-cloudops-prod,Microsoft.ContainerService/managedClusters,AKS Clusters,Compute,team:CloudOps,1336.66,INR,97.15,1 Hour
2026-01-21,sub-psiog-001,MAC-06,rg-mac-06-cloudops-prod,Microsoft.Storage/storageAccounts,Blob Storage,Storage,team:CloudOps,370.15,INR,21.55,1 Hour
2026-01-21,sub-psiog-001,MAC-06,rg-mac-06-cloudops-prod,Microsoft.Network/virtualNetworks,Virtual Networks,Networking,team:CloudOps,353.54,INR,88.78,1 Hour
2026-01-21,sub-psiog-001,MAC-06,rg-mac-06-cloudops-prod,Microsoft.Sql/servers/databases,SQL Database,Data Services,team:CloudOps,459.8,INR,59.93,1 Hour
2026-01-21,sub-psiog-001,MAC-07,rg-mac-07-ml-prod,Microsoft.Compute/virtualMachines,Virtual Machines,Compute,team:ML,1563.84,INR,70.55,1 Hour
2026-01-21,sub-psiog-001,MAC-07,rg-mac-07-ml-prod,Microsoft.Storage/storageAccounts,Blob Storage,Storage,team:ML,500.8,INR,40.71,1 Hour
2026-01-21,sub-psiog-001,MAC-07,rg-mac-07-ml-prod,Microsoft.Network/loadBalancers,Load Balancers,Networking,team:ML,182.32,INR,84.78,1 Hour
2026-01-21,sub-psiog-001,MAC-07,rg-mac-07-ml-prod,Microsoft.DocumentDB/databaseAccounts,Cosmos DB,Data Services,team:ML,746.06,INR,83.97,1 Hour
2026-01-21,sub-psiog-001,MAC-07,rg-mac-07-research-prod,Microsoft.Compute/virtualMachines,Virtual Machines,Compute,team:Research,861.32,INR,43.06,1 Hour
2026-01-21,sub-psiog-001,MAC-07,rg-mac-07-research-prod,Microsoft.Storage/storageAccounts/fileServices,File Storage,Storage,,415.71,INR,96.12,1 Hour
2026-01-21,sub-psiog-001,MAC-07,rg-mac-07-research-prod,Microsoft.Network/virtualNetworks,Virtual Networks,Networking,team:Research,199.95,INR,86.56,1 Hour
2026-01-21,sub-psiog-001,MAC-07,rg-mac-07-research-prod,Microsoft.Sql/servers/databases,SQL Database,Data Services,team:Research,711.74,INR,71.86,1 Hour
2026-01-21,sub-psiog-001,MAC-08,rg-mac-08-finance-prod,Microsoft.ContainerService/managedClusters,AKS Clusters,Compute,team:Finance,348.12,INR,74.71,1 Hour
2026-01-21,sub-psiog-001,MAC-08,rg-mac-08-finance-prod,Microsoft.Storage/storageAccounts,Blob Storage,Storage,,236.3,INR,68.75,1 Hour
2026-01-21,sub-psiog-001,MAC-08,rg-mac-08-finance-prod,Microsoft.Network/loadBalancers,Load Balancers,Networking,team:Finance,91.58,INR,90.74,1 Hour
2026-01-21,sub-psiog-001,MAC-08,rg-mac-08-finance-prod,Microsoft.DocumentDB/databaseAccounts,Cosmos DB,Data Services,team:Finance,519.49,INR,92.47,1 Hour
2026-01-21,sub-psiog-001,MAC-08,rg-mac-08-operations-prod,Microsoft.Compute/virtualMachines,Virtual Machines,Compute,team:Operations,516.02,INR,19.01,1 Hour
2026-01-21,sub-psiog-001,MAC-08,rg-mac-08-operations-prod,Microsoft.Storage/storageAccounts,Blob Storage,Storage,team:Operations,274.19,INR,28.51,1 Hour
2026-01-21,sub-psiog-001,MAC-08,rg-mac-08-operations-prod,Microsoft.Network/loadBalancers,Load Balancers,Networking,team:Operations,126.52,INR,36.3,1 Hour
2026-01-21,sub-psiog-001,MAC-08,rg-mac-08-operations-prod,Microsoft.DocumentDB/databaseAccounts,Cosmos DB,Data Services,team:Operations,412.08,INR,51.46,1 Hour
2026-01-22,sub-psiog-001,MAC-01,rg-mac-01-devops-prod,Microsoft.Compute/virtualMachines,Virtual Machines,Compute,team:DevOps,1143.11,INR,30.13,1 Hour
2026-01-22,sub-psiog-001,MAC-01,rg-mac-01-devops-prod,Microsoft.Storage/storageAccounts,Blob Storage,Storage,team:DevOps,281.41,INR,45.25,1 Hour
2026-01-22,sub-psiog-001,MAC-01,rg-mac-01-devops-prod,Microsoft.Network/virtualNetworks,Virtual Networks,Networking,team:DevOps,180.0,INR,73.85,1 Hour
2026-01-22,sub-psiog-001,MAC-01,rg-mac-01-devops-prod,Microsoft.DocumentDB/databaseAccounts,Cosmos DB,Data Services,team:DevOps,361.03,INR,71.94,1 Hour
2026-01-22,sub-psiog-001,MAC-01,rg-mac-01-platform-prod,Microsoft.Compute/virtualMachines,Virtual Machines,Compute,team:Platform,1068.61,INR,43.27,1 Hour
2026-01-22,sub-psiog-001,MAC-01,rg-mac-01-platform-prod,Microsoft.Storage/storageAccounts,Blob Storage,Storage,team:Platform,292.97,INR,72.78,1 Hour
2026-01-22,sub-psiog-001,MAC-01,rg-mac-01-platform-prod,Microsoft.Network/virtualNetworks,Virtual Networks,Networking,,296.9,INR,28.71,1 Hour
2026-01-22,sub-psiog-001,MAC-01,rg-mac-01-platform-prod,Microsoft.DocumentDB/databaseAccounts,Cosmos DB,Data Services,team:Platform,339.7,INR,68.93,1 Hour
2026-01-22,sub-psiog-001,MAC-02,rg-mac-02-dataengineering-prod,Microsoft.ContainerService/managedClusters,AKS Clusters,Compute,team:DataEngineering,923.23,INR,76.22,1 Hour
2026-01-22,sub-psiog-001,MAC-02,rg-mac-02-dataengineering-prod,Microsoft.Storage/storageAccounts,Blob Storage,Storage,team:DataEngineering,713.83,INR,13.57,1 Hour
2026-01-22,sub-psiog-001,MAC-02,rg-mac-02-dataengineering-prod,Microsoft.Network/virtualNetworks,Virtual Networks,Networking,team:DataEngineering,215.44,INR,45.72,1 Hour
2026-01-22,sub-psiog-001,MAC-02,rg-mac-02-dataengineering-prod,Microsoft.Sql/servers/databases,SQL Database,Data Services,team:DataEngineering,965.14,INR,22.92,1 Hour
2026-01-22,sub-psiog-001,MAC-02,rg-mac-02-analytics-prod,Microsoft.Compute/virtualMachines,Virtual Machines,Compute,,763.58,INR,31.98,1 Hour
2026-01-22,sub-psiog-001,MAC-02,rg-mac-02-analytics-prod,Microsoft.Storage/storageAccounts/fileServices,File Storage,Storage,team:Analytics,492.62,INR,39.1,1 Hour
2026-01-22,sub-psiog-001,MAC-02,rg-mac-02-analytics-prod,Microsoft.Network/loadBalancers,Load Balancers,Networking,team:Analytics,177.22,INR,9.81,1 Hour
2026-01-22,sub-psiog-001,MAC-02,rg-mac-02-analytics-prod,Microsoft.Sql/servers/databases,SQL Database,Data Services,team:Analytics,975.1,INR,27.84,1 Hour
2026-01-22,sub-psiog-001,MAC-03,rg-mac-03-product-prod,Microsoft.Compute/virtualMachines,Virtual Machines,Compute,team:Product,539.54,INR,4.68,1 Hour
2026-01-22,sub-psiog-001,MAC-03,rg-mac-03-product-prod,Microsoft.Storage/storageAccounts,Blob Storage,Storage,,237.78,INR,31.86,1 Hour
2026-01-22,sub-psiog-001,MAC-03,rg-mac-03-product-prod,Microsoft.Network/virtualNetworks,Virtual Networks,Networking,team:Product,137.0,INR,9.03,1 Hour
2026-01-22,sub-psiog-001,MAC-03,rg-mac-03-product-prod,Microsoft.DocumentDB/databaseAccounts,Cosmos DB,Data Services,team:Product,313.14,INR,29.61,1 Hour
2026-01-22,sub-psiog-001,MAC-03,rg-mac-03-frontend-prod,Microsoft.ContainerService/managedClusters,AKS Clusters,Compute,team:Frontend,486.13,INR,11.45,1 Hour
2026-01-22,sub-psiog-001,MAC-03,rg-mac-03-frontend-prod,Microsoft.Storage/storageAccounts,Blob Storage,Storage,team:Frontend,142.88,INR,64.12,1 Hour
2026-01-22,sub-psiog-001,MAC-03,rg-mac-03-frontend-prod,Microsoft.Network/loadBalancers,Load Balancers,Networking,team:Frontend,106.43,INR,89.75,1 Hour
2026-01-22,sub-psiog-001,MAC-03,rg-mac-03-frontend-prod,Microsoft.Sql/servers/databases,SQL Database,Data Services,team:Frontend,229.26,INR,32.62,1 Hour
2026-01-22,sub-psiog-001,MAC-04,rg-mac-04-backend-prod,Microsoft.Compute/virtualMachines,Virtual Machines,Compute,team:Backend,957.68,INR,15.79,1 Hour
2026-01-22,sub-psiog-001,MAC-04,rg-mac-04-backend-prod,Microsoft.Storage/storageAccounts/fileServices,File Storage,Storage,team:Backend,362.21,INR,9.45,1 Hour
2026-01-22,sub-psiog-001,MAC-04,rg-mac-04-backend-prod,Microsoft.Network/virtualNetworks,Virtual Networks,Networking,team:Backend,210.01,INR,9.19,1 Hour
2026-01-22,sub-psiog-001,MAC-04,rg-mac-04-backend-prod,Microsoft.Sql/servers/databases,SQL Database,Data Services,team:Backend,474.14,INR,74.42,1 Hour
2026-01-22,sub-psiog-001,MAC-04,rg-mac-04-qa-prod,Microsoft.ContainerService/managedClusters,AKS Clusters,Compute,team:QA,364.49,INR,25.45,1 Hour
2026-01-22,sub-psiog-001,MAC-04,rg-mac-04-qa-prod,Microsoft.Storage/storageAccounts,Blob Storage,Storage,,182.94,INR,4.41,1 Hour
2026-01-22,sub-psiog-001,MAC-04,rg-mac-04-qa-prod,Microsoft.Network/loadBalancers,Load Balancers,Networking,,82.49,INR,18.61,1 Hour
2026-01-22,sub-psiog-001,MAC-04,rg-mac-04-qa-prod,Microsoft.DocumentDB/databaseAccounts,Cosmos DB,Data Services,team:QA,267.48,INR,3.29,1 Hour
2026-01-22,sub-psiog-001,MAC-05,rg-mac-05-security-prod,Microsoft.ContainerService/managedClusters,AKS Clusters,Compute,team:Security,801.78,INR,17.87,1 Hour
2026-01-22,sub-psiog-001,MAC-05,rg-mac-05-security-prod,Microsoft.Storage/storageAccounts,Blob Storage,Storage,team:Security,222.97,INR,78.02,1 Hour
2026-01-22,sub-psiog-001,MAC-05,rg-mac-05-security-prod,Microsoft.Network/virtualNetworks,Virtual Networks,Networking,team:Security,304.01,INR,85.11,1 Hour
2026-01-22,sub-psiog-001,MAC-05,rg-mac-05-security-prod,Microsoft.DocumentDB/databaseAccounts,Cosmos DB,Data Services,team:Security,357.87,INR,71.84,1 Hour
2026-01-22,sub-psiog-001,MAC-05,rg-mac-05-compliance-prod,Microsoft.ContainerService/managedClusters,AKS Clusters,Compute,team:Compliance,385.85,INR,24.98,1 Hour
2026-01-22,sub-psiog-001,MAC-05,rg-mac-05-compliance-prod,Microsoft.Storage/storageAccounts/fileServices,File Storage,Storage,team:Compliance,205.57,INR,27.18,1 Hour
2026-01-22,sub-psiog-001,MAC-05,rg-mac-05-compliance-prod,Microsoft.Network/virtualNetworks,Virtual Networks,Networking,team:Compliance,142.86,INR,92.66,1 Hour
2026-01-22,sub-psiog-001,MAC-05,rg-mac-05-compliance-prod,Microsoft.DocumentDB/databaseAccounts,Cosmos DB,Data Services,team:Compliance,333.43,INR,76.39,1 Hour
2026-01-22,sub-psiog-001,MAC-06,rg-mac-06-infrastructure-prod,Microsoft.ContainerService/managedClusters,AKS Clusters,Compute,,1651.09,INR,18.2,1 Hour
2026-01-22,sub-psiog-001,MAC-06,rg-mac-06-infrastructure-prod,Microsoft.Storage/storageAccounts,Blob Storage,Storage,team:Infrastructure,380.98,INR,59.86,1 Hour
2026-01-22,sub-psiog-001,MAC-06,rg-mac-06-infrastructure-prod,Microsoft.Network/loadBalancers,Load Balancers,Networking,team:Infrastructure,330.46,INR,3.25,1 Hour
2026-01-22,sub-psiog-001,MAC-06,rg-mac-06-infrastructure-prod,Microsoft.DocumentDB/databaseAccounts,Cosmos DB,Data Services,team:Infrastructure,473.15,INR,62.41,1 Hour
2026-01-22,sub-psiog-001,MAC-06,rg-mac-06-cloudops-prod,Microsoft.Compute/virtualMachines,Virtual Machines,Compute,team:CloudOps,1490.24,INR,8.19,1 Hour
2026-01-22,sub-psiog-001,MAC-06,rg-mac-06-cloudops-prod,Microsoft.Storage/storageAccounts,Blob Storage,Storage,team:CloudOps,348.62,INR,38.86,1 Hour
2026-01-22,sub-psiog-001,MAC-06,rg-mac-06-cloudops-prod,Microsoft.Network/loadBalancers,Load Balancers,Networking,,355.99,INR,66.38,1 Hour
2026-01-22,sub-psiog-001,MAC-06,rg-mac-06-cloudops-prod,Microsoft.DocumentDB/databaseAccounts,Cosmos DB,Data Services,team:CloudOps,413.42,INR,77.72,1 Hour
2026-01-22,sub-psiog-001,MAC-07,rg-mac-07-ml-prod,Microsoft.ContainerService/managedClusters,AKS Clusters,Compute,team:ML,1481.31,INR,70.09,1 Hour
2026-01-22,sub-psiog-001,MAC-07,rg-mac-07-ml-prod,Microsoft.Storage/storageAccounts,Blob Storage,Storage,team:ML,571.52,INR,9.15,1 Hour
2026-01-22,sub-psiog-001,MAC-07,rg-mac-07-ml-prod,Microsoft.Network/virtualNetworks,Virtual Networks,Networking,team:ML,186.04,INR,30.03,1 Hour
2026-01-22,sub-psiog-001,MAC-07,rg-mac-07-ml-prod,Microsoft.DocumentDB/databaseAccounts,Cosmos DB,Data Services,,812.27,INR,64.85,1 Hour
2026-01-22,sub-psiog-001,MAC-07,rg-mac-07-research-prod,Microsoft.ContainerService/managedClusters,AKS Clusters,Compute,team:Research,757.15,INR,85.65,1 Hour
2026-01-22,sub-psiog-001,MAC-07,rg-mac-07-research-prod,Microsoft.Storage/storageAccounts/fileServices,File Storage,Storage,team:Research,467.44,INR,95.85,1 Hour
2026-01-22,sub-psiog-001,MAC-07,rg-mac-07-research-prod,Microsoft.Network/virtualNetworks,Virtual Networks,Networking,team:Research,183.88,INR,87.85,1 Hour
2026-01-22,sub-psiog-001,MAC-07,rg-mac-07-research-prod,Microsoft.DocumentDB/databaseAccounts,Cosmos DB,Data Services,team:Research,593.93,INR,17.58,1 Hour
2026-01-22,sub-psiog-001,MAC-08,rg-mac-08-finance-prod,Microsoft.Compute/virtualMachines,Virtual Machines,Compute,team:Finance,305.33,INR,55.8,1 Hour
2026-01-22,sub-psiog-001,MAC-08,rg-mac-08-finance-prod,Microsoft.Storage/storageAccounts,Blob Storage,Storage,team:Finance,182.17,INR,20.52,1 Hour
2026-01-22,sub-psiog-001,MAC-08,rg-mac-08-finance-prod,Microsoft.Network/loadBalancers,Load Balancers,Networking,team:Finance,94.35,INR,75.28,1 Hour
2026-01-22,sub-psiog-001,MAC-08,rg-mac-08-finance-prod,Microsoft.DocumentDB/databaseAccounts,Cosmos DB,Data Services,team:Finance,448.44,INR,69.8,1 Hour
2026-01-22,sub-psiog-001,MAC-08,rg-mac-08-operations-prod,Microsoft.Compute/virtualMachines,Virtual Machines,Compute,team:Operations,463.6,INR,42.64,1 Hour
2026-01-22,sub-psiog-001,MAC-08,rg-mac-08-operations-prod,Microsoft.Storage/storageAccounts,Blob Storage,Storage,team:Operations,341.81,INR,83.16,1 Hour
2026-01-22,sub-psiog-001,MAC-08,rg-mac-08-operations-prod,Microsoft.Network/loadBalancers,Load Balancers,Networking,team:Operations,144.59,INR,20.01,1 Hour
2026-01-22,sub-psiog-001,MAC-08,rg-mac-08-operations-prod,Microsoft.Sql/servers/databases,SQL Database,Data Services,team:Operations,413.89,INR,55.58,1 Hour
2026-01-23,sub-psiog-001,MAC-01,rg-mac-01-devops-prod,Microsoft.Compute/virtualMachines,Virtual Machines,Compute,team:DevOps,1403.3,INR,5.8,1 Hour
2026-01-23,sub-psiog-001,MAC-01,rg-mac-01-devops-prod,Microsoft.Storage/storageAccounts/fileServices,File Storage,Storage,,308.73,INR,22.9,1 Hour
2026-01-23,sub-psiog-001,MAC-01,rg-mac-01-devops-prod,Microsoft.Network/loadBalancers,Load Balancers,Networking,team:DevOps,220.42,INR,73.88,1 Hour
2026-01-23,sub-psiog-001,MAC-01,rg-mac-01-devops-prod,Microsoft.Sql/servers/databases,SQL Database,Data Services,team:DevOps,377.44,INR,57.29,1 Hour
2026-01-23,sub-psiog-001,MAC-01,rg-mac-01-platform-prod,Microsoft.Compute/virtualMachines,Virtual Machines,Compute,team:Platform,1030.01,INR,83.51,1 Hour
2026-01-23,sub-psiog-001,MAC-01,rg-mac-01-platform-prod,Microsoft.Storage/storageAccounts,Blob Storage,Storage,team:Platform,284.62,INR,10.1,1 Hour
2026-01-23,sub-psiog-001,MAC-01,rg-mac-01-platform-prod,Microsoft.Network/virtualNetworks,Virtual Networks,Networking,,229.79,INR,5.97,1 Hour
2026-01-23,sub-psiog-001,MAC-01,rg-mac-01-platform-prod,Microsoft.Sql/servers/databases,SQL Database,Data Services,team:Platform,396.09,INR,22.77,1 Hour
2026-01-23,sub-psiog-001,MAC-02,rg-mac-02-dataengineering-prod,Microsoft.Compute/virtualMachines,Virtual Machines,Compute,,1064.03,INR,13.8,1 Hour
2026-01-23,sub-psiog-001,MAC-02,rg-mac-02-dataengineering-prod,Microsoft.Storage/storageAccounts/fileServices,File Storage,Storage,team:DataEngineering,703.49,INR,48.65,1 Hour
2026-01-23,sub-psiog-001,MAC-02,rg-mac-02-dataengineering-prod,Microsoft.Network/virtualNetworks,Virtual Networks,Networking,team:DataEngineering,166.21,INR,36.94,1 Hour
2026-01-23,sub-psiog-001,MAC-02,rg-mac-02-dataengineering-prod,Microsoft.DocumentDB/databaseAccounts,Cosmos DB,Data Services,team:DataEngineering,963.88,INR,77.73,1 Hour
2026-01-23,sub-psiog-001,MAC-02,rg-mac-02-analytics-prod,Microsoft.ContainerService/managedClusters,AKS Clusters,Compute,team:Analytics,946.44,INR,63.39,1 Hour
2026-01-23,sub-psiog-001,MAC-02,rg-mac-02-analytics-prod,Microsoft.Storage/storageAccounts,Blob Storage,Storage,team:Analytics,499.95,INR,36.51,1 Hour
2026-01-23,sub-psiog-001,MAC-02,rg-mac-02-analytics-prod,Microsoft.Network/virtualNetworks,Virtual Networks,Networking,team:Analytics,177.84,INR,74.29,1 Hour
2026-01-23,sub-psiog-001,MAC-02,rg-mac-02-analytics-prod,Microsoft.Sql/servers/databases,SQL Database,Data Services,team:Analytics,1001.24,INR,43.14,1 Hour
2026-01-23,sub-psiog-001,MAC-03,rg-mac-03-product-prod,Microsoft.ContainerService/managedClusters,AKS Clusters,Compute,team:Product,601.36,INR,54.89,1 Hour
2026-01-23,sub-psiog-001,MAC-03,rg-mac-03-product-prod,Microsoft.Storage/storageAccounts,Blob Storage,Storage,team:Product,222.51,INR,45.22,1 Hour
2026-01-23,sub-psiog-001,MAC-03,rg-mac-03-product-prod,Microsoft.Network/virtualNetworks,Virtual Networks,Networking,team:Product,121.05,INR,30.05,1 Hour
2026-01-23,sub-psiog-001,MAC-03,rg-mac-03-product-prod,Microsoft.DocumentDB/databaseAccounts,Cosmos DB,Data Services,team:Product,274.04,INR,93.02,1 Hour
2026-01-23,sub-psiog-001,MAC-03,rg-mac-03-frontend-prod,Microsoft.Compute/virtualMachines,Virtual Machines,Compute,team:Frontend,461.87,INR,55.95,1 Hour
2026-01-23,sub-psiog-001,MAC-03,rg-mac-03-frontend-prod,Microsoft.Storage/storageAccounts/fileServices,File Storage,Storage,team:Frontend,154.19,INR,82.2,1 Hour
2026-01-23,sub-psiog-001,MAC-03,rg-mac-03-frontend-prod,Microsoft.Network/loadBalancers,Load Balancers,Networking,team:Frontend,101.29,INR,4.59,1 Hour
2026-01-23,sub-psiog-001,MAC-03,rg-mac-03-frontend-prod,Microsoft.Sql/servers/databases,SQL Database,Data Services,team:Frontend,234.72,INR,37.67,1 Hour
2026-01-23,sub-psiog-001,MAC-04,rg-mac-04-backend-prod,Microsoft.ContainerService/managedClusters,AKS Clusters,Compute,team:Backend,929.66,INR,57.44,1 Hour
2026-01-23,sub-psiog-001,MAC-04,rg-mac-04-backend-prod,Microsoft.Storage/storageAccounts,Blob Storage,Storage,team:Backend,327.56,INR,41.54,1 Hour
2026-01-23,sub-psiog-001,MAC-04,rg-mac-04-backend-prod,Microsoft.Network/loadBalancers,Load Balancers,Networking,team:Backend,243.7,INR,26.75,1 Hour
2026-01-23,sub-psiog-001,MAC-04,rg-mac-04-backend-prod,Microsoft.Sql/servers/databases,SQL Database,Data Services,team:Backend,473.82,INR,29.1,1 Hour
2026-01-23,sub-psiog-001,MAC-04,rg-mac-04-qa-prod,Microsoft.Compute/virtualMachines,Virtual Machines,Compute,team:QA,441.73,INR,49.99,1 Hour
2026-01-23,sub-psiog-001,MAC-04,rg-mac-04-qa-prod,Microsoft.Storage/storageAccounts/fileServices,File Storage,Storage,team:QA,216.05,INR,21.91,1 Hour
2026-01-23,sub-psiog-001,MAC-04,rg-mac-04-qa-prod,Microsoft.Network/loadBalancers,Load Balancers,Networking,team:QA,94.85,INR,74.4,1 Hour
2026-01-23,sub-psiog-001,MAC-04,rg-mac-04-qa-prod,Microsoft.Sql/servers/databases,SQL Database,Data Services,team:QA,250.23,INR,71.19,1 Hour
2026-01-23,sub-psiog-001,MAC-05,rg-mac-05-security-prod,Microsoft.Compute/virtualMachines,Virtual Machines,Compute,team:Security,827.79,INR,48.48,1 Hour
2026-01-23,sub-psiog-001,MAC-05,rg-mac-05-security-prod,Microsoft.Storage/storageAccounts,Blob Storage,Storage,team:Security,277.3,INR,33.73,1 Hour
2026-01-23,sub-psiog-001,MAC-05,rg-mac-05-security-prod,Microsoft.Network/virtualNetworks,Virtual Networks,Networking,team:Security,335.69,INR,27.24,1 Hour
2026-01-23,sub-psiog-001,MAC-05,rg-mac-05-security-prod,Microsoft.Sql/servers/databases,SQL Database,Data Services,team:Security,329.74,INR,58.16,1 Hour
2026-01-23,sub-psiog-001,MAC-05,rg-mac-05-compliance-prod,Microsoft.ContainerService/managedClusters,AKS Clusters,Compute,team:Compliance,314.78,INR,24.19,1 Hour
2026-01-23,sub-psiog-001,MAC-05,rg-mac-05-compliance-prod,Microsoft.Storage/storageAccounts,Blob Storage,Storage,,225.23,INR,10.75,1 Hour
2026-01-23,sub-psiog-001,MAC-05,rg-mac-05-compliance-prod,Microsoft.Network/loadBalancers,Load Balancers,Networking,team:Compliance,135.3,INR,87.11,1 Hour
2026-01-23,sub-psiog-001,MAC-05,rg-mac-05-compliance-prod,Microsoft.DocumentDB/databaseAccounts,Cosmos DB,Data Services,team:Compliance,354.63,INR,4.03,1 Hour
2026-01-23,sub-psiog-001,MAC-06,rg-mac-06-infrastructure-prod,Microsoft.ContainerService/managedClusters,AKS Clusters,Compute,,1430.64,INR,23.26,1 Hour
2026-01-23,sub-psiog-001,MAC-06,rg-mac-06-infrastructure-prod,Microsoft.Storage/storageAccounts,Blob Storage,Storage,team:Infrastructure,470.47,INR,56.36,1 Hour
2026-01-23,sub-psiog-001,MAC-06,rg-mac-06-infrastructure-prod,Microsoft.Network/virtualNetworks,Virtual Networks,Networking,team:Infrastructure,410.0,INR,28.37,1 Hour
2026-01-23,sub-psiog-001,MAC-06,rg-mac-06-infrastructure-prod,Microsoft.Sql/servers/databases,SQL Database,Data Services,team:Infrastructure,431.45,INR,10.96,1 Hour
2026-01-23,sub-psiog-001,MAC-06,rg-mac-06-cloudops-prod,Microsoft.ContainerService/managedClusters,AKS Clusters,Compute,team:CloudOps,1466.9,INR,55.2,1 Hour
2026-01-23,sub-psiog-001,MAC-06,rg-mac-06-cloudops-prod,Microsoft.Storage/storageAccounts/fileServices,File Storage,Storage,team:CloudOps,414.33,INR,80.27,1 Hour
2026-01-23,sub-psiog-001,MAC-06,rg-mac-06-cloudops-prod,Microsoft.Network/virtualNetworks,Virtual Networks,Networking,team:CloudOps,338.66,INR,7.25,1 Hour
2026-01-23,sub-psiog-001,MAC-06,rg-mac-06-cloudops-prod,Microsoft.Sql/servers/databases,SQL Database,Data Services,team:CloudOps,391.07,INR,83.09,1 Hour
2026-01-23,sub-psiog-001,MAC-07,rg-mac-07-ml-prod,Microsoft.ContainerService/managedClusters,AKS Clusters,Compute,team:ML,1616.21,INR,24.88,1 Hour
2026-01-23,sub-psiog-001,MAC-07,rg-mac-07-ml-prod,Microsoft.Storage/storageAccounts,Blob Storage,Storage,team:ML,514.44,INR,79.11,1 Hour
2026-01-23,sub-psiog-001,MAC-07,rg-mac-07-ml-prod,Microsoft.Network/loadBalancers,Load Balancers,Networking,team:ML,206.61,INR,91.14,1 Hour
2026-01-23,sub-psiog-001,MAC-07,rg-mac-07-ml-prod,Microsoft.Sql/servers/databases,SQL Database,Data Services,team:ML,793.14,INR,81.99,1 Hour
2026-01-23,sub-psiog-001,MAC-07,rg-mac-07-research-prod,Microsoft.Compute/virtualMachines,Virtual Machines,Compute,team:Research,716.01,INR,73.08,1 Hour
2026-01-23,sub-psiog-001,MAC-07,rg-mac-07-research-prod,Microsoft.Storage/storageAccounts,Blob Storage,Storage,team:Research,413.04,INR,6.77,1 Hour
2026-01-23,sub-psiog-001,MAC-07,rg-mac-07-research-prod,Microsoft.Network/virtualNetworks,Virtual Networks,Networking,team:Research,187.83,INR,32.82,1 Hour
2026-01-23,sub-psiog-001,MAC-07,rg-mac-07-research-prod,Microsoft.Sql/servers/databases,SQL Database,Data Services,team:Research,646.11,INR,84.19,1 Hour
2026-01-23,sub-psiog-001,MAC-08,rg-mac-08-finance-prod,Microsoft.ContainerService/managedClusters,AKS Clusters,Compute,team:Finance,295.14,INR,79.99,1 Hour
2026-01-23,sub-psiog-001,MAC-08,rg-mac-08-finance-prod,Microsoft.Storage/storageAccounts/fileServices,File Storage,Storage,team:Finance,229.11,INR,29.37,1 Hour
2026-01-23,sub-psiog-001,MAC-08,rg-mac-08-finance-prod,Microsoft.Network/loadBalancers,Load Balancers,Networking,team:Finance,112.99,INR,62.1,1 Hour
2026-01-23,sub-psiog-001,MAC-08,rg-mac-08-finance-prod,Microsoft.DocumentDB/databaseAccounts,Cosmos DB,Data Services,team:Finance,491.68,INR,18.73,1 Hour
2026-01-23,sub-psiog-001,MAC-08,rg-mac-08-operations-prod,Microsoft.ContainerService/managedClusters,AKS Clusters,Compute,team:Operations,489.45,INR,40.75,1 Hour
2026-01-23,sub-psiog-001,MAC-08,rg-mac-08-operations-prod,Microsoft.Storage/storageAccounts,Blob Storage,Storage,team:Operations,296.23,INR,32.69,1 Hour
2026-01-23,sub-psiog-001,MAC-08,rg-mac-08-operations-prod,Microsoft.Network/virtualNetworks,Virtual Networks,Networking,team:Operations,119.08,INR,16.57,1 Hour
2026-01-23,sub-psiog-001,MAC-08,rg-mac-08-operations-prod,Microsoft.DocumentDB/databaseAccounts,Cosmos DB,Data Services,team:Operations,453.25,INR,47.53,1 Hour
2026-01-24,sub-psiog-001,MAC-01,rg-mac-01-devops-prod,Microsoft.Compute/virtualMachines,Virtual Machines,Compute,team:DevOps,1360.1,INR,10.42,1 Hour
2026-01-24,sub-psiog-001,MAC-01,rg-mac-01-devops-prod,Microsoft.Storage/storageAccounts,Blob Storage,Storage,team:DevOps,271.62,INR,5.53,1 Hour
2026-01-24,sub-psiog-001,MAC-01,rg-mac-01-devops-prod,Microsoft.Network/loadBalancers,Load Balancers,Networking,team:DevOps,229.08,INR,88.3,1 Hour
2026-01-24,sub-psiog-001,MAC-01,rg-mac-01-devops-prod,Microsoft.Sql/servers/databases,SQL Database,Data Services,team:DevOps,370.47,INR,91.66,1 Hour
2026-01-24,sub-psiog-001,MAC-01,rg-mac-01-platform-prod,Microsoft.Compute/virtualMachines,Virtual Machines,Compute,team:Platform,1233.57,INR,16.02,1 Hour
2026-01-24,sub-psiog-001,MAC-01,rg-mac-01-platform-prod,Microsoft.Storage/storageAccounts,Blob Storage,Storage,team:Platform,287.45,INR,9.71,1 Hour
2026-01-24,sub-psiog-001,MAC-01,rg-mac-01-platform-prod,Microsoft.Network/loadBalancers,Load Balancers,Networking,team:Platform,230.67,INR,48.93,1 Hour
2026-01-24,sub-psiog-001,MAC-01,rg-mac-01-platform-prod,Microsoft.DocumentDB/databaseAccounts,Cosmos DB,Data Services,team:Platform,401.86,INR,75.42,1 Hour
2026-01-24,sub-psiog-001,MAC-02,rg-mac-02-dataengineering-prod,Microsoft.Compute/virtualMachines,Virtual Machines,Compute,team:DataEngineering,1052.61,INR,86.77,1 Hour
2026-01-24,sub-psiog-001,MAC-02,rg-mac-02-dataengineering-prod,Microsoft.Storage/storageAccounts/fileServices,File Storage,Storage,team:DataEngineering,669.76,INR,55.04,1 Hour
2026-01-24,sub-psiog-001,MAC-02,rg-mac-02-dataengineering-prod,Microsoft.Network/virtualNetworks,Virtual Networks,Networking,team:DataEngineering,189.84,INR,38.3,1 Hour
2026-01-24,sub-psiog-001,MAC-02,rg-mac-02-dataengineering-prod,Microsoft.Sql/servers/databases,SQL Database,Data Services,team:DataEngineering,805.53,INR,34.37,1 Hour
2026-01-24,sub-psiog-001,MAC-02,rg-mac-02-analytics-prod,Microsoft.Compute/virtualMachines,Virtual Machines,Compute,team:Analytics,1018.45,INR,78.63,1 Hour
2026-01-24,sub-psiog-001,MAC-02,rg-mac-02-analytics-prod,Microsoft.Storage/storageAccounts,Blob Storage,Storage,team:Analytics,491.83,INR,30.13,1 Hour
2026-01-24,sub-psiog-001,MAC-02,rg-mac-02-analytics-prod,Microsoft.Network/virtualNetworks,Virtual Networks,Networking,team:Analytics,143.45,INR,49.22,1 Hour
2026-01-24,sub-psiog-001,MAC-02,rg-mac-02-analytics-prod,Microsoft.DocumentDB/databaseAccounts,Cosmos DB,Data Services,team:Analytics,871.26,INR,45.28,1 Hour
2026-01-24,sub-psiog-001,MAC-03,rg-mac-03-product-prod,Microsoft.Compute/virtualMachines,Virtual Machines,Compute,,536.47,INR,77.7,1 Hour
2026-01-24,sub-psiog-001,MAC-03,rg-mac-03-product-prod,Microsoft.Storage/storageAccounts,Blob Storage,Storage,team:Product,186.86,INR,49.21,1 Hour
2026-01-24,sub-psiog-001,MAC-03,rg-mac-03-product-prod,Microsoft.Network/virtualNetworks,Virtual Networks,Networking,team:Product,108.98,INR,7.67,1 Hour
2026-01-24,sub-psiog-001,MAC-03,rg-mac-03-product-prod,Microsoft.Sql/servers/databases,SQL Database,Data Services,team:Product,344.12,INR,59.48,1 Hour
2026-01-24,sub-psiog-001,MAC-03,rg-mac-03-frontend-prod,Microsoft.Compute/virtualMachines,Virtual Machines,Compute,team:Frontend,592.41,INR,25.6,1 Hour
2026-01-24,sub-psiog-001,MAC-03,rg-mac-03-frontend-prod,Microsoft.Storage/storageAccounts,Blob Storage,Storage,team:Frontend,141.22,INR,65.96,1 Hour
2026-01-24,sub-psiog-001,MAC-03,rg-mac-03-frontend-prod,Microsoft.Network/loadBalancers,Load Balancers,Networking,team:Frontend,96.57,INR,83.34,1 Hour
2026-01-24,sub-psiog-001,MAC-03,rg-mac-03-frontend-prod,Microsoft.Sql/servers/databases,SQL Database,Data Services,team:Frontend,224.4,INR,72.98,1 Hour
2026-01-24,sub-psiog-001,MAC-04,rg-mac-04-backend-prod,Microsoft.Compute/virtualMachines,Virtual Machines,Compute,,847.77,INR,72.96,1 Hour
2026-01-24,sub-psiog-001,MAC-04,rg-mac-04-backend-prod,Microsoft.Storage/storageAccounts/fileServices,File Storage,Storage,team:Backend,314.01,INR,12.73,1 Hour
2026-01-24,sub-psiog-001,MAC-04,rg-mac-04-backend-prod,Microsoft.Network/loadBalancers,Load Balancers,Networking,team:Backend,260.03,INR,22.39,1 Hour
2026-01-24,sub-psiog-001,MAC-04,rg-mac-04-backend-prod,Microsoft.Sql/servers/databases,SQL Database,Data Services,team:Backend,504.88,INR,9.64,1 Hour
2026-01-24,sub-psiog-001,MAC-04,rg-mac-04-qa-prod,Microsoft.ContainerService/managedClusters,AKS Clusters,Compute,team:QA,393.21,INR,17.02,1 Hour
2026-01-24,sub-psiog-001,MAC-04,rg-mac-04-qa-prod,Microsoft.Storage/storageAccounts/fileServices,File Storage,Storage,team:QA,187.9,INR,30.29,1 Hour
2026-01-24,sub-psiog-001,MAC-04,rg-mac-04-qa-prod,Microsoft.Network/virtualNetworks,Virtual Networks,Networking,team:QA,97.85,INR,20.76,1 Hour
2026-01-24,sub-psiog-001,MAC-04,rg-mac-04-qa-prod,Microsoft.DocumentDB/databaseAccounts,Cosmos DB,Data Services,team:QA,267.54,INR,38.91,1 Hour
2026-01-24,sub-psiog-001,MAC-05,rg-mac-05-security-prod,Microsoft.Compute/virtualMachines,Virtual Machines,Compute,team:Security,743.35,INR,17.08,1 Hour
2026-01-24,sub-psiog-001,MAC-05,rg-mac-05-security-prod,Microsoft.Storage/storageAccounts,Blob Storage,Storage,team:Security,290.26,INR,96.28,1 Hour
2026-01-24,sub-psiog-001,MAC-05,rg-mac-05-security-prod,Microsoft.Network/virtualNetworks,Virtual Networks,Networking,team:Security,350.11,INR,43.22,1 Hour
2026-01-24,sub-psiog-001,MAC-05,rg-mac-05-security-prod,Microsoft.DocumentDB/databaseAccounts,Cosmos DB,Data Services,team:Security,406.16,INR,63.42,1 Hour
2026-01-24,sub-psiog-001,MAC-05,rg-mac-05-compliance-prod,Microsoft.ContainerService/managedClusters,AKS Clusters,Compute,team:Compliance,383.12,INR,17.83,1 Hour
2026-01-24,sub-psiog-001,MAC-05,rg-mac-05-compliance-prod,Microsoft.Storage/storageAccounts,Blob Storage,Storage,team:Compliance,242.29,INR,97.16,1 Hour
2026-01-24,sub-psiog-001,MAC-05,rg-mac-05-compliance-prod,Microsoft.Network/loadBalancers,Load Balancers,Networking,,147.35,INR,37.43,1 Hour
2026-01-24,sub-psiog-001,MAC-05,rg-mac-05-compliance-prod,Microsoft.Sql/servers/databases,SQL Database,Data Services,,348.45,INR,98.47,1 Hour
2026-01-24,sub-psiog-001,MAC-06,rg-mac-06-infrastructure-prod,Microsoft.Compute/virtualMachines,Virtual Machines,Compute,,1292.87,INR,8.56,1 Hour
2026-01-24,sub-psiog-001,MAC-06,rg-mac-06-infrastructure-prod,Microsoft.Storage/storageAccounts,Blob Storage,Storage,team:Infrastructure,406.35,INR,64.73,1 Hour
2026-01-24,sub-psiog-001,MAC-06,rg-mac-06-infrastructure-prod,Microsoft.Network/loadBalancers,Load Balancers,Networking,team:Infrastructure,323.64,INR,86.3,1 Hour
2026-01-24,sub-psiog-001,MAC-06,rg-mac-06-infrastructure-prod,Microsoft.DocumentDB/databaseAccounts,Cosmos DB,Data Services,team:Infrastructure,373.5,INR,20.94,1 Hour
2026-01-24,sub-psiog-001,MAC-06,rg-mac-06-cloudops-prod,Microsoft.ContainerService/managedClusters,AKS Clusters,Compute,team:CloudOps,1472.34,INR,24.42,1 Hour
2026-01-24,sub-psiog-001,MAC-06,rg-mac-06-cloudops-prod,Microsoft.Storage/storageAccounts/fileServices,File Storage,Storage,,413.65,INR,54.8,1 Hour
2026-01-24,sub-psiog-001,MAC-06,rg-mac-06-cloudops-prod,Microsoft.Network/virtualNetworks,Virtual Networks,Networking,team:CloudOps,342.05,INR,65.69,1 Hour
2026-01-24,sub-psiog-001,MAC-06,rg-mac-06-cloudops-prod,Microsoft.DocumentDB/databaseAccounts,Cosmos DB,Data Services,team:CloudOps,447.6,INR,29.64,1 Hour
2026-01-24,sub-psiog-001,MAC-07,rg-mac-07-ml-prod,Microsoft.ContainerService/managedClusters,AKS Clusters,Compute,team:ML,1848.14,INR,31.52,1 Hour
2026-01-24,sub-psiog-001,MAC-07,rg-mac-07-ml-prod,Microsoft.Storage/storageAccounts,Blob Storage,Storage,,538.83,INR,80.33,1 Hour
2026-01-24,sub-psiog-001,MAC-07,rg-mac-07-ml-prod,Microsoft.Network/virtualNetworks,Virtual Networks,Networking,team:ML,218.54,INR,86.21,1 Hour
2026-01-24,sub-psiog-001,MAC-07,rg-mac-07-ml-prod,Microsoft.Sql/servers/databases,SQL Database,Data Services,team:ML,745.13,INR,9.25,1 Hour
2026-01-24,sub-psiog-001,MAC-07,rg-mac-07-research-prod,Microsoft.Compute/virtualMachines,Virtual Machines,Compute,team:Research,865.35,INR,67.5,1 Hour
2026-01-24,sub-psiog-001,MAC-07,rg-mac-07-research-prod,Microsoft.Storage/storageAccounts,Blob Storage,Storage,,435.49,INR,18.19,1 Hour
2026-01-24,sub-psiog-001,MAC-07,rg-mac-07-research-prod,Microsoft.Network/loadBalancers,Load Balancers,Networking,team:Research,178.38,INR,98.13,1 Hour
2026-01-24,sub-psiog-001,MAC-07,rg-mac-07-research-prod,Microsoft.Sql/servers/databases,SQL Database,Data Services,team:Research,749.76,INR,18.51,1 Hour
2026-01-24,sub-psiog-001,MAC-08,rg-mac-08-finance-prod,Microsoft.ContainerService/managedClusters,AKS Clusters,Compute,team:Finance,331.06,INR,61.86,1 Hour
2026-01-24,sub-psiog-001,MAC-08,rg-mac-08-finance-prod,Microsoft.Storage/storageAccounts,Blob Storage,Storage,team:Finance,181.96,INR,63.84,1 Hour
2026-01-24,sub-psiog-001,MAC-08,rg-mac-08-finance-prod,Microsoft.Network/virtualNetworks,Virtual Networks,Networking,team:Finance,112.68,INR,86.53,1 Hour
2026-01-24,sub-psiog-001,MAC-08,rg-mac-08-finance-prod,Microsoft.DocumentDB/databaseAccounts,Cosmos DB,Data Services,team:Finance,406.57,INR,88.34,1 Hour
2026-01-24,sub-psiog-001,MAC-08,rg-mac-08-operations-prod,Microsoft.Compute/virtualMachines,Virtual Machines,Compute,team:Operations,527.72,INR,69.87,1 Hour
2026-01-24,sub-psiog-001,MAC-08,rg-mac-08-operations-prod,Microsoft.Storage/storageAccounts/fileServices,File Storage,Storage,team:Operations,269.74,INR,81.79,1 Hour
2026-01-24,sub-psiog-001,MAC-08,rg-mac-08-operations-prod,Microsoft.Network/virtualNetworks,Virtual Networks,Networking,team:Operations,126.19,INR,56.81,1 Hour
2026-01-24,sub-psiog-001,MAC-08,rg-mac-08-operations-prod,Microsoft.Sql/servers/databases,SQL Database,Data Services,team:Operations,338.26,INR,38.06,1 Hour
2026-01-25,sub-psiog-001,MAC-01,rg-mac-01-devops-prod,Microsoft.ContainerService/managedClusters,AKS Clusters,Compute,team:DevOps,1282.33,INR,72.35,1 Hour
2026-01-25,sub-psiog-001,MAC-01,rg-mac-01-devops-prod,Microsoft.Storage/storageAccounts/fileServices,File Storage,Storage,team:DevOps,320.08,INR,30.24,1 Hour
2026-01-25,sub-psiog-001,MAC-01,rg-mac-01-devops-prod,Microsoft.Network/loadBalancers,Load Balancers,Networking,team:DevOps,186.6,INR,84.47,1 Hour
2026-01-25,sub-psiog-001,MAC-01,rg-mac-01-devops-prod,Microsoft.Sql/servers/databases,SQL Database,Data Services,team:DevOps,413.64,INR,27.78,1 Hour
2026-01-25,sub-psiog-001,MAC-01,rg-mac-01-platform-prod,Microsoft.ContainerService/managedClusters,AKS Clusters,Compute,team:Platform,1004.56,INR,65.23,1 Hour
2026-01-25,sub-psiog-001,MAC-01,rg-mac-01-platform-prod,Microsoft.Storage/storageAccounts,Blob Storage,Storage,team:Platform,299.21,INR,99.59,1 Hour
2026-01-25,sub-psiog-001,MAC-01,rg-mac-01-platform-prod,Microsoft.Network/virtualNetworks,Virtual Networks,Networking,team:Platform,234.03,INR,64.79,1 Hour
2026-01-25,sub-psiog-001,MAC-01,rg-mac-01-platform-prod,Microsoft.Sql/servers/databases,SQL Database,Data Services,team:Platform,414.23,INR,77.44,1 Hour
2026-01-25,sub-psiog-001,MAC-02,rg-mac-02-dataengineering-prod,Microsoft.ContainerService/managedClusters,AKS Clusters,Compute,,850.44,INR,20.39,1 Hour
2026-01-25,sub-psiog-001,MAC-02,rg-mac-02-dataengineering-prod,Microsoft.Storage/storageAccounts,Blob Storage,Storage,team:DataEngineering,674.74,INR,41.0,1 Hour
2026-01-25,sub-psiog-001,MAC-02,rg-mac-02-dataengineering-prod,Microsoft.Network/loadBalancers,Load Balancers,Networking,team:DataEngineering,189.11,INR,51.03,1 Hour
2026-01-25,sub-psiog-001,MAC-02,rg-mac-02-dataengineering-prod,Microsoft.Sql/servers/databases,SQL Database,Data Services,,1052.28,INR,48.72,1 Hour
2026-01-25,sub-psiog-001,MAC-02,rg-mac-02-analytics-prod,Microsoft.ContainerService/managedClusters,AKS Clusters,Compute,team:Analytics,813.31,INR,37.51,1 Hour
2026-01-25,sub-psiog-001,MAC-02,rg-mac-02-analytics-prod,Microsoft.Storage/storageAccounts/fileServices,File Storage,Storage,team:Analytics,587.16,INR,35.29,1 Hour
2026-01-25,sub-psiog-001,MAC-02,rg-mac-02-analytics-prod,Microsoft.Network/loadBalancers,Load Balancers,Networking,team:Analytics,157.47,INR,33.64,1 Hour
2026-01-25,sub-psiog-001,MAC-02,rg-mac-02-analytics-prod,Microsoft.Sql/servers/databases,SQL Database,Data Services,team:Analytics,903.43,INR,59.11,1 Hour
2026-01-25,sub-psiog-001,MAC-03,rg-mac-03-product-prod,Microsoft.Compute/virtualMachines,Virtual Machines,Compute,team:Product,698.13,INR,7.36,1 Hour
2026-01-25,sub-psiog-001,MAC-03,rg-mac-03-product-prod,Microsoft.Storage/storageAccounts,Blob Storage,Storage,team:Product,238.8,INR,31.79,1 Hour
2026-01-25,sub-psiog-001,MAC-03,rg-mac-03-product-prod,Microsoft.Network/loadBalancers,Load Balancers,Networking,team:Product,137.83,INR,91.75,1 Hour
2026-01-25,sub-psiog-001,MAC-03,rg-mac-03-product-prod,Microsoft.Sql/servers/databases,SQL Database,Data Services,team:Product,300.41,INR,59.65,1 Hour
2026-01-25,sub-psiog-001,MAC-03,rg-mac-03-frontend-prod,Microsoft.ContainerService/managedClusters,AKS Clusters,Compute,team:Frontend,482.55,INR,82.54,1 Hour
2026-01-25,sub-psiog-001,MAC-03,rg-mac-03-frontend-prod,Microsoft.Storage/storageAccounts/fileServices,File Storage,Storage,team:Frontend,135.46,INR,77.8,1 Hour
2026-01-25,sub-psiog-001,MAC-03,rg-mac-03-frontend-prod,Microsoft.Network/loadBalancers,Load Balancers,Networking,team:Frontend,92.51,INR,50.16,1 Hour
2026-01-25,sub-psiog-001,MAC-03,rg-mac-03-frontend-prod,Microsoft.DocumentDB/databaseAccounts,Cosmos DB,Data Services,team:Frontend,189.13,INR,54.74,1 Hour
2026-01-25,sub-psiog-001,MAC-04,rg-mac-04-backend-prod,Microsoft.Compute/virtualMachines,Virtual Machines,Compute,team:Backend,917.71,INR,31.84,1 Hour
2026-01-25,sub-psiog-001,MAC-04,rg-mac-04-backend-prod,Microsoft.Storage/storageAccounts/fileServices,File Storage,Storage,team:Backend,383.3,INR,34.14,1 Hour
2026-01-25,sub-psiog-001,MAC-04,rg-mac-04-backend-prod,Microsoft.Network/virtualNetworks,Virtual Networks,Networking,team:Backend,209.49,INR,10.08,1 Hour
2026-01-25,sub-psiog-001,MAC-04,rg-mac-04-backend-prod,Microsoft.DocumentDB/databaseAccounts,Cosmos DB,Data Services,team:Backend,505.62,INR,14.06,1 Hour
2026-01-25,sub-psiog-001,MAC-04,rg-mac-04-qa-prod,Microsoft.ContainerService/managedClusters,AKS Clusters,Compute,team:QA,460.8,INR,94.05,1 Hour
2026-01-25,sub-psiog-001,MAC-04,rg-mac-04-qa-prod,Microsoft.Storage/storageAccounts,Blob Storage,Storage,team:QA,166.31,INR,99.99,1 Hour
2026-01-25,sub-psiog-001,MAC-04,rg-mac-04-qa-prod,Microsoft.Network/virtualNetworks,Virtual Networks,Networking,,81.01,INR,98.61,1 Hour
2026-01-25,sub-psiog-001,MAC-04,rg-mac-04-qa-prod,Microsoft.DocumentDB/databaseAccounts,Cosmos DB,Data Services,team:QA,295.86,INR,79.41,1 Hour
2026-01-25,sub-psiog-001,MAC-05,rg-mac-05-security-prod,Microsoft.ContainerService/managedClusters,AKS Clusters,Compute,team:Security,754.78,INR,51.74,1 Hour
2026-01-25,sub-psiog-001,MAC-05,rg-mac-05-security-prod,Microsoft.Storage/storageAccounts,Blob Storage,Storage,team:Security,248.25,INR,42.98,1 Hour
2026-01-25,sub-psiog-001,MAC-05,rg-mac-05-security-prod,Microsoft.Network/virtualNetworks,Virtual Networks,Networking,team:Security,308.57,INR,1.48,1 Hour
2026-01-25,sub-psiog-001,MAC-05,rg-mac-05-security-prod,Microsoft.DocumentDB/databaseAccounts,Cosmos DB,Data Services,team:Security,354.24,INR,30.89,1 Hour
2026-01-25,sub-psiog-001,MAC-05,rg-mac-05-compliance-prod,Microsoft.Compute/virtualMachines,Virtual Machines,Compute,team:Compliance,380.57,INR,80.2,1 Hour
2026-01-25,sub-psiog-001,MAC-05,rg-mac-05-compliance-prod,Microsoft.Storage/storageAccounts,Blob Storage,Storage,team:Compliance,236.42,INR,63.9,1 Hour
2026-01-25,sub-psiog-001,MAC-05,rg-mac-05-compliance-prod,Microsoft.Network/virtualNetworks,Virtual Networks,Networking,team:Compliance,134.31,INR,14.07,1 Hour
2026-01-25,sub-psiog-001,MAC-05,rg-mac-05-compliance-prod,Microsoft.Sql/servers/databases,SQL Database,Data Services,team:Compliance,282.88,INR,34.86,1 Hour
2026-01-25,sub-psiog-001,MAC-06,rg-mac-06-infrastructure-prod,Microsoft.Compute/virtualMachines,Virtual Machines,Compute,team:Infrastructure,1345.93,INR,51.29,1 Hour
2026-01-25,sub-psiog-001,MAC-06,rg-mac-06-infrastructure-prod,Microsoft.Storage/storageAccounts,Blob Storage,Storage,team:Infrastructure,436.51,INR,5.98,1 Hour
2026-01-25,sub-psiog-001,MAC-06,rg-mac-06-infrastructure-prod,Microsoft.Network/loadBalancers,Load Balancers,Networking,team:Infrastructure,328.38,INR,84.17,1 Hour
2026-01-25,sub-psiog-001,MAC-06,rg-mac-06-infrastructure-prod,Microsoft.Sql/servers/databases,SQL Database,Data Services,team:Infrastructure,418.3,INR,57.3,1 Hour
2026-01-25,sub-psiog-001,MAC-06,rg-mac-06-cloudops-prod,Microsoft.ContainerService/managedClusters,AKS Clusters,Compute,team:CloudOps,1232.55,INR,60.1,1 Hour
2026-01-25,sub-psiog-001,MAC-06,rg-mac-06-cloudops-prod,Microsoft.Storage/storageAccounts/fileServices,File Storage,Storage,team:CloudOps,391.1,INR,59.68,1 Hour
2026-01-25,sub-psiog-001,MAC-06,rg-mac-06-cloudops-prod,Microsoft.Network/virtualNetworks,Virtual Networks,Networking,team:CloudOps,308.2,INR,62.12,1 Hour
2026-01-25,sub-psiog-001,MAC-06,rg-mac-06-cloudops-prod,Microsoft.DocumentDB/databaseAccounts,Cosmos DB,Data Services,team:CloudOps,479.95,INR,4.26,1 Hour
2026-01-25,sub-psiog-001,MAC-07,rg-mac-07-ml-prod,Microsoft.Compute/virtualMachines,Virtual Machines,Compute,team:ML,1919.1,INR,77.48,1 Hour
2026-01-25,sub-psiog-001,MAC-07,rg-mac-07-ml-prod,Microsoft.Storage/storageAccounts,Blob Storage,Storage,team:ML,587.45,INR,25.08,1 Hour
2026-01-25,sub-psiog-001,MAC-07,rg-mac-07-ml-prod,Microsoft.Network/loadBalancers,Load Balancers,Networking,team:ML,206.89,INR,93.65,1 Hour
2026-01-25,sub-psiog-001,MAC-07,rg-mac-07-ml-prod,Microsoft.Sql/servers/databases,SQL Database,Data Services,team:ML,830.45,INR,52.26,1 Hour
2026-01-25,sub-psiog-001,MAC-07,rg-mac-07-research-prod,Microsoft.ContainerService/managedClusters,AKS Clusters,Compute,team:Research,823.88,INR,42.48,1 Hour
2026-01-25,sub-psiog-001,MAC-07,rg-mac-07-research-prod,Microsoft.Storage/storageAccounts,Blob Storage,Storage,team:Research,466.65,INR,17.47,1 Hour
2026-01-25,sub-psiog-001,MAC-07,rg-mac-07-research-prod,Microsoft.Network/loadBalancers,Load Balancers,Networking,team:Research,176.73,INR,81.9,1 Hour
2026-01-25,sub-psiog-001,MAC-07,rg-mac-07-research-prod,Microsoft.Sql/servers/databases,SQL Database,Data Services,team:Research,733.93,INR,46.27,1 Hour
2026-01-25,sub-psiog-001,MAC-08,rg-mac-08-finance-prod,Microsoft.ContainerService/managedClusters,AKS Clusters,Compute,team:Finance,331.05,INR,86.39,1 Hour
2026-01-25,sub-psiog-001,MAC-08,rg-mac-08-finance-prod,Microsoft.Storage/storageAccounts,Blob Storage,Storage,team:Finance,239.56,INR,4.5,1 Hour
2026-01-25,sub-psiog-001,MAC-08,rg-mac-08-finance-prod,Microsoft.Network/loadBalancers,Load Balancers,Networking,team:Finance,93.07,INR,45.08,1 Hour
2026-01-25,sub-psiog-001,MAC-08,rg-mac-08-finance-prod,Microsoft.Sql/servers/databases,SQL Database,Data Services,team:Finance,540.7,INR,40.55,1 Hour
2026-01-25,sub-psiog-001,MAC-08,rg-mac-08-operations-prod,Microsoft.Compute/virtualMachines,Virtual Machines,Compute,team:Operations,479.25,INR,71.5,1 Hour
2026-01-25,sub-psiog-001,MAC-08,rg-mac-08-operations-prod,Microsoft.Storage/storageAccounts/fileServices,File Storage,Storage,team:Operations,355.77,INR,83.41,1 Hour
2026-01-25,sub-psiog-001,MAC-08,rg-mac-08-operations-prod,Microsoft.Network/loadBalancers,Load Balancers,Networking,team:Operations,116.0,INR,46.18,1 Hour
2026-01-25,sub-psiog-001,MAC-08,rg-mac-08-operations-prod,Microsoft.DocumentDB/databaseAccounts,Cosmos DB,Data Services,team:Operations,439.52,INR,78.13,1 Hour
2026-01-26,sub-psiog-001,MAC-01,rg-mac-01-devops-prod,Microsoft.Compute/virtualMachines,Virtual Machines,Compute,,1183.36,INR,77.34,1 Hour
2026-01-26,sub-psiog-001,MAC-01,rg-mac-01-devops-prod,Microsoft.Storage/storageAccounts,Blob Storage,Storage,team:DevOps,312.42,INR,94.65,1 Hour
2026-01-26,sub-psiog-001,MAC-01,rg-mac-01-devops-prod,Microsoft.Network/loadBalancers,Load Balancers,Networking,team:DevOps,195.21,INR,50.79,1 Hour
2026-01-26,sub-psiog-001,MAC-01,rg-mac-01-devops-prod,Microsoft.DocumentDB/databaseAccounts,Cosmos DB,Data Services,team:DevOps,410.91,INR,8.35,1 Hour
2026-01-26,sub-psiog-001,MAC-01,rg-mac-01-platform-prod,Microsoft.Compute/virtualMachines,Virtual Machines,Compute,team:Platform,1101.36,INR,21.23,1 Hour
2026-01-26,sub-psiog-001,MAC-01,rg-mac-01-platform-prod,Microsoft.Storage/storageAccounts,Blob Storage,Storage,team:Platform,303.41,INR,89.62,1 Hour
2026-01-26,sub-psiog-001,MAC-01,rg-mac-01-platform-prod,Microsoft.Network/virtualNetworks,Virtual Networks,Networking,team:Platform,236.93,INR,93.07,1 Hour
2026-01-26,sub-psiog-001,MAC-01,rg-mac-01-platform-prod,Microsoft.Sql/servers/databases,SQL Database,Data Services,team:Platform,427.37,INR,75.81,1 Hour
2026-01-26,sub-psiog-001,MAC-02,rg-mac-02-dataengineering-prod,Microsoft.Compute/virtualMachines,Virtual Machines,Compute,team:DataEngineering,884.1,INR,16.4,1 Hour
2026-01-26,sub-psiog-001,MAC-02,rg-mac-02-dataengineering-prod,Microsoft.Storage/storageAccounts/fileServices,File Storage,Storage,team:DataEngineering,613.88,INR,52.36,1 Hour
2026-01-26,sub-psiog-001,MAC-02,rg-mac-02-dataengineering-prod,Microsoft.Network/loadBalancers,Load Balancers,Networking,,199.13,INR,95.91,1 Hour
2026-01-26,sub-psiog-001,MAC-02,rg-mac-02-dataengineering-prod,Microsoft.DocumentDB/databaseAccounts,Cosmos DB,Data Services,team:DataEngineering,1052.2,INR,78.61,1 Hour
2026-01-26,sub-psiog-001,MAC-02,rg-mac-02-analytics-prod,Microsoft.Compute/virtualMachines,Virtual Machines,Compute,team:Analytics,790.54,INR,28.29,1 Hour
2026-01-26,sub-psiog-001,MAC-02,rg-mac-02-analytics-prod,Microsoft.Storage/storageAccounts/fileServices,File Storage,Storage,team:Analytics,535.9,INR,53.06,1 Hour
2026-01-26,sub-psiog-001,MAC-02,rg-mac-02-analytics-prod,Microsoft.Network/virtualNetworks,Virtual Networks,Networking,team:Analytics,187.27,INR,50.2,1 Hour
2026-01-26,sub-psiog-001,MAC-02,rg-mac-02-analytics-prod,Microsoft.Sql/servers/databases,SQL Database,Data Services,team:Analytics,1008.7,INR,79.21,1 Hour
2026-01-26,sub-psiog-001,MAC-03,rg-mac-03-product-prod,Microsoft.Compute/virtualMachines,Virtual Machines,Compute,team:Product,630.9,INR,49.93,1 Hour
2026-01-26,sub-psiog-001,MAC-03,rg-mac-03-product-prod,Microsoft.Storage/storageAccounts/fileServices,File Storage,Storage,team:Product,229.96,INR,93.92,1 Hour
2026-01-26,sub-psiog-001,MAC-03,rg-mac-03-product-prod,Microsoft.Network/loadBalancers,Load Balancers,Networking,team:Product,109.17,INR,12.47,1 Hour
2026-01-26,sub-psiog-001,MAC-03,rg-mac-03-product-prod,Microsoft.Sql/servers/databases,SQL Database,Data Services,team:Product,334.77,INR,96.55,1 Hour
2026-01-26,sub-psiog-001,MAC-03,rg-mac-03-frontend-prod,Microsoft.Compute/virtualMachines,Virtual Machines,Compute,team:Frontend,598.6,INR,53.68,1 Hour
2026-01-26,sub-psiog-001,MAC-03,rg-mac-03-frontend-prod,Microsoft.Storage/storageAccounts/fileServices,File Storage,Storage,team:Frontend,178.23,INR,65.87,1 Hour
2026-01-26,sub-psiog-001,MAC-03,rg-mac-03-frontend-prod,Microsoft.Network/loadBalancers,Load Balancers,Networking,team:Frontend,117.65,INR,72.69,1 Hour
2026-01-26,sub-psiog-001,MAC-03,rg-mac-03-frontend-prod,Microsoft.Sql/servers/databases,SQL Database,Data Services,,187.82,INR,54.68,1 Hour
2026-01-26,sub-psiog-001,MAC-04,rg-mac-04-backend-prod,Microsoft.Compute/virtualMachines,Virtual Machines,Compute,team:Backend,887.74,INR,15.97,1 Hour
2026-01-26,sub-psiog-001,MAC-04,rg-mac-04-backend-prod,Microsoft.Storage/storageAccounts/fileServices,File Storage,Storage,team:Backend,351.81,INR,97.98,1 Hour
2026-01-26,sub-psiog-001,MAC-04,rg-mac-04-backend-prod,Microsoft.Network/loadBalancers,Load Balancers,Networking,team:Backend,210.78,INR,77.5,1 Hour
2026-01-26,sub-psiog-001,MAC-04,rg-mac-04-backend-prod,Microsoft.DocumentDB/databaseAccounts,Cosmos DB,Data Services,team:Backend,538.18,INR,47.96,1 Hour
2026-01-26,sub-psiog-001,MAC-04,rg-mac-04-qa-prod,Microsoft.ContainerService/managedClusters,AKS Clusters,Compute,team:QA,419.52,INR,95.42,1 Hour
2026-01-26,sub-psiog-001,MAC-04,rg-mac-04-qa-prod,Microsoft.Storage/storageAccounts/fileServices,File Storage,Storage,,176.19,INR,53.57,1 Hour
2026-01-26,sub-psiog-001,MAC-04,rg-mac-04-qa-prod,Microsoft.Network/virtualNetworks,Virtual Networks,Networking,,99.2,INR,10.85,1 Hour
2026-01-26,sub-psiog-001,MAC-04,rg-mac-04-qa-prod,Microsoft.DocumentDB/databaseAccounts,Cosmos DB,Data Services,team:QA,244.8,INR,69.16,1 Hour
2026-01-26,sub-psiog-001,MAC-05,rg-mac-05-security-prod,Microsoft.Compute/virtualMachines,Virtual Machines,Compute,team:Security,837.22,INR,90.85,1 Hour
2026-01-26,sub-psiog-001,MAC-05,rg-mac-05-security-prod,Microsoft.Storage/storageAccounts/fileServices,File Storage,Storage,team:Security,245.61,INR,98.3,1 Hour
2026-01-26,sub-psiog-001,MAC-05,rg-mac-05-security-prod,Microsoft.Network/virtualNetworks,Virtual Networks,Networking,,271.18,INR,56.15,1 Hour
2026-01-26,sub-psiog-001,MAC-05,rg-mac-05-security-prod,Microsoft.DocumentDB/databaseAccounts,Cosmos DB,Data Services,team:Security,387.11,INR,62.47,1 Hour
2026-01-26,sub-psiog-001,MAC-05,rg-mac-05-compliance-prod,Microsoft.Compute/virtualMachines,Virtual Machines,Compute,team:Compliance,323.59,INR,4.97,1 Hour
2026-01-26,sub-psiog-001,MAC-05,rg-mac-05-compliance-prod,Microsoft.Storage/storageAccounts,Blob Storage,Storage,team:Compliance,216.34,INR,53.32,1 Hour
2026-01-26,sub-psiog-001,MAC-05,rg-mac-05-compliance-prod,Microsoft.Network/loadBalancers,Load Balancers,Networking,team:Compliance,141.2,INR,88.95,1 Hour
2026-01-26,sub-psiog-001,MAC-05,rg-mac-05-compliance-prod,Microsoft.DocumentDB/databaseAccounts,Cosmos DB,Data Services,team:Compliance,314.97,INR,4.75,1 Hour
2026-01-26,sub-psiog-001,MAC-06,rg-mac-06-infrastructure-prod,Microsoft.ContainerService/managedClusters,AKS Clusters,Compute,team:Infrastructure,1308.71,INR,78.12,1 Hour
2026-01-26,sub-psiog-001,MAC-06,rg-mac-06-infrastructure-prod,Microsoft.Storage/storageAccounts/fileServices,File Storage,Storage,team:Infrastructure,480.2,INR,3.36,1 Hour
2026-01-26,sub-psiog-001,MAC-06,rg-mac-06-infrastructure-prod,Microsoft.Network/virtualNetworks,Virtual Networks,Networking,team:Infrastructure,377.25,INR,28.36,1 Hour
2026-01-26,sub-psiog-001,MAC-06,rg-mac-06-infrastructure-prod,Microsoft.Sql/servers/databases,SQL Database,Data Services,team:Infrastructure,425.72,INR,3.48,1 Hour
2026-01-26,sub-psiog-001,MAC-06,rg-mac-06-cloudops-prod,Microsoft.ContainerService/managedClusters,AKS Clusters,Compute,team:CloudOps,1232.42,INR,55.78,1 Hour
2026-01-26,sub-psiog-001,MAC-06,rg-mac-06-cloudops-prod,Microsoft.Storage/storageAccounts/fileServices,File Storage,Storage,team:CloudOps,404.66,INR,42.93,1 Hour
2026-01-26,sub-psiog-001,MAC-06,rg-mac-06-cloudops-prod,Microsoft.Network/virtualNetworks,Virtual Networks,Networking,team:CloudOps,354.45,INR,97.5,1 Hour
2026-01-26,sub-psiog-001,MAC-06,rg-mac-06-cloudops-prod,Microsoft.Sql/servers/databases,SQL Database,Data Services,team:CloudOps,366.12,INR,1.93,1 Hour
2026-01-26,sub-psiog-001,MAC-07,rg-mac-07-ml-prod,Microsoft.Compute/virtualMachines,Virtual Machines,Compute,team:ML,1750.84,INR,47.75,1 Hour
2026-01-26,sub-psiog-001,MAC-07,rg-mac-07-ml-prod,Microsoft.Storage/storageAccounts,Blob Storage,Storage,team:ML,578.37,INR,74.61,1 Hour
2026-01-26,sub-psiog-001,MAC-07,rg-mac-07-ml-prod,Microsoft.Network/loadBalancers,Load Balancers,Networking,team:ML,213.3,INR,37.92,1 Hour
2026-01-26,sub-psiog-001,MAC-07,rg-mac-07-ml-prod,Microsoft.Sql/servers/databases,SQL Database,Data Services,team:ML,647.61,INR,47.75,1 Hour
2026-01-26,sub-psiog-001,MAC-07,rg-mac-07-research-prod,Microsoft.ContainerService/managedClusters,AKS Clusters,Compute,team:Research,848.44,INR,87.42,1 Hour
2026-01-26,sub-psiog-001,MAC-07,rg-mac-07-research-prod,Microsoft.Storage/storageAccounts/fileServices,File Storage,Storage,team:Research,467.77,INR,89.27,1 Hour
2026-01-26,sub-psiog-001,MAC-07,rg-mac-07-research-prod,Microsoft.Network/virtualNetworks,Virtual Networks,Networking,team:Research,168.58,INR,86.54,1 Hour
2026-01-26,sub-psiog-001,MAC-07,rg-mac-07-research-prod,Microsoft.DocumentDB/databaseAccounts,Cosmos DB,Data Services,team:Research,655.76,INR,99.55,1 Hour
2026-01-26,sub-psiog-001,MAC-08,rg-mac-08-finance-prod,Microsoft.ContainerService/managedClusters,AKS Clusters,Compute,team:Finance,328.18,INR,83.05,1 Hour
2026-01-26,sub-psiog-001,MAC-08,rg-mac-08-finance-prod,Microsoft.Storage/storageAccounts/fileServices,File Storage,Storage,team:Finance,193.54,INR,39.26,1 Hour
2026-01-26,sub-psiog-001,MAC-08,rg-mac-08-finance-prod,Microsoft.Network/virtualNetworks,Virtual Networks,Networking,team:Finance,104.24,INR,27.94,1 Hour
2026-01-26,sub-psiog-001,MAC-08,rg-mac-08-finance-prod,Microsoft.Sql/servers/databases,SQL Database,Data Services,team:Finance,499.9,INR,25.11,1 Hour
2026-01-26,sub-psiog-001,MAC-08,rg-mac-08-operations-prod,Microsoft.ContainerService/managedClusters,AKS Clusters,Compute,team:Operations,512.7,INR,36.8,1 Hour
2026-01-26,sub-psiog-001,MAC-08,rg-mac-08-operations-prod,Microsoft.Storage/storageAccounts/fileServices,File Storage,Storage,team:Operations,289.49,INR,54.6,1 Hour
2026-01-26,sub-psiog-001,MAC-08,rg-mac-08-operations-prod,Microsoft.Network/loadBalancers,Load Balancers,Networking,team:Operations,130.92,INR,40.78,1 Hour
2026-01-26,sub-psiog-001,MAC-08,rg-mac-08-operations-prod,Microsoft.DocumentDB/databaseAccounts,Cosmos DB,Data Services,team:Operations,404.98,INR,81.25,1 Hour
2026-01-27,sub-psiog-001,MAC-01,rg-mac-01-devops-prod,Microsoft.Compute/virtualMachines,Virtual Machines,Compute,team:DevOps,1276.48,INR,59.11,1 Hour
2026-01-27,sub-psiog-001,MAC-01,rg-mac-01-devops-prod,Microsoft.Storage/storageAccounts,Blob Storage,Storage,team:DevOps,308.97,INR,39.36,1 Hour
2026-01-27,sub-psiog-001,MAC-01,rg-mac-01-devops-prod,Microsoft.Network/virtualNetworks,Virtual Networks,Networking,team:DevOps,231.83,INR,87.77,1 Hour
2026-01-27,sub-psiog-001,MAC-01,rg-mac-01-devops-prod,Microsoft.DocumentDB/databaseAccounts,Cosmos DB,Data Services,team:DevOps,409.29,INR,79.01,1 Hour
2026-01-27,sub-psiog-001,MAC-01,rg-mac-01-platform-prod,Microsoft.Compute/virtualMachines,Virtual Machines,Compute,team:Platform,1072.95,INR,85.51,1 Hour
2026-01-27,sub-psiog-001,MAC-01,rg-mac-01-platform-prod,Microsoft.Storage/storageAccounts,Blob Storage,Storage,team:Platform,290.35,INR,99.77,1 Hour
2026-01-27,sub-psiog-001,MAC-01,rg-mac-01-platform-prod,Microsoft.Network/loadBalancers,Load Balancers,Networking,team:Platform,284.99,INR,70.93,1 Hour
2026-01-27,sub-psiog-001,MAC-01,rg-mac-01-platform-prod,Microsoft.Sql/servers/databases,SQL Database,Data Services,team:Platform,403.85,INR,19.44,1 Hour
2026-01-27,sub-psiog-001,MAC-02,rg-mac-02-dataengineering-prod,Microsoft.ContainerService/managedClusters,AKS Clusters,Compute,team:DataEngineering,935.37,INR,83.31,1 Hour
2026-01-27,sub-psiog-001,MAC-02,rg-mac-02-dataengineering-prod,Microsoft.Storage/storageAccounts,Blob Storage,Storage,team:DataEngineering,541.74,INR,43.0,1 Hour
2026-01-27,sub-psiog-001,MAC-02,rg-mac-02-dataengineering-prod,Microsoft.Network/loadBalancers,Load Balancers,Networking,team:DataEngineering,208.75,INR,64.05,1 Hour
2026-01-27,sub-psiog-001,MAC-02,rg-mac-02-dataengineering-prod,Microsoft.DocumentDB/databaseAccounts,Cosmos DB,Data Services,team:DataEngineering,917.54,INR,8.87,1 Hour
2026-01-27,sub-psiog-001,MAC-02,rg-mac-02-analytics-prod,Microsoft.ContainerService/managedClusters,AKS Clusters,Compute,team:Analytics,808.79,INR,15.49,1 Hour
2026-01-27,sub-psiog-001,MAC-02,rg-mac-02-analytics-prod,Microsoft.Storage/storageAccounts/fileServices,File Storage,Storage,team:Analytics,620.94,INR,74.71,1 Hour
2026-01-27,sub-psiog-001,MAC-02,rg-mac-02-analytics-prod,Microsoft.Network/virtualNetworks,Virtual Networks,Networking,team:Analytics,152.82,INR,29.03,1 Hour
2026-01-27,sub-psiog-001,MAC-02,rg-mac-02-analytics-prod,Microsoft.DocumentDB/databaseAccounts,Cosmos DB,Data Services,team:Analytics,901.39,INR,98.8,1 Hour
2026-01-27,sub-psiog-001,MAC-03,rg-mac-03-product-prod,Microsoft.Compute/virtualMachines,Virtual Machines,Compute,,561.2,INR,18.07,1 Hour
2026-01-27,sub-psiog-001,MAC-03,rg-mac-03-product-prod,Microsoft.Storage/storageAccounts,Blob Storage,Storage,team:Product,190.55,INR,77.62,1 Hour
2026-01-27,sub-psiog-001,MAC-03,rg-mac-03-product-prod,Microsoft.Network/loadBalancers,Load Balancers,Networking,team:Product,118.05,INR,13.94,1 Hour
2026-01-27,sub-psiog-001,MAC-03,rg-mac-03-product-prod,Microsoft.Sql/servers/databases,SQL Database,Data Services,team:Product,301.22,INR,22.1,1 Hour
2026-01-27,sub-psiog-001,MAC-03,rg-mac-03-frontend-prod,Microsoft.ContainerService/managedClusters,AKS Clusters,Compute,team:Frontend,452.71,INR,33.37,1 Hour
2026-01-27,sub-psiog-001,MAC-03,rg-mac-03-frontend-prod,Microsoft.Storage/storageAccounts,Blob Storage,Storage,team:Frontend,150.11,INR,54.42,1 Hour
2026-01-27,sub-psiog-001,MAC-03,rg-mac-03-frontend-prod,Microsoft.Network/virtualNetworks,Virtual Networks,Networking,team:Frontend,113.88,INR,68.91,1 Hour
2026-01-27,sub-psiog-001,MAC-03,rg-mac-03-frontend-prod,Microsoft.Sql/servers/databases,SQL Database,Data Services,team:Frontend,236.61,INR,46.62,1 Hour
2026-01-27,sub-psiog-001,MAC-04,rg-mac-04-backend-prod,Microsoft.ContainerService/managedClusters,AKS Clusters,Compute,team:Backend,1046.51,INR,38.78,1 Hour
2026-01-27,sub-psiog-001,MAC-04,rg-mac-04-backend-prod,Microsoft.Storage/storageAccounts,Blob Storage,Storage,team:Backend,403.15,INR,95.75,1 Hour
2026-01-27,sub-psiog-001,MAC-04,rg-mac-04-backend-prod,Microsoft.Network/loadBalancers,Load Balancers,Networking,team:Backend,237.71,INR,85.05,1 Hour
2026-01-27,sub-psiog-001,MAC-04,rg-mac-04-backend-prod,Microsoft.Sql/servers/databases,SQL Database,Data Services,team:Backend,504.93,INR,4.39,1 Hour
2026-01-27,sub-psiog-001,MAC-04,rg-mac-04-qa-prod,Microsoft.ContainerService/managedClusters,AKS Clusters,Compute,team:QA,460.15,INR,96.99,1 Hour
2026-01-27,sub-psiog-001,MAC-04,rg-mac-04-qa-prod,Microsoft.Storage/storageAccounts/fileServices,File Storage,Storage,team:QA,217.49,INR,47.42,1 Hour
2026-01-27,sub-psiog-001,MAC-04,rg-mac-04-qa-prod,Microsoft.Network/virtualNetworks,Virtual Networks,Networking,team:QA,106.65,INR,73.54,1 Hour
2026-01-27,sub-psiog-001,MAC-04,rg-mac-04-qa-prod,Microsoft.DocumentDB/databaseAccounts,Cosmos DB,Data Services,team:QA,269.94,INR,5.84,1 Hour
2026-01-27,sub-psiog-001,MAC-05,rg-mac-05-security-prod,Microsoft.ContainerService/managedClusters,AKS Clusters,Compute,,742.56,INR,28.59,1 Hour
2026-01-27,sub-psiog-001,MAC-05,rg-mac-05-security-prod,Microsoft.Storage/storageAccounts/fileServices,File Storage,Storage,team:Security,255.11,INR,25.06,1 Hour
2026-01-27,sub-psiog-001,MAC-05,rg-mac-05-security-prod,Microsoft.Network/loadBalancers,Load Balancers,Networking,team:Security,340.18,INR,50.2,1 Hour
2026-01-27,sub-psiog-001,MAC-05,rg-mac-05-security-prod,Microsoft.DocumentDB/databaseAccounts,Cosmos DB,Data Services,team:Security,390.78,INR,9.21,1 Hour
2026-01-27,sub-psiog-001,MAC-05,rg-mac-05-compliance-prod,Microsoft.Compute/virtualMachines,Virtual Machines,Compute,team:Compliance,352.51,INR,94.71,1 Hour
2026-01-27,sub-psiog-001,MAC-05,rg-mac-05-compliance-prod,Microsoft.Storage/storageAccounts/fileServices,File Storage,Storage,team:Compliance,219.32,INR,16.07,1 Hour
2026-01-27,sub-psiog-001,MAC-05,rg-mac-05-compliance-prod,Microsoft.Network/virtualNetworks,Virtual Networks,Networking,team:Compliance,149.85,INR,51.48,1 Hour
2026-01-27,sub-psiog-001,MAC-05,rg-mac-05-compliance-prod,Microsoft.Sql/servers/databases,SQL Database,Data Services,team:Compliance,353.66,INR,89.46,1 Hour
2026-01-27,sub-psiog-001,MAC-06,rg-mac-06-infrastructure-prod,Microsoft.Compute/virtualMachines,Virtual Machines,Compute,team:Infrastructure,1356.71,INR,67.33,1 Hour
2026-01-27,sub-psiog-001,MAC-06,rg-mac-06-infrastructure-prod,Microsoft.Storage/storageAccounts/fileServices,File Storage,Storage,team:Infrastructure,437.37,INR,39.42,1 Hour
2026-01-27,sub-psiog-001,MAC-06,rg-mac-06-infrastructure-prod,Microsoft.Network/virtualNetworks,Virtual Networks,Networking,team:Infrastructure,396.4,INR,5.6,1 Hour
2026-01-27,sub-psiog-001,MAC-06,rg-mac-06-infrastructure-prod,Microsoft.DocumentDB/databaseAccounts,Cosmos DB,Data Services,team:Infrastructure,383.59,INR,93.7,1 Hour
2026-01-27,sub-psiog-001,MAC-06,rg-mac-06-cloudops-prod,Microsoft.ContainerService/managedClusters,AKS Clusters,Compute,team:CloudOps,1543.81,INR,81.0,1 Hour
2026-01-27,sub-psiog-001,MAC-06,rg-mac-06-cloudops-prod,Microsoft.Storage/storageAccounts,Blob Storage,Storage,team:CloudOps,381.21,INR,42.59,1 Hour
2026-01-27,sub-psiog-001,MAC-06,rg-mac-06-cloudops-prod,Microsoft.Network/loadBalancers,Load Balancers,Networking,team:CloudOps,301.29,INR,51.47,1 Hour
2026-01-27,sub-psiog-001,MAC-06,rg-mac-06-cloudops-prod,Microsoft.Sql/servers/databases,SQL Database,Data Services,team:CloudOps,454.6,INR,25.98,1 Hour
2026-01-27,sub-psiog-001,MAC-07,rg-mac-07-ml-prod,Microsoft.Compute/virtualMachines,Virtual Machines,Compute,team:ML,1510.46,INR,55.5,1 Hour
2026-01-27,sub-psiog-001,MAC-07,rg-mac-07-ml-prod,Microsoft.Storage/storageAccounts/fileServices,File Storage,Storage,team:ML,593.36,INR,36.8,1 Hour
2026-01-27,sub-psiog-001,MAC-07,rg-mac-07-ml-prod,Microsoft.Network/loadBalancers,Load Balancers,Networking,team:ML,192.93,INR,30.39,1 Hour
2026-01-27,sub-psiog-001,MAC-07,rg-mac-07-ml-prod,Microsoft.DocumentDB/databaseAccounts,Cosmos DB,Data Services,team:ML,664.52,INR,50.61,1 Hour
2026-01-27,sub-psiog-001,MAC-07,rg-mac-07-research-prod,Microsoft.ContainerService/managedClusters,AKS Clusters,Compute,team:Research,906.25,INR,86.81,1 Hour
2026-01-27,sub-psiog-001,MAC-07,rg-mac-07-research-prod,Microsoft.Storage/storageAccounts,Blob Storage,Storage,team:Research,420.23,INR,95.1,1 Hour
2026-01-27,sub-psiog-001,MAC-07,rg-mac-07-research-prod,Microsoft.Network/loadBalancers,Load Balancers,Networking,team:Research,202.73,INR,60.6,1 Hour
2026-01-27,sub-psiog-001,MAC-07,rg-mac-07-research-prod,Microsoft.Sql/servers/databases,SQL Database,Data Services,team:Research,672.11,INR,80.6,1 Hour
2026-01-27,sub-psiog-001,MAC-08,rg-mac-08-finance-prod,Microsoft.ContainerService/managedClusters,AKS Clusters,Compute,team:Finance,357.65,INR,61.85,1 Hour
2026-01-27,sub-psiog-001,MAC-08,rg-mac-08-finance-prod,Microsoft.Storage/storageAccounts,Blob Storage,Storage,team:Finance,225.06,INR,6.98,1 Hour
2026-01-27,sub-psiog-001,MAC-08,rg-mac-08-finance-prod,Microsoft.Network/virtualNetworks,Virtual Networks,Networking,team:Finance,109.1,INR,58.19,1 Hour
2026-01-27,sub-psiog-001,MAC-08,rg-mac-08-finance-prod,Microsoft.DocumentDB/databaseAccounts,Cosmos DB,Data Services,team:Finance,435.01,INR,96.06,1 Hour
2026-01-27,sub-psiog-001,MAC-08,rg-mac-08-operations-prod,Microsoft.Compute/virtualMachines,Virtual Machines,Compute,team:Operations,541.08,INR,23.78,1 Hour
2026-01-27,sub-psiog-001,MAC-08,rg-mac-08-operations-prod,Microsoft.Storage/storageAccounts/fileServices,File Storage,Storage,team:Operations,269.11,INR,14.38,1 Hour
2026-01-27,sub-psiog-001,MAC-08,rg-mac-08-operations-prod,Microsoft.Network/virtualNetworks,Virtual Networks,Networking,team:Operations,156.04,INR,21.39,1 Hour
2026-01-27,sub-psiog-001,MAC-08,rg-mac-08-operations-prod,Microsoft.DocumentDB/databaseAccounts,Cosmos DB,Data Services,team:Operations,380.99,INR,45.15,1 Hour
2026-01-28,sub-psiog-001,MAC-01,rg-mac-01-devops-prod,Microsoft.Compute/virtualMachines,Virtual Machines,Compute,team:DevOps,1217.99,INR,37.09,1 Hour
2026-01-28,sub-psiog-001,MAC-01,rg-mac-01-devops-prod,Microsoft.Storage/storageAccounts,Blob Storage,Storage,team:DevOps,344.02,INR,30.9,1 Hour
2026-01-28,sub-psiog-001,MAC-01,rg-mac-01-devops-prod,Microsoft.Network/loadBalancers,Load Balancers,Networking,team:DevOps,232.49,INR,93.5,1 Hour
2026-01-28,sub-psiog-001,MAC-01,rg-mac-01-devops-prod,Microsoft.DocumentDB/databaseAccounts,Cosmos DB,Data Services,team:DevOps,407.81,INR,33.21,1 Hour
2026-01-28,sub-psiog-001,MAC-01,rg-mac-01-platform-prod,Microsoft.Compute/virtualMachines,Virtual Machines,Compute,team:Platform,1329.52,INR,4.69,1 Hour
2026-01-28,sub-psiog-001,MAC-01,rg-mac-01-platform-prod,Microsoft.Storage/storageAccounts,Blob Storage,Storage,team:Platform,294.33,INR,64.66,1 Hour
2026-01-28,sub-psiog-001,MAC-01,rg-mac-01-platform-prod,Microsoft.Network/loadBalancers,Load Balancers,Networking,team:Platform,247.19,INR,6.19,1 Hour
2026-01-28,sub-psiog-001,MAC-01,rg-mac-01-platform-prod,Microsoft.DocumentDB/databaseAccounts,Cosmos DB,Data Services,team:Platform,396.1,INR,31.73,1 Hour
2026-01-28,sub-psiog-001,MAC-02,rg-mac-02-dataengineering-prod,Microsoft.ContainerService/managedClusters,AKS Clusters,Compute,team:DataEngineering,830.56,INR,42.47,1 Hour
2026-01-28,sub-psiog-001,MAC-02,rg-mac-02-dataengineering-prod,Microsoft.Storage/storageAccounts,Blob Storage,Storage,team:DataEngineering,707.13,INR,16.75,1 Hour
2026-01-28,sub-psiog-001,MAC-02,rg-mac-02-dataengineering-prod,Microsoft.Network/loadBalancers,Load Balancers,Networking,,198.09,INR,49.87,1 Hour
2026-01-28,sub-psiog-001,MAC-02,rg-mac-02-dataengineering-prod,Microsoft.DocumentDB/databaseAccounts,Cosmos DB,Data Services,team:DataEngineering,946.55,INR,45.62,1 Hour
2026-01-28,sub-psiog-001,MAC-02,rg-mac-02-analytics-prod,Microsoft.Compute/virtualMachines,Virtual Machines,Compute,team:Analytics,962.79,INR,55.83,1 Hour
2026-01-28,sub-psiog-001,MAC-02,rg-mac-02-analytics-prod,Microsoft.Storage/storageAccounts/fileServices,File Storage,Storage,team:Analytics,630.02,INR,17.6,1 Hour
2026-01-28,sub-psiog-001,MAC-02,rg-mac-02-analytics-prod,Microsoft.Network/virtualNetworks,Virtual Networks,Networking,,167.98,INR,5.22,1 Hour
2026-01-28,sub-psiog-001,MAC-02,rg-mac-02-analytics-prod,Microsoft.DocumentDB/databaseAccounts,Cosmos DB,Data Services,team:Analytics,949.79,INR,38.02,1 Hour
2026-01-28,sub-psiog-001,MAC-03,rg-mac-03-product-prod,Microsoft.Compute/virtualMachines,Virtual Machines,Compute,team:Product,592.34,INR,14.23,1 Hour
2026-01-28,sub-psiog-001,MAC-03,rg-mac-03-product-prod,Microsoft.Storage/storageAccounts,Blob Storage,Storage,team:Product,238.06,INR,64.97,1 Hour
2026-01-28,sub-psiog-001,MAC-03,rg-mac-03-product-prod,Microsoft.Network/virtualNetworks,Virtual Networks,Networking,team:Product,116.94,INR,82.65,1 Hour
2026-01-28,sub-psiog-001,MAC-03,rg-mac-03-product-prod,Microsoft.Sql/servers/databases,SQL Database,Data Services,team:Product,320.22,INR,10.59,1 Hour
2026-01-28,sub-psiog-001,MAC-03,rg-mac-03-frontend-prod,Microsoft.ContainerService/managedClusters,AKS Clusters,Compute,team:Frontend,517.59,INR,90.77,1 Hour
2026-01-28,sub-psiog-001,MAC-03,rg-mac-03-frontend-prod,Microsoft.Storage/storageAccounts/fileServices,File Storage,Storage,,161.74,INR,7.07,1 Hour
2026-01-28,sub-psiog-001,MAC-03,rg-mac-03-frontend-prod,Microsoft.Network/virtualNetworks,Virtual Networks,Networking,team:Frontend,104.77,INR,32.73,1 Hour
2026-01-28,sub-psiog-001,MAC-03,rg-mac-03-frontend-prod,Microsoft.Sql/servers/databases,SQL Database,Data Services,team:Frontend,214.26,INR,73.91,1 Hour
2026-01-28,sub-psiog-001,MAC-04,rg-mac-04-backend-prod,Microsoft.Compute/virtualMachines,Virtual Machines,Compute,team:Backend,998.7,INR,23.0,1 Hour
2026-01-28,sub-psiog-001,MAC-04,rg-mac-04-backend-prod,Microsoft.Storage/storageAccounts,Blob Storage,Storage,team:Backend,322.91,INR,38.35,1 Hour
2026-01-28,sub-psiog-001,MAC-04,rg-mac-04-backend-prod,Microsoft.Network/virtualNetworks,Virtual Networks,Networking,team:Backend,251.06,INR,19.56,1 Hour
2026-01-28,sub-psiog-001,MAC-04,rg-mac-04-backend-prod,Microsoft.DocumentDB/databaseAccounts,Cosmos DB,Data Services,team:Backend,519.39,INR,48.24,1 Hour
2026-01-28,sub-psiog-001,MAC-04,rg-mac-04-qa-prod,Microsoft.Compute/virtualMachines,Virtual Machines,Compute,team:QA,483.81,INR,28.99,1 Hour
2026-01-28,sub-psiog-001,MAC-04,rg-mac-04-qa-prod,Microsoft.Storage/storageAccounts,Blob Storage,Storage,team:QA,203.71,INR,18.38,1 Hour
2026-01-28,sub-psiog-001,MAC-04,rg-mac-04-qa-prod,Microsoft.Network/virtualNetworks,Virtual Networks,Networking,,104.7,INR,72.48,1 Hour
2026-01-28,sub-psiog-001,MAC-04,rg-mac-04-qa-prod,Microsoft.DocumentDB/databaseAccounts,Cosmos DB,Data Services,team:QA,291.66,INR,58.37,1 Hour
2026-01-28,sub-psiog-001,MAC-05,rg-mac-05-security-prod,Microsoft.Compute/virtualMachines,Virtual Machines,Compute,team:Security,759.51,INR,14.31,1 Hour
2026-01-28,sub-psiog-001,MAC-05,rg-mac-05-security-prod,Microsoft.Storage/storageAccounts,Blob Storage,Storage,team:Security,262.6,INR,14.93,1 Hour
2026-01-28,sub-psiog-001,MAC-05,rg-mac-05-security-prod,Microsoft.Network/loadBalancers,Load Balancers,Networking,team:Security,292.63,INR,25.24,1 Hour
2026-01-28,sub-psiog-001,MAC-05,rg-mac-05-security-prod,Microsoft.Sql/servers/databases,SQL Database,Data Services,team:Security,357.13,INR,23.7,1 Hour
2026-01-28,sub-psiog-001,MAC-05,rg-mac-05-compliance-prod,Microsoft.Compute/virtualMachines,Virtual Machines,Compute,team:Compliance,391.1,INR,70.48,1 Hour
2026-01-28,sub-psiog-001,MAC-05,rg-mac-05-compliance-prod,Microsoft.Storage/storageAccounts,Blob Storage,Storage,team:Compliance,258.46,INR,74.98,1 Hour
2026-01-28,sub-psiog-001,MAC-05,rg-mac-05-compliance-prod,Microsoft.Network/loadBalancers,Load Balancers,Networking,team:Compliance,155.4,INR,93.77,1 Hour
2026-01-28,sub-psiog-001,MAC-05,rg-mac-05-compliance-prod,Microsoft.Sql/servers/databases,SQL Database,Data Services,team:Compliance,329.1,INR,92.44,1 Hour
2026-01-28,sub-psiog-001,MAC-06,rg-mac-06-infrastructure-prod,Microsoft.Compute/virtualMachines,Virtual Machines,Compute,team:Infrastructure,1352.64,INR,70.65,1 Hour
2026-01-28,sub-psiog-001,MAC-06,rg-mac-06-infrastructure-prod,Microsoft.Storage/storageAccounts,Blob Storage,Storage,team:Infrastructure,429.24,INR,49.61,1 Hour
2026-01-28,sub-psiog-001,MAC-06,rg-mac-06-infrastructure-prod,Microsoft.Network/loadBalancers,Load Balancers,Networking,team:Infrastructure,402.47,INR,2.99,1 Hour
2026-01-28,sub-psiog-001,MAC-06,rg-mac-06-infrastructure-prod,Microsoft.DocumentDB/databaseAccounts,Cosmos DB,Data Services,team:Infrastructure,445.99,INR,92.05,1 Hour
2026-01-28,sub-psiog-001,MAC-06,rg-mac-06-cloudops-prod,Microsoft.ContainerService/managedClusters,AKS Clusters,Compute,team:CloudOps,1230.46,INR,29.51,1 Hour
2026-01-28,sub-psiog-001,MAC-06,rg-mac-06-cloudops-prod,Microsoft.Storage/storageAccounts,Blob Storage,Storage,team:CloudOps,360.73,INR,91.28,1 Hour
2026-01-28,sub-psiog-001,MAC-06,rg-mac-06-cloudops-prod,Microsoft.Network/loadBalancers,Load Balancers,Networking,team:CloudOps,304.61,INR,24.36,1 Hour
2026-01-28,sub-psiog-001,MAC-06,rg-mac-06-cloudops-prod,Microsoft.Sql/servers/databases,SQL Database,Data Services,team:CloudOps,431.21,INR,12.8,1 Hour
2026-01-28,sub-psiog-001,MAC-07,rg-mac-07-ml-prod,Microsoft.ContainerService/managedClusters,AKS Clusters,Compute,,1753.37,INR,3.23,1 Hour
2026-01-28,sub-psiog-001,MAC-07,rg-mac-07-ml-prod,Microsoft.Storage/storageAccounts/fileServices,File Storage,Storage,team:ML,449.29,INR,96.11,1 Hour
2026-01-28,sub-psiog-001,MAC-07,rg-mac-07-ml-prod,Microsoft.Network/loadBalancers,Load Balancers,Networking,team:ML,230.68,INR,63.13,1 Hour
2026-01-28,sub-psiog-001,MAC-07,rg-mac-07-ml-prod,Microsoft.Sql/servers/databases,SQL Database,Data Services,team:ML,696.39,INR,98.51,1 Hour
2026-01-28,sub-psiog-001,MAC-07,rg-mac-07-research-prod,Microsoft.Compute/virtualMachines,Virtual Machines,Compute,team:Research,914.54,INR,35.18,1 Hour
2026-01-28,sub-psiog-001,MAC-07,rg-mac-07-research-prod,Microsoft.Storage/storageAccounts/fileServices,File Storage,Storage,team:Research,431.49,INR,26.02,1 Hour
2026-01-28,sub-psiog-001,MAC-07,rg-mac-07-research-prod,Microsoft.Network/loadBalancers,Load Balancers,Networking,team:Research,177.3,INR,9.93,1 Hour
2026-01-28,sub-psiog-001,MAC-07,rg-mac-07-research-prod,Microsoft.Sql/servers/databases,SQL Database,Data Services,team:Research,646.33,INR,66.54,1 Hour
2026-01-28,sub-psiog-001,MAC-08,rg-mac-08-finance-prod,Microsoft.ContainerService/managedClusters,AKS Clusters,Compute,team:Finance,280.81,INR,45.14,1 Hour
2026-01-28,sub-psiog-001,MAC-08,rg-mac-08-finance-prod,Microsoft.Storage/storageAccounts/fileServices,File Storage,Storage,team:Finance,225.7,INR,74.94,1 Hour
2026-01-28,sub-psiog-001,MAC-08,rg-mac-08-finance-prod,Microsoft.Network/loadBalancers,Load Balancers,Networking,team:Finance,99.92,INR,78.88,1 Hour
2026-01-28,sub-psiog-001,MAC-08,rg-mac-08-finance-prod,Microsoft.Sql/servers/databases,SQL Database,Data Services,team:Finance,538.4,INR,31.03,1 Hour
2026-01-28,sub-psiog-001,MAC-08,rg-mac-08-operations-prod,Microsoft.ContainerService/managedClusters,AKS Clusters,Compute,team:Operations,540.03,INR,84.6,1 Hour
2026-01-28,sub-psiog-001,MAC-08,rg-mac-08-operations-prod,Microsoft.Storage/storageAccounts/fileServices,File Storage,Storage,team:Operations,304.01,INR,74.73,1 Hour
2026-01-28,sub-psiog-001,MAC-08,rg-mac-08-operations-prod,Microsoft.Network/virtualNetworks,Virtual Networks,Networking,team:Operations,127.15,INR,26.2,1 Hour
2026-01-28,sub-psiog-001,MAC-08,rg-mac-08-operations-prod,Microsoft.DocumentDB/databaseAccounts,Cosmos DB,Data Services,team:Operations,387.62,INR,77.98,1 Hour
2026-01-29,sub-psiog-001,MAC-01,rg-mac-01-devops-prod,Microsoft.Compute/virtualMachines,Virtual Machines,Compute,team:DevOps,1404.52,INR,51.55,1 Hour
2026-01-29,sub-psiog-001,MAC-01,rg-mac-01-devops-prod,Microsoft.Storage/storageAccounts/fileServices,File Storage,Storage,team:DevOps,320.23,INR,51.0,1 Hour
2026-01-29,sub-psiog-001,MAC-01,rg-mac-01-devops-prod,Microsoft.Network/loadBalancers,Load Balancers,Networking,team:DevOps,190.36,INR,33.72,1 Hour
2026-01-29,sub-psiog-001,MAC-01,rg-mac-01-devops-prod,Microsoft.DocumentDB/databaseAccounts,Cosmos DB,Data Services,,440.99,INR,46.0,1 Hour
2026-01-29,sub-psiog-001,MAC-01,rg-mac-01-platform-prod,Microsoft.ContainerService/managedClusters,AKS Clusters,Compute,team:Platform,1164.06,INR,51.55,1 Hour
2026-01-29,sub-psiog-001,MAC-01,rg-mac-01-platform-prod,Microsoft.Storage/storageAccounts/fileServices,File Storage,Storage,team:Platform,333.4,INR,73.58,1 Hour
2026-01-29,sub-psiog-001,MAC-01,rg-mac-01-platform-prod,Microsoft.Network/virtualNetworks,Virtual Networks,Networking,team:Platform,300.21,INR,27.62,1 Hour
2026-01-29,sub-psiog-001,MAC-01,rg-mac-01-platform-prod,Microsoft.Sql/servers/databases,SQL Database,Data Services,team:Platform,404.91,INR,76.83,1 Hour
2026-01-29,sub-psiog-001,MAC-02,rg-mac-02-dataengineering-prod,Microsoft.ContainerService/managedClusters,AKS Clusters,Compute,team:DataEngineering,1060.34,INR,32.94,1 Hour
2026-01-29,sub-psiog-001,MAC-02,rg-mac-02-dataengineering-prod,Microsoft.Storage/storageAccounts,Blob Storage,Storage,team:DataEngineering,653.29,INR,95.05,1 Hour
2026-01-29,sub-psiog-001,MAC-02,rg-mac-02-dataengineering-prod,Microsoft.Network/virtualNetworks,Virtual Networks,Networking,,194.71,INR,91.1,1 Hour
2026-01-29,sub-psiog-001,MAC-02,rg-mac-02-dataengineering-prod,Microsoft.DocumentDB/databaseAccounts,Cosmos DB,Data Services,,859.88,INR,63.68,1 Hour
2026-01-29,sub-psiog-001,MAC-02,rg-mac-02-analytics-prod,Microsoft.ContainerService/managedClusters,AKS Clusters,Compute,team:Analytics,872.55,INR,45.03,1 Hour
2026-01-29,sub-psiog-001,MAC-02,rg-mac-02-analytics-prod,Microsoft.Storage/storageAccounts,Blob Storage,Storage,team:Analytics,590.19,INR,87.83,1 Hour
2026-01-29,sub-psiog-001,MAC-02,rg-mac-02-analytics-prod,Microsoft.Network/loadBalancers,Load Balancers,Networking,team:Analytics,174.98,INR,89.25,1 Hour
2026-01-29,sub-psiog-001,MAC-02,rg-mac-02-analytics-prod,Microsoft.DocumentDB/databaseAccounts,Cosmos DB,Data Services,team:Analytics,773.91,INR,75.48,1 Hour
2026-01-29,sub-psiog-001,MAC-03,rg-mac-03-product-prod,Microsoft.Compute/virtualMachines,Virtual Machines,Compute,,654.52,INR,99.38,1 Hour
2026-01-29,sub-psiog-001,MAC-03,rg-mac-03-product-prod,Microsoft.Storage/storageAccounts/fileServices,File Storage,Storage,team:Product,239.46,INR,73.74,1 Hour
2026-01-29,sub-psiog-001,MAC-03,rg-mac-03-product-prod,Microsoft.Network/loadBalancers,Load Balancers,Networking,team:Product,108.77,INR,12.89,1 Hour
2026-01-29,sub-psiog-001,MAC-03,rg-mac-03-product-prod,Microsoft.Sql/servers/databases,SQL Database,Data Services,team:Product,349.69,INR,47.38,1 Hour
2026-01-29,sub-psiog-001,MAC-03,rg-mac-03-frontend-prod,Microsoft.ContainerService/managedClusters,AKS Clusters,Compute,team:Frontend,595.87,INR,92.47,1 Hour
2026-01-29,sub-psiog-001,MAC-03,rg-mac-03-frontend-prod,Microsoft.Storage/storageAccounts,Blob Storage,Storage,team:Frontend,172.2,INR,7.02,1 Hour
2026-01-29,sub-psiog-001,MAC-03,rg-mac-03-frontend-prod,Microsoft.Network/virtualNetworks,Virtual Networks,Networking,team:Frontend,111.33,INR,37.07,1 Hour
2026-01-29,sub-psiog-001,MAC-03,rg-mac-03-frontend-prod,Microsoft.DocumentDB/databaseAccounts,Cosmos DB,Data Services,team:Frontend,200.97,INR,27.11,1 Hour
2026-01-29,sub-psiog-001,MAC-04,rg-mac-04-backend-prod,Microsoft.ContainerService/managedClusters,AKS Clusters,Compute,team:Backend,923.77,INR,50.2,1 Hour
2026-01-29,sub-psiog-001,MAC-04,rg-mac-04-backend-prod,Microsoft.Storage/storageAccounts,Blob Storage,Storage,team:Backend,386.63,INR,99.35,1 Hour
2026-01-29,sub-psiog-001,MAC-04,rg-mac-04-backend-prod,Microsoft.Network/virtualNetworks,Virtual Networks,Networking,team:Backend,254.16,INR,64.0,1 Hour
2026-01-29,sub-psiog-001,MAC-04,rg-mac-04-backend-prod,Microsoft.Sql/servers/databases,SQL Database,Data Services,team:Backend,501.76,INR,45.24,1 Hour
2026-01-29,sub-psiog-001,MAC-04,rg-mac-04-qa-prod,Microsoft.Compute/virtualMachines,Virtual Machines,Compute,team:QA,469.04,INR,39.4,1 Hour
2026-01-29,sub-psiog-001,MAC-04,rg-mac-04-qa-prod,Microsoft.Storage/storageAccounts,Blob Storage,Storage,team:QA,170.83,INR,8.16,1 Hour
2026-01-29,sub-psiog-001,MAC-04,rg-mac-04-qa-prod,Microsoft.Network/loadBalancers,Load Balancers,Networking,team:QA,99.51,INR,19.78,1 Hour
2026-01-29,sub-psiog-001,MAC-04,rg-mac-04-qa-prod,Microsoft.DocumentDB/databaseAccounts,Cosmos DB,Data Services,team:QA,267.55,INR,93.59,1 Hour
2026-01-29,sub-psiog-001,MAC-05,rg-mac-05-security-prod,Microsoft.Compute/virtualMachines,Virtual Machines,Compute,team:Security,720.95,INR,4.64,1 Hour
2026-01-29,sub-psiog-001,MAC-05,rg-mac-05-security-prod,Microsoft.Storage/storageAccounts/fileServices,File Storage,Storage,team:Security,300.69,INR,73.9,1 Hour
2026-01-29,sub-psiog-001,MAC-05,rg-mac-05-security-prod,Microsoft.Network/virtualNetworks,Virtual Networks,Networking,team:Security,305.55,INR,19.18,1 Hour
2026-01-29,sub-psiog-001,MAC-05,rg-mac-05-security-prod,Microsoft.DocumentDB/databaseAccounts,Cosmos DB,Data Services,team:Security,347.55,INR,1.73,1 Hour
2026-01-29,sub-psiog-001,MAC-05,rg-mac-05-compliance-prod,Microsoft.ContainerService/managedClusters,AKS Clusters,Compute,team:Compliance,335.89,INR,60.51,1 Hour
2026-01-29,sub-psiog-001,MAC-05,rg-mac-05-compliance-prod,Microsoft.Storage/storageAccounts,Blob Storage,Storage,team:Compliance,240.33,INR,24.02,1 Hour
2026-01-29,sub-psiog-001,MAC-05,rg-mac-05-compliance-prod,Microsoft.Network/loadBalancers,Load Balancers,Networking,team:Compliance,149.87,INR,49.48,1 Hour
2026-01-29,sub-psiog-001,MAC-05,rg-mac-05-compliance-prod,Microsoft.Sql/servers/databases,SQL Database,Data Services,team:Compliance,280.51,INR,27.41,1 Hour
2026-01-29,sub-psiog-001,MAC-06,rg-mac-06-infrastructure-prod,Microsoft.ContainerService/managedClusters,AKS Clusters,Compute,,1690.14,INR,67.02,1 Hour
2026-01-29,sub-psiog-001,MAC-06,rg-mac-06-infrastructure-prod,Microsoft.Storage/storageAccounts/fileServices,File Storage,Storage,team:Infrastructure,376.02,INR,70.6,1 Hour
2026-01-29,sub-psiog-001,MAC-06,rg-mac-06-infrastructure-prod,Microsoft.Network/loadBalancers,Load Balancers,Networking,team:Infrastructure,335.07,INR,87.12,1 Hour
2026-01-29,sub-psiog-001,MAC-06,rg-mac-06-infrastructure-prod,Microsoft.Sql/servers/databases,SQL Database,Data Services,team:Infrastructure,398.99,INR,54.41,1 Hour
2026-01-29,sub-psiog-001,MAC-06,rg-mac-06-cloudops-prod,Microsoft.ContainerService/managedClusters,AKS Clusters,Compute,team:CloudOps,1566.46,INR,23.15,1 Hour
2026-01-29,sub-psiog-001,MAC-06,rg-mac-06-cloudops-prod,Microsoft.Storage/storageAccounts,Blob Storage,Storage,team:CloudOps,417.51,INR,3.6,1 Hour
2026-01-29,sub-psiog-001,MAC-06,rg-mac-06-cloudops-prod,Microsoft.Network/loadBalancers,Load Balancers,Networking,team:CloudOps,298.66,INR,44.7,1 Hour
2026-01-29,sub-psiog-001,MAC-06,rg-mac-06-cloudops-prod,Microsoft.Sql/servers/databases,SQL Database,Data Services,team:CloudOps,483.5,INR,82.23,1 Hour
2026-01-29,sub-psiog-001,MAC-07,rg-mac-07-ml-prod,Microsoft.ContainerService/managedClusters,AKS Clusters,Compute,team:ML,1652.95,INR,11.39,1 Hour
2026-01-29,sub-psiog-001,MAC-07,rg-mac-07-ml-prod,Microsoft.Storage/storageAccounts,Blob Storage,Storage,team:ML,493.69,INR,30.96,1 Hour
2026-01-29,sub-psiog-001,MAC-07,rg-mac-07-ml-prod,Microsoft.Network/virtualNetworks,Virtual Networks,Networking,team:ML,191.31,INR,79.12,1 Hour
2026-01-29,sub-psiog-001,MAC-07,rg-mac-07-ml-prod,Microsoft.DocumentDB/databaseAccounts,Cosmos DB,Data Services,team:ML,720.94,INR,70.82,1 Hour
2026-01-29,sub-psiog-001,MAC-07,rg-mac-07-research-prod,Microsoft.ContainerService/managedClusters,AKS Clusters,Compute,team:Research,811.59,INR,96.01,1 Hour
2026-01-29,sub-psiog-001,MAC-07,rg-mac-07-research-prod,Microsoft.Storage/storageAccounts,Blob Storage,Storage,team:Research,525.74,INR,47.19,1 Hour
2026-01-29,sub-psiog-001,MAC-07,rg-mac-07-research-prod,Microsoft.Network/loadBalancers,Load Balancers,Networking,team:Research,165.08,INR,59.69,1 Hour
2026-01-29,sub-psiog-001,MAC-07,rg-mac-07-research-prod,Microsoft.Sql/servers/databases,SQL Database,Data Services,team:Research,721.58,INR,51.49,1 Hour
2026-01-29,sub-psiog-001,MAC-08,rg-mac-08-finance-prod,Microsoft.ContainerService/managedClusters,AKS Clusters,Compute,team:Finance,312.19,INR,20.53,1 Hour
2026-01-29,sub-psiog-001,MAC-08,rg-mac-08-finance-prod,Microsoft.Storage/storageAccounts,Blob Storage,Storage,team:Finance,194.39,INR,98.86,1 Hour
2026-01-29,sub-psiog-001,MAC-08,rg-mac-08-finance-prod,Microsoft.Network/virtualNetworks,Virtual Networks,Networking,team:Finance,118.83,INR,58.52,1 Hour
2026-01-29,sub-psiog-001,MAC-08,rg-mac-08-finance-prod,Microsoft.DocumentDB/databaseAccounts,Cosmos DB,Data Services,team:Finance,532.88,INR,36.46,1 Hour
2026-01-29,sub-psiog-001,MAC-08,rg-mac-08-operations-prod,Microsoft.Compute/virtualMachines,Virtual Machines,Compute,team:Operations,498.71,INR,53.15,1 Hour
2026-01-29,sub-psiog-001,MAC-08,rg-mac-08-operations-prod,Microsoft.Storage/storageAccounts,Blob Storage,Storage,team:Operations,353.58,INR,56.81,1 Hour
2026-01-29,sub-psiog-001,MAC-08,rg-mac-08-operations-prod,Microsoft.Network/loadBalancers,Load Balancers,Networking,team:Operations,130.93,INR,54.06,1 Hour
2026-01-29,sub-psiog-001,MAC-08,rg-mac-08-operations-prod,Microsoft.DocumentDB/databaseAccounts,Cosmos DB,Data Services,team:Operations,361.97,INR,17.33,1 Hour
2026-01-30,sub-psiog-001,MAC-01,rg-mac-01-devops-prod,Microsoft.Compute/virtualMachines,Virtual Machines,Compute,team:DevOps,1429.31,INR,15.65,1 Hour
2026-01-30,sub-psiog-001,MAC-01,rg-mac-01-devops-prod,Microsoft.Storage/storageAccounts,Blob Storage,Storage,team:DevOps,327.35,INR,44.2,1 Hour
2026-01-30,sub-psiog-001,MAC-01,rg-mac-01-devops-prod,Microsoft.Network/loadBalancers,Load Balancers,Networking,team:DevOps,214.97,INR,9.06,1 Hour
2026-01-30,sub-psiog-001,MAC-01,rg-mac-01-devops-prod,Microsoft.DocumentDB/databaseAccounts,Cosmos DB,Data Services,team:DevOps,420.21,INR,5.26,1 Hour
2026-01-30,sub-psiog-001,MAC-01,rg-mac-01-platform-prod,Microsoft.Compute/virtualMachines,Virtual Machines,Compute,team:Platform,1247.94,INR,41.41,1 Hour
2026-01-30,sub-psiog-001,MAC-01,rg-mac-01-platform-prod,Microsoft.Storage/storageAccounts,Blob Storage,Storage,team:Platform,306.8,INR,4.77,1 Hour
2026-01-30,sub-psiog-001,MAC-01,rg-mac-01-platform-prod,Microsoft.Network/virtualNetworks,Virtual Networks,Networking,,227.75,INR,17.16,1 Hour
2026-01-30,sub-psiog-001,MAC-01,rg-mac-01-platform-prod,Microsoft.DocumentDB/databaseAccounts,Cosmos DB,Data Services,team:Platform,410.45,INR,5.14,1 Hour
2026-01-30,sub-psiog-001,MAC-02,rg-mac-02-dataengineering-prod,Microsoft.ContainerService/managedClusters,AKS Clusters,Compute,team:DataEngineering,1074.3,INR,6.24,1 Hour
2026-01-30,sub-psiog-001,MAC-02,rg-mac-02-dataengineering-prod,Microsoft.Storage/storageAccounts/fileServices,File Storage,Storage,team:DataEngineering,636.37,INR,1.82,1 Hour
2026-01-30,sub-psiog-001,MAC-02,rg-mac-02-dataengineering-prod,Microsoft.Network/virtualNetworks,Virtual Networks,Networking,team:DataEngineering,182.55,INR,8.09,1 Hour
2026-01-30,sub-psiog-001,MAC-02,rg-mac-02-dataengineering-prod,Microsoft.DocumentDB/databaseAccounts,Cosmos DB,Data Services,team:DataEngineering,823.71,INR,47.9,1 Hour
2026-01-30,sub-psiog-001,MAC-02,rg-mac-02-analytics-prod,Microsoft.Compute/virtualMachines,Virtual Machines,Compute,,799.0,INR,30.83,1 Hour
2026-01-30,sub-psiog-001,MAC-02,rg-mac-02-analytics-prod,Microsoft.Storage/storageAccounts,Blob Storage,Storage,team:Analytics,519.5,INR,11.61,1 Hour
2026-01-30,sub-psiog-001,MAC-02,rg-mac-02-analytics-prod,Microsoft.Network/virtualNetworks,Virtual Networks,Networking,team:Analytics,194.14,INR,62.42,1 Hour
2026-01-30,sub-psiog-001,MAC-02,rg-mac-02-analytics-prod,Microsoft.DocumentDB/databaseAccounts,Cosmos DB,Data Services,team:Analytics,854.31,INR,93.86,1 Hour
2026-01-30,sub-psiog-001,MAC-03,rg-mac-03-product-prod,Microsoft.Compute/virtualMachines,Virtual Machines,Compute,team:Product,548.62,INR,6.76,1 Hour
2026-01-30,sub-psiog-001,MAC-03,rg-mac-03-product-prod,Microsoft.Storage/storageAccounts,Blob Storage,Storage,team:Product,216.64,INR,5.41,1 Hour
2026-01-30,sub-psiog-001,MAC-03,rg-mac-03-product-prod,Microsoft.Network/virtualNetworks,Virtual Networks,Networking,,113.28,INR,39.21,1 Hour
2026-01-30,sub-psiog-001,MAC-03,rg-mac-03-product-prod,Microsoft.Sql/servers/databases,SQL Database,Data Services,team:Product,289.81,INR,43.18,1 Hour
2026-01-30,sub-psiog-001,MAC-03,rg-mac-03-frontend-prod,Microsoft.ContainerService/managedClusters,AKS Clusters,Compute,,551.64,INR,21.52,1 Hour
2026-01-30,sub-psiog-001,MAC-03,rg-mac-03-frontend-prod,Microsoft.Storage/storageAccounts/fileServices,File Storage,Storage,team:Frontend,181.59,INR,1.28,1 Hour
2026-01-30,sub-psiog-001,MAC-03,rg-mac-03-frontend-prod,Microsoft.Network/loadBalancers,Load Balancers,Networking,,100.63,INR,1.47,1 Hour
2026-01-30,sub-psiog-001,MAC-03,rg-mac-03-frontend-prod,Microsoft.DocumentDB/databaseAccounts,Cosmos DB,Data Services,team:Frontend,181.82,INR,14.66,1 Hour
2026-01-30,sub-psiog-001,MAC-04,rg-mac-04-backend-prod,Microsoft.ContainerService/managedClusters,AKS Clusters,Compute,team:Backend,867.0,INR,44.15,1 Hour
2026-01-30,sub-psiog-001,MAC-04,rg-mac-04-backend-prod,Microsoft.Storage/storageAccounts,Blob Storage,Storage,team:Backend,405.85,INR,35.51,1 Hour
2026-01-30,sub-psiog-001,MAC-04,rg-mac-04-backend-prod,Microsoft.Network/loadBalancers,Load Balancers,Networking,,228.27,INR,45.66,1 Hour
2026-01-30,sub-psiog-001,MAC-04,rg-mac-04-backend-prod,Microsoft.Sql/servers/databases,SQL Database,Data Services,team:Backend,587.82,INR,85.29,1 Hour
2026-01-30,sub-psiog-001,MAC-04,rg-mac-04-qa-prod,Microsoft.ContainerService/managedClusters,AKS Clusters,Compute,team:QA,400.92,INR,3.26,1 Hour
2026-01-30,sub-psiog-001,MAC-04,rg-mac-04-qa-prod,Microsoft.Storage/storageAccounts/fileServices,File Storage,Storage,team:QA,196.06,INR,50.4,1 Hour
2026-01-30,sub-psiog-001,MAC-04,rg-mac-04-qa-prod,Microsoft.Network/virtualNetworks,Virtual Networks,Networking,team:QA,88.59,INR,36.56,1 Hour
2026-01-30,sub-psiog-001,MAC-04,rg-mac-04-qa-prod,Microsoft.DocumentDB/databaseAccounts,Cosmos DB,Data Services,team:QA,291.4,INR,3.05,1 Hour
2026-01-30,sub-psiog-001,MAC-05,rg-mac-05-security-prod,Microsoft.ContainerService/managedClusters,AKS Clusters,Compute,team:Security,834.11,INR,76.07,1 Hour
2026-01-30,sub-psiog-001,MAC-05,rg-mac-05-security-prod,Microsoft.Storage/storageAccounts,Blob Storage,Storage,team:Security,265.06,INR,65.72,1 Hour
2026-01-30,sub-psiog-001,MAC-05,rg-mac-05-security-prod,Microsoft.Network/virtualNetworks,Virtual Networks,Networking,team:Security,327.27,INR,17.61,1 Hour
2026-01-30,sub-psiog-001,MAC-05,rg-mac-05-security-prod,Microsoft.Sql/servers/databases,SQL Database,Data Services,team:Security,323.4,INR,81.68,1 Hour
2026-01-30,sub-psiog-001,MAC-05,rg-mac-05-compliance-prod,Microsoft.ContainerService/managedClusters,AKS Clusters,Compute,team:Compliance,411.51,INR,78.55,1 Hour
2026-01-30,sub-psiog-001,MAC-05,rg-mac-05-compliance-prod,Microsoft.Storage/storageAccounts/fileServices,File Storage,Storage,team:Compliance,259.22,INR,45.19,1 Hour
2026-01-30,sub-psiog-001,MAC-05,rg-mac-05-compliance-prod,Microsoft.Network/virtualNetworks,Virtual Networks,Networking,team:Compliance,168.57,INR,81.8,1 Hour
2026-01-30,sub-psiog-001,MAC-05,rg-mac-05-compliance-prod,Microsoft.DocumentDB/databaseAccounts,Cosmos DB,Data Services,team:Compliance,335.5,INR,70.52,1 Hour
2026-01-30,sub-psiog-001,MAC-06,rg-mac-06-infrastructure-prod,Microsoft.ContainerService/managedClusters,AKS Clusters,Compute,team:Infrastructure,1509.08,INR,21.51,1 Hour
2026-01-30,sub-psiog-001,MAC-06,rg-mac-06-infrastructure-prod,Microsoft.Storage/storageAccounts/fileServices,File Storage,Storage,team:Infrastructure,374.58,INR,31.97,1 Hour
2026-01-30,sub-psiog-001,MAC-06,rg-mac-06-infrastructure-prod,Microsoft.Network/loadBalancers,Load Balancers,Networking,team:Infrastructure,404.31,INR,97.7,1 Hour
2026-01-30,sub-psiog-001,MAC-06,rg-mac-06-infrastructure-prod,Microsoft.Sql/servers/databases,SQL Database,Data Services,team:Infrastructure,399.09,INR,83.94,1 Hour
2026-01-30,sub-psiog-001,MAC-06,rg-mac-06-cloudops-prod,Microsoft.ContainerService/managedClusters,AKS Clusters,Compute,team:CloudOps,1576.26,INR,5.25,1 Hour
2026-01-30,sub-psiog-001,MAC-06,rg-mac-06-cloudops-prod,Microsoft.Storage/storageAccounts/fileServices,File Storage,Storage,team:CloudOps,378.35,INR,30.75,1 Hour
2026-01-30,sub-psiog-001,MAC-06,rg-mac-06-cloudops-prod,Microsoft.Network/loadBalancers,Load Balancers,Networking,team:CloudOps,342.06,INR,11.33,1 Hour
2026-01-30,sub-psiog-001,MAC-06,rg-mac-06-cloudops-prod,Microsoft.Sql/servers/databases,SQL Database,Data Services,team:CloudOps,427.43,INR,23.63,1 Hour
2026-01-30,sub-psiog-001,MAC-07,rg-mac-07-ml-prod,Microsoft.ContainerService/managedClusters,AKS Clusters,Compute,team:ML,1657.03,INR,15.55,1 Hour
2026-01-30,sub-psiog-001,MAC-07,rg-mac-07-ml-prod,Microsoft.Storage/storageAccounts/fileServices,File Storage,Storage,team:ML,555.76,INR,80.74,1 Hour
2026-01-30,sub-psiog-001,MAC-07,rg-mac-07-ml-prod,Microsoft.Network/loadBalancers,Load Balancers,Networking,team:ML,235.64,INR,64.33,1 Hour
2026-01-30,sub-psiog-001,MAC-07,rg-mac-07-ml-prod,Microsoft.DocumentDB/databaseAccounts,Cosmos DB,Data Services,,717.79,INR,10.65,1 Hour
2026-01-30,sub-psiog-001,MAC-07,rg-mac-07-research-prod,Microsoft.ContainerService/managedClusters,AKS Clusters,Compute,team:Research,736.9,INR,70.25,1 Hour
2026-01-30,sub-psiog-001,MAC-07,rg-mac-07-research-prod,Microsoft.Storage/storageAccounts,Blob Storage,Storage,team:Research,426.88,INR,35.22,1 Hour
2026-01-30,sub-psiog-001,MAC-07,rg-mac-07-research-prod,Microsoft.Network/virtualNetworks,Virtual Networks,Networking,team:Research,208.48,INR,60.07,1 Hour
2026-01-30,sub-psiog-001,MAC-07,rg-mac-07-research-prod,Microsoft.DocumentDB/databaseAccounts,Cosmos DB,Data Services,team:Research,590.62,INR,33.54,1 Hour
2026-01-30,sub-psiog-001,MAC-08,rg-mac-08-finance-prod,Microsoft.ContainerService/managedClusters,AKS Clusters,Compute,team:Finance,321.49,INR,14.12,1 Hour
2026-01-30,sub-psiog-001,MAC-08,rg-mac-08-finance-prod,Microsoft.Storage/storageAccounts,Blob Storage,Storage,team:Finance,239.18,INR,60.37,1 Hour
2026-01-30,sub-psiog-001,MAC-08,rg-mac-08-finance-prod,Microsoft.Network/loadBalancers,Load Balancers,Networking,team:Finance,97.46,INR,81.92,1 Hour
2026-01-30,sub-psiog-001,MAC-08,rg-mac-08-finance-prod,Microsoft.Sql/servers/databases,SQL Database,Data Services,team:Finance,520.1,INR,90.48,1 Hour
2026-01-30,sub-psiog-001,MAC-08,rg-mac-08-operations-prod,Microsoft.Compute/virtualMachines,Virtual Machines,Compute,team:Operations,467.02,INR,84.16,1 Hour
2026-01-30,sub-psiog-001,MAC-08,rg-mac-08-operations-prod,Microsoft.Storage/storageAccounts,Blob Storage,Storage,team:Operations,359.82,INR,16.58,1 Hour
2026-01-30,sub-psiog-001,MAC-08,rg-mac-08-operations-prod,Microsoft.Network/virtualNetworks,Virtual Networks,Networking,team:Operations,124.24,INR,35.83,1 Hour
2026-01-30,sub-psiog-001,MAC-08,rg-mac-08-operations-prod,Microsoft.Sql/servers/databases,SQL Database,Data Services,team:Operations,380.54,INR,22.11,1 Hour
2026-01-31,sub-psiog-001,MAC-01,rg-mac-01-devops-prod,Microsoft.ContainerService/managedClusters,AKS Clusters,Compute,team:DevOps,1292.52,INR,79.74,1 Hour
2026-01-31,sub-psiog-001,MAC-01,rg-mac-01-devops-prod,Microsoft.Storage/storageAccounts,Blob Storage,Storage,team:DevOps,326.79,INR,36.6,1 Hour
2026-01-31,sub-psiog-001,MAC-01,rg-mac-01-devops-prod,Microsoft.Network/loadBalancers,Load Balancers,Networking,,202.4,INR,21.08,1 Hour
2026-01-31,sub-psiog-001,MAC-01,rg-mac-01-devops-prod,Microsoft.DocumentDB/databaseAccounts,Cosmos DB,Data Services,team:DevOps,436.3,INR,24.93,1 Hour
2026-01-31,sub-psiog-001,MAC-01,rg-mac-01-platform-prod,Microsoft.ContainerService/managedClusters,AKS Clusters,Compute,team:Platform,1058.41,INR,91.77,1 Hour
2026-01-31,sub-psiog-001,MAC-01,rg-mac-01-platform-prod,Microsoft.Storage/storageAccounts/fileServices,File Storage,Storage,team:Platform,323.86,INR,73.2,1 Hour
2026-01-31,sub-psiog-001,MAC-01,rg-mac-01-platform-prod,Microsoft.Network/loadBalancers,Load Balancers,Networking,team:Platform,287.71,INR,3.82,1 Hour
2026-01-31,sub-psiog-001,MAC-01,rg-mac-01-platform-prod,Microsoft.DocumentDB/databaseAccounts,Cosmos DB,Data Services,team:Platform,455.44,INR,50.91,1 Hour
2026-01-31,sub-psiog-001,MAC-02,rg-mac-02-dataengineering-prod,Microsoft.ContainerService/managedClusters,AKS Clusters,Compute,team:DataEngineering,1032.74,INR,8.34,1 Hour
2026-01-31,sub-psiog-001,MAC-02,rg-mac-02-dataengineering-prod,Microsoft.Storage/storageAccounts/fileServices,File Storage,Storage,team:DataEngineering,695.61,INR,64.3,1 Hour
2026-01-31,sub-psiog-001,MAC-02,rg-mac-02-dataengineering-prod,Microsoft.Network/loadBalancers,Load Balancers,Networking,team:DataEngineering,214.55,INR,69.55,1 Hour
2026-01-31,sub-psiog-001,MAC-02,rg-mac-02-dataengineering-prod,Microsoft.Sql/servers/databases,SQL Database,Data Services,,971.8,INR,80.33,1 Hour
2026-01-31,sub-psiog-001,MAC-02,rg-mac-02-analytics-prod,Microsoft.Compute/virtualMachines,Virtual Machines,Compute,team:Analytics,911.52,INR,79.43,1 Hour
2026-01-31,sub-psiog-001,MAC-02,rg-mac-02-analytics-prod,Microsoft.Storage/storageAccounts/fileServices,File Storage,Storage,team:Analytics,596.3,INR,14.16,1 Hour
2026-01-31,sub-psiog-001,MAC-02,rg-mac-02-analytics-prod,Microsoft.Network/virtualNetworks,Virtual Networks,Networking,team:Analytics,181.38,INR,56.0,1 Hour
2026-01-31,sub-psiog-001,MAC-02,rg-mac-02-analytics-prod,Microsoft.DocumentDB/databaseAccounts,Cosmos DB,Data Services,team:Analytics,786.66,INR,17.65,1 Hour
2026-01-31,sub-psiog-001,MAC-03,rg-mac-03-product-prod,Microsoft.Compute/virtualMachines,Virtual Machines,Compute,team:Product,620.54,INR,80.6,1 Hour
2026-01-31,sub-psiog-001,MAC-03,rg-mac-03-product-prod,Microsoft.Storage/storageAccounts,Blob Storage,Storage,team:Product,217.78,INR,40.1,1 Hour
2026-01-31,sub-psiog-001,MAC-03,rg-mac-03-product-prod,Microsoft.Network/loadBalancers,Load Balancers,Networking,team:Product,130.79,INR,85.46,1 Hour
2026-01-31,sub-psiog-001,MAC-03,rg-mac-03-product-prod,Microsoft.DocumentDB/databaseAccounts,Cosmos DB,Data Services,team:Product,333.24,INR,21.03,1 Hour
2026-01-31,sub-psiog-001,MAC-03,rg-mac-03-frontend-prod,Microsoft.ContainerService/managedClusters,AKS Clusters,Compute,team:Frontend,500.19,INR,67.2,1 Hour
2026-01-31,sub-psiog-001,MAC-03,rg-mac-03-frontend-prod,Microsoft.Storage/storageAccounts/fileServices,File Storage,Storage,team:Frontend,136.89,INR,88.79,1 Hour
2026-01-31,sub-psiog-001,MAC-03,rg-mac-03-frontend-prod,Microsoft.Network/virtualNetworks,Virtual Networks,Networking,team:Frontend,119.91,INR,22.19,1 Hour
2026-01-31,sub-psiog-001,MAC-03,rg-mac-03-frontend-prod,Microsoft.Sql/servers/databases,SQL Database,Data Services,team:Frontend,187.52,INR,89.21,1 Hour
2026-01-31,sub-psiog-001,MAC-04,rg-mac-04-backend-prod,Microsoft.Compute/virtualMachines,Virtual Machines,Compute,team:Backend,862.16,INR,49.2,1 Hour
2026-01-31,sub-psiog-001,MAC-04,rg-mac-04-backend-prod,Microsoft.Storage/storageAccounts/fileServices,File Storage,Storage,team:Backend,411.98,INR,16.39,1 Hour
2026-01-31,sub-psiog-001,MAC-04,rg-mac-04-backend-prod,Microsoft.Network/virtualNetworks,Virtual Networks,Networking,team:Backend,203.64,INR,93.8,1 Hour
2026-01-31,sub-psiog-001,MAC-04,rg-mac-04-backend-prod,Microsoft.DocumentDB/databaseAccounts,Cosmos DB,Data Services,team:Backend,480.29,INR,34.68,1 Hour
2026-01-31,sub-psiog-001,MAC-04,rg-mac-04-qa-prod,Microsoft.Compute/virtualMachines,Virtual Machines,Compute,,428.81,INR,45.14,1 Hour
2026-01-31,sub-psiog-001,MAC-04,rg-mac-04-qa-prod,Microsoft.Storage/storageAccounts/fileServices,File Storage,Storage,team:QA,194.44,INR,79.09,1 Hour
2026-01-31,sub-psiog-001,MAC-04,rg-mac-04-qa-prod,Microsoft.Network/virtualNetworks,Virtual Networks,Networking,team:QA,106.82,INR,54.01,1 Hour
2026-01-31,sub-psiog-001,MAC-04,rg-mac-04-qa-prod,Microsoft.DocumentDB/databaseAccounts,Cosmos DB,Data Services,team:QA,234.19,INR,53.06,1 Hour
2026-01-31,sub-psiog-001,MAC-05,rg-mac-05-security-prod,Microsoft.Compute/virtualMachines,Virtual Machines,Compute,team:Security,680.27,INR,34.74,1 Hour
2026-01-31,sub-psiog-001,MAC-05,rg-mac-05-security-prod,Microsoft.Storage/storageAccounts,Blob Storage,Storage,team:Security,268.4,INR,68.59,1 Hour
2026-01-31,sub-psiog-001,MAC-05,rg-mac-05-security-prod,Microsoft.Network/virtualNetworks,Virtual Networks,Networking,,365.42,INR,52.91,1 Hour
2026-01-31,sub-psiog-001,MAC-05,rg-mac-05-security-prod,Microsoft.DocumentDB/databaseAccounts,Cosmos DB,Data Services,team:Security,392.67,INR,76.81,1 Hour
2026-01-31,sub-psiog-001,MAC-05,rg-mac-05-compliance-prod,Microsoft.Compute/virtualMachines,Virtual Machines,Compute,team:Compliance,329.45,INR,65.46,1 Hour
2026-01-31,sub-psiog-001,MAC-05,rg-mac-05-compliance-prod,Microsoft.Storage/storageAccounts/fileServices,File Storage,Storage,team:Compliance,253.87,INR,25.18,1 Hour
2026-01-31,sub-psiog-001,MAC-05,rg-mac-05-compliance-prod,Microsoft.Network/virtualNetworks,Virtual Networks,Networking,team:Compliance,175.39,INR,14.74,1 Hour
2026-01-31,sub-psiog-001,MAC-05,rg-mac-05-compliance-prod,Microsoft.Sql/servers/databases,SQL Database,Data Services,team:Compliance,360.79,INR,87.06,1 Hour
2026-01-31,sub-psiog-001,MAC-06,rg-mac-06-infrastructure-prod,Microsoft.Compute/virtualMachines,Virtual Machines,Compute,team:Infrastructure,1279.04,INR,45.37,1 Hour
2026-01-31,sub-psiog-001,MAC-06,rg-mac-06-infrastructure-prod,Microsoft.Storage/storageAccounts/fileServices,File Storage,Storage,team:Infrastructure,376.35,INR,55.5,1 Hour
2026-01-31,sub-psiog-001,MAC-06,rg-mac-06-infrastructure-prod,Microsoft.Network/loadBalancers,Load Balancers,Networking,team:Infrastructure,386.15,INR,60.75,1 Hour
2026-01-31,sub-psiog-001,MAC-06,rg-mac-06-infrastructure-prod,Microsoft.DocumentDB/databaseAccounts,Cosmos DB,Data Services,team:Infrastructure,436.6,INR,24.33,1 Hour
2026-01-31,sub-psiog-001,MAC-06,rg-mac-06-cloudops-prod,Microsoft.Compute/virtualMachines,Virtual Machines,Compute,team:CloudOps,1471.9,INR,25.01,1 Hour
2026-01-31,sub-psiog-001,MAC-06,rg-mac-06-cloudops-prod,Microsoft.Storage/storageAccounts/fileServices,File Storage,Storage,,411.99,INR,53.96,1 Hour
2026-01-31,sub-psiog-001,MAC-06,rg-mac-06-cloudops-prod,Microsoft.Network/loadBalancers,Load Balancers,Networking,team:CloudOps,366.05,INR,63.66,1 Hour
2026-01-31,sub-psiog-001,MAC-06,rg-mac-06-cloudops-prod,Microsoft.DocumentDB/databaseAccounts,Cosmos DB,Data Services,team:CloudOps,443.39,INR,55.34,1 Hour
2026-01-31,sub-psiog-001,MAC-07,rg-mac-07-ml-prod,Microsoft.ContainerService/managedClusters,AKS Clusters,Compute,team:ML,1706.46,INR,8.06,1 Hour
2026-01-31,sub-psiog-001,MAC-07,rg-mac-07-ml-prod,Microsoft.Storage/storageAccounts/fileServices,File Storage,Storage,team:ML,602.62,INR,21.82,1 Hour
2026-01-31,sub-psiog-001,MAC-07,rg-mac-07-ml-prod,Microsoft.Network/virtualNetworks,Virtual Networks,Networking,team:ML,225.75,INR,60.47,1 Hour
2026-01-31,sub-psiog-001,MAC-07,rg-mac-07-ml-prod,Microsoft.Sql/servers/databases,SQL Database,Data Services,team:ML,743.94,INR,48.26,1 Hour
2026-01-31,sub-psiog-001,MAC-07,rg-mac-07-research-prod,Microsoft.ContainerService/managedClusters,AKS Clusters,Compute,team:Research,936.98,INR,6.38,1 Hour
2026-01-31,sub-psiog-001,MAC-07,rg-mac-07-research-prod,Microsoft.Storage/storageAccounts,Blob Storage,Storage,team:Research,450.41,INR,88.79,1 Hour
2026-01-31,sub-psiog-001,MAC-07,rg-mac-07-research-prod,Microsoft.Network/loadBalancers,Load Balancers,Networking,team:Research,197.02,INR,93.18,1 Hour
2026-01-31,sub-psiog-001,MAC-07,rg-mac-07-research-prod,Microsoft.DocumentDB/databaseAccounts,Cosmos DB,Data Services,team:Research,730.3,INR,43.53,1 Hour
2026-01-31,sub-psiog-001,MAC-08,rg-mac-08-finance-prod,Microsoft.Compute/virtualMachines,Virtual Machines,Compute,team:Finance,300.48,INR,1.26,1 Hour
2026-01-31,sub-psiog-001,MAC-08,rg-mac-08-finance-prod,Microsoft.Storage/storageAccounts,Blob Storage,Storage,team:Finance,187.55,INR,33.34,1 Hour
2026-01-31,sub-psiog-001,MAC-08,rg-mac-08-finance-prod,Microsoft.Network/virtualNetworks,Virtual Networks,Networking,,114.02,INR,84.96,1 Hour
2026-01-31,sub-psiog-001,MAC-08,rg-mac-08-finance-prod,Microsoft.DocumentDB/databaseAccounts,Cosmos DB,Data Services,team:Finance,521.95,INR,85.5,1 Hour
2026-01-31,sub-psiog-001,MAC-08,rg-mac-08-operations-prod,Microsoft.ContainerService/managedClusters,AKS Clusters,Compute,team:Operations,481.33,INR,51.36,1 Hour
2026-01-31,sub-psiog-001,MAC-08,rg-mac-08-operations-prod,Microsoft.Storage/storageAccounts/fileServices,File Storage,Storage,team:Operations,280.16,INR,85.61,1 Hour
2026-01-31,sub-psiog-001,MAC-08,rg-mac-08-operations-prod,Microsoft.Network/loadBalancers,Load Balancers,Networking,team:Operations,141.13,INR,36.1,1 Hour
2026-01-31,sub-psiog-001,MAC-08,rg-mac-08-operations-prod,Microsoft.Sql/servers/databases,SQL Database,Data Services,team:Operations,410.68,INR,24.16,1 Hour
2026-02-01,sub-psiog-001,MAC-01,rg-mac-01-devops-prod,Microsoft.Compute/virtualMachines,Virtual Machines,Compute,team:DevOps,1295.14,INR,98.89,1 Hour
2026-02-01,sub-psiog-001,MAC-01,rg-mac-01-devops-prod,Microsoft.Storage/storageAccounts/fileServices,File Storage,Storage,team:DevOps,342.52,INR,46.93,1 Hour
2026-02-01,sub-psiog-001,MAC-01,rg-mac-01-devops-prod,Microsoft.Network/loadBalancers,Load Balancers,Networking,team:DevOps,189.19,INR,87.16,1 Hour
2026-02-01,sub-psiog-001,MAC-01,rg-mac-01-devops-prod,Microsoft.Sql/servers/databases,SQL Database,Data Services,team:DevOps,483.94,INR,24.59,1 Hour
2026-02-01,sub-psiog-001,MAC-01,rg-mac-01-platform-prod,Microsoft.Compute/virtualMachines,Virtual Machines,Compute,team:Platform,1159.91,INR,34.0,1 Hour
2026-02-01,sub-psiog-001,MAC-01,rg-mac-01-platform-prod,Microsoft.Storage/storageAccounts/fileServices,File Storage,Storage,team:Platform,327.94,INR,72.7,1 Hour
2026-02-01,sub-psiog-001,MAC-01,rg-mac-01-platform-prod,Microsoft.Network/loadBalancers,Load Balancers,Networking,team:Platform,258.39,INR,34.66,1 Hour
2026-02-01,sub-psiog-001,MAC-01,rg-mac-01-platform-prod,Microsoft.Sql/servers/databases,SQL Database,Data Services,,398.25,INR,15.54,1 Hour
2026-02-01,sub-psiog-001,MAC-02,rg-mac-02-dataengineering-prod,Microsoft.Compute/virtualMachines,Virtual Machines,Compute,team:DataEngineering,942.57,INR,72.03,1 Hour
2026-02-01,sub-psiog-001,MAC-02,rg-mac-02-dataengineering-prod,Microsoft.Storage/storageAccounts/fileServices,File Storage,Storage,team:DataEngineering,674.02,INR,72.17,1 Hour
2026-02-01,sub-psiog-001,MAC-02,rg-mac-02-dataengineering-prod,Microsoft.Network/loadBalancers,Load Balancers,Networking,team:DataEngineering,191.14,INR,46.78,1 Hour
2026-02-01,sub-psiog-001,MAC-02,rg-mac-02-dataengineering-prod,Microsoft.DocumentDB/databaseAccounts,Cosmos DB,Data Services,team:DataEngineering,1051.46,INR,67.28,1 Hour
2026-02-01,sub-psiog-001,MAC-02,rg-mac-02-analytics-prod,Microsoft.Compute/virtualMachines,Virtual Machines,Compute,team:Analytics,851.91,INR,93.07,1 Hour
2026-02-01,sub-psiog-001,MAC-02,rg-mac-02-analytics-prod,Microsoft.Storage/storageAccounts/fileServices,File Storage,Storage,team:Analytics,606.11,INR,74.55,1 Hour
2026-02-01,sub-psiog-001,MAC-02,rg-mac-02-analytics-prod,Microsoft.Network/loadBalancers,Load Balancers,Networking,team:Analytics,188.6,INR,98.11,1 Hour
2026-02-01,sub-psiog-001,MAC-02,rg-mac-02-analytics-prod,Microsoft.DocumentDB/databaseAccounts,Cosmos DB,Data Services,team:Analytics,812.66,INR,18.45,1 Hour
2026-02-01,sub-psiog-001,MAC-03,rg-mac-03-product-prod,Microsoft.Compute/virtualMachines,Virtual Machines,Compute,team:Product,637.43,INR,45.09,1 Hour
2026-02-01,sub-psiog-001,MAC-03,rg-mac-03-product-prod,Microsoft.Storage/storageAccounts,Blob Storage,Storage,team:Product,202.2,INR,2.41,1 Hour
2026-02-01,sub-psiog-001,MAC-03,rg-mac-03-product-prod,Microsoft.Network/loadBalancers,Load Balancers,Networking,team:Product,135.77,INR,48.83,1 Hour
2026-02-01,sub-psiog-001,MAC-03,rg-mac-03-product-prod,Microsoft.DocumentDB/databaseAccounts,Cosmos DB,Data Services,team:Product,337.85,INR,56.53,1 Hour
2026-02-01,sub-psiog-001,MAC-03,rg-mac-03-frontend-prod,Microsoft.Compute/virtualMachines,Virtual Machines,Compute,team:Frontend,570.1,INR,20.73,1 Hour
2026-02-01,sub-psiog-001,MAC-03,rg-mac-03-frontend-prod,Microsoft.Storage/storageAccounts,Blob Storage,Storage,team:Frontend,175.14,INR,37.79,1 Hour
2026-02-01,sub-psiog-001,MAC-03,rg-mac-03-frontend-prod,Microsoft.Network/loadBalancers,Load Balancers,Networking,team:Frontend,114.35,INR,92.59,1 Hour
2026-02-01,sub-psiog-001,MAC-03,rg-mac-03-frontend-prod,Microsoft.Sql/servers/databases,SQL Database,Data Services,team:Frontend,241.9,INR,41.83,1 Hour
2026-02-01,sub-psiog-001,MAC-04,rg-mac-04-backend-prod,Microsoft.Compute/virtualMachines,Virtual Machines,Compute,team:Backend,884.09,INR,6.87,1 Hour
2026-02-01,sub-psiog-001,MAC-04,rg-mac-04-backend-prod,Microsoft.Storage/storageAccounts,Blob Storage,Storage,team:Backend,363.29,INR,4.57,1 Hour
2026-02-01,sub-psiog-001,MAC-04,rg-mac-04-backend-prod,Microsoft.Network/loadBalancers,Load Balancers,Networking,team:Backend,259.28,INR,83.82,1 Hour
2026-02-01,sub-psiog-001,MAC-04,rg-mac-04-backend-prod,Microsoft.DocumentDB/databaseAccounts,Cosmos DB,Data Services,team:Backend,526.2,INR,13.1,1 Hour
2026-02-01,sub-psiog-001,MAC-04,rg-mac-04-qa-prod,Microsoft.ContainerService/managedClusters,AKS Clusters,Compute,team:QA,397.94,INR,60.45,1 Hour
2026-02-01,sub-psiog-001,MAC-04,rg-mac-04-qa-prod,Microsoft.Storage/storageAccounts/fileServices,File Storage,Storage,team:QA,183.85,INR,73.0,1 Hour
2026-02-01,sub-psiog-001,MAC-04,rg-mac-04-qa-prod,Microsoft.Network/virtualNetworks,Virtual Networks,Networking,team:QA,103.24,INR,25.28,1 Hour
2026-02-01,sub-psiog-001,MAC-04,rg-mac-04-qa-prod,Microsoft.DocumentDB/databaseAccounts,Cosmos DB,Data Services,team:QA,285.72,INR,71.1,1 Hour
2026-02-01,sub-psiog-001,MAC-05,rg-mac-05-security-prod,Microsoft.ContainerService/managedClusters,AKS Clusters,Compute,team:Security,659.26,INR,27.03,1 Hour
2026-02-01,sub-psiog-001,MAC-05,rg-mac-05-security-prod,Microsoft.Storage/storageAccounts,Blob Storage,Storage,team:Security,291.34,INR,13.46,1 Hour
2026-02-01,sub-psiog-001,MAC-05,rg-mac-05-security-prod,Microsoft.Network/loadBalancers,Load Balancers,Networking,team:Security,338.48,INR,68.21,1 Hour
2026-02-01,sub-psiog-001,MAC-05,rg-mac-05-security-prod,Microsoft.DocumentDB/databaseAccounts,Cosmos DB,Data Services,,364.29,INR,14.92,1 Hour
2026-02-01,sub-psiog-001,MAC-05,rg-mac-05-compliance-prod,Microsoft.ContainerService/managedClusters,AKS Clusters,Compute,team:Compliance,401.66,INR,90.22,1 Hour
2026-02-01,sub-psiog-001,MAC-05,rg-mac-05-compliance-prod,Microsoft.Storage/storageAccounts,Blob Storage,Storage,,264.49,INR,53.16,1 Hour
2026-02-01,sub-psiog-001,MAC-05,rg-mac-05-compliance-prod,Microsoft.Network/loadBalancers,Load Balancers,Networking,team:Compliance,168.72,INR,77.74,1 Hour
2026-02-01,sub-psiog-001,MAC-05,rg-mac-05-compliance-prod,Microsoft.DocumentDB/databaseAccounts,Cosmos DB,Data Services,team:Compliance,272.5,INR,78.06,1 Hour
2026-02-01,sub-psiog-001,MAC-06,rg-mac-06-infrastructure-prod,Microsoft.Compute/virtualMachines,Virtual Machines,Compute,team:Infrastructure,1392.11,INR,20.01,1 Hour
2026-02-01,sub-psiog-001,MAC-06,rg-mac-06-infrastructure-prod,Microsoft.Storage/storageAccounts,Blob Storage,Storage,team:Infrastructure,383.03,INR,47.3,1 Hour
2026-02-01,sub-psiog-001,MAC-06,rg-mac-06-infrastructure-prod,Microsoft.Network/loadBalancers,Load Balancers,Networking,team:Infrastructure,417.17,INR,10.11,1 Hour
2026-02-01,sub-psiog-001,MAC-06,rg-mac-06-infrastructure-prod,Microsoft.Sql/servers/databases,SQL Database,Data Services,team:Infrastructure,444.23,INR,12.52,1 Hour
2026-02-01,sub-psiog-001,MAC-06,rg-mac-06-cloudops-prod,Microsoft.ContainerService/managedClusters,AKS Clusters,Compute,team:CloudOps,1455.68,INR,77.72,1 Hour
2026-02-01,sub-psiog-001,MAC-06,rg-mac-06-cloudops-prod,Microsoft.Storage/storageAccounts/fileServices,File Storage,Storage,team:CloudOps,422.23,INR,62.44,1 Hour
2026-02-01,sub-psiog-001,MAC-06,rg-mac-06-cloudops-prod,Microsoft.Network/loadBalancers,Load Balancers,Networking,team:CloudOps,387.29,INR,9.04,1 Hour
2026-02-01,sub-psiog-001,MAC-06,rg-mac-06-cloudops-prod,Microsoft.Sql/servers/databases,SQL Database,Data Services,team:CloudOps,408.2,INR,21.36,1 Hour
2026-02-01,sub-psiog-001,MAC-07,rg-mac-07-ml-prod,Microsoft.ContainerService/managedClusters,AKS Clusters,Compute,team:ML,1712.13,INR,6.65,1 Hour
2026-02-01,sub-psiog-001,MAC-07,rg-mac-07-ml-prod,Microsoft.Storage/storageAccounts/fileServices,File Storage,Storage,team:ML,557.62,INR,25.0,1 Hour
2026-02-01,sub-psiog-001,MAC-07,rg-mac-07-ml-prod,Microsoft.Network/virtualNetworks,Virtual Networks,Networking,team:ML,189.99,INR,96.0,1 Hour
2026-02-01,sub-psiog-001,MAC-07,rg-mac-07-ml-prod,Microsoft.DocumentDB/databaseAccounts,Cosmos DB,Data Services,team:ML,633.67,INR,63.84,1 Hour
2026-02-01,sub-psiog-001,MAC-07,rg-mac-07-research-prod,Microsoft.ContainerService/managedClusters,AKS Clusters,Compute,team:Research,784.76,INR,70.35,1 Hour
2026-02-01,sub-psiog-001,MAC-07,rg-mac-07-research-prod,Microsoft.Storage/storageAccounts/fileServices,File Storage,Storage,team:Research,489.36,INR,11.76,1 Hour
2026-02-01,sub-psiog-001,MAC-07,rg-mac-07-research-prod,Microsoft.Network/virtualNetworks,Virtual Networks,Networking,team:Research,214.8,INR,34.11,1 Hour
2026-02-01,sub-psiog-001,MAC-07,rg-mac-07-research-prod,Microsoft.Sql/servers/databases,SQL Database,Data Services,team:Research,790.61,INR,38.73,1 Hour
2026-02-01,sub-psiog-001,MAC-08,rg-mac-08-finance-prod,Microsoft.ContainerService/managedClusters,AKS Clusters,Compute,team:Finance,321.97,INR,88.02,1 Hour
2026-02-01,sub-psiog-001,MAC-08,rg-mac-08-finance-prod,Microsoft.Storage/storageAccounts,Blob Storage,Storage,team:Finance,239.22,INR,88.69,1 Hour
2026-02-01,sub-psiog-001,MAC-08,rg-mac-08-finance-prod,Microsoft.Network/loadBalancers,Load Balancers,Networking,,94.17,INR,16.79,1 Hour
2026-02-01,sub-psiog-001,MAC-08,rg-mac-08-finance-prod,Microsoft.DocumentDB/databaseAccounts,Cosmos DB,Data Services,team:Finance,544.17,INR,61.41,1 Hour
2026-02-01,sub-psiog-001,MAC-08,rg-mac-08-operations-prod,Microsoft.ContainerService/managedClusters,AKS Clusters,Compute,,475.15,INR,47.78,1 Hour
2026-02-01,sub-psiog-001,MAC-08,rg-mac-08-operations-prod,Microsoft.Storage/storageAccounts,Blob Storage,Storage,team:Operations,324.27,INR,93.06,1 Hour
2026-02-01,sub-psiog-001,MAC-08,rg-mac-08-operations-prod,Microsoft.Network/loadBalancers,Load Balancers,Networking,team:Operations,144.57,INR,69.51,1 Hour
2026-02-01,sub-psiog-001,MAC-08,rg-mac-08-operations-prod,Microsoft.DocumentDB/databaseAccounts,Cosmos DB,Data Services,team:Operations,431.49,INR,22.26,1 Hour
2026-02-02,sub-psiog-001,MAC-01,rg-mac-01-devops-prod,Microsoft.ContainerService/managedClusters,AKS Clusters,Compute,team:DevOps,1298.3,INR,10.46,1 Hour
2026-02-02,sub-psiog-001,MAC-01,rg-mac-01-devops-prod,Microsoft.Storage/storageAccounts,Blob Storage,Storage,team:DevOps,300.34,INR,95.71,1 Hour
2026-02-02,sub-psiog-001,MAC-01,rg-mac-01-devops-prod,Microsoft.Network/loadBalancers,Load Balancers,Networking,team:DevOps,199.66,INR,26.48,1 Hour
2026-02-02,sub-psiog-001,MAC-01,rg-mac-01-devops-prod,Microsoft.Sql/servers/databases,SQL Database,Data Services,team:DevOps,474.39,INR,23.91,1 Hour
2026-02-02,sub-psiog-001,MAC-01,rg-mac-01-platform-prod,Microsoft.Compute/virtualMachines,Virtual Machines,Compute,team:Platform,1151.71,INR,95.73,1 Hour
2026-02-02,sub-psiog-001,MAC-01,rg-mac-01-platform-prod,Microsoft.Storage/storageAccounts,Blob Storage,Storage,team:Platform,301.13,INR,24.86,1 Hour
2026-02-02,sub-psiog-001,MAC-01,rg-mac-01-platform-prod,Microsoft.Network/loadBalancers,Load Balancers,Networking,team:Platform,267.44,INR,58.18,1 Hour
2026-02-02,sub-psiog-001,MAC-01,rg-mac-01-platform-prod,Microsoft.DocumentDB/databaseAccounts,Cosmos DB,Data Services,team:Platform,418.4,INR,89.15,1 Hour
2026-02-02,sub-psiog-001,MAC-02,rg-mac-02-dataengineering-prod,Microsoft.Compute/virtualMachines,Virtual Machines,Compute,,977.64,INR,76.97,1 Hour
2026-02-02,sub-psiog-001,MAC-02,rg-mac-02-dataengineering-prod,Microsoft.Storage/storageAccounts,Blob Storage,Storage,team:DataEngineering,614.01,INR,43.67,1 Hour
2026-02-02,sub-psiog-001,MAC-02,rg-mac-02-dataengineering-prod,Microsoft.Network/loadBalancers,Load Balancers,Networking,team:DataEngineering,164.9,INR,17.89,1 Hour
2026-02-02,sub-psiog-001,MAC-02,rg-mac-02-dataengineering-prod,Microsoft.Sql/servers/databases,SQL Database,Data Services,team:DataEngineering,974.11,INR,23.75,1 Hour
2026-02-02,sub-psiog-001,MAC-02,rg-mac-02-analytics-prod,Microsoft.Compute/virtualMachines,Virtual Machines,Compute,team:Analytics,983.93,INR,66.75,1 Hour
2026-02-02,sub-psiog-001,MAC-02,rg-mac-02-analytics-prod,Microsoft.Storage/storageAccounts,Blob Storage,Storage,team:Analytics,544.8,INR,17.41,1 Hour
2026-02-02,sub-psiog-001,MAC-02,rg-mac-02-analytics-prod,Microsoft.Network/virtualNetworks,Virtual Networks,Networking,team:Analytics,162.75,INR,74.95,1 Hour
2026-02-02,sub-psiog-001,MAC-02,rg-mac-02-analytics-prod,Microsoft.Sql/servers/databases,SQL Database,Data Services,team:Analytics,872.98,INR,8.2,1 Hour
2026-02-02,sub-psiog-001,MAC-03,rg-mac-03-product-prod,Microsoft.ContainerService/managedClusters,AKS Clusters,Compute,team:Product,564.16,INR,18.18,1 Hour
2026-02-02,sub-psiog-001,MAC-03,rg-mac-03-product-prod,Microsoft.Storage/storageAccounts/fileServices,File Storage,Storage,team:Product,185.05,INR,11.38,1 Hour
2026-02-02,sub-psiog-001,MAC-03,rg-mac-03-product-prod,Microsoft.Network/virtualNetworks,Virtual Networks,Networking,team:Product,111.68,INR,36.36,1 Hour
2026-02-02,sub-psiog-001,MAC-03,rg-mac-03-product-prod,Microsoft.DocumentDB/databaseAccounts,Cosmos DB,Data Services,team:Product,304.39,INR,62.62,1 Hour
2026-02-02,sub-psiog-001,MAC-03,rg-mac-03-frontend-prod,Microsoft.ContainerService/managedClusters,AKS Clusters,Compute,team:Frontend,566.28,INR,21.45,1 Hour
2026-02-02,sub-psiog-001,MAC-03,rg-mac-03-frontend-prod,Microsoft.Storage/storageAccounts/fileServices,File Storage,Storage,team:Frontend,170.51,INR,50.89,1 Hour
2026-02-02,sub-psiog-001,MAC-03,rg-mac-03-frontend-prod,Microsoft.Network/virtualNetworks,Virtual Networks,Networking,team:Frontend,114.41,INR,35.65,1 Hour
2026-02-02,sub-psiog-001,MAC-03,rg-mac-03-frontend-prod,Microsoft.Sql/servers/databases,SQL Database,Data Services,,196.71,INR,19.63,1 Hour
2026-02-02,sub-psiog-001,MAC-04,rg-mac-04-backend-prod,Microsoft.Compute/virtualMachines,Virtual Machines,Compute,team:Backend,1120.04,INR,42.71,1 Hour
2026-02-02,sub-psiog-001,MAC-04,rg-mac-04-backend-prod,Microsoft.Storage/storageAccounts,Blob Storage,Storage,team:Backend,368.1,INR,44.92,1 Hour
2026-02-02,sub-psiog-001,MAC-04,rg-mac-04-backend-prod,Microsoft.Network/loadBalancers,Load Balancers,Networking,team:Backend,218.43,INR,67.78,1 Hour
2026-02-02,sub-psiog-001,MAC-04,rg-mac-04-backend-prod,Microsoft.Sql/servers/databases,SQL Database,Data Services,team:Backend,516.22,INR,6.88,1 Hour
2026-02-02,sub-psiog-001,MAC-04,rg-mac-04-qa-prod,Microsoft.ContainerService/managedClusters,AKS Clusters,Compute,team:QA,472.84,INR,27.27,1 Hour
2026-02-02,sub-psiog-001,MAC-04,rg-mac-04-qa-prod,Microsoft.Storage/storageAccounts/fileServices,File Storage,Storage,team:QA,210.73,INR,54.97,1 Hour
2026-02-02,sub-psiog-001,MAC-04,rg-mac-04-qa-prod,Microsoft.Network/virtualNetworks,Virtual Networks,Networking,team:QA,86.69,INR,13.83,1 Hour
2026-02-02,sub-psiog-001,MAC-04,rg-mac-04-qa-prod,Microsoft.Sql/servers/databases,SQL Database,Data Services,team:QA,257.1,INR,37.61,1 Hour
2026-02-02,sub-psiog-001,MAC-05,rg-mac-05-security-prod,Microsoft.Compute/virtualMachines,Virtual Machines,Compute,team:Security,798.74,INR,83.31,1 Hour
2026-02-02,sub-psiog-001,MAC-05,rg-mac-05-security-prod,Microsoft.Storage/storageAccounts,Blob Storage,Storage,team:Security,285.41,INR,35.63,1 Hour
2026-02-02,sub-psiog-001,MAC-05,rg-mac-05-security-prod,Microsoft.Network/virtualNetworks,Virtual Networks,Networking,team:Security,356.96,INR,71.49,1 Hour
2026-02-02,sub-psiog-001,MAC-05,rg-mac-05-security-prod,Microsoft.DocumentDB/databaseAccounts,Cosmos DB,Data Services,team:Security,421.11,INR,77.67,1 Hour
2026-02-02,sub-psiog-001,MAC-05,rg-mac-05-compliance-prod,Microsoft.Compute/virtualMachines,Virtual Machines,Compute,,319.24,INR,54.37,1 Hour
2026-02-02,sub-psiog-001,MAC-05,rg-mac-05-compliance-prod,Microsoft.Storage/storageAccounts,Blob Storage,Storage,team:Compliance,251.78,INR,90.84,1 Hour
2026-02-02,sub-psiog-001,MAC-05,rg-mac-05-compliance-prod,Microsoft.Network/virtualNetworks,Virtual Networks,Networking,team:Compliance,174.97,INR,58.18,1 Hour
2026-02-02,sub-psiog-001,MAC-05,rg-mac-05-compliance-prod,Microsoft.DocumentDB/databaseAccounts,Cosmos DB,Data Services,team:Compliance,347.91,INR,92.95,1 Hour
2026-02-02,sub-psiog-001,MAC-06,rg-mac-06-infrastructure-prod,Microsoft.ContainerService/managedClusters,AKS Clusters,Compute,team:Infrastructure,1499.67,INR,54.8,1 Hour
2026-02-02,sub-psiog-001,MAC-06,rg-mac-06-infrastructure-prod,Microsoft.Storage/storageAccounts,Blob Storage,Storage,team:Infrastructure,401.35,INR,39.91,1 Hour
2026-02-02,sub-psiog-001,MAC-06,rg-mac-06-infrastructure-prod,Microsoft.Network/virtualNetworks,Virtual Networks,Networking,team:Infrastructure,365.02,INR,84.32,1 Hour
2026-02-02,sub-psiog-001,MAC-06,rg-mac-06-infrastructure-prod,Microsoft.DocumentDB/databaseAccounts,Cosmos DB,Data Services,team:Infrastructure,441.77,INR,77.32,1 Hour
2026-02-02,sub-psiog-001,MAC-06,rg-mac-06-cloudops-prod,Microsoft.ContainerService/managedClusters,AKS Clusters,Compute,team:CloudOps,1469.32,INR,26.55,1 Hour
2026-02-02,sub-psiog-001,MAC-06,rg-mac-06-cloudops-prod,Microsoft.Storage/storageAccounts,Blob Storage,Storage,team:CloudOps,460.63,INR,51.94,1 Hour
2026-02-02,sub-psiog-001,MAC-06,rg-mac-06-cloudops-prod,Microsoft.Network/virtualNetworks,Virtual Networks,Networking,team:CloudOps,369.57,INR,76.67,1 Hour
2026-02-02,sub-psiog-001,MAC-06,rg-mac-06-cloudops-prod,Microsoft.Sql/servers/databases,SQL Database,Data Services,team:CloudOps,437.39,INR,3.21,1 Hour
2026-02-02,sub-psiog-001,MAC-07,rg-mac-07-ml-prod,Microsoft.ContainerService/managedClusters,AKS Clusters,Compute,team:ML,1952.84,INR,44.45,1 Hour
2026-02-02,sub-psiog-001,MAC-07,rg-mac-07-ml-prod,Microsoft.Storage/storageAccounts/fileServices,File Storage,Storage,team:ML,460.28,INR,64.41,1 Hour
2026-02-02,sub-psiog-001,MAC-07,rg-mac-07-ml-prod,Microsoft.Network/loadBalancers,Load Balancers,Networking,team:ML,189.03,INR,70.67,1 Hour
2026-02-02,sub-psiog-001,MAC-07,rg-mac-07-ml-prod,Microsoft.Sql/servers/databases,SQL Database,Data Services,team:ML,816.25,INR,83.86,1 Hour
2026-02-02,sub-psiog-001,MAC-07,rg-mac-07-research-prod,Microsoft.Compute/virtualMachines,Virtual Machines,Compute,team:Research,929.92,INR,1.0,1 Hour
2026-02-02,sub-psiog-001,MAC-07,rg-mac-07-research-prod,Microsoft.Storage/storageAccounts/fileServices,File Storage,Storage,team:Research,498.99,INR,55.87,1 Hour
2026-02-02,sub-psiog-001,MAC-07,rg-mac-07-research-prod,Microsoft.Network/virtualNetworks,Virtual Networks,Networking,team:Research,192.9,INR,11.16,1 Hour
2026-02-02,sub-psiog-001,MAC-07,rg-mac-07-research-prod,Microsoft.Sql/servers/databases,SQL Database,Data Services,team:Research,764.25,INR,97.04,1 Hour
2026-02-02,sub-psiog-001,MAC-08,rg-mac-08-finance-prod,Microsoft.ContainerService/managedClusters,AKS Clusters,Compute,team:Finance,271.88,INR,31.59,1 Hour
2026-02-02,sub-psiog-001,MAC-08,rg-mac-08-finance-prod,Microsoft.Storage/storageAccounts/fileServices,File Storage,Storage,team:Finance,226.12,INR,56.87,1 Hour
2026-02-02,sub-psiog-001,MAC-08,rg-mac-08-finance-prod,Microsoft.Network/virtualNetworks,Virtual Networks,Networking,team:Finance,115.36,INR,73.52,1 Hour
2026-02-02,sub-psiog-001,MAC-08,rg-mac-08-finance-prod,Microsoft.DocumentDB/databaseAccounts,Cosmos DB,Data Services,,453.87,INR,26.53,1 Hour
2026-02-02,sub-psiog-001,MAC-08,rg-mac-08-operations-prod,Microsoft.Compute/virtualMachines,Virtual Machines,Compute,team:Operations,463.46,INR,76.97,1 Hour
2026-02-02,sub-psiog-001,MAC-08,rg-mac-08-operations-prod,Microsoft.Storage/storageAccounts/fileServices,File Storage,Storage,team:Operations,324.07,INR,30.2,1 Hour
2026-02-02,sub-psiog-001,MAC-08,rg-mac-08-operations-prod,Microsoft.Network/virtualNetworks,Virtual Networks,Networking,team:Operations,145.52,INR,63.7,1 Hour
2026-02-02,sub-psiog-001,MAC-08,rg-mac-08-operations-prod,Microsoft.Sql/servers/databases,SQL Database,Data Services,team:Operations,446.55,INR,45.97,1 Hour
2026-02-03,sub-psiog-001,MAC-01,rg-mac-01-devops-prod,Microsoft.ContainerService/managedClusters,AKS Clusters,Compute,team:DevOps,1357.23,INR,49.66,1 Hour
2026-02-03,sub-psiog-001,MAC-01,rg-mac-01-devops-prod,Microsoft.Storage/storageAccounts/fileServices,File Storage,Storage,,289.47,INR,52.96,1 Hour
2026-02-03,sub-psiog-001,MAC-01,rg-mac-01-devops-prod,Microsoft.Network/virtualNetworks,Virtual Networks,Networking,team:DevOps,235.96,INR,78.25,1 Hour
2026-02-03,sub-psiog-001,MAC-01,rg-mac-01-devops-prod,Microsoft.Sql/servers/databases,SQL Database,Data Services,team:DevOps,453.26,INR,95.59,1 Hour
2026-02-03,sub-psiog-001,MAC-01,rg-mac-01-platform-prod,Microsoft.ContainerService/managedClusters,AKS Clusters,Compute,team:Platform,1195.55,INR,8.43,1 Hour
2026-02-03,sub-psiog-001,MAC-01,rg-mac-01-platform-prod,Microsoft.Storage/storageAccounts,Blob Storage,Storage,team:Platform,286.86,INR,63.31,1 Hour
2026-02-03,sub-psiog-001,MAC-01,rg-mac-01-platform-prod,Microsoft.Network/loadBalancers,Load Balancers,Networking,team:Platform,252.99,INR,85.64,1 Hour
2026-02-03,sub-psiog-001,MAC-01,rg-mac-01-platform-prod,Microsoft.DocumentDB/databaseAccounts,Cosmos DB,Data Services,,363.39,INR,92.31,1 Hour
2026-02-03,sub-psiog-001,MAC-02,rg-mac-02-dataengineering-prod,Microsoft.ContainerService/managedClusters,AKS Clusters,Compute,,1056.81,INR,35.35,1 Hour
2026-02-03,sub-psiog-001,MAC-02,rg-mac-02-dataengineering-prod,Microsoft.Storage/storageAccounts,Blob Storage,Storage,team:DataEngineering,718.12,INR,70.18,1 Hour
2026-02-03,sub-psiog-001,MAC-02,rg-mac-02-dataengineering-prod,Microsoft.Network/virtualNetworks,Virtual Networks,Networking,team:DataEngineering,212.67,INR,44.06,1 Hour
2026-02-03,sub-psiog-001,MAC-02,rg-mac-02-dataengineering-prod,Microsoft.Sql/servers/databases,SQL Database,Data Services,team:DataEngineering,1027.43,INR,96.69,1 Hour
2026-02-03,sub-psiog-001,MAC-02,rg-mac-02-analytics-prod,Microsoft.Compute/virtualMachines,Virtual Machines,Compute,team:Analytics,777.52,INR,42.95,1 Hour
2026-02-03,sub-psiog-001,MAC-02,rg-mac-02-analytics-prod,Microsoft.Storage/storageAccounts/fileServices,File Storage,Storage,team:Analytics,524.38,INR,10.68,1 Hour
2026-02-03,sub-psiog-001,MAC-02,rg-mac-02-analytics-prod,Microsoft.Network/virtualNetworks,Virtual Networks,Networking,team:Analytics,162.82,INR,81.53,1 Hour
2026-02-03,sub-psiog-001,MAC-02,rg-mac-02-analytics-prod,Microsoft.DocumentDB/databaseAccounts,Cosmos DB,Data Services,team:Analytics,788.29,INR,26.14,1 Hour
2026-02-03,sub-psiog-001,MAC-03,rg-mac-03-product-prod,Microsoft.ContainerService/managedClusters,AKS Clusters,Compute,team:Product,673.12,INR,39.22,1 Hour
2026-02-03,sub-psiog-001,MAC-03,rg-mac-03-product-prod,Microsoft.Storage/storageAccounts/fileServices,File Storage,Storage,team:Product,212.24,INR,78.47,1 Hour
2026-02-03,sub-psiog-001,MAC-03,rg-mac-03-product-prod,Microsoft.Network/virtualNetworks,Virtual Networks,Networking,team:Product,120.14,INR,29.38,1 Hour
2026-02-03,sub-psiog-001,MAC-03,rg-mac-03-product-prod,Microsoft.DocumentDB/databaseAccounts,Cosmos DB,Data Services,team:Product,359.0,INR,2.62,1 Hour
2026-02-03,sub-psiog-001,MAC-03,rg-mac-03-frontend-prod,Microsoft.ContainerService/managedClusters,AKS Clusters,Compute,team:Frontend,537.91,INR,6.3,1 Hour
2026-02-03,sub-psiog-001,MAC-03,rg-mac-03-frontend-prod,Microsoft.Storage/storageAccounts/fileServices,File Storage,Storage,team:Frontend,147.84,INR,91.98,1 Hour
2026-02-03,sub-psiog-001,MAC-03,rg-mac-03-frontend-prod,Microsoft.Network/loadBalancers,Load Balancers,Networking,team:Frontend,98.4,INR,26.22,1 Hour
2026-02-03,sub-psiog-001,MAC-03,rg-mac-03-frontend-prod,Microsoft.DocumentDB/databaseAccounts,Cosmos DB,Data Services,team:Frontend,206.74,INR,16.44,1 Hour
2026-02-03,sub-psiog-001,MAC-04,rg-mac-04-backend-prod,Microsoft.ContainerService/managedClusters,AKS Clusters,Compute,team:Backend,1159.33,INR,28.02,1 Hour
2026-02-03,sub-psiog-001,MAC-04,rg-mac-04-backend-prod,Microsoft.Storage/storageAccounts/fileServices,File Storage,Storage,team:Backend,347.39,INR,85.77,1 Hour
2026-02-03,sub-psiog-001,MAC-04,rg-mac-04-backend-prod,Microsoft.Network/virtualNetworks,Virtual Networks,Networking,,253.49,INR,80.51,1 Hour
2026-02-03,sub-psiog-001,MAC-04,rg-mac-04-backend-prod,Microsoft.Sql/servers/databases,SQL Database,Data Services,team:Backend,532.88,INR,32.69,1 Hour
2026-02-03,sub-psiog-001,MAC-04,rg-mac-04-qa-prod,Microsoft.Compute/virtualMachines,Virtual Machines,Compute,team:QA,374.35,INR,96.22,1 Hour
2026-02-03,sub-psiog-001,MAC-04,rg-mac-04-qa-prod,Microsoft.Storage/storageAccounts/fileServices,File Storage,Storage,team:QA,174.15,INR,66.33,1 Hour
2026-02-03,sub-psiog-001,MAC-04,rg-mac-04-qa-prod,Microsoft.Network/loadBalancers,Load Balancers,Networking,team:QA,99.07,INR,60.91,1 Hour
2026-02-03,sub-psiog-001,MAC-04,rg-mac-04-qa-prod,Microsoft.DocumentDB/databaseAccounts,Cosmos DB,Data Services,team:QA,259.17,INR,57.8,1 Hour
2026-02-03,sub-psiog-001,MAC-05,rg-mac-05-security-prod,Microsoft.ContainerService/managedClusters,AKS Clusters,Compute,team:Security,773.72,INR,14.99,1 Hour
2026-02-03,sub-psiog-001,MAC-05,rg-mac-05-security-prod,Microsoft.Storage/storageAccounts/fileServices,File Storage,Storage,team:Security,306.01,INR,95.69,1 Hour
2026-02-03,sub-psiog-001,MAC-05,rg-mac-05-security-prod,Microsoft.Network/virtualNetworks,Virtual Networks,Networking,team:Security,347.79,INR,63.84,1 Hour
2026-02-03,sub-psiog-001,MAC-05,rg-mac-05-security-prod,Microsoft.Sql/servers/databases,SQL Database,Data Services,team:Security,426.21,INR,11.89,1 Hour
2026-02-03,sub-psiog-001,MAC-05,rg-mac-05-compliance-prod,Microsoft.ContainerService/managedClusters,AKS Clusters,Compute,team:Compliance,317.68,INR,75.48,1 Hour
2026-02-03,sub-psiog-001,MAC-05,rg-mac-05-compliance-prod,Microsoft.Storage/storageAccounts,Blob Storage,Storage,team:Compliance,249.44,INR,41.38,1 Hour
2026-02-03,sub-psiog-001,MAC-05,rg-mac-05-compliance-prod,Microsoft.Network/virtualNetworks,Virtual Networks,Networking,team:Compliance,173.45,INR,35.82,1 Hour
2026-02-03,sub-psiog-001,MAC-05,rg-mac-05-compliance-prod,Microsoft.Sql/servers/databases,SQL Database,Data Services,team:Compliance,342.84,INR,80.58,1 Hour
2026-02-03,sub-psiog-001,MAC-06,rg-mac-06-infrastructure-prod,Microsoft.Compute/virtualMachines,Virtual Machines,Compute,team:Infrastructure,1457.76,INR,7.75,1 Hour
2026-02-03,sub-psiog-001,MAC-06,rg-mac-06-infrastructure-prod,Microsoft.Storage/storageAccounts,Blob Storage,Storage,team:Infrastructure,458.25,INR,36.19,1 Hour
2026-02-03,sub-psiog-001,MAC-06,rg-mac-06-infrastructure-prod,Microsoft.Network/loadBalancers,Load Balancers,Networking,team:Infrastructure,388.24,INR,57.57,1 Hour
2026-02-03,sub-psiog-001,MAC-06,rg-mac-06-infrastructure-prod,Microsoft.DocumentDB/databaseAccounts,Cosmos DB,Data Services,team:Infrastructure,403.68,INR,75.76,1 Hour
2026-02-03,sub-psiog-001,MAC-06,rg-mac-06-cloudops-prod,Microsoft.ContainerService/managedClusters,AKS Clusters,Compute,team:CloudOps,1563.24,INR,84.07,1 Hour
2026-02-03,sub-psiog-001,MAC-06,rg-mac-06-cloudops-prod,Microsoft.Storage/storageAccounts,Blob Storage,Storage,team:CloudOps,354.21,INR,55.19,1 Hour
2026-02-03,sub-psiog-001,MAC-06,rg-mac-06-cloudops-prod,Microsoft.Network/loadBalancers,Load Balancers,Networking,team:CloudOps,355.69,INR,12.88,1 Hour
2026-02-03,sub-psiog-001,MAC-06,rg-mac-06-cloudops-prod,Microsoft.Sql/servers/databases,SQL Database,Data Services,team:CloudOps,422.05,INR,80.31,1 Hour
2026-02-03,sub-psiog-001,MAC-07,rg-mac-07-ml-prod,Microsoft.Compute/virtualMachines,Virtual Machines,Compute,team:ML,1889.2,INR,85.3,1 Hour
2026-02-03,sub-psiog-001,MAC-07,rg-mac-07-ml-prod,Microsoft.Storage/storageAccounts,Blob Storage,Storage,team:ML,461.15,INR,97.41,1 Hour
2026-02-03,sub-psiog-001,MAC-07,rg-mac-07-ml-prod,Microsoft.Network/loadBalancers,Load Balancers,Networking,team:ML,237.21,INR,88.27,1 Hour
2026-02-03,sub-psiog-001,MAC-07,rg-mac-07-ml-prod,Microsoft.Sql/servers/databases,SQL Database,Data Services,team:ML,822.35,INR,92.12,1 Hour
2026-02-03,sub-psiog-001,MAC-07,rg-mac-07-research-prod,Microsoft.Compute/virtualMachines,Virtual Machines,Compute,team:Research,755.89,INR,3.89,1 Hour
2026-02-03,sub-psiog-001,MAC-07,rg-mac-07-research-prod,Microsoft.Storage/storageAccounts,Blob Storage,Storage,team:Research,489.46,INR,97.96,1 Hour
2026-02-03,sub-psiog-001,MAC-07,rg-mac-07-research-prod,Microsoft.Network/loadBalancers,Load Balancers,Networking,team:Research,174.46,INR,86.95,1 Hour
2026-02-03,sub-psiog-001,MAC-07,rg-mac-07-research-prod,Microsoft.Sql/servers/databases,SQL Database,Data Services,team:Research,679.56,INR,66.45,1 Hour
2026-02-03,sub-psiog-001,MAC-08,rg-mac-08-finance-prod,Microsoft.Compute/virtualMachines,Virtual Machines,Compute,team:Finance,272.97,INR,60.21,1 Hour
2026-02-03,sub-psiog-001,MAC-08,rg-mac-08-finance-prod,Microsoft.Storage/storageAccounts,Blob Storage,Storage,team:Finance,184.59,INR,32.35,1 Hour
2026-02-03,sub-psiog-001,MAC-08,rg-mac-08-finance-prod,Microsoft.Network/virtualNetworks,Virtual Networks,Networking,team:Finance,95.64,INR,99.4,1 Hour
2026-02-03,sub-psiog-001,MAC-08,rg-mac-08-finance-prod,Microsoft.DocumentDB/databaseAccounts,Cosmos DB,Data Services,team:Finance,483.7,INR,98.71,1 Hour
2026-02-03,sub-psiog-001,MAC-08,rg-mac-08-operations-prod,Microsoft.ContainerService/managedClusters,AKS Clusters,Compute,team:Operations,421.65,INR,40.15,1 Hour
2026-02-03,sub-psiog-001,MAC-08,rg-mac-08-operations-prod,Microsoft.Storage/storageAccounts,Blob Storage,Storage,team:Operations,302.37,INR,88.7,1 Hour
2026-02-03,sub-psiog-001,MAC-08,rg-mac-08-operations-prod,Microsoft.Network/virtualNetworks,Virtual Networks,Networking,team:Operations,150.24,INR,9.04,1 Hour
2026-02-03,sub-psiog-001,MAC-08,rg-mac-08-operations-prod,Microsoft.Sql/servers/databases,SQL Database,Data Services,team:Operations,430.61,INR,23.57,1 Hour
2026-02-04,sub-psiog-001,MAC-01,rg-mac-01-devops-prod,Microsoft.Compute/virtualMachines,Virtual Machines,Compute,team:DevOps,1293.22,INR,27.9,1 Hour
2026-02-04,sub-psiog-001,MAC-01,rg-mac-01-devops-prod,Microsoft.Storage/storageAccounts,Blob Storage,Storage,team:DevOps,298.4,INR,63.2,1 Hour
2026-02-04,sub-psiog-001,MAC-01,rg-mac-01-devops-prod,Microsoft.Network/loadBalancers,Load Balancers,Networking,team:DevOps,231.95,INR,50.43,1 Hour
2026-02-04,sub-psiog-001,MAC-01,rg-mac-01-devops-prod,Microsoft.Sql/servers/databases,SQL Database,Data Services,team:DevOps,417.04,INR,56.78,1 Hour
2026-02-04,sub-psiog-001,MAC-01,rg-mac-01-platform-prod,Microsoft.Compute/virtualMachines,Virtual Machines,Compute,team:Platform,1011.75,INR,98.15,1 Hour
2026-02-04,sub-psiog-001,MAC-01,rg-mac-01-platform-prod,Microsoft.Storage/storageAccounts,Blob Storage,Storage,team:Platform,277.09,INR,53.55,1 Hour
2026-02-04,sub-psiog-001,MAC-01,rg-mac-01-platform-prod,Microsoft.Network/virtualNetworks,Virtual Networks,Networking,team:Platform,259.68,INR,6.74,1 Hour
2026-02-04,sub-psiog-001,MAC-01,rg-mac-01-platform-prod,Microsoft.DocumentDB/databaseAccounts,Cosmos DB,Data Services,team:Platform,366.36,INR,19.02,1 Hour
2026-02-04,sub-psiog-001,MAC-02,rg-mac-02-dataengineering-prod,Microsoft.Compute/virtualMachines,Virtual Machines,Compute,team:DataEngineering,1054.16,INR,5.43,1 Hour
2026-02-04,sub-psiog-001,MAC-02,rg-mac-02-dataengineering-prod,Microsoft.Storage/storageAccounts/fileServices,File Storage,Storage,team:DataEngineering,570.75,INR,91.92,1 Hour
2026-02-04,sub-psiog-001,MAC-02,rg-mac-02-dataengineering-prod,Microsoft.Network/loadBalancers,Load Balancers,Networking,team:DataEngineering,214.08,INR,77.76,1 Hour
2026-02-04,sub-psiog-001,MAC-02,rg-mac-02-dataengineering-prod,Microsoft.DocumentDB/databaseAccounts,Cosmos DB,Data Services,team:DataEngineering,901.34,INR,50.47,1 Hour
2026-02-04,sub-psiog-001,MAC-02,rg-mac-02-analytics-prod,Microsoft.Compute/virtualMachines,Virtual Machines,Compute,team:Analytics,891.08,INR,23.73,1 Hour
2026-02-04,sub-psiog-001,MAC-02,rg-mac-02-analytics-prod,Microsoft.Storage/storageAccounts,Blob Storage,Storage,team:Analytics,607.21,INR,70.63,1 Hour
2026-02-04,sub-psiog-001,MAC-02,rg-mac-02-analytics-prod,Microsoft.Network/virtualNetworks,Virtual Networks,Networking,team:Analytics,168.37,INR,22.66,1 Hour
2026-02-04,sub-psiog-001,MAC-02,rg-mac-02-analytics-prod,Microsoft.Sql/servers/databases,SQL Database,Data Services,team:Analytics,986.34,INR,27.16,1 Hour
2026-02-04,sub-psiog-001,MAC-03,rg-mac-03-product-prod,Microsoft.Compute/virtualMachines,Virtual Machines,Compute,team:Product,714.41,INR,86.15,1 Hour
2026-02-04,sub-psiog-001,MAC-03,rg-mac-03-product-prod,Microsoft.Storage/storageAccounts,Blob Storage,Storage,team:Product,231.73,INR,19.59,1 Hour
2026-02-04,sub-psiog-001,MAC-03,rg-mac-03-product-prod,Microsoft.Network/loadBalancers,Load Balancers,Networking,team:Product,142.18,INR,61.49,1 Hour
2026-02-04,sub-psiog-001,MAC-03,rg-mac-03-product-prod,Microsoft.DocumentDB/databaseAccounts,Cosmos DB,Data Services,team:Product,306.8,INR,22.92,1 Hour
2026-02-04,sub-psiog-001,MAC-03,rg-mac-03-frontend-prod,Microsoft.Compute/virtualMachines,Virtual Machines,Compute,team:Frontend,498.0,INR,80.41,1 Hour
2026-02-04,sub-psiog-001,MAC-03,rg-mac-03-frontend-prod,Microsoft.Storage/storageAccounts/fileServices,File Storage,Storage,team:Frontend,146.66,INR,37.03,1 Hour
2026-02-04,sub-psiog-001,MAC-03,rg-mac-03-frontend-prod,Microsoft.Network/loadBalancers,Load Balancers,Networking,team:Frontend,98.83,INR,17.82,1 Hour
2026-02-04,sub-psiog-001,MAC-03,rg-mac-03-frontend-prod,Microsoft.DocumentDB/databaseAccounts,Cosmos DB,Data Services,team:Frontend,224.9,INR,95.77,1 Hour
2026-02-04,sub-psiog-001,MAC-04,rg-mac-04-backend-prod,Microsoft.ContainerService/managedClusters,AKS Clusters,Compute,team:Backend,953.16,INR,74.72,1 Hour
2026-02-04,sub-psiog-001,MAC-04,rg-mac-04-backend-prod,Microsoft.Storage/storageAccounts/fileServices,File Storage,Storage,team:Backend,330.46,INR,12.46,1 Hour
2026-02-04,sub-psiog-001,MAC-04,rg-mac-04-backend-prod,Microsoft.Network/loadBalancers,Load Balancers,Networking,team:Backend,248.08,INR,64.05,1 Hour
2026-02-04,sub-psiog-001,MAC-04,rg-mac-04-backend-prod,Microsoft.DocumentDB/databaseAccounts,Cosmos DB,Data Services,team:Backend,457.47,INR,42.12,1 Hour
2026-02-04,sub-psiog-001,MAC-04,rg-mac-04-qa-prod,Microsoft.Compute/virtualMachines,Virtual Machines,Compute,team:QA,433.23,INR,20.9,1 Hour
2026-02-04,sub-psiog-001,MAC-04,rg-mac-04-qa-prod,Microsoft.Storage/storageAccounts,Blob Storage,Storage,team:QA,218.34,INR,64.84,1 Hour
2026-02-04,sub-psiog-001,MAC-04,rg-mac-04-qa-prod,Microsoft.Network/virtualNetworks,Virtual Networks,Networking,team:QA,90.69,INR,65.55,1 Hour
2026-02-04,sub-psiog-001,MAC-04,rg-mac-04-qa-prod,Microsoft.DocumentDB/databaseAccounts,Cosmos DB,Data Services,team:QA,289.11,INR,98.69,1 Hour
2026-02-04,sub-psiog-001,MAC-05,rg-mac-05-security-prod,Microsoft.Compute/virtualMachines,Virtual Machines,Compute,team:Security,693.59,INR,96.56,1 Hour
2026-02-04,sub-psiog-001,MAC-05,rg-mac-05-security-prod,Microsoft.Storage/storageAccounts/fileServices,File Storage,Storage,team:Security,250.93,INR,45.05,1 Hour
2026-02-04,sub-psiog-001,MAC-05,rg-mac-05-security-prod,Microsoft.Network/virtualNetworks,Virtual Networks,Networking,team:Security,348.81,INR,8.25,1 Hour
2026-02-04,sub-psiog-001,MAC-05,rg-mac-05-security-prod,Microsoft.Sql/servers/databases,SQL Database,Data Services,team:Security,327.0,INR,34.3,1 Hour
2026-02-04,sub-psiog-001,MAC-05,rg-mac-05-compliance-prod,Microsoft.Compute/virtualMachines,Virtual Machines,Compute,team:Compliance,404.6,INR,85.12,1 Hour
2026-02-04,sub-psiog-001,MAC-05,rg-mac-05-compliance-prod,Microsoft.Storage/storageAccounts/fileServices,File Storage,Storage,team:Compliance,237.82,INR,67.73,1 Hour
2026-02-04,sub-psiog-001,MAC-05,rg-mac-05-compliance-prod,Microsoft.Network/loadBalancers,Load Balancers,Networking,,173.5,INR,43.29,1 Hour
2026-02-04,sub-psiog-001,MAC-05,rg-mac-05-compliance-prod,Microsoft.Sql/servers/databases,SQL Database,Data Services,team:Compliance,329.62,INR,15.86,1 Hour
2026-02-04,sub-psiog-001,MAC-06,rg-mac-06-infrastructure-prod,Microsoft.Compute/virtualMachines,Virtual Machines,Compute,team:Infrastructure,1441.48,INR,11.15,1 Hour
2026-02-04,sub-psiog-001,MAC-06,rg-mac-06-infrastructure-prod,Microsoft.Storage/storageAccounts,Blob Storage,Storage,team:Infrastructure,459.65,INR,81.21,1 Hour
2026-02-04,sub-psiog-001,MAC-06,rg-mac-06-infrastructure-prod,Microsoft.Network/loadBalancers,Load Balancers,Networking,team:Infrastructure,344.39,INR,68.57,1 Hour
2026-02-04,sub-psiog-001,MAC-06,rg-mac-06-infrastructure-prod,Microsoft.DocumentDB/databaseAccounts,Cosmos DB,Data Services,team:Infrastructure,452.93,INR,2.09,1 Hour
2026-02-04,sub-psiog-001,MAC-06,rg-mac-06-cloudops-prod,Microsoft.ContainerService/managedClusters,AKS Clusters,Compute,team:CloudOps,1339.58,INR,26.25,1 Hour
2026-02-04,sub-psiog-001,MAC-06,rg-mac-06-cloudops-prod,Microsoft.Storage/storageAccounts/fileServices,File Storage,Storage,team:CloudOps,395.83,INR,84.12,1 Hour
2026-02-04,sub-psiog-001,MAC-06,rg-mac-06-cloudops-prod,Microsoft.Network/loadBalancers,Load Balancers,Networking,team:CloudOps,342.7,INR,70.38,1 Hour
2026-02-04,sub-psiog-001,MAC-06,rg-mac-06-cloudops-prod,Microsoft.DocumentDB/databaseAccounts,Cosmos DB,Data Services,team:CloudOps,447.15,INR,15.63,1 Hour
2026-02-04,sub-psiog-001,MAC-07,rg-mac-07-ml-prod,Microsoft.ContainerService/managedClusters,AKS Clusters,Compute,team:ML,1553.0,INR,19.93,1 Hour
2026-02-04,sub-psiog-001,MAC-07,rg-mac-07-ml-prod,Microsoft.Storage/storageAccounts/fileServices,File Storage,Storage,team:ML,574.47,INR,15.84,1 Hour
2026-02-04,sub-psiog-001,MAC-07,rg-mac-07-ml-prod,Microsoft.Network/loadBalancers,Load Balancers,Networking,team:ML,225.29,INR,18.39,1 Hour
2026-02-04,sub-psiog-001,MAC-07,rg-mac-07-ml-prod,Microsoft.DocumentDB/databaseAccounts,Cosmos DB,Data Services,team:ML,767.01,INR,22.27,1 Hour
2026-02-04,sub-psiog-001,MAC-07,rg-mac-07-research-prod,Microsoft.ContainerService/managedClusters,AKS Clusters,Compute,team:Research,961.14,INR,56.36,1 Hour
2026-02-04,sub-psiog-001,MAC-07,rg-mac-07-research-prod,Microsoft.Storage/storageAccounts/fileServices,File Storage,Storage,team:Research,504.54,INR,2.74,1 Hour
2026-02-04,sub-psiog-001,MAC-07,rg-mac-07-research-prod,Microsoft.Network/loadBalancers,Load Balancers,Networking,team:Research,176.89,INR,92.32,1 Hour
2026-02-04,sub-psiog-001,MAC-07,rg-mac-07-research-prod,Microsoft.Sql/servers/databases,SQL Database,Data Services,team:Research,778.2,INR,78.35,1 Hour
2026-02-04,sub-psiog-001,MAC-08,rg-mac-08-finance-prod,Microsoft.ContainerService/managedClusters,AKS Clusters,Compute,team:Finance,354.81,INR,15.49,1 Hour
2026-02-04,sub-psiog-001,MAC-08,rg-mac-08-finance-prod,Microsoft.Storage/storageAccounts/fileServices,File Storage,Storage,team:Finance,195.02,INR,70.72,1 Hour
2026-02-04,sub-psiog-001,MAC-08,rg-mac-08-finance-prod,Microsoft.Network/loadBalancers,Load Balancers,Networking,team:Finance,101.59,INR,56.18,1 Hour
2026-02-04,sub-psiog-001,MAC-08,rg-mac-08-finance-prod,Microsoft.DocumentDB/databaseAccounts,Cosmos DB,Data Services,team:Finance,537.32,INR,34.11,1 Hour
2026-02-04,sub-psiog-001,MAC-08,rg-mac-08-operations-prod,Microsoft.ContainerService/managedClusters,AKS Clusters,Compute,team:Operations,435.32,INR,61.09,1 Hour
2026-02-04,sub-psiog-001,MAC-08,rg-mac-08-operations-prod,Microsoft.Storage/storageAccounts/fileServices,File Storage,Storage,team:Operations,354.57,INR,81.06,1 Hour
2026-02-04,sub-psiog-001,MAC-08,rg-mac-08-operations-prod,Microsoft.Network/loadBalancers,Load Balancers,Networking,team:Operations,139.18,INR,24.3,1 Hour
2026-02-04,sub-psiog-001,MAC-08,rg-mac-08-operations-prod,Microsoft.DocumentDB/databaseAccounts,Cosmos DB,Data Services,team:Operations,377.71,INR,49.17,1 Hour
2026-02-05,sub-psiog-001,MAC-01,rg-mac-01-devops-prod,Microsoft.ContainerService/managedClusters,AKS Clusters,Compute,team:DevOps,1239.17,INR,14.97,1 Hour
2026-02-05,sub-psiog-001,MAC-01,rg-mac-01-devops-prod,Microsoft.Storage/storageAccounts/fileServices,File Storage,Storage,team:DevOps,343.28,INR,17.39,1 Hour
2026-02-05,sub-psiog-001,MAC-01,rg-mac-01-devops-prod,Microsoft.Network/virtualNetworks,Virtual Networks,Networking,team:DevOps,237.08,INR,65.81,1 Hour
2026-02-05,sub-psiog-001,MAC-01,rg-mac-01-devops-prod,Microsoft.DocumentDB/databaseAccounts,Cosmos DB,Data Services,team:DevOps,434.17,INR,59.16,1 Hour
2026-02-05,sub-psiog-001,MAC-01,rg-mac-01-platform-prod,Microsoft.Compute/virtualMachines,Virtual Machines,Compute,team:Platform,1226.48,INR,86.62,1 Hour
2026-02-05,sub-psiog-001,MAC-01,rg-mac-01-platform-prod,Microsoft.Storage/storageAccounts,Blob Storage,Storage,team:Platform,281.66,INR,74.64,1 Hour
2026-02-05,sub-psiog-001,MAC-01,rg-mac-01-platform-prod,Microsoft.Network/loadBalancers,Load Balancers,Networking,team:Platform,241.11,INR,11.6,1 Hour
2026-02-05,sub-psiog-001,MAC-01,rg-mac-01-platform-prod,Microsoft.DocumentDB/databaseAccounts,Cosmos DB,Data Services,team:Platform,460.54,INR,44.31,1 Hour
2026-02-05,sub-psiog-001,MAC-02,rg-mac-02-dataengineering-prod,Microsoft.Compute/virtualMachines,Virtual Machines,Compute,team:DataEngineering,830.91,INR,55.75,1 Hour
2026-02-05,sub-psiog-001,MAC-02,rg-mac-02-dataengineering-prod,Microsoft.Storage/storageAccounts/fileServices,File Storage,Storage,team:DataEngineering,698.22,INR,21.3,1 Hour
2026-02-05,sub-psiog-001,MAC-02,rg-mac-02-dataengineering-prod,Microsoft.Network/virtualNetworks,Virtual Networks,Networking,team:DataEngineering,218.1,INR,93.51,1 Hour
2026-02-05,sub-psiog-001,MAC-02,rg-mac-02-dataengineering-prod,Microsoft.Sql/servers/databases,SQL Database,Data Services,team:DataEngineering,930.84,INR,27.54,1 Hour
2026-02-05,sub-psiog-001,MAC-02,rg-mac-02-analytics-prod,Microsoft.Compute/virtualMachines,Virtual Machines,Compute,team:Analytics,920.33,INR,73.74,1 Hour
2026-02-05,sub-psiog-001,MAC-02,rg-mac-02-analytics-prod,Microsoft.Storage/storageAccounts/fileServices,File Storage,Storage,team:Analytics,560.7,INR,54.35,1 Hour
2026-02-05,sub-psiog-001,MAC-02,rg-mac-02-analytics-prod,Microsoft.Network/loadBalancers,Load Balancers,Networking,team:Analytics,157.36,INR,53.89,1 Hour
2026-02-05,sub-psiog-001,MAC-02,rg-mac-02-analytics-prod,Microsoft.DocumentDB/databaseAccounts,Cosmos DB,Data Services,team:Analytics,919.67,INR,51.99,1 Hour
2026-02-05,sub-psiog-001,MAC-03,rg-mac-03-product-prod,Microsoft.Compute/virtualMachines,Virtual Machines,Compute,team:Product,591.89,INR,80.35,1 Hour
2026-02-05,sub-psiog-001,MAC-03,rg-mac-03-product-prod,Microsoft.Storage/storageAccounts/fileServices,File Storage,Storage,,187.67,INR,80.63,1 Hour
2026-02-05,sub-psiog-001,MAC-03,rg-mac-03-product-prod,Microsoft.Network/virtualNetworks,Virtual Networks,Networking,team:Product,125.35,INR,2.21,1 Hour
2026-02-05,sub-psiog-001,MAC-03,rg-mac-03-product-prod,Microsoft.Sql/servers/databases,SQL Database,Data Services,team:Product,355.82,INR,49.92,1 Hour
2026-02-05,sub-psiog-001,MAC-03,rg-mac-03-frontend-prod,Microsoft.ContainerService/managedClusters,AKS Clusters,Compute,team:Frontend,498.58,INR,24.56,1 Hour
2026-02-05,sub-psiog-001,MAC-03,rg-mac-03-frontend-prod,Microsoft.Storage/storageAccounts,Blob Storage,Storage,team:Frontend,145.46,INR,82.09,1 Hour
2026-02-05,sub-psiog-001,MAC-03,rg-mac-03-frontend-prod,Microsoft.Network/loadBalancers,Load Balancers,Networking,,115.22,INR,28.51,1 Hour
2026-02-05,sub-psiog-001,MAC-03,rg-mac-03-frontend-prod,Microsoft.DocumentDB/databaseAccounts,Cosmos DB,Data Services,,244.6,INR,18.47,1 Hour
2026-02-05,sub-psiog-001,MAC-04,rg-mac-04-backend-prod,Microsoft.ContainerService/managedClusters,AKS Clusters,Compute,team:Backend,959.44,INR,57.83,1 Hour
2026-02-05,sub-psiog-001,MAC-04,rg-mac-04-backend-prod,Microsoft.Storage/storageAccounts,Blob Storage,Storage,,322.57,INR,72.18,1 Hour
2026-02-05,sub-psiog-001,MAC-04,rg-mac-04-backend-prod,Microsoft.Network/virtualNetworks,Virtual Networks,Networking,,255.24,INR,67.95,1 Hour
2026-02-05,sub-psiog-001,MAC-04,rg-mac-04-backend-prod,Microsoft.DocumentDB/databaseAccounts,Cosmos DB,Data Services,team:Backend,511.06,INR,39.36,1 Hour
2026-02-05,sub-psiog-001,MAC-04,rg-mac-04-qa-prod,Microsoft.Compute/virtualMachines,Virtual Machines,Compute,team:QA,444.08,INR,40.18,1 Hour
2026-02-05,sub-psiog-001,MAC-04,rg-mac-04-qa-prod,Microsoft.Storage/storageAccounts/fileServices,File Storage,Storage,team:QA,204.19,INR,84.61,1 Hour
2026-02-05,sub-psiog-001,MAC-04,rg-mac-04-qa-prod,Microsoft.Network/loadBalancers,Load Balancers,Networking,team:QA,88.82,INR,42.44,1 Hour
2026-02-05,sub-psiog-001,MAC-04,rg-mac-04-qa-prod,Microsoft.DocumentDB/databaseAccounts,Cosmos DB,Data Services,team:QA,305.2,INR,84.76,1 Hour
2026-02-05,sub-psiog-001,MAC-05,rg-mac-05-security-prod,Microsoft.Compute/virtualMachines,Virtual Machines,Compute,team:Security,736.33,INR,66.24,1 Hour
2026-02-05,sub-psiog-001,MAC-05,rg-mac-05-security-prod,Microsoft.Storage/storageAccounts,Blob Storage,Storage,team:Security,303.16,INR,4.02,1 Hour
2026-02-05,sub-psiog-001,MAC-05,rg-mac-05-security-prod,Microsoft.Network/loadBalancers,Load Balancers,Networking,team:Security,310.86,INR,20.17,1 Hour
2026-02-05,sub-psiog-001,MAC-05,rg-mac-05-security-prod,Microsoft.Sql/servers/databases,SQL Database,Data Services,team:Security,342.71,INR,42.9,1 Hour
2026-02-05,sub-psiog-001,MAC-05,rg-mac-05-compliance-prod,Microsoft.Compute/virtualMachines,Virtual Machines,Compute,team:Compliance,363.87,INR,7.37,1 Hour
2026-02-05,sub-psiog-001,MAC-05,rg-mac-05-compliance-prod,Microsoft.Storage/storageAccounts/fileServices,File Storage,Storage,team:Compliance,215.09,INR,91.79,1 Hour
2026-02-05,sub-psiog-001,MAC-05,rg-mac-05-compliance-prod,Microsoft.Network/loadBalancers,Load Balancers,Networking,team:Compliance,157.97,INR,92.23,1 Hour
2026-02-05,sub-psiog-001,MAC-05,rg-mac-05-compliance-prod,Microsoft.DocumentDB/databaseAccounts,Cosmos DB,Data Services,team:Compliance,356.03,INR,93.02,1 Hour
2026-02-05,sub-psiog-001,MAC-06,rg-mac-06-infrastructure-prod,Microsoft.Compute/virtualMachines,Virtual Machines,Compute,team:Infrastructure,1391.55,INR,11.76,1 Hour
2026-02-05,sub-psiog-001,MAC-06,rg-mac-06-infrastructure-prod,Microsoft.Storage/storageAccounts,Blob Storage,Storage,team:Infrastructure,472.99,INR,98.96,1 Hour
2026-02-05,sub-psiog-001,MAC-06,rg-mac-06-infrastructure-prod,Microsoft.Network/loadBalancers,Load Balancers,Networking,,401.79,INR,88.77,1 Hour
2026-02-05,sub-psiog-001,MAC-06,rg-mac-06-infrastructure-prod,Microsoft.Sql/servers/databases,SQL Database,Data Services,team:Infrastructure,477.4,INR,14.28,1 Hour
2026-02-05,sub-psiog-001,MAC-06,rg-mac-06-cloudops-prod,Microsoft.ContainerService/managedClusters,AKS Clusters,Compute,team:CloudOps,1362.07,INR,92.88,1 Hour
2026-02-05,sub-psiog-001,MAC-06,rg-mac-06-cloudops-prod,Microsoft.Storage/storageAccounts/fileServices,File Storage,Storage,team:CloudOps,440.48,INR,62.77,1 Hour
2026-02-05,sub-psiog-001,MAC-06,rg-mac-06-cloudops-prod,Microsoft.Network/loadBalancers,Load Balancers,Networking,team:CloudOps,386.73,INR,33.01,1 Hour
2026-02-05,sub-psiog-001,MAC-06,rg-mac-06-cloudops-prod,Microsoft.DocumentDB/databaseAccounts,Cosmos DB,Data Services,team:CloudOps,448.86,INR,2.62,1 Hour
2026-02-05,sub-psiog-001,MAC-07,rg-mac-07-ml-prod,Microsoft.ContainerService/managedClusters,AKS Clusters,Compute,team:ML,1728.4,INR,61.26,1 Hour
2026-02-05,sub-psiog-001,MAC-07,rg-mac-07-ml-prod,Microsoft.Storage/storageAccounts,Blob Storage,Storage,team:ML,480.79,INR,58.51,1 Hour
2026-02-05,sub-psiog-001,MAC-07,rg-mac-07-ml-prod,Microsoft.Network/virtualNetworks,Virtual Networks,Networking,team:ML,241.07,INR,63.82,1 Hour
2026-02-05,sub-psiog-001,MAC-07,rg-mac-07-ml-prod,Microsoft.DocumentDB/databaseAccounts,Cosmos DB,Data Services,team:ML,821.23,INR,3.05,1 Hour
2026-02-05,sub-psiog-001,MAC-07,rg-mac-07-research-prod,Microsoft.Compute/virtualMachines,Virtual Machines,Compute,team:Research,882.76,INR,63.53,1 Hour
2026-02-05,sub-psiog-001,MAC-07,rg-mac-07-research-prod,Microsoft.Storage/storageAccounts,Blob Storage,Storage,team:Research,427.87,INR,47.75,1 Hour
2026-02-05,sub-psiog-001,MAC-07,rg-mac-07-research-prod,Microsoft.Network/virtualNetworks,Virtual Networks,Networking,team:Research,216.0,INR,13.24,1 Hour
2026-02-05,sub-psiog-001,MAC-07,rg-mac-07-research-prod,Microsoft.Sql/servers/databases,SQL Database,Data Services,team:Research,721.07,INR,37.57,1 Hour
2026-02-05,sub-psiog-001,MAC-08,rg-mac-08-finance-prod,Microsoft.ContainerService/managedClusters,AKS Clusters,Compute,team:Finance,356.96,INR,15.33,1 Hour
2026-02-05,sub-psiog-001,MAC-08,rg-mac-08-finance-prod,Microsoft.Storage/storageAccounts,Blob Storage,Storage,team:Finance,191.07,INR,12.4,1 Hour
2026-02-05,sub-psiog-001,MAC-08,rg-mac-08-finance-prod,Microsoft.Network/loadBalancers,Load Balancers,Networking,team:Finance,98.13,INR,71.99,1 Hour
2026-02-05,sub-psiog-001,MAC-08,rg-mac-08-finance-prod,Microsoft.DocumentDB/databaseAccounts,Cosmos DB,Data Services,team:Finance,437.33,INR,40.52,1 Hour
2026-02-05,sub-psiog-001,MAC-08,rg-mac-08-operations-prod,Microsoft.ContainerService/managedClusters,AKS Clusters,Compute,team:Operations,472.58,INR,30.35,1 Hour
2026-02-05,sub-psiog-001,MAC-08,rg-mac-08-operations-prod,Microsoft.Storage/storageAccounts/fileServices,File Storage,Storage,team:Operations,338.92,INR,26.07,1 Hour
2026-02-05,sub-psiog-001,MAC-08,rg-mac-08-operations-prod,Microsoft.Network/loadBalancers,Load Balancers,Networking,team:Operations,128.09,INR,46.06,1 Hour
2026-02-05,sub-psiog-001,MAC-08,rg-mac-08-operations-prod,Microsoft.DocumentDB/databaseAccounts,Cosmos DB,Data Services,team:Operations,459.69,INR,74.3,1 Hour
2026-02-06,sub-psiog-001,MAC-01,rg-mac-01-devops-prod,Microsoft.ContainerService/managedClusters,AKS Clusters,Compute,team:DevOps,1420.58,INR,69.94,1 Hour
2026-02-06,sub-psiog-001,MAC-01,rg-mac-01-devops-prod,Microsoft.Storage/storageAccounts/fileServices,File Storage,Storage,,324.69,INR,57.86,1 Hour
2026-02-06,sub-psiog-001,MAC-01,rg-mac-01-devops-prod,Microsoft.Network/loadBalancers,Load Balancers,Networking,team:DevOps,201.69,INR,41.74,1 Hour
2026-02-06,sub-psiog-001,MAC-01,rg-mac-01-devops-prod,Microsoft.Sql/servers/databases,SQL Database,Data Services,team:DevOps,417.47,INR,39.63,1 Hour
2026-02-06,sub-psiog-001,MAC-01,rg-mac-01-platform-prod,Microsoft.ContainerService/managedClusters,AKS Clusters,Compute,team:Platform,1264.15,INR,22.48,1 Hour
2026-02-06,sub-psiog-001,MAC-01,rg-mac-01-platform-prod,Microsoft.Storage/storageAccounts/fileServices,File Storage,Storage,team:Platform,330.37,INR,51.03,1 Hour
2026-02-06,sub-psiog-001,MAC-01,rg-mac-01-platform-prod,Microsoft.Network/virtualNetworks,Virtual Networks,Networking,team:Platform,244.49,INR,49.01,1 Hour
2026-02-06,sub-psiog-001,MAC-01,rg-mac-01-platform-prod,Microsoft.DocumentDB/databaseAccounts,Cosmos DB,Data Services,team:Platform,394.82,INR,41.5,1 Hour
2026-02-06,sub-psiog-001,MAC-02,rg-mac-02-dataengineering-prod,Microsoft.Compute/virtualMachines,Virtual Machines,Compute,team:DataEngineering,823.27,INR,58.21,1 Hour
2026-02-06,sub-psiog-001,MAC-02,rg-mac-02-dataengineering-prod,Microsoft.Storage/storageAccounts/fileServices,File Storage,Storage,team:DataEngineering,583.56,INR,47.39,1 Hour
2026-02-06,sub-psiog-001,MAC-02,rg-mac-02-dataengineering-prod,Microsoft.Network/virtualNetworks,Virtual Networks,Networking,team:DataEngineering,179.53,INR,43.67,1 Hour
2026-02-06,sub-psiog-001,MAC-02,rg-mac-02-dataengineering-prod,Microsoft.DocumentDB/databaseAccounts,Cosmos DB,Data Services,,938.49,INR,90.85,1 Hour
2026-02-06,sub-psiog-001,MAC-02,rg-mac-02-analytics-prod,Microsoft.Compute/virtualMachines,Virtual Machines,Compute,team:Analytics,860.82,INR,40.06,1 Hour
2026-02-06,sub-psiog-001,MAC-02,rg-mac-02-analytics-prod,Microsoft.Storage/storageAccounts,Blob Storage,Storage,team:Analytics,661.0,INR,30.45,1 Hour
2026-02-06,sub-psiog-001,MAC-02,rg-mac-02-analytics-prod,Microsoft.Network/virtualNetworks,Virtual Networks,Networking,,159.96,INR,53.11,1 Hour
2026-02-06,sub-psiog-001,MAC-02,rg-mac-02-analytics-prod,Microsoft.DocumentDB/databaseAccounts,Cosmos DB,Data Services,team:Analytics,1004.04,INR,92.03,1 Hour
2026-02-06,sub-psiog-001,MAC-03,rg-mac-03-product-prod,Microsoft.ContainerService/managedClusters,AKS Clusters,Compute,team:Product,669.17,INR,94.98,1 Hour
2026-02-06,sub-psiog-001,MAC-03,rg-mac-03-product-prod,Microsoft.Storage/storageAccounts/fileServices,File Storage,Storage,,235.97,INR,17.16,1 Hour
2026-02-06,sub-psiog-001,MAC-03,rg-mac-03-product-prod,Microsoft.Network/virtualNetworks,Virtual Networks,Networking,team:Product,114.08,INR,29.94,1 Hour
2026-02-06,sub-psiog-001,MAC-03,rg-mac-03-product-prod,Microsoft.DocumentDB/databaseAccounts,Cosmos DB,Data Services,team:Product,305.58,INR,67.82,1 Hour
2026-02-06,sub-psiog-001,MAC-03,rg-mac-03-frontend-prod,Microsoft.Compute/virtualMachines,Virtual Machines,Compute,team:Frontend,571.56,INR,49.74,1 Hour
2026-02-06,sub-psiog-001,MAC-03,rg-mac-03-frontend-prod,Microsoft.Storage/storageAccounts/fileServices,File Storage,Storage,team:Frontend,165.52,INR,29.38,1 Hour
2026-02-06,sub-psiog-001,MAC-03,rg-mac-03-frontend-prod,Microsoft.Network/virtualNetworks,Virtual Networks,Networking,,101.54,INR,5.26,1 Hour
2026-02-06,sub-psiog-001,MAC-03,rg-mac-03-frontend-prod,Microsoft.Sql/servers/databases,SQL Database,Data Services,team:Frontend,193.23,INR,42.4,1 Hour
2026-02-06,sub-psiog-001,MAC-04,rg-mac-04-backend-prod,Microsoft.ContainerService/managedClusters,AKS Clusters,Compute,team:Backend,946.65,INR,1.95,1 Hour
2026-02-06,sub-psiog-001,MAC-04,rg-mac-04-backend-prod,Microsoft.Storage/storageAccounts/fileServices,File Storage,Storage,team:Backend,328.14,INR,2.89,1 Hour
2026-02-06,sub-psiog-001,MAC-04,rg-mac-04-backend-prod,Microsoft.Network/loadBalancers,Load Balancers,Networking,team:Backend,237.85,INR,34.9,1 Hour
2026-02-06,sub-psiog-001,MAC-04,rg-mac-04-backend-prod,Microsoft.Sql/servers/databases,SQL Database,Data Services,team:Backend,524.9,INR,91.56,1 Hour
2026-02-06,sub-psiog-001,MAC-04,rg-mac-04-qa-prod,Microsoft.ContainerService/managedClusters,AKS Clusters,Compute,team:QA,476.72,INR,52.7,1 Hour
2026-02-06,sub-psiog-001,MAC-04,rg-mac-04-qa-prod,Microsoft.Storage/storageAccounts,Blob Storage,Storage,team:QA,206.98,INR,69.33,1 Hour
2026-02-06,sub-psiog-001,MAC-04,rg-mac-04-qa-prod,Microsoft.Network/virtualNetworks,Virtual Networks,Networking,team:QA,85.15,INR,93.34,1 Hour
2026-02-06,sub-psiog-001,MAC-04,rg-mac-04-qa-prod,Microsoft.DocumentDB/databaseAccounts,Cosmos DB,Data Services,team:QA,264.25,INR,58.29,1 Hour
2026-02-06,sub-psiog-001,MAC-05,rg-mac-05-security-prod,Microsoft.ContainerService/managedClusters,AKS Clusters,Compute,team:Security,795.56,INR,59.46,1 Hour
2026-02-06,sub-psiog-001,MAC-05,rg-mac-05-security-prod,Microsoft.Storage/storageAccounts/fileServices,File Storage,Storage,team:Security,244.94,INR,17.5,1 Hour
2026-02-06,sub-psiog-001,MAC-05,rg-mac-05-security-prod,Microsoft.Network/virtualNetworks,Virtual Networks,Networking,team:Security,323.12,INR,13.24,1 Hour
2026-02-06,sub-psiog-001,MAC-05,rg-mac-05-security-prod,Microsoft.Sql/servers/databases,SQL Database,Data Services,team:Security,348.66,INR,43.24,1 Hour
2026-02-06,sub-psiog-001,MAC-05,rg-mac-05-compliance-prod,Microsoft.ContainerService/managedClusters,AKS Clusters,Compute,team:Compliance,374.34,INR,19.93,1 Hour
2026-02-06,sub-psiog-001,MAC-05,rg-mac-05-compliance-prod,Microsoft.Storage/storageAccounts/fileServices,File Storage,Storage,team:Compliance,241.08,INR,45.38,1 Hour
2026-02-06,sub-psiog-001,MAC-05,rg-mac-05-compliance-prod,Microsoft.Network/virtualNetworks,Virtual Networks,Networking,team:Compliance,170.03,INR,49.17,1 Hour
2026-02-06,sub-psiog-001,MAC-05,rg-mac-05-compliance-prod,Microsoft.DocumentDB/databaseAccounts,Cosmos DB,Data Services,team:Compliance,309.56,INR,99.74,1 Hour
2026-02-06,sub-psiog-001,MAC-06,rg-mac-06-infrastructure-prod,Microsoft.Compute/virtualMachines,Virtual Machines,Compute,team:Infrastructure,1375.29,INR,98.3,1 Hour
2026-02-06,sub-psiog-001,MAC-06,rg-mac-06-infrastructure-prod,Microsoft.Storage/storageAccounts/fileServices,File Storage,Storage,team:Infrastructure,413.68,INR,33.86,1 Hour
2026-02-06,sub-psiog-001,MAC-06,rg-mac-06-infrastructure-prod,Microsoft.Network/virtualNetworks,Virtual Networks,Networking,team:Infrastructure,370.69,INR,83.75,1 Hour
2026-02-06,sub-psiog-001,MAC-06,rg-mac-06-infrastructure-prod,Microsoft.Sql/servers/databases,SQL Database,Data Services,,389.15,INR,23.13,1 Hour
2026-02-06,sub-psiog-001,MAC-06,rg-mac-06-cloudops-prod,Microsoft.Compute/virtualMachines,Virtual Machines,Compute,team:CloudOps,1409.27,INR,19.3,1 Hour
2026-02-06,sub-psiog-001,MAC-06,rg-mac-06-cloudops-prod,Microsoft.Storage/storageAccounts,Blob Storage,Storage,team:CloudOps,401.57,INR,23.58,1 Hour
2026-02-06,sub-psiog-001,MAC-06,rg-mac-06-cloudops-prod,Microsoft.Network/virtualNetworks,Virtual Networks,Networking,team:CloudOps,312.07,INR,65.94,1 Hour
2026-02-06,sub-psiog-001,MAC-06,rg-mac-06-cloudops-prod,Microsoft.DocumentDB/databaseAccounts,Cosmos DB,Data Services,team:CloudOps,406.34,INR,56.37,1 Hour
2026-02-06,sub-psiog-001,MAC-07,rg-mac-07-ml-prod,Microsoft.Compute/virtualMachines,Virtual Machines,Compute,team:ML,1903.06,INR,19.62,1 Hour
2026-02-06,sub-psiog-001,MAC-07,rg-mac-07-ml-prod,Microsoft.Storage/storageAccounts,Blob Storage,Storage,team:ML,571.26,INR,9.82,1 Hour
2026-02-06,sub-psiog-001,MAC-07,rg-mac-07-ml-prod,Microsoft.Network/loadBalancers,Load Balancers,Networking,team:ML,215.38,INR,71.22,1 Hour
2026-02-06,sub-psiog-001,MAC-07,rg-mac-07-ml-prod,Microsoft.Sql/servers/databases,SQL Database,Data Services,team:ML,662.36,INR,14.08,1 Hour
2026-02-06,sub-psiog-001,MAC-07,rg-mac-07-research-prod,Microsoft.Compute/virtualMachines,Virtual Machines,Compute,,841.68,INR,88.38,1 Hour
2026-02-06,sub-psiog-001,MAC-07,rg-mac-07-research-prod,Microsoft.Storage/storageAccounts,Blob Storage,Storage,team:Research,522.92,INR,13.84,1 Hour
2026-02-06,sub-psiog-001,MAC-07,rg-mac-07-research-prod,Microsoft.Network/loadBalancers,Load Balancers,Networking,team:Research,193.89,INR,77.54,1 Hour
2026-02-06,sub-psiog-001,MAC-07,rg-mac-07-research-prod,Microsoft.DocumentDB/databaseAccounts,Cosmos DB,Data Services,team:Research,607.9,INR,23.7,1 Hour
2026-02-06,sub-psiog-001,MAC-08,rg-mac-08-finance-prod,Microsoft.ContainerService/managedClusters,AKS Clusters,Compute,,315.59,INR,42.24,1 Hour
2026-02-06,sub-psiog-001,MAC-08,rg-mac-08-finance-prod,Microsoft.Storage/storageAccounts,Blob Storage,Storage,team:Finance,184.14,INR,4.36,1 Hour
2026-02-06,sub-psiog-001,MAC-08,rg-mac-08-finance-prod,Microsoft.Network/loadBalancers,Load Balancers,Networking,team:Finance,110.54,INR,15.49,1 Hour
2026-02-06,sub-psiog-001,MAC-08,rg-mac-08-finance-prod,Microsoft.DocumentDB/databaseAccounts,Cosmos DB,Data Services,team:Finance,537.34,INR,28.45,1 Hour
2026-02-06,sub-psiog-001,MAC-08,rg-mac-08-operations-prod,Microsoft.ContainerService/managedClusters,AKS Clusters,Compute,team:Operations,456.91,INR,76.22,1 Hour
2026-02-06,sub-psiog-001,MAC-08,rg-mac-08-operations-prod,Microsoft.Storage/storageAccounts,Blob Storage,Storage,team:Operations,290.42,INR,5.11,1 Hour
2026-02-06,sub-psiog-001,MAC-08,rg-mac-08-operations-prod,Microsoft.Network/virtualNetworks,Virtual Networks,Networking,team:Operations,125.81,INR,68.82,1 Hour
2026-02-06,sub-psiog-001,MAC-08,rg-mac-08-operations-prod,Microsoft.DocumentDB/databaseAccounts,Cosmos DB,Data Services,team:Operations,402.92,INR,86.31,1 Hour
2026-02-07,sub-psiog-001,MAC-01,rg-mac-01-devops-prod,Microsoft.Compute/virtualMachines,Virtual Machines,Compute,team:DevOps,1354.75,INR,19.76,1 Hour
2026-02-07,sub-psiog-001,MAC-01,rg-mac-01-devops-prod,Microsoft.Storage/storageAccounts/fileServices,File Storage,Storage,team:DevOps,322.0,INR,23.95,1 Hour
2026-02-07,sub-psiog-001,MAC-01,rg-mac-01-devops-prod,Microsoft.Network/loadBalancers,Load Balancers,Networking,team:DevOps,207.19,INR,92.37,1 Hour
2026-02-07,sub-psiog-001,MAC-01,rg-mac-01-devops-prod,Microsoft.DocumentDB/databaseAccounts,Cosmos DB,Data Services,team:DevOps,366.29,INR,49.04,1 Hour
2026-02-07,sub-psiog-001,MAC-01,rg-mac-01-platform-prod,Microsoft.ContainerService/managedClusters,AKS Clusters,Compute,team:Platform,1221.58,INR,23.28,1 Hour
2026-02-07,sub-psiog-001,MAC-01,rg-mac-01-platform-prod,Microsoft.Storage/storageAccounts/fileServices,File Storage,Storage,team:Platform,330.47,INR,45.35,1 Hour
2026-02-07,sub-psiog-001,MAC-01,rg-mac-01-platform-prod,Microsoft.Network/loadBalancers,Load Balancers,Networking,team:Platform,292.78,INR,45.02,1 Hour
2026-02-07,sub-psiog-001,MAC-01,rg-mac-01-platform-prod,Microsoft.DocumentDB/databaseAccounts,Cosmos DB,Data Services,team:Platform,406.57,INR,56.37,1 Hour
2026-02-07,sub-psiog-001,MAC-02,rg-mac-02-dataengineering-prod,Microsoft.Compute/virtualMachines,Virtual Machines,Compute,team:DataEngineering,1052.46,INR,81.65,1 Hour
2026-02-07,sub-psiog-001,MAC-02,rg-mac-02-dataengineering-prod,Microsoft.Storage/storageAccounts,Blob Storage,Storage,team:DataEngineering,692.08,INR,50.65,1 Hour
2026-02-07,sub-psiog-001,MAC-02,rg-mac-02-dataengineering-prod,Microsoft.Network/virtualNetworks,Virtual Networks,Networking,team:DataEngineering,215.4,INR,88.87,1 Hour
2026-02-07,sub-psiog-001,MAC-02,rg-mac-02-dataengineering-prod,Microsoft.Sql/servers/databases,SQL Database,Data Services,team:DataEngineering,1103.54,INR,6.38,1 Hour
2026-02-07,sub-psiog-001,MAC-02,rg-mac-02-analytics-prod,Microsoft.ContainerService/managedClusters,AKS Clusters,Compute,team:Analytics,965.45,INR,14.59,1 Hour
2026-02-07,sub-psiog-001,MAC-02,rg-mac-02-analytics-prod,Microsoft.Storage/storageAccounts/fileServices,File Storage,Storage,team:Analytics,643.86,INR,39.0,1 Hour
2026-02-07,sub-psiog-001,MAC-02,rg-mac-02-analytics-prod,Microsoft.Network/loadBalancers,Load Balancers,Networking,team:Analytics,161.54,INR,90.22,1 Hour
2026-02-07,sub-psiog-001,MAC-02,rg-mac-02-analytics-prod,Microsoft.DocumentDB/databaseAccounts,Cosmos DB,Data Services,,903.29,INR,9.58,1 Hour
2026-02-07,sub-psiog-001,MAC-03,rg-mac-03-product-prod,Microsoft.ContainerService/managedClusters,AKS Clusters,Compute,team:Product,604.99,INR,8.64,1 Hour
2026-02-07,sub-psiog-001,MAC-03,rg-mac-03-product-prod,Microsoft.Storage/storageAccounts/fileServices,File Storage,Storage,,213.53,INR,58.93,1 Hour
2026-02-07,sub-psiog-001,MAC-03,rg-mac-03-product-prod,Microsoft.Network/virtualNetworks,Virtual Networks,Networking,team:Product,126.43,INR,57.69,1 Hour
2026-02-07,sub-psiog-001,MAC-03,rg-mac-03-product-prod,Microsoft.DocumentDB/databaseAccounts,Cosmos DB,Data Services,team:Product,307.45,INR,12.63,1 Hour
2026-02-07,sub-psiog-001,MAC-03,rg-mac-03-frontend-prod,Microsoft.ContainerService/managedClusters,AKS Clusters,Compute,team:Frontend,490.78,INR,53.33,1 Hour
2026-02-07,sub-psiog-001,MAC-03,rg-mac-03-frontend-prod,Microsoft.Storage/storageAccounts/fileServices,File Storage,Storage,team:Frontend,181.35,INR,35.0,1 Hour
2026-02-07,sub-psiog-001,MAC-03,rg-mac-03-frontend-prod,Microsoft.Network/virtualNetworks,Virtual Networks,Networking,,109.39,INR,9.94,1 Hour
2026-02-07,sub-psiog-001,MAC-03,rg-mac-03-frontend-prod,Microsoft.DocumentDB/databaseAccounts,Cosmos DB,Data Services,team:Frontend,217.33,INR,86.43,1 Hour
2026-02-07,sub-psiog-001,MAC-04,rg-mac-04-backend-prod,Microsoft.Compute/virtualMachines,Virtual Machines,Compute,team:Backend,1149.31,INR,76.0,1 Hour
2026-02-07,sub-psiog-001,MAC-04,rg-mac-04-backend-prod,Microsoft.Storage/storageAccounts/fileServices,File Storage,Storage,team:Backend,388.63,INR,21.19,1 Hour
2026-02-07,sub-psiog-001,MAC-04,rg-mac-04-backend-prod,Microsoft.Network/virtualNetworks,Virtual Networks,Networking,team:Backend,243.58,INR,42.12,1 Hour
2026-02-07,sub-psiog-001,MAC-04,rg-mac-04-backend-prod,Microsoft.DocumentDB/databaseAccounts,Cosmos DB,Data Services,team:Backend,513.47,INR,25.77,1 Hour
2026-02-07,sub-psiog-001,MAC-04,rg-mac-04-qa-prod,Microsoft.Compute/virtualMachines,Virtual Machines,Compute,team:QA,367.97,INR,53.62,1 Hour
2026-02-07,sub-psiog-001,MAC-04,rg-mac-04-qa-prod,Microsoft.Storage/storageAccounts,Blob Storage,Storage,team:QA,209.76,INR,80.3,1 Hour
2026-02-07,sub-psiog-001,MAC-04,rg-mac-04-qa-prod,Microsoft.Network/virtualNetworks,Virtual Networks,Networking,team:QA,102.68,INR,82.1,1 Hour
2026-02-07,sub-psiog-001,MAC-04,rg-mac-04-qa-prod,Microsoft.Sql/servers/databases,SQL Database,Data Services,team:QA,229.41,INR,21.26,1 Hour
2026-02-07,sub-psiog-001,MAC-05,rg-mac-05-security-prod,Microsoft.ContainerService/managedClusters,AKS Clusters,Compute,team:Security,772.14,INR,52.28,1 Hour
2026-02-07,sub-psiog-001,MAC-05,rg-mac-05-security-prod,Microsoft.Storage/storageAccounts/fileServices,File Storage,Storage,team:Security,271.01,INR,12.35,1 Hour
2026-02-07,sub-psiog-001,MAC-05,rg-mac-05-security-prod,Microsoft.Network/loadBalancers,Load Balancers,Networking,team:Security,287.37,INR,88.28,1 Hour
2026-02-07,sub-psiog-001,MAC-05,rg-mac-05-security-prod,Microsoft.DocumentDB/databaseAccounts,Cosmos DB,Data Services,,413.87,INR,20.19,1 Hour
2026-02-07,sub-psiog-001,MAC-05,rg-mac-05-compliance-prod,Microsoft.Compute/virtualMachines,Virtual Machines,Compute,team:Compliance,396.76,INR,34.71,1 Hour
2026-02-07,sub-psiog-001,MAC-05,rg-mac-05-compliance-prod,Microsoft.Storage/storageAccounts/fileServices,File Storage,Storage,team:Compliance,226.4,INR,32.64,1 Hour
2026-02-07,sub-psiog-001,MAC-05,rg-mac-05-compliance-prod,Microsoft.Network/loadBalancers,Load Balancers,Networking,team:Compliance,146.15,INR,29.69,1 Hour
2026-02-07,sub-psiog-001,MAC-05,rg-mac-05-compliance-prod,Microsoft.DocumentDB/databaseAccounts,Cosmos DB,Data Services,team:Compliance,327.12,INR,44.61,1 Hour
2026-02-07,sub-psiog-001,MAC-06,rg-mac-06-infrastructure-prod,Microsoft.ContainerService/managedClusters,AKS Clusters,Compute,team:Infrastructure,1656.0,INR,24.93,1 Hour
2026-02-07,sub-psiog-001,MAC-06,rg-mac-06-infrastructure-prod,Microsoft.Storage/storageAccounts,Blob Storage,Storage,team:Infrastructure,388.62,INR,35.04,1 Hour
2026-02-07,sub-psiog-001,MAC-06,rg-mac-06-infrastructure-prod,Microsoft.Network/virtualNetworks,Virtual Networks,Networking,team:Infrastructure,400.28,INR,73.66,1 Hour
2026-02-07,sub-psiog-001,MAC-06,rg-mac-06-infrastructure-prod,Microsoft.DocumentDB/databaseAccounts,Cosmos DB,Data Services,team:Infrastructure,398.69,INR,37.43,1 Hour
2026-02-07,sub-psiog-001,MAC-06,rg-mac-06-cloudops-prod,Microsoft.Compute/virtualMachines,Virtual Machines,Compute,team:CloudOps,1253.49,INR,29.1,1 Hour
2026-02-07,sub-psiog-001,MAC-06,rg-mac-06-cloudops-prod,Microsoft.Storage/storageAccounts/fileServices,File Storage,Storage,,416.03,INR,42.51,1 Hour
2026-02-07,sub-psiog-001,MAC-06,rg-mac-06-cloudops-prod,Microsoft.Network/virtualNetworks,Virtual Networks,Networking,team:CloudOps,333.72,INR,27.55,1 Hour
2026-02-07,sub-psiog-001,MAC-06,rg-mac-06-cloudops-prod,Microsoft.Sql/servers/databases,SQL Database,Data Services,team:CloudOps,435.44,INR,76.68,1 Hour
2026-02-07,sub-psiog-001,MAC-07,rg-mac-07-ml-prod,Microsoft.Compute/virtualMachines,Virtual Machines,Compute,team:ML,1938.65,INR,76.87,1 Hour
2026-02-07,sub-psiog-001,MAC-07,rg-mac-07-ml-prod,Microsoft.Storage/storageAccounts,Blob Storage,Storage,,611.65,INR,55.95,1 Hour
2026-02-07,sub-psiog-001,MAC-07,rg-mac-07-ml-prod,Microsoft.Network/loadBalancers,Load Balancers,Networking,team:ML,213.48,INR,56.61,1 Hour
2026-02-07,sub-psiog-001,MAC-07,rg-mac-07-ml-prod,Microsoft.DocumentDB/databaseAccounts,Cosmos DB,Data Services,team:ML,765.32,INR,91.31,1 Hour
2026-02-07,sub-psiog-001,MAC-07,rg-mac-07-research-prod,Microsoft.Compute/virtualMachines,Virtual Machines,Compute,,908.06,INR,14.22,1 Hour
2026-02-07,sub-psiog-001,MAC-07,rg-mac-07-research-prod,Microsoft.Storage/storageAccounts/fileServices,File Storage,Storage,team:Research,473.86,INR,95.24,1 Hour
2026-02-07,sub-psiog-001,MAC-07,rg-mac-07-research-prod,Microsoft.Network/virtualNetworks,Virtual Networks,Networking,team:Research,221.51,INR,17.47,1 Hour
2026-02-07,sub-psiog-001,MAC-07,rg-mac-07-research-prod,Microsoft.Sql/servers/databases,SQL Database,Data Services,team:Research,642.29,INR,11.66,1 Hour
2026-02-07,sub-psiog-001,MAC-08,rg-mac-08-finance-prod,Microsoft.Compute/virtualMachines,Virtual Machines,Compute,,319.06,INR,7.78,1 Hour
2026-02-07,sub-psiog-001,MAC-08,rg-mac-08-finance-prod,Microsoft.Storage/storageAccounts/fileServices,File Storage,Storage,team:Finance,199.01,INR,67.87,1 Hour
2026-02-07,sub-psiog-001,MAC-08,rg-mac-08-finance-prod,Microsoft.Network/loadBalancers,Load Balancers,Networking,team:Finance,108.75,INR,22.64,1 Hour
2026-02-07,sub-psiog-001,MAC-08,rg-mac-08-finance-prod,Microsoft.Sql/servers/databases,SQL Database,Data Services,team:Finance,421.24,INR,41.52,1 Hour
2026-02-07,sub-psiog-001,MAC-08,rg-mac-08-operations-prod,Microsoft.ContainerService/managedClusters,AKS Clusters,Compute,,552.61,INR,29.48,1 Hour
2026-02-07,sub-psiog-001,MAC-08,rg-mac-08-operations-prod,Microsoft.Storage/storageAccounts,Blob Storage,Storage,team:Operations,333.56,INR,85.58,1 Hour
2026-02-07,sub-psiog-001,MAC-08,rg-mac-08-operations-prod,Microsoft.Network/loadBalancers,Load Balancers,Networking,team:Operations,147.4,INR,52.15,1 Hour
2026-02-07,sub-psiog-001,MAC-08,rg-mac-08-operations-prod,Microsoft.Sql/servers/databases,SQL Database,Data Services,team:Operations,404.26,INR,83.18,1 Hour
2026-02-08,sub-psiog-001,MAC-01,rg-mac-01-devops-prod,Microsoft.ContainerService/managedClusters,AKS Clusters,Compute,team:DevOps,1318.09,INR,8.08,1 Hour
2026-02-08,sub-psiog-001,MAC-01,rg-mac-01-devops-prod,Microsoft.Storage/storageAccounts/fileServices,File Storage,Storage,team:DevOps,345.49,INR,64.74,1 Hour
2026-02-08,sub-psiog-001,MAC-01,rg-mac-01-devops-prod,Microsoft.Network/loadBalancers,Load Balancers,Networking,team:DevOps,184.51,INR,31.72,1 Hour
2026-02-08,sub-psiog-001,MAC-01,rg-mac-01-devops-prod,Microsoft.DocumentDB/databaseAccounts,Cosmos DB,Data Services,,481.66,INR,41.53,1 Hour
2026-02-08,sub-psiog-001,MAC-01,rg-mac-01-platform-prod,Microsoft.Compute/virtualMachines,Virtual Machines,Compute,team:Platform,1216.06,INR,23.67,1 Hour
2026-02-08,sub-psiog-001,MAC-01,rg-mac-01-platform-prod,Microsoft.Storage/storageAccounts,Blob Storage,Storage,team:Platform,314.33,INR,50.15,1 Hour
2026-02-08,sub-psiog-001,MAC-01,rg-mac-01-platform-prod,Microsoft.Network/virtualNetworks,Virtual Networks,Networking,team:Platform,242.61,INR,82.13,1 Hour
2026-02-08,sub-psiog-001,MAC-01,rg-mac-01-platform-prod,Microsoft.Sql/servers/databases,SQL Database,Data Services,team:Platform,407.94,INR,4.59,1 Hour
2026-02-08,sub-psiog-001,MAC-02,rg-mac-02-dataengineering-prod,Microsoft.ContainerService/managedClusters,AKS Clusters,Compute,team:DataEngineering,958.75,INR,95.23,1 Hour
2026-02-08,sub-psiog-001,MAC-02,rg-mac-02-dataengineering-prod,Microsoft.Storage/storageAccounts,Blob Storage,Storage,team:DataEngineering,674.06,INR,95.32,1 Hour
2026-02-08,sub-psiog-001,MAC-02,rg-mac-02-dataengineering-prod,Microsoft.Network/loadBalancers,Load Balancers,Networking,team:DataEngineering,196.43,INR,66.22,1 Hour
2026-02-08,sub-psiog-001,MAC-02,rg-mac-02-dataengineering-prod,Microsoft.DocumentDB/databaseAccounts,Cosmos DB,Data Services,team:DataEngineering,959.77,INR,85.37,1 Hour
2026-02-08,sub-psiog-001,MAC-02,rg-mac-02-analytics-prod,Microsoft.ContainerService/managedClusters,AKS Clusters,Compute,team:Analytics,809.58,INR,7.42,1 Hour
2026-02-08,sub-psiog-001,MAC-02,rg-mac-02-analytics-prod,Microsoft.Storage/storageAccounts,Blob Storage,Storage,,518.58,INR,23.27,1 Hour
2026-02-08,sub-psiog-001,MAC-02,rg-mac-02-analytics-prod,Microsoft.Network/virtualNetworks,Virtual Networks,Networking,team:Analytics,170.23,INR,20.44,1 Hour
2026-02-08,sub-psiog-001,MAC-02,rg-mac-02-analytics-prod,Microsoft.DocumentDB/databaseAccounts,Cosmos DB,Data Services,team:Analytics,1009.29,INR,55.01,1 Hour
2026-02-08,sub-psiog-001,MAC-03,rg-mac-03-product-prod,Microsoft.Compute/virtualMachines,Virtual Machines,Compute,team:Product,703.69,INR,91.95,1 Hour
2026-02-08,sub-psiog-001,MAC-03,rg-mac-03-product-prod,Microsoft.Storage/storageAccounts/fileServices,File Storage,Storage,team:Product,216.83,INR,39.45,1 Hour
2026-02-08,sub-psiog-001,MAC-03,rg-mac-03-product-prod,Microsoft.Network/virtualNetworks,Virtual Networks,Networking,,118.06,INR,83.99,1 Hour
2026-02-08,sub-psiog-001,MAC-03,rg-mac-03-product-prod,Microsoft.Sql/servers/databases,SQL Database,Data Services,team:Product,365.33,INR,21.74,1 Hour
2026-02-08,sub-psiog-001,MAC-03,rg-mac-03-frontend-prod,Microsoft.Compute/virtualMachines,Virtual Machines,Compute,team:Frontend,521.68,INR,34.52,1 Hour
2026-02-08,sub-psiog-001,MAC-03,rg-mac-03-frontend-prod,Microsoft.Storage/storageAccounts/fileServices,File Storage,Storage,team:Frontend,156.05,INR,87.29,1 Hour
2026-02-08,sub-psiog-001,MAC-03,rg-mac-03-frontend-prod,Microsoft.Network/virtualNetworks,Virtual Networks,Networking,team:Frontend,114.27,INR,49.93,1 Hour
2026-02-08,sub-psiog-001,MAC-03,rg-mac-03-frontend-prod,Microsoft.DocumentDB/databaseAccounts,Cosmos DB,Data Services,team:Frontend,202.4,INR,83.37,1 Hour
2026-02-08,sub-psiog-001,MAC-04,rg-mac-04-backend-prod,Microsoft.Compute/virtualMachines,Virtual Machines,Compute,team:Backend,1077.13,INR,97.79,1 Hour
2026-02-08,sub-psiog-001,MAC-04,rg-mac-04-backend-prod,Microsoft.Storage/storageAccounts/fileServices,File Storage,Storage,,384.33,INR,6.92,1 Hour
2026-02-08,sub-psiog-001,MAC-04,rg-mac-04-backend-prod,Microsoft.Network/loadBalancers,Load Balancers,Networking,,227.36,INR,44.67,1 Hour
2026-02-08,sub-psiog-001,MAC-04,rg-mac-04-backend-prod,Microsoft.Sql/servers/databases,SQL Database,Data Services,team:Backend,618.17,INR,89.03,1 Hour
2026-02-08,sub-psiog-001,MAC-04,rg-mac-04-qa-prod,Microsoft.Compute/virtualMachines,Virtual Machines,Compute,,422.43,INR,63.04,1 Hour
2026-02-08,sub-psiog-001,MAC-04,rg-mac-04-qa-prod,Microsoft.Storage/storageAccounts/fileServices,File Storage,Storage,team:QA,209.9,INR,59.23,1 Hour
2026-02-08,sub-psiog-001,MAC-04,rg-mac-04-qa-prod,Microsoft.Network/virtualNetworks,Virtual Networks,Networking,team:QA,92.27,INR,88.27,1 Hour
2026-02-08,sub-psiog-001,MAC-04,rg-mac-04-qa-prod,Microsoft.DocumentDB/databaseAccounts,Cosmos DB,Data Services,team:QA,302.99,INR,71.64,1 Hour
2026-02-08,sub-psiog-001,MAC-05,rg-mac-05-security-prod,Microsoft.ContainerService/managedClusters,AKS Clusters,Compute,team:Security,747.68,INR,72.88,1 Hour
2026-02-08,sub-psiog-001,MAC-05,rg-mac-05-security-prod,Microsoft.Storage/storageAccounts,Blob Storage,Storage,team:Security,299.02,INR,9.46,1 Hour
2026-02-08,sub-psiog-001,MAC-05,rg-mac-05-security-prod,Microsoft.Network/virtualNetworks,Virtual Networks,Networking,team:Security,291.92,INR,34.99,1 Hour
2026-02-08,sub-psiog-001,MAC-05,rg-mac-05-security-prod,Microsoft.DocumentDB/databaseAccounts,Cosmos DB,Data Services,team:Security,410.86,INR,59.22,1 Hour
2026-02-08,sub-psiog-001,MAC-05,rg-mac-05-compliance-prod,Microsoft.ContainerService/managedClusters,AKS Clusters,Compute,team:Compliance,407.58,INR,17.65,1 Hour
2026-02-08,sub-psiog-001,MAC-05,rg-mac-05-compliance-prod,Microsoft.Storage/storageAccounts,Blob Storage,Storage,team:Compliance,245.71,INR,34.79,1 Hour
2026-02-08,sub-psiog-001,MAC-05,rg-mac-05-compliance-prod,Microsoft.Network/loadBalancers,Load Balancers,Networking,team:Compliance,174.04,INR,10.86,1 Hour
2026-02-08,sub-psiog-001,MAC-05,rg-mac-05-compliance-prod,Microsoft.Sql/servers/databases,SQL Database,Data Services,team:Compliance,335.12,INR,35.15,1 Hour
2026-02-08,sub-psiog-001,MAC-06,rg-mac-06-infrastructure-prod,Microsoft.Compute/virtualMachines,Virtual Machines,Compute,team:Infrastructure,1436.93,INR,82.44,1 Hour
2026-02-08,sub-psiog-001,MAC-06,rg-mac-06-infrastructure-prod,Microsoft.Storage/storageAccounts/fileServices,File Storage,Storage,team:Infrastructure,397.93,INR,3.01,1 Hour
2026-02-08,sub-psiog-001,MAC-06,rg-mac-06-infrastructure-prod,Microsoft.Network/virtualNetworks,Virtual Networks,Networking,team:Infrastructure,330.52,INR,42.87,1 Hour
2026-02-08,sub-psiog-001,MAC-06,rg-mac-06-infrastructure-prod,Microsoft.Sql/servers/databases,SQL Database,Data Services,team:Infrastructure,463.66,INR,51.7,1 Hour
2026-02-08,sub-psiog-001,MAC-06,rg-mac-06-cloudops-prod,Microsoft.Compute/virtualMachines,Virtual Machines,Compute,team:CloudOps,1284.75,INR,59.89,1 Hour
2026-02-08,sub-psiog-001,MAC-06,rg-mac-06-cloudops-prod,Microsoft.Storage/storageAccounts,Blob Storage,Storage,team:CloudOps,434.13,INR,50.59,1 Hour
2026-02-08,sub-psiog-001,MAC-06,rg-mac-06-cloudops-prod,Microsoft.Network/loadBalancers,Load Balancers,Networking,team:CloudOps,345.48,INR,28.38,1 Hour
2026-02-08,sub-psiog-001,MAC-06,rg-mac-06-cloudops-prod,Microsoft.DocumentDB/databaseAccounts,Cosmos DB,Data Services,,445.25,INR,3.26,1 Hour
2026-02-08,sub-psiog-001,MAC-07,rg-mac-07-ml-prod,Microsoft.ContainerService/managedClusters,AKS Clusters,Compute,team:ML,1924.2,INR,97.1,1 Hour
2026-02-08,sub-psiog-001,MAC-07,rg-mac-07-ml-prod,Microsoft.Storage/storageAccounts,Blob Storage,Storage,team:ML,603.41,INR,61.45,1 Hour
2026-02-08,sub-psiog-001,MAC-07,rg-mac-07-ml-prod,Microsoft.Network/virtualNetworks,Virtual Networks,Networking,team:ML,246.78,INR,91.3,1 Hour
2026-02-08,sub-psiog-001,MAC-07,rg-mac-07-ml-prod,Microsoft.Sql/servers/databases,SQL Database,Data Services,team:ML,712.32,INR,81.85,1 Hour
2026-02-08,sub-psiog-001,MAC-07,rg-mac-07-research-prod,Microsoft.ContainerService/managedClusters,AKS Clusters,Compute,team:Research,770.08,INR,51.25,1 Hour
2026-02-08,sub-psiog-001,MAC-07,rg-mac-07-research-prod,Microsoft.Storage/storageAccounts/fileServices,File Storage,Storage,team:Research,546.79,INR,30.75,1 Hour
2026-02-08,sub-psiog-001,MAC-07,rg-mac-07-research-prod,Microsoft.Network/loadBalancers,Load Balancers,Networking,,197.62,INR,59.05,1 Hour
2026-02-08,sub-psiog-001,MAC-07,rg-mac-07-research-prod,Microsoft.Sql/servers/databases,SQL Database,Data Services,team:Research,734.0,INR,52.37,1 Hour
2026-02-08,sub-psiog-001,MAC-08,rg-mac-08-finance-prod,Microsoft.ContainerService/managedClusters,AKS Clusters,Compute,team:Finance,332.5,INR,51.71,1 Hour
2026-02-08,sub-psiog-001,MAC-08,rg-mac-08-finance-prod,Microsoft.Storage/storageAccounts,Blob Storage,Storage,,231.06,INR,52.64,1 Hour
2026-02-08,sub-psiog-001,MAC-08,rg-mac-08-finance-prod,Microsoft.Network/virtualNetworks,Virtual Networks,Networking,team:Finance,100.62,INR,53.72,1 Hour
2026-02-08,sub-psiog-001,MAC-08,rg-mac-08-finance-prod,Microsoft.Sql/servers/databases,SQL Database,Data Services,,479.11,INR,72.42,1 Hour
2026-02-08,sub-psiog-001,MAC-08,rg-mac-08-operations-prod,Microsoft.ContainerService/managedClusters,AKS Clusters,Compute,,479.93,INR,14.32,1 Hour
2026-02-08,sub-psiog-001,MAC-08,rg-mac-08-operations-prod,Microsoft.Storage/storageAccounts,Blob Storage,Storage,team:Operations,360.71,INR,15.46,1 Hour
2026-02-08,sub-psiog-001,MAC-08,rg-mac-08-operations-prod,Microsoft.Network/virtualNetworks,Virtual Networks,Networking,team:Operations,135.67,INR,75.55,1 Hour
2026-02-08,sub-psiog-001,MAC-08,rg-mac-08-operations-prod,Microsoft.DocumentDB/databaseAccounts,Cosmos DB,Data Services,team:Operations,357.37,INR,80.83,1 Hour
2026-02-09,sub-psiog-001,MAC-01,rg-mac-01-devops-prod,Microsoft.ContainerService/managedClusters,AKS Clusters,Compute,team:DevOps,1362.3,INR,94.86,1 Hour
2026-02-09,sub-psiog-001,MAC-01,rg-mac-01-devops-prod,Microsoft.Storage/storageAccounts/fileServices,File Storage,Storage,,367.94,INR,29.72,1 Hour
2026-02-09,sub-psiog-001,MAC-01,rg-mac-01-devops-prod,Microsoft.Network/loadBalancers,Load Balancers,Networking,,197.79,INR,19.49,1 Hour
2026-02-09,sub-psiog-001,MAC-01,rg-mac-01-devops-prod,Microsoft.DocumentDB/databaseAccounts,Cosmos DB,Data Services,team:DevOps,457.39,INR,48.35,1 Hour
2026-02-09,sub-psiog-001,MAC-01,rg-mac-01-platform-prod,Microsoft.Compute/virtualMachines,Virtual Machines,Compute,team:Platform,1104.54,INR,30.37,1 Hour
2026-02-09,sub-psiog-001,MAC-01,rg-mac-01-platform-prod,Microsoft.Storage/storageAccounts/fileServices,File Storage,Storage,team:Platform,257.03,INR,56.72,1 Hour
2026-02-09,sub-psiog-001,MAC-01,rg-mac-01-platform-prod,Microsoft.Network/loadBalancers,Load Balancers,Networking,team:Platform,250.4,INR,89.22,1 Hour
2026-02-09,sub-psiog-001,MAC-01,rg-mac-01-platform-prod,Microsoft.Sql/servers/databases,SQL Database,Data Services,team:Platform,460.76,INR,74.3,1 Hour
2026-02-09,sub-psiog-001,MAC-02,rg-mac-02-dataengineering-prod,Microsoft.Compute/virtualMachines,Virtual Machines,Compute,team:DataEngineering,931.06,INR,74.94,1 Hour
2026-02-09,sub-psiog-001,MAC-02,rg-mac-02-dataengineering-prod,Microsoft.Storage/storageAccounts/fileServices,File Storage,Storage,team:DataEngineering,727.58,INR,63.54,1 Hour
2026-02-09,sub-psiog-001,MAC-02,rg-mac-02-dataengineering-prod,Microsoft.Network/loadBalancers,Load Balancers,Networking,team:DataEngineering,184.59,INR,71.04,1 Hour
2026-02-09,sub-psiog-001,MAC-02,rg-mac-02-dataengineering-prod,Microsoft.DocumentDB/databaseAccounts,Cosmos DB,Data Services,team:DataEngineering,868.82,INR,6.11,1 Hour
2026-02-09,sub-psiog-001,MAC-02,rg-mac-02-analytics-prod,Microsoft.ContainerService/managedClusters,AKS Clusters,Compute,team:Analytics,912.84,INR,58.94,1 Hour
2026-02-09,sub-psiog-001,MAC-02,rg-mac-02-analytics-prod,Microsoft.Storage/storageAccounts,Blob Storage,Storage,team:Analytics,553.1,INR,29.48,1 Hour
2026-02-09,sub-psiog-001,MAC-02,rg-mac-02-analytics-prod,Microsoft.Network/virtualNetworks,Virtual Networks,Networking,team:Analytics,160.28,INR,65.66,1 Hour
2026-02-09,sub-psiog-001,MAC-02,rg-mac-02-analytics-prod,Microsoft.DocumentDB/databaseAccounts,Cosmos DB,Data Services,team:Analytics,925.47,INR,88.62,1 Hour
2026-02-09,sub-psiog-001,MAC-03,rg-mac-03-product-prod,Microsoft.Compute/virtualMachines,Virtual Machines,Compute,team:Product,695.0,INR,22.74,1 Hour
2026-02-09,sub-psiog-001,MAC-03,rg-mac-03-product-prod,Microsoft.Storage/storageAccounts/fileServices,File Storage,Storage,team:Product,212.49,INR,70.36,1 Hour
2026-02-09,sub-psiog-001,MAC-03,rg-mac-03-product-prod,Microsoft.Network/loadBalancers,Load Balancers,Networking,team:Product,123.44,INR,39.37,1 Hour
2026-02-09,sub-psiog-001,MAC-03,rg-mac-03-product-prod,Microsoft.Sql/servers/databases,SQL Database,Data Services,team:Product,337.54,INR,72.26,1 Hour
2026-02-09,sub-psiog-001,MAC-03,rg-mac-03-frontend-prod,Microsoft.ContainerService/managedClusters,AKS Clusters,Compute,team:Frontend,580.9,INR,74.39,1 Hour
2026-02-09,sub-psiog-001,MAC-03,rg-mac-03-frontend-prod,Microsoft.Storage/storageAccounts/fileServices,File Storage,Storage,team:Frontend,165.68,INR,33.8,1 Hour
2026-02-09,sub-psiog-001,MAC-03,rg-mac-03-frontend-prod,Microsoft.Network/virtualNetworks,Virtual Networks,Networking,team:Frontend,115.38,INR,23.58,1 Hour
2026-02-09,sub-psiog-001,MAC-03,rg-mac-03-frontend-prod,Microsoft.DocumentDB/databaseAccounts,Cosmos DB,Data Services,team:Frontend,198.54,INR,98.69,1 Hour
2026-02-09,sub-psiog-001,MAC-04,rg-mac-04-backend-prod,Microsoft.Compute/virtualMachines,Virtual Machines,Compute,team:Backend,1042.99,INR,36.03,1 Hour
2026-02-09,sub-psiog-001,MAC-04,rg-mac-04-backend-prod,Microsoft.Storage/storageAccounts,Blob Storage,Storage,team:Backend,321.22,INR,49.58,1 Hour
2026-02-09,sub-psiog-001,MAC-04,rg-mac-04-backend-prod,Microsoft.Network/virtualNetworks,Virtual Networks,Networking,,261.86,INR,6.35,1 Hour
2026-02-09,sub-psiog-001,MAC-04,rg-mac-04-backend-prod,Microsoft.Sql/servers/databases,SQL Database,Data Services,team:Backend,503.74,INR,37.83,1 Hour
2026-02-09,sub-psiog-001,MAC-04,rg-mac-04-qa-prod,Microsoft.ContainerService/managedClusters,AKS Clusters,Compute,team:QA,393.81,INR,20.68,1 Hour
2026-02-09,sub-psiog-001,MAC-04,rg-mac-04-qa-prod,Microsoft.Storage/storageAccounts,Blob Storage,Storage,team:QA,196.53,INR,84.84,1 Hour
2026-02-09,sub-psiog-001,MAC-04,rg-mac-04-qa-prod,Microsoft.Network/virtualNetworks,Virtual Networks,Networking,team:QA,97.95,INR,94.09,1 Hour
2026-02-09,sub-psiog-001,MAC-04,rg-mac-04-qa-prod,Microsoft.DocumentDB/databaseAccounts,Cosmos DB,Data Services,team:QA,285.77,INR,95.98,1 Hour
2026-02-09,sub-psiog-001,MAC-05,rg-mac-05-security-prod,Microsoft.ContainerService/managedClusters,AKS Clusters,Compute,team:Security,650.24,INR,76.84,1 Hour
2026-02-09,sub-psiog-001,MAC-05,rg-mac-05-security-prod,Microsoft.Storage/storageAccounts,Blob Storage,Storage,team:Security,294.25,INR,92.28,1 Hour
2026-02-09,sub-psiog-001,MAC-05,rg-mac-05-security-prod,Microsoft.Network/virtualNetworks,Virtual Networks,Networking,team:Security,319.72,INR,96.03,1 Hour
2026-02-09,sub-psiog-001,MAC-05,rg-mac-05-security-prod,Microsoft.DocumentDB/databaseAccounts,Cosmos DB,Data Services,team:Security,336.67,INR,69.85,1 Hour
2026-02-09,sub-psiog-001,MAC-05,rg-mac-05-compliance-prod,Microsoft.Compute/virtualMachines,Virtual Machines,Compute,team:Compliance,402.5,INR,46.37,1 Hour
2026-02-09,sub-psiog-001,MAC-05,rg-mac-05-compliance-prod,Microsoft.Storage/storageAccounts,Blob Storage,Storage,team:Compliance,212.73,INR,53.21,1 Hour
2026-02-09,sub-psiog-001,MAC-05,rg-mac-05-compliance-prod,Microsoft.Network/virtualNetworks,Virtual Networks,Networking,team:Compliance,164.68,INR,1.74,1 Hour
2026-02-09,sub-psiog-001,MAC-05,rg-mac-05-compliance-prod,Microsoft.DocumentDB/databaseAccounts,Cosmos DB,Data Services,team:Compliance,352.12,INR,2.98,1 Hour
2026-02-09,sub-psiog-001,MAC-06,rg-mac-06-infrastructure-prod,Microsoft.Compute/virtualMachines,Virtual Machines,Compute,team:Infrastructure,1448.06,INR,53.15,1 Hour
2026-02-09,sub-psiog-001,MAC-06,rg-mac-06-infrastructure-prod,Microsoft.Storage/storageAccounts/fileServices,File Storage,Storage,team:Infrastructure,420.71,INR,76.48,1 Hour
2026-02-09,sub-psiog-001,MAC-06,rg-mac-06-infrastructure-prod,Microsoft.Network/virtualNetworks,Virtual Networks,Networking,team:Infrastructure,361.57,INR,87.0,1 Hour
2026-02-09,sub-psiog-001,MAC-06,rg-mac-06-infrastructure-prod,Microsoft.Sql/servers/databases,SQL Database,Data Services,team:Infrastructure,437.97,INR,44.77,1 Hour
2026-02-09,sub-psiog-001,MAC-06,rg-mac-06-cloudops-prod,Microsoft.ContainerService/managedClusters,AKS Clusters,Compute,team:CloudOps,1413.81,INR,43.95,1 Hour
2026-02-09,sub-psiog-001,MAC-06,rg-mac-06-cloudops-prod,Microsoft.Storage/storageAccounts,Blob Storage,Storage,,385.05,INR,54.12,1 Hour
2026-02-09,sub-psiog-001,MAC-06,rg-mac-06-cloudops-prod,Microsoft.Network/virtualNetworks,Virtual Networks,Networking,team:CloudOps,364.58,INR,88.94,1 Hour
2026-02-09,sub-psiog-001,MAC-06,rg-mac-06-cloudops-prod,Microsoft.DocumentDB/databaseAccounts,Cosmos DB,Data Services,team:CloudOps,442.94,INR,84.43,1 Hour
2026-02-09,sub-psiog-001,MAC-07,rg-mac-07-ml-prod,Microsoft.ContainerService/managedClusters,AKS Clusters,Compute,team:ML,1825.95,INR,16.19,1 Hour
2026-02-09,sub-psiog-001,MAC-07,rg-mac-07-ml-prod,Microsoft.Storage/storageAccounts,Blob Storage,Storage,team:ML,574.9,INR,96.35,1 Hour
2026-02-09,sub-psiog-001,MAC-07,rg-mac-07-ml-prod,Microsoft.Network/loadBalancers,Load Balancers,Networking,team:ML,234.92,INR,27.18,1 Hour
2026-02-09,sub-psiog-001,MAC-07,rg-mac-07-ml-prod,Microsoft.Sql/servers/databases,SQL Database,Data Services,team:ML,768.92,INR,35.48,1 Hour
2026-02-09,sub-psiog-001,MAC-07,rg-mac-07-research-prod,Microsoft.Compute/virtualMachines,Virtual Machines,Compute,team:Research,913.48,INR,38.92,1 Hour
2026-02-09,sub-psiog-001,MAC-07,rg-mac-07-research-prod,Microsoft.Storage/storageAccounts,Blob Storage,Storage,team:Research,515.54,INR,80.31,1 Hour
2026-02-09,sub-psiog-001,MAC-07,rg-mac-07-research-prod,Microsoft.Network/loadBalancers,Load Balancers,Networking,team:Research,186.41,INR,2.15,1 Hour
2026-02-09,sub-psiog-001,MAC-07,rg-mac-07-research-prod,Microsoft.DocumentDB/databaseAccounts,Cosmos DB,Data Services,,653.67,INR,90.27,1 Hour
2026-02-09,sub-psiog-001,MAC-08,rg-mac-08-finance-prod,Microsoft.ContainerService/managedClusters,AKS Clusters,Compute,team:Finance,335.74,INR,76.5,1 Hour
2026-02-09,sub-psiog-001,MAC-08,rg-mac-08-finance-prod,Microsoft.Storage/storageAccounts,Blob Storage,Storage,team:Finance,217.28,INR,46.28,1 Hour
2026-02-09,sub-psiog-001,MAC-08,rg-mac-08-finance-prod,Microsoft.Network/virtualNetworks,Virtual Networks,Networking,team:Finance,119.44,INR,35.19,1 Hour
2026-02-09,sub-psiog-001,MAC-08,rg-mac-08-finance-prod,Microsoft.Sql/servers/databases,SQL Database,Data Services,team:Finance,517.29,INR,51.99,1 Hour
2026-02-09,sub-psiog-001,MAC-08,rg-mac-08-operations-prod,Microsoft.Compute/virtualMachines,Virtual Machines,Compute,team:Operations,546.63,INR,24.14,1 Hour
2026-02-09,sub-psiog-001,MAC-08,rg-mac-08-operations-prod,Microsoft.Storage/storageAccounts,Blob Storage,Storage,team:Operations,363.29,INR,37.12,1 Hour
2026-02-09,sub-psiog-001,MAC-08,rg-mac-08-operations-prod,Microsoft.Network/virtualNetworks,Virtual Networks,Networking,team:Operations,130.72,INR,41.36,1 Hour
2026-02-09,sub-psiog-001,MAC-08,rg-mac-08-operations-prod,Microsoft.DocumentDB/databaseAccounts,Cosmos DB,Data Services,team:Operations,407.83,INR,14.87,1 Hour
2026-02-10,sub-psiog-001,MAC-01,rg-mac-01-devops-prod,Microsoft.Compute/virtualMachines,Virtual Machines,Compute,,1236.96,INR,73.17,1 Hour
2026-02-10,sub-psiog-001,MAC-01,rg-mac-01-devops-prod,Microsoft.Storage/storageAccounts/fileServices,File Storage,Storage,team:DevOps,354.63,INR,43.85,1 Hour
2026-02-10,sub-psiog-001,MAC-01,rg-mac-01-devops-prod,Microsoft.Network/loadBalancers,Load Balancers,Networking,team:DevOps,190.52,INR,42.7,1 Hour
2026-02-10,sub-psiog-001,MAC-01,rg-mac-01-devops-prod,Microsoft.DocumentDB/databaseAccounts,Cosmos DB,Data Services,team:DevOps,468.8,INR,89.01,1 Hour
2026-02-10,sub-psiog-001,MAC-01,rg-mac-01-platform-prod,Microsoft.ContainerService/managedClusters,AKS Clusters,Compute,team:Platform,1110.26,INR,16.1,1 Hour
2026-02-10,sub-psiog-001,MAC-01,rg-mac-01-platform-prod,Microsoft.Storage/storageAccounts/fileServices,File Storage,Storage,team:Platform,332.0,INR,80.46,1 Hour
2026-02-10,sub-psiog-001,MAC-01,rg-mac-01-platform-prod,Microsoft.Network/loadBalancers,Load Balancers,Networking,team:Platform,308.52,INR,1.87,1 Hour
2026-02-10,sub-psiog-001,MAC-01,rg-mac-01-platform-prod,Microsoft.Sql/servers/databases,SQL Database,Data Services,team:Platform,438.78,INR,94.67,1 Hour
2026-02-10,sub-psiog-001,MAC-02,rg-mac-02-dataengineering-prod,Microsoft.ContainerService/managedClusters,AKS Clusters,Compute,team:DataEngineering,884.15,INR,85.1,1 Hour
2026-02-10,sub-psiog-001,MAC-02,rg-mac-02-dataengineering-prod,Microsoft.Storage/storageAccounts,Blob Storage,Storage,team:DataEngineering,671.84,INR,19.06,1 Hour
2026-02-10,sub-psiog-001,MAC-02,rg-mac-02-dataengineering-prod,Microsoft.Network/virtualNetworks,Virtual Networks,Networking,team:DataEngineering,187.69,INR,48.12,1 Hour
2026-02-10,sub-psiog-001,MAC-02,rg-mac-02-dataengineering-prod,Microsoft.DocumentDB/databaseAccounts,Cosmos DB,Data Services,team:DataEngineering,1028.08,INR,30.31,1 Hour
2026-02-10,sub-psiog-001,MAC-02,rg-mac-02-analytics-prod,Microsoft.ContainerService/managedClusters,AKS Clusters,Compute,team:Analytics,837.22,INR,13.68,1 Hour
2026-02-10,sub-psiog-001,MAC-02,rg-mac-02-analytics-prod,Microsoft.Storage/storageAccounts/fileServices,File Storage,Storage,team:Analytics,572.72,INR,63.4,1 Hour
2026-02-10,sub-psiog-001,MAC-02,rg-mac-02-analytics-prod,Microsoft.Network/virtualNetworks,Virtual Networks,Networking,team:Analytics,180.54,INR,62.96,1 Hour
2026-02-10,sub-psiog-001,MAC-02,rg-mac-02-analytics-prod,Microsoft.Sql/servers/databases,SQL Database,Data Services,team:Analytics,848.15,INR,83.1,1 Hour
2026-02-10,sub-psiog-001,MAC-03,rg-mac-03-product-prod,Microsoft.Compute/virtualMachines,Virtual Machines,Compute,team:Product,564.1,INR,33.84,1 Hour
2026-02-10,sub-psiog-001,MAC-03,rg-mac-03-product-prod,Microsoft.Storage/storageAccounts,Blob Storage,Storage,team:Product,227.11,INR,57.74,1 Hour
2026-02-10,sub-psiog-001,MAC-03,rg-mac-03-product-prod,Microsoft.Network/loadBalancers,Load Balancers,Networking,team:Product,117.32,INR,52.98,1 Hour
2026-02-10,sub-psiog-001,MAC-03,rg-mac-03-product-prod,Microsoft.DocumentDB/databaseAccounts,Cosmos DB,Data Services,team:Product,359.95,INR,49.57,1 Hour
2026-02-10,sub-psiog-001,MAC-03,rg-mac-03-frontend-prod,Microsoft.Compute/virtualMachines,Virtual Machines,Compute,team:Frontend,478.22,INR,37.32,1 Hour
2026-02-10,sub-psiog-001,MAC-03,rg-mac-03-frontend-prod,Microsoft.Storage/storageAccounts,Blob Storage,Storage,team:Frontend,148.45,INR,84.29,1 Hour
2026-02-10,sub-psiog-001,MAC-03,rg-mac-03-frontend-prod,Microsoft.Network/loadBalancers,Load Balancers,Networking,,122.38,INR,92.16,1 Hour
2026-02-10,sub-psiog-001,MAC-03,rg-mac-03-frontend-prod,Microsoft.DocumentDB/databaseAccounts,Cosmos DB,Data Services,team:Frontend,197.01,INR,12.56,1 Hour
2026-02-10,sub-psiog-001,MAC-04,rg-mac-04-backend-prod,Microsoft.ContainerService/managedClusters,AKS Clusters,Compute,team:Backend,1166.3,INR,13.46,1 Hour
2026-02-10,sub-psiog-001,MAC-04,rg-mac-04-backend-prod,Microsoft.Storage/storageAccounts,Blob Storage,Storage,team:Backend,425.22,INR,12.51,1 Hour
2026-02-10,sub-psiog-001,MAC-04,rg-mac-04-backend-prod,Microsoft.Network/loadBalancers,Load Balancers,Networking,team:Backend,227.51,INR,47.83,1 Hour
2026-02-10,sub-psiog-001,MAC-04,rg-mac-04-backend-prod,Microsoft.DocumentDB/databaseAccounts,Cosmos DB,Data Services,,497.28,INR,63.36,1 Hour
2026-02-10,sub-psiog-001,MAC-04,rg-mac-04-qa-prod,Microsoft.Compute/virtualMachines,Virtual Machines,Compute,team:QA,456.52,INR,58.33,1 Hour
2026-02-10,sub-psiog-001,MAC-04,rg-mac-04-qa-prod,Microsoft.Storage/storageAccounts,Blob Storage,Storage,team:QA,211.39,INR,26.97,1 Hour
2026-02-10,sub-psiog-001,MAC-04,rg-mac-04-qa-prod,Microsoft.Network/virtualNetworks,Virtual Networks,Networking,team:QA,98.95,INR,23.85,1 Hour
2026-02-10,sub-psiog-001,MAC-04,rg-mac-04-qa-prod,Microsoft.DocumentDB/databaseAccounts,Cosmos DB,Data Services,team:QA,297.94,INR,78.81,1 Hour
2026-02-10,sub-psiog-001,MAC-05,rg-mac-05-security-prod,Microsoft.Compute/virtualMachines,Virtual Machines,Compute,team:Security,716.15,INR,21.03,1 Hour
2026-02-10,sub-psiog-001,MAC-05,rg-mac-05-security-prod,Microsoft.Storage/storageAccounts/fileServices,File Storage,Storage,team:Security,232.74,INR,34.65,1 Hour
2026-02-10,sub-psiog-001,MAC-05,rg-mac-05-security-prod,Microsoft.Network/loadBalancers,Load Balancers,Networking,team:Security,297.41,INR,27.8,1 Hour
2026-02-10,sub-psiog-001,MAC-05,rg-mac-05-security-prod,Microsoft.DocumentDB/databaseAccounts,Cosmos DB,Data Services,team:Security,385.12,INR,45.77,1 Hour
2026-02-10,sub-psiog-001,MAC-05,rg-mac-05-compliance-prod,Microsoft.Compute/virtualMachines,Virtual Machines,Compute,team:Compliance,348.45,INR,89.04,1 Hour
2026-02-10,sub-psiog-001,MAC-05,rg-mac-05-compliance-prod,Microsoft.Storage/storageAccounts/fileServices,File Storage,Storage,team:Compliance,261.35,INR,51.02,1 Hour
2026-02-10,sub-psiog-001,MAC-05,rg-mac-05-compliance-prod,Microsoft.Network/virtualNetworks,Virtual Networks,Networking,team:Compliance,147.84,INR,43.8,1 Hour
2026-02-10,sub-psiog-001,MAC-05,rg-mac-05-compliance-prod,Microsoft.DocumentDB/databaseAccounts,Cosmos DB,Data Services,team:Compliance,369.5,INR,24.77,1 Hour
2026-02-10,sub-psiog-001,MAC-06,rg-mac-06-infrastructure-prod,Microsoft.Compute/virtualMachines,Virtual Machines,Compute,team:Infrastructure,1394.55,INR,77.32,1 Hour
2026-02-10,sub-psiog-001,MAC-06,rg-mac-06-infrastructure-prod,Microsoft.Storage/storageAccounts,Blob Storage,Storage,team:Infrastructure,367.37,INR,17.54,1 Hour
2026-02-10,sub-psiog-001,MAC-06,rg-mac-06-infrastructure-prod,Microsoft.Network/loadBalancers,Load Balancers,Networking,team:Infrastructure,377.24,INR,14.34,1 Hour
2026-02-10,sub-psiog-001,MAC-06,rg-mac-06-infrastructure-prod,Microsoft.DocumentDB/databaseAccounts,Cosmos DB,Data Services,team:Infrastructure,501.71,INR,27.81,1 Hour
2026-02-10,sub-psiog-001,MAC-06,rg-mac-06-cloudops-prod,Microsoft.ContainerService/managedClusters,AKS Clusters,Compute,team:CloudOps,1194.53,INR,85.26,1 Hour
2026-02-10,sub-psiog-001,MAC-06,rg-mac-06-cloudops-prod,Microsoft.Storage/storageAccounts,Blob Storage,Storage,team:CloudOps,352.04,INR,64.65,1 Hour
2026-02-10,sub-psiog-001,MAC-06,rg-mac-06-cloudops-prod,Microsoft.Network/virtualNetworks,Virtual Networks,Networking,team:CloudOps,341.69,INR,47.69,1 Hour
2026-02-10,sub-psiog-001,MAC-06,rg-mac-06-cloudops-prod,Microsoft.Sql/servers/databases,SQL Database,Data Services,team:CloudOps,419.8,INR,48.68,1 Hour
2026-02-10,sub-psiog-001,MAC-07,rg-mac-07-ml-prod,Microsoft.ContainerService/managedClusters,AKS Clusters,Compute,team:ML,1682.82,INR,65.22,1 Hour
2026-02-10,sub-psiog-001,MAC-07,rg-mac-07-ml-prod,Microsoft.Storage/storageAccounts,Blob Storage,Storage,team:ML,520.13,INR,23.05,1 Hour
2026-02-10,sub-psiog-001,MAC-07,rg-mac-07-ml-prod,Microsoft.Network/loadBalancers,Load Balancers,Networking,team:ML,215.2,INR,78.55,1 Hour
2026-02-10,sub-psiog-001,MAC-07,rg-mac-07-ml-prod,Microsoft.Sql/servers/databases,SQL Database,Data Services,team:ML,854.6,INR,3.18,1 Hour
2026-02-10,sub-psiog-001,MAC-07,rg-mac-07-research-prod,Microsoft.ContainerService/managedClusters,AKS Clusters,Compute,team:Research,831.22,INR,14.95,1 Hour
2026-02-10,sub-psiog-001,MAC-07,rg-mac-07-research-prod,Microsoft.Storage/storageAccounts/fileServices,File Storage,Storage,team:Research,554.46,INR,25.97,1 Hour
2026-02-10,sub-psiog-001,MAC-07,rg-mac-07-research-prod,Microsoft.Network/virtualNetworks,Virtual Networks,Networking,team:Research,177.02,INR,25.96,1 Hour
2026-02-10,sub-psiog-001,MAC-07,rg-mac-07-research-prod,Microsoft.Sql/servers/databases,SQL Database,Data Services,team:Research,649.53,INR,64.01,1 Hour
2026-02-10,sub-psiog-001,MAC-08,rg-mac-08-finance-prod,Microsoft.Compute/virtualMachines,Virtual Machines,Compute,team:Finance,290.51,INR,15.07,1 Hour
2026-02-10,sub-psiog-001,MAC-08,rg-mac-08-finance-prod,Microsoft.Storage/storageAccounts/fileServices,File Storage,Storage,,200.47,INR,34.95,1 Hour
2026-02-10,sub-psiog-001,MAC-08,rg-mac-08-finance-prod,Microsoft.Network/loadBalancers,Load Balancers,Networking,team:Finance,102.18,INR,55.34,1 Hour
2026-02-10,sub-psiog-001,MAC-08,rg-mac-08-finance-prod,Microsoft.DocumentDB/databaseAccounts,Cosmos DB,Data Services,team:Finance,497.02,INR,72.14,1 Hour
2026-02-10,sub-psiog-001,MAC-08,rg-mac-08-operations-prod,Microsoft.ContainerService/managedClusters,AKS Clusters,Compute,team:Operations,431.26,INR,67.23,1 Hour
2026-02-10,sub-psiog-001,MAC-08,rg-mac-08-operations-prod,Microsoft.Storage/storageAccounts,Blob Storage,Storage,team:Operations,371.33,INR,97.48,1 Hour
2026-02-10,sub-psiog-001,MAC-08,rg-mac-08-operations-prod,Microsoft.Network/loadBalancers,Load Balancers,Networking,team:Operations,159.46,INR,52.31,1 Hour
2026-02-10,sub-psiog-001,MAC-08,rg-mac-08-operations-prod,Microsoft.DocumentDB/databaseAccounts,Cosmos DB,Data Services,team:Operations,431.59,INR,36.13,1 Hour
2026-02-11,sub-psiog-001,MAC-01,rg-mac-01-devops-prod,Microsoft.ContainerService/managedClusters,AKS Clusters,Compute,team:DevOps,1240.69,INR,8.59,1 Hour
2026-02-11,sub-psiog-001,MAC-01,rg-mac-01-devops-prod,Microsoft.Storage/storageAccounts/fileServices,File Storage,Storage,team:DevOps,294.51,INR,44.76,1 Hour
2026-02-11,sub-psiog-001,MAC-01,rg-mac-01-devops-prod,Microsoft.Network/virtualNetworks,Virtual Networks,Networking,team:DevOps,199.36,INR,61.65,1 Hour
2026-02-11,sub-psiog-001,MAC-01,rg-mac-01-devops-prod,Microsoft.DocumentDB/databaseAccounts,Cosmos DB,Data Services,team:DevOps,395.05,INR,27.01,1 Hour
2026-02-11,sub-psiog-001,MAC-01,rg-mac-01-platform-prod,Microsoft.ContainerService/managedClusters,AKS Clusters,Compute,team:Platform,1083.48,INR,46.81,1 Hour
2026-02-11,sub-psiog-001,MAC-01,rg-mac-01-platform-prod,Microsoft.Storage/storageAccounts,Blob Storage,Storage,team:Platform,314.37,INR,49.1,1 Hour
2026-02-11,sub-psiog-001,MAC-01,rg-mac-01-platform-prod,Microsoft.Network/virtualNetworks,Virtual Networks,Networking,team:Platform,295.55,INR,10.04,1 Hour
2026-02-11,sub-psiog-001,MAC-01,rg-mac-01-platform-prod,Microsoft.Sql/servers/databases,SQL Database,Data Services,team:Platform,368.55,INR,17.42,1 Hour
2026-02-11,sub-psiog-001,MAC-02,rg-mac-02-dataengineering-prod,Microsoft.Compute/virtualMachines,Virtual Machines,Compute,team:DataEngineering,974.36,INR,12.09,1 Hour
2026-02-11,sub-psiog-001,MAC-02,rg-mac-02-dataengineering-prod,Microsoft.Storage/storageAccounts/fileServices,File Storage,Storage,team:DataEngineering,607.32,INR,80.45,1 Hour
2026-02-11,sub-psiog-001,MAC-02,rg-mac-02-dataengineering-prod,Microsoft.Network/virtualNetworks,Virtual Networks,Networking,team:DataEngineering,190.24,INR,34.53,1 Hour
2026-02-11,sub-psiog-001,MAC-02,rg-mac-02-dataengineering-prod,Microsoft.Sql/servers/databases,SQL Database,Data Services,team:DataEngineering,831.11,INR,98.3,1 Hour
2026-02-11,sub-psiog-001,MAC-02,rg-mac-02-analytics-prod,Microsoft.ContainerService/managedClusters,AKS Clusters,Compute,team:Analytics,1042.03,INR,64.48,1 Hour
2026-02-11,sub-psiog-001,MAC-02,rg-mac-02-analytics-prod,Microsoft.Storage/storageAccounts,Blob Storage,Storage,team:Analytics,611.1,INR,1.09,1 Hour
2026-02-11,sub-psiog-001,MAC-02,rg-mac-02-analytics-prod,Microsoft.Network/virtualNetworks,Virtual Networks,Networking,,197.68,INR,83.15,1 Hour
2026-02-11,sub-psiog-001,MAC-02,rg-mac-02-analytics-prod,Microsoft.Sql/servers/databases,SQL Database,Data Services,,909.07,INR,50.03,1 Hour
2026-02-11,sub-psiog-001,MAC-03,rg-mac-03-product-prod,Microsoft.Compute/virtualMachines,Virtual Machines,Compute,team:Product,704.2,INR,65.74,1 Hour
2026-02-11,sub-psiog-001,MAC-03,rg-mac-03-product-prod,Microsoft.Storage/storageAccounts,Blob Storage,Storage,team:Product,186.97,INR,96.72,1 Hour
2026-02-11,sub-psiog-001,MAC-03,rg-mac-03-product-prod,Microsoft.Network/virtualNetworks,Virtual Networks,Networking,team:Product,113.21,INR,34.52,1 Hour
2026-02-11,sub-psiog-001,MAC-03,rg-mac-03-product-prod,Microsoft.Sql/servers/databases,SQL Database,Data Services,team:Product,312.69,INR,91.48,1 Hour
2026-02-11,sub-psiog-001,MAC-03,rg-mac-03-frontend-prod,Microsoft.Compute/virtualMachines,Virtual Machines,Compute,team:Frontend,464.99,INR,70.45,1 Hour
2026-02-11,sub-psiog-001,MAC-03,rg-mac-03-frontend-prod,Microsoft.Storage/storageAccounts,Blob Storage,Storage,team:Frontend,152.36,INR,95.99,1 Hour
2026-02-11,sub-psiog-001,MAC-03,rg-mac-03-frontend-prod,Microsoft.Network/virtualNetworks,Virtual Networks,Networking,team:Frontend,106.84,INR,92.9,1 Hour
2026-02-11,sub-psiog-001,MAC-03,rg-mac-03-frontend-prod,Microsoft.Sql/servers/databases,SQL Database,Data Services,team:Frontend,223.35,INR,74.88,1 Hour
2026-02-11,sub-psiog-001,MAC-04,rg-mac-04-backend-prod,Microsoft.ContainerService/managedClusters,AKS Clusters,Compute,team:Backend,1155.0,INR,46.71,1 Hour
2026-02-11,sub-psiog-001,MAC-04,rg-mac-04-backend-prod,Microsoft.Storage/storageAccounts/fileServices,File Storage,Storage,team:Backend,399.45,INR,80.97,1 Hour
2026-02-11,sub-psiog-001,MAC-04,rg-mac-04-backend-prod,Microsoft.Network/loadBalancers,Load Balancers,Networking,team:Backend,245.24,INR,59.37,1 Hour
2026-02-11,sub-psiog-001,MAC-04,rg-mac-04-backend-prod,Microsoft.DocumentDB/databaseAccounts,Cosmos DB,Data Services,team:Backend,552.24,INR,67.45,1 Hour
2026-02-11,sub-psiog-001,MAC-04,rg-mac-04-qa-prod,Microsoft.Compute/virtualMachines,Virtual Machines,Compute,team:QA,389.56,INR,87.41,1 Hour
2026-02-11,sub-psiog-001,MAC-04,rg-mac-04-qa-prod,Microsoft.Storage/storageAccounts/fileServices,File Storage,Storage,team:QA,211.45,INR,28.39,1 Hour
2026-02-11,sub-psiog-001,MAC-04,rg-mac-04-qa-prod,Microsoft.Network/loadBalancers,Load Balancers,Networking,,106.76,INR,49.22,1 Hour
2026-02-11,sub-psiog-001,MAC-04,rg-mac-04-qa-prod,Microsoft.DocumentDB/databaseAccounts,Cosmos DB,Data Services,team:QA,241.15,INR,60.73,1 Hour
2026-02-11,sub-psiog-001,MAC-05,rg-mac-05-security-prod,Microsoft.Compute/virtualMachines,Virtual Machines,Compute,team:Security,824.57,INR,62.55,1 Hour
2026-02-11,sub-psiog-001,MAC-05,rg-mac-05-security-prod,Microsoft.Storage/storageAccounts,Blob Storage,Storage,team:Security,268.1,INR,90.84,1 Hour
2026-02-11,sub-psiog-001,MAC-05,rg-mac-05-security-prod,Microsoft.Network/loadBalancers,Load Balancers,Networking,team:Security,309.75,INR,96.28,1 Hour
2026-02-11,sub-psiog-001,MAC-05,rg-mac-05-security-prod,Microsoft.Sql/servers/databases,SQL Database,Data Services,team:Security,380.35,INR,45.14,1 Hour
2026-02-11,sub-psiog-001,MAC-05,rg-mac-05-compliance-prod,Microsoft.Compute/virtualMachines,Virtual Machines,Compute,team:Compliance,350.73,INR,32.72,1 Hour
2026-02-11,sub-psiog-001,MAC-05,rg-mac-05-compliance-prod,Microsoft.Storage/storageAccounts/fileServices,File Storage,Storage,team:Compliance,243.24,INR,35.37,1 Hour
2026-02-11,sub-psiog-001,MAC-05,rg-mac-05-compliance-prod,Microsoft.Network/loadBalancers,Load Balancers,Networking,team:Compliance,151.84,INR,29.9,1 Hour
2026-02-11,sub-psiog-001,MAC-05,rg-mac-05-compliance-prod,Microsoft.DocumentDB/databaseAccounts,Cosmos DB,Data Services,team:Compliance,338.88,INR,87.14,1 Hour
2026-02-11,sub-psiog-001,MAC-06,rg-mac-06-infrastructure-prod,Microsoft.Compute/virtualMachines,Virtual Machines,Compute,team:Infrastructure,1371.17,INR,78.96,1 Hour
2026-02-11,sub-psiog-001,MAC-06,rg-mac-06-infrastructure-prod,Microsoft.Storage/storageAccounts,Blob Storage,Storage,team:Infrastructure,383.31,INR,72.84,1 Hour
2026-02-11,sub-psiog-001,MAC-06,rg-mac-06-infrastructure-prod,Microsoft.Network/loadBalancers,Load Balancers,Networking,team:Infrastructure,386.41,INR,82.83,1 Hour
2026-02-11,sub-psiog-001,MAC-06,rg-mac-06-infrastructure-prod,Microsoft.DocumentDB/databaseAccounts,Cosmos DB,Data Services,team:Infrastructure,432.57,INR,51.94,1 Hour
2026-02-11,sub-psiog-001,MAC-06,rg-mac-06-cloudops-prod,Microsoft.Compute/virtualMachines,Virtual Machines,Compute,team:CloudOps,1337.23,INR,67.74,1 Hour
2026-02-11,sub-psiog-001,MAC-06,rg-mac-06-cloudops-prod,Microsoft.Storage/storageAccounts/fileServices,File Storage,Storage,team:CloudOps,351.43,INR,24.75,1 Hour
2026-02-11,sub-psiog-001,MAC-06,rg-mac-06-cloudops-prod,Microsoft.Network/loadBalancers,Load Balancers,Networking,team:CloudOps,371.54,INR,45.2,1 Hour
2026-02-11,sub-psiog-001,MAC-06,rg-mac-06-cloudops-prod,Microsoft.DocumentDB/databaseAccounts,Cosmos DB,Data Services,team:CloudOps,472.75,INR,1.98,1 Hour
2026-02-11,sub-psiog-001,MAC-07,rg-mac-07-ml-prod,Microsoft.ContainerService/managedClusters,AKS Clusters,Compute,team:ML,1641.79,INR,4.25,1 Hour
2026-02-11,sub-psiog-001,MAC-07,rg-mac-07-ml-prod,Microsoft.Storage/storageAccounts/fileServices,File Storage,Storage,team:ML,561.29,INR,28.91,1 Hour
2026-02-11,sub-psiog-001,MAC-07,rg-mac-07-ml-prod,Microsoft.Network/loadBalancers,Load Balancers,Networking,team:ML,237.99,INR,7.4,1 Hour
2026-02-11,sub-psiog-001,MAC-07,rg-mac-07-ml-prod,Microsoft.DocumentDB/databaseAccounts,Cosmos DB,Data Services,team:ML,713.92,INR,81.25,1 Hour
2026-02-11,sub-psiog-001,MAC-07,rg-mac-07-research-prod,Microsoft.ContainerService/managedClusters,AKS Clusters,Compute,team:Research,887.01,INR,86.55,1 Hour
2026-02-11,sub-psiog-001,MAC-07,rg-mac-07-research-prod,Microsoft.Storage/storageAccounts,Blob Storage,Storage,team:Research,463.51,INR,8.28,1 Hour
2026-02-11,sub-psiog-001,MAC-07,rg-mac-07-research-prod,Microsoft.Network/virtualNetworks,Virtual Networks,Networking,team:Research,191.32,INR,82.96,1 Hour
2026-02-11,sub-psiog-001,MAC-07,rg-mac-07-research-prod,Microsoft.Sql/servers/databases,SQL Database,Data Services,team:Research,663.48,INR,17.02,1 Hour
2026-02-11,sub-psiog-001,MAC-08,rg-mac-08-finance-prod,Microsoft.ContainerService/managedClusters,AKS Clusters,Compute,team:Finance,315.02,INR,99.99,1 Hour
2026-02-11,sub-psiog-001,MAC-08,rg-mac-08-finance-prod,Microsoft.Storage/storageAccounts/fileServices,File Storage,Storage,team:Finance,204.23,INR,90.59,1 Hour
2026-02-11,sub-psiog-001,MAC-08,rg-mac-08-finance-prod,Microsoft.Network/loadBalancers,Load Balancers,Networking,team:Finance,94.54,INR,98.84,1 Hour
2026-02-11,sub-psiog-001,MAC-08,rg-mac-08-finance-prod,Microsoft.Sql/servers/databases,SQL Database,Data Services,team:Finance,431.17,INR,49.26,1 Hour
2026-02-11,sub-psiog-001,MAC-08,rg-mac-08-operations-prod,Microsoft.Compute/virtualMachines,Virtual Machines,Compute,team:Operations,489.36,INR,36.85,1 Hour
2026-02-11,sub-psiog-001,MAC-08,rg-mac-08-operations-prod,Microsoft.Storage/storageAccounts/fileServices,File Storage,Storage,team:Operations,315.1,INR,28.87,1 Hour
2026-02-11,sub-psiog-001,MAC-08,rg-mac-08-operations-prod,Microsoft.Network/virtualNetworks,Virtual Networks,Networking,team:Operations,133.32,INR,13.32,1 Hour
2026-02-11,sub-psiog-001,MAC-08,rg-mac-08-operations-prod,Microsoft.Sql/servers/databases,SQL Database,Data Services,,407.58,INR,58.84,1 Hour
2026-02-12,sub-psiog-001,MAC-01,rg-mac-01-devops-prod,Microsoft.Compute/virtualMachines,Virtual Machines,Compute,,1109.13,INR,18.74,1 Hour
2026-02-12,sub-psiog-001,MAC-01,rg-mac-01-devops-prod,Microsoft.Storage/storageAccounts,Blob Storage,Storage,team:DevOps,343.43,INR,68.74,1 Hour
2026-02-12,sub-psiog-001,MAC-01,rg-mac-01-devops-prod,Microsoft.Network/virtualNetworks,Virtual Networks,Networking,team:DevOps,210.17,INR,89.08,1 Hour
2026-02-12,sub-psiog-001,MAC-01,rg-mac-01-devops-prod,Microsoft.DocumentDB/databaseAccounts,Cosmos DB,Data Services,,377.83,INR,3.13,1 Hour
2026-02-12,sub-psiog-001,MAC-01,rg-mac-01-platform-prod,Microsoft.ContainerService/managedClusters,AKS Clusters,Compute,team:Platform,1116.94,INR,23.06,1 Hour
2026-02-12,sub-psiog-001,MAC-01,rg-mac-01-platform-prod,Microsoft.Storage/storageAccounts/fileServices,File Storage,Storage,team:Platform,263.81,INR,37.27,1 Hour
2026-02-12,sub-psiog-001,MAC-01,rg-mac-01-platform-prod,Microsoft.Network/virtualNetworks,Virtual Networks,Networking,team:Platform,276.41,INR,14.47,1 Hour
2026-02-12,sub-psiog-001,MAC-01,rg-mac-01-platform-prod,Microsoft.Sql/servers/databases,SQL Database,Data Services,team:Platform,461.73,INR,5.66,1 Hour
2026-02-12,sub-psiog-001,MAC-02,rg-mac-02-dataengineering-prod,Microsoft.ContainerService/managedClusters,AKS Clusters,Compute,team:DataEngineering,1116.9,INR,89.9,1 Hour
2026-02-12,sub-psiog-001,MAC-02,rg-mac-02-dataengineering-prod,Microsoft.Storage/storageAccounts/fileServices,File Storage,Storage,team:DataEngineering,637.02,INR,83.19,1 Hour
2026-02-12,sub-psiog-001,MAC-02,rg-mac-02-dataengineering-prod,Microsoft.Network/loadBalancers,Load Balancers,Networking,,167.56,INR,14.14,1 Hour
2026-02-12,sub-psiog-001,MAC-02,rg-mac-02-dataengineering-prod,Microsoft.DocumentDB/databaseAccounts,Cosmos DB,Data Services,team:DataEngineering,840.36,INR,90.82,1 Hour
2026-02-12,sub-psiog-001,MAC-02,rg-mac-02-analytics-prod,Microsoft.Compute/virtualMachines,Virtual Machines,Compute,team:Analytics,1023.33,INR,54.56,1 Hour
2026-02-12,sub-psiog-001,MAC-02,rg-mac-02-analytics-prod,Microsoft.Storage/storageAccounts/fileServices,File Storage,Storage,team:Analytics,610.24,INR,22.25,1 Hour
2026-02-12,sub-psiog-001,MAC-02,rg-mac-02-analytics-prod,Microsoft.Network/loadBalancers,Load Balancers,Networking,team:Analytics,151.84,INR,5.85,1 Hour
2026-02-12,sub-psiog-001,MAC-02,rg-mac-02-analytics-prod,Microsoft.Sql/servers/databases,SQL Database,Data Services,team:Analytics,958.55,INR,97.47,1 Hour
2026-02-12,sub-psiog-001,MAC-03,rg-mac-03-product-prod,Microsoft.Compute/virtualMachines,Virtual Machines,Compute,team:Product,741.02,INR,36.15,1 Hour
2026-02-12,sub-psiog-001,MAC-03,rg-mac-03-product-prod,Microsoft.Storage/storageAccounts,Blob Storage,Storage,,205.97,INR,13.69,1 Hour
2026-02-12,sub-psiog-001,MAC-03,rg-mac-03-product-prod,Microsoft.Network/virtualNetworks,Virtual Networks,Networking,team:Product,113.96,INR,34.64,1 Hour
2026-02-12,sub-psiog-001,MAC-03,rg-mac-03-product-prod,Microsoft.DocumentDB/databaseAccounts,Cosmos DB,Data Services,team:Product,324.65,INR,87.62,1 Hour
2026-02-12,sub-psiog-001,MAC-03,rg-mac-03-frontend-prod,Microsoft.Compute/virtualMachines,Virtual Machines,Compute,team:Frontend,526.34,INR,9.5,1 Hour
2026-02-12,sub-psiog-001,MAC-03,rg-mac-03-frontend-prod,Microsoft.Storage/storageAccounts,Blob Storage,Storage,team:Frontend,138.23,INR,96.18,1 Hour
2026-02-12,sub-psiog-001,MAC-03,rg-mac-03-frontend-prod,Microsoft.Network/virtualNetworks,Virtual Networks,Networking,team:Frontend,99.22,INR,1.19,1 Hour
2026-02-12,sub-psiog-001,MAC-03,rg-mac-03-frontend-prod,Microsoft.Sql/servers/databases,SQL Database,Data Services,team:Frontend,221.05,INR,57.81,1 Hour
2026-02-12,sub-psiog-001,MAC-04,rg-mac-04-backend-prod,Microsoft.Compute/virtualMachines,Virtual Machines,Compute,team:Backend,992.0,INR,67.68,1 Hour
2026-02-12,sub-psiog-001,MAC-04,rg-mac-04-backend-prod,Microsoft.Storage/storageAccounts/fileServices,File Storage,Storage,team:Backend,372.92,INR,49.66,1 Hour
2026-02-12,sub-psiog-001,MAC-04,rg-mac-04-backend-prod,Microsoft.Network/virtualNetworks,Virtual Networks,Networking,team:Backend,203.23,INR,71.41,1 Hour
2026-02-12,sub-psiog-001,MAC-04,rg-mac-04-backend-prod,Microsoft.DocumentDB/databaseAccounts,Cosmos DB,Data Services,team:Backend,494.54,INR,67.57,1 Hour
2026-02-12,sub-psiog-001,MAC-04,rg-mac-04-qa-prod,Microsoft.ContainerService/managedClusters,AKS Clusters,Compute,,418.27,INR,11.93,1 Hour
2026-02-12,sub-psiog-001,MAC-04,rg-mac-04-qa-prod,Microsoft.Storage/storageAccounts,Blob Storage,Storage,team:QA,183.85,INR,36.79,1 Hour
2026-02-12,sub-psiog-001,MAC-04,rg-mac-04-qa-prod,Microsoft.Network/virtualNetworks,Virtual Networks,Networking,team:QA,89.36,INR,15.43,1 Hour
2026-02-12,sub-psiog-001,MAC-04,rg-mac-04-qa-prod,Microsoft.Sql/servers/databases,SQL Database,Data Services,team:QA,259.75,INR,64.13,1 Hour
2026-02-12,sub-psiog-001,MAC-05,rg-mac-05-security-prod,Microsoft.Compute/virtualMachines,Virtual Machines,Compute,team:Security,712.39,INR,34.49,1 Hour
2026-02-12,sub-psiog-001,MAC-05,rg-mac-05-security-prod,Microsoft.Storage/storageAccounts/fileServices,File Storage,Storage,team:Security,288.27,INR,93.6,1 Hour
2026-02-12,sub-psiog-001,MAC-05,rg-mac-05-security-prod,Microsoft.Network/loadBalancers,Load Balancers,Networking,team:Security,347.58,INR,69.6,1 Hour
2026-02-12,sub-psiog-001,MAC-05,rg-mac-05-security-prod,Microsoft.Sql/servers/databases,SQL Database,Data Services,team:Security,393.71,INR,88.47,1 Hour
2026-02-12,sub-psiog-001,MAC-05,rg-mac-05-compliance-prod,Microsoft.ContainerService/managedClusters,AKS Clusters,Compute,team:Compliance,339.25,INR,23.25,1 Hour
2026-02-12,sub-psiog-001,MAC-05,rg-mac-05-compliance-prod,Microsoft.Storage/storageAccounts,Blob Storage,Storage,team:Compliance,265.34,INR,55.91,1 Hour
2026-02-12,sub-psiog-001,MAC-05,rg-mac-05-compliance-prod,Microsoft.Network/virtualNetworks,Virtual Networks,Networking,team:Compliance,174.72,INR,30.76,1 Hour
2026-02-12,sub-psiog-001,MAC-05,rg-mac-05-compliance-prod,Microsoft.DocumentDB/databaseAccounts,Cosmos DB,Data Services,team:Compliance,331.0,INR,14.81,1 Hour
2026-02-12,sub-psiog-001,MAC-06,rg-mac-06-infrastructure-prod,Microsoft.Compute/virtualMachines,Virtual Machines,Compute,team:Infrastructure,1303.74,INR,75.27,1 Hour
2026-02-12,sub-psiog-001,MAC-06,rg-mac-06-infrastructure-prod,Microsoft.Storage/storageAccounts,Blob Storage,Storage,,476.21,INR,88.48,1 Hour
2026-02-12,sub-psiog-001,MAC-06,rg-mac-06-infrastructure-prod,Microsoft.Network/loadBalancers,Load Balancers,Networking,team:Infrastructure,385.55,INR,52.73,1 Hour
2026-02-12,sub-psiog-001,MAC-06,rg-mac-06-infrastructure-prod,Microsoft.DocumentDB/databaseAccounts,Cosmos DB,Data Services,team:Infrastructure,464.66,INR,7.44,1 Hour
2026-02-12,sub-psiog-001,MAC-06,rg-mac-06-cloudops-prod,Microsoft.ContainerService/managedClusters,AKS Clusters,Compute,team:CloudOps,1490.78,INR,10.2,1 Hour
2026-02-12,sub-psiog-001,MAC-06,rg-mac-06-cloudops-prod,Microsoft.Storage/storageAccounts/fileServices,File Storage,Storage,team:CloudOps,408.05,INR,92.5,1 Hour
2026-02-12,sub-psiog-001,MAC-06,rg-mac-06-cloudops-prod,Microsoft.Network/loadBalancers,Load Balancers,Networking,team:CloudOps,353.79,INR,35.68,1 Hour
2026-02-12,sub-psiog-001,MAC-06,rg-mac-06-cloudops-prod,Microsoft.DocumentDB/databaseAccounts,Cosmos DB,Data Services,team:CloudOps,414.31,INR,29.11,1 Hour
2026-02-12,sub-psiog-001,MAC-07,rg-mac-07-ml-prod,Microsoft.Compute/virtualMachines,Virtual Machines,Compute,team:ML,1668.04,INR,73.88,1 Hour
2026-02-12,sub-psiog-001,MAC-07,rg-mac-07-ml-prod,Microsoft.Storage/storageAccounts/fileServices,File Storage,Storage,team:ML,530.68,INR,5.49,1 Hour
2026-02-12,sub-psiog-001,MAC-07,rg-mac-07-ml-prod,Microsoft.Network/virtualNetworks,Virtual Networks,Networking,team:ML,227.69,INR,40.9,1 Hour
2026-02-12,sub-psiog-001,MAC-07,rg-mac-07-ml-prod,Microsoft.DocumentDB/databaseAccounts,Cosmos DB,Data Services,team:ML,872.42,INR,22.68,1 Hour
2026-02-12,sub-psiog-001,MAC-07,rg-mac-07-research-prod,Microsoft.ContainerService/managedClusters,AKS Clusters,Compute,team:Research,901.92,INR,46.92,1 Hour
2026-02-12,sub-psiog-001,MAC-07,rg-mac-07-research-prod,Microsoft.Storage/storageAccounts,Blob Storage,Storage,,492.6,INR,36.12,1 Hour
2026-02-12,sub-psiog-001,MAC-07,rg-mac-07-research-prod,Microsoft.Network/loadBalancers,Load Balancers,Networking,,219.84,INR,99.59,1 Hour
2026-02-12,sub-psiog-001,MAC-07,rg-mac-07-research-prod,Microsoft.Sql/servers/databases,SQL Database,Data Services,team:Research,734.48,INR,14.77,1 Hour
2026-02-12,sub-psiog-001,MAC-08,rg-mac-08-finance-prod,Microsoft.Compute/virtualMachines,Virtual Machines,Compute,team:Finance,307.24,INR,49.19,1 Hour
2026-02-12,sub-psiog-001,MAC-08,rg-mac-08-finance-prod,Microsoft.Storage/storageAccounts,Blob Storage,Storage,team:Finance,201.77,INR,79.1,1 Hour
2026-02-12,sub-psiog-001,MAC-08,rg-mac-08-finance-prod,Microsoft.Network/loadBalancers,Load Balancers,Networking,team:Finance,99.95,INR,90.17,1 Hour
2026-02-12,sub-psiog-001,MAC-08,rg-mac-08-finance-prod,Microsoft.Sql/servers/databases,SQL Database,Data Services,team:Finance,487.56,INR,61.68,1 Hour
2026-02-12,sub-psiog-001,MAC-08,rg-mac-08-operations-prod,Microsoft.ContainerService/managedClusters,AKS Clusters,Compute,team:Operations,479.76,INR,45.79,1 Hour
2026-02-12,sub-psiog-001,MAC-08,rg-mac-08-operations-prod,Microsoft.Storage/storageAccounts/fileServices,File Storage,Storage,team:Operations,316.9,INR,9.33,1 Hour
2026-02-12,sub-psiog-001,MAC-08,rg-mac-08-operations-prod,Microsoft.Network/virtualNetworks,Virtual Networks,Networking,team:Operations,138.0,INR,50.14,1 Hour
2026-02-12,sub-psiog-001,MAC-08,rg-mac-08-operations-prod,Microsoft.Sql/servers/databases,SQL Database,Data Services,team:Operations,387.57,INR,94.48,1 Hour
2026-02-13,sub-psiog-001,MAC-01,rg-mac-01-devops-prod,Microsoft.ContainerService/managedClusters,AKS Clusters,Compute,team:DevOps,1248.34,INR,91.97,1 Hour
2026-02-13,sub-psiog-001,MAC-01,rg-mac-01-devops-prod,Microsoft.Storage/storageAccounts/fileServices,File Storage,Storage,team:DevOps,312.68,INR,77.46,1 Hour
2026-02-13,sub-psiog-001,MAC-01,rg-mac-01-devops-prod,Microsoft.Network/virtualNetworks,Virtual Networks,Networking,team:DevOps,235.57,INR,18.64,1 Hour
2026-02-13,sub-psiog-001,MAC-01,rg-mac-01-devops-prod,Microsoft.DocumentDB/databaseAccounts,Cosmos DB,Data Services,,400.31,INR,54.44,1 Hour
2026-02-13,sub-psiog-001,MAC-01,rg-mac-01-platform-prod,Microsoft.ContainerService/managedClusters,AKS Clusters,Compute,team:Platform,1335.11,INR,98.69,1 Hour
2026-02-13,sub-psiog-001,MAC-01,rg-mac-01-platform-prod,Microsoft.Storage/storageAccounts/fileServices,File Storage,Storage,team:Platform,339.45,INR,77.44,1 Hour
2026-02-13,sub-psiog-001,MAC-01,rg-mac-01-platform-prod,Microsoft.Network/loadBalancers,Load Balancers,Networking,team:Platform,270.7,INR,62.27,1 Hour
2026-02-13,sub-psiog-001,MAC-01,rg-mac-01-platform-prod,Microsoft.DocumentDB/databaseAccounts,Cosmos DB,Data Services,team:Platform,407.33,INR,18.94,1 Hour
2026-02-13,sub-psiog-001,MAC-02,rg-mac-02-dataengineering-prod,Microsoft.Compute/virtualMachines,Virtual Machines,Compute,team:DataEngineering,1099.29,INR,50.88,1 Hour
2026-02-13,sub-psiog-001,MAC-02,rg-mac-02-dataengineering-prod,Microsoft.Storage/storageAccounts/fileServices,File Storage,Storage,team:DataEngineering,712.27,INR,74.32,1 Hour
2026-02-13,sub-psiog-001,MAC-02,rg-mac-02-dataengineering-prod,Microsoft.Network/virtualNetworks,Virtual Networks,Networking,team:DataEngineering,191.89,INR,43.72,1 Hour
2026-02-13,sub-psiog-001,MAC-02,rg-mac-02-dataengineering-prod,Microsoft.Sql/servers/databases,SQL Database,Data Services,team:DataEngineering,929.16,INR,29.35,1 Hour
2026-02-13,sub-psiog-001,MAC-02,rg-mac-02-analytics-prod,Microsoft.Compute/virtualMachines,Virtual Machines,Compute,team:Analytics,851.77,INR,83.66,1 Hour
2026-02-13,sub-psiog-001,MAC-02,rg-mac-02-analytics-prod,Microsoft.Storage/storageAccounts/fileServices,File Storage,Storage,team:Analytics,530.76,INR,3.22,1 Hour
2026-02-13,sub-psiog-001,MAC-02,rg-mac-02-analytics-prod,Microsoft.Network/loadBalancers,Load Balancers,Networking,team:Analytics,160.36,INR,89.57,1 Hour
2026-02-13,sub-psiog-001,MAC-02,rg-mac-02-analytics-prod,Microsoft.Sql/servers/databases,SQL Database,Data Services,,1048.64,INR,50.03,1 Hour
2026-02-13,sub-psiog-001,MAC-03,rg-mac-03-product-prod,Microsoft.ContainerService/managedClusters,AKS Clusters,Compute,,554.31,INR,94.59,1 Hour
2026-02-13,sub-psiog-001,MAC-03,rg-mac-03-product-prod,Microsoft.Storage/storageAccounts,Blob Storage,Storage,team:Product,196.6,INR,88.17,1 Hour
2026-02-13,sub-psiog-001,MAC-03,rg-mac-03-product-prod,Microsoft.Network/virtualNetworks,Virtual Networks,Networking,team:Product,123.71,INR,89.03,1 Hour
2026-02-13,sub-psiog-001,MAC-03,rg-mac-03-product-prod,Microsoft.DocumentDB/databaseAccounts,Cosmos DB,Data Services,team:Product,349.11,INR,28.26,1 Hour
2026-02-13,sub-psiog-001,MAC-03,rg-mac-03-frontend-prod,Microsoft.ContainerService/managedClusters,AKS Clusters,Compute,,508.3,INR,32.94,1 Hour
2026-02-13,sub-psiog-001,MAC-03,rg-mac-03-frontend-prod,Microsoft.Storage/storageAccounts/fileServices,File Storage,Storage,team:Frontend,173.27,INR,84.44,1 Hour
2026-02-13,sub-psiog-001,MAC-03,rg-mac-03-frontend-prod,Microsoft.Network/virtualNetworks,Virtual Networks,Networking,team:Frontend,118.59,INR,71.69,1 Hour
2026-02-13,sub-psiog-001,MAC-03,rg-mac-03-frontend-prod,Microsoft.Sql/servers/databases,SQL Database,Data Services,team:Frontend,223.9,INR,52.85,1 Hour
2026-02-13,sub-psiog-001,MAC-04,rg-mac-04-backend-prod,Microsoft.ContainerService/managedClusters,AKS Clusters,Compute,team:Backend,957.57,INR,58.61,1 Hour
2026-02-13,sub-psiog-001,MAC-04,rg-mac-04-backend-prod,Microsoft.Storage/storageAccounts/fileServices,File Storage,Storage,team:Backend,326.37,INR,27.57,1 Hour
2026-02-13,sub-psiog-001,MAC-04,rg-mac-04-backend-prod,Microsoft.Network/loadBalancers,Load Balancers,Networking,team:Backend,229.42,INR,8.38,1 Hour
2026-02-13,sub-psiog-001,MAC-04,rg-mac-04-backend-prod,Microsoft.Sql/servers/databases,SQL Database,Data Services,team:Backend,577.24,INR,2.48,1 Hour
2026-02-13,sub-psiog-001,MAC-04,rg-mac-04-qa-prod,Microsoft.ContainerService/managedClusters,AKS Clusters,Compute,team:QA,399.12,INR,20.06,1 Hour
2026-02-13,sub-psiog-001,MAC-04,rg-mac-04-qa-prod,Microsoft.Storage/storageAccounts,Blob Storage,Storage,team:QA,178.15,INR,65.66,1 Hour
2026-02-13,sub-psiog-001,MAC-04,rg-mac-04-qa-prod,Microsoft.Network/loadBalancers,Load Balancers,Networking,team:QA,89.67,INR,41.69,1 Hour
2026-02-13,sub-psiog-001,MAC-04,rg-mac-04-qa-prod,Microsoft.Sql/servers/databases,SQL Database,Data Services,team:QA,257.7,INR,34.84,1 Hour
2026-02-13,sub-psiog-001,MAC-05,rg-mac-05-security-prod,Microsoft.Compute/virtualMachines,Virtual Machines,Compute,team:Security,802.36,INR,3.07,1 Hour
2026-02-13,sub-psiog-001,MAC-05,rg-mac-05-security-prod,Microsoft.Storage/storageAccounts,Blob Storage,Storage,team:Security,264.96,INR,18.34,1 Hour
2026-02-13,sub-psiog-001,MAC-05,rg-mac-05-security-prod,Microsoft.Network/virtualNetworks,Virtual Networks,Networking,team:Security,292.68,INR,9.1,1 Hour
2026-02-13,sub-psiog-001,MAC-05,rg-mac-05-security-prod,Microsoft.Sql/servers/databases,SQL Database,Data Services,team:Security,373.71,INR,72.82,1 Hour
2026-02-13,sub-psiog-001,MAC-05,rg-mac-05-compliance-prod,Microsoft.Compute/virtualMachines,Virtual Machines,Compute,team:Compliance,413.89,INR,30.42,1 Hour
2026-02-13,sub-psiog-001,MAC-05,rg-mac-05-compliance-prod,Microsoft.Storage/storageAccounts/fileServices,File Storage,Storage,team:Compliance,271.27,INR,79.85,1 Hour
2026-02-13,sub-psiog-001,MAC-05,rg-mac-05-compliance-prod,Microsoft.Network/virtualNetworks,Virtual Networks,Networking,team:Compliance,157.71,INR,72.49,1 Hour
2026-02-13,sub-psiog-001,MAC-05,rg-mac-05-compliance-prod,Microsoft.DocumentDB/databaseAccounts,Cosmos DB,Data Services,team:Compliance,363.21,INR,47.65,1 Hour
2026-02-13,sub-psiog-001,MAC-06,rg-mac-06-infrastructure-prod,Microsoft.Compute/virtualMachines,Virtual Machines,Compute,team:Infrastructure,1593.41,INR,24.94,1 Hour
2026-02-13,sub-psiog-001,MAC-06,rg-mac-06-infrastructure-prod,Microsoft.Storage/storageAccounts,Blob Storage,Storage,team:Infrastructure,421.2,INR,52.89,1 Hour
2026-02-13,sub-psiog-001,MAC-06,rg-mac-06-infrastructure-prod,Microsoft.Network/virtualNetworks,Virtual Networks,Networking,team:Infrastructure,375.62,INR,66.59,1 Hour
2026-02-13,sub-psiog-001,MAC-06,rg-mac-06-infrastructure-prod,Microsoft.Sql/servers/databases,SQL Database,Data Services,team:Infrastructure,517.42,INR,74.57,1 Hour
2026-02-13,sub-psiog-001,MAC-06,rg-mac-06-cloudops-prod,Microsoft.ContainerService/managedClusters,AKS Clusters,Compute,team:CloudOps,1340.38,INR,17.17,1 Hour
2026-02-13,sub-psiog-001,MAC-06,rg-mac-06-cloudops-prod,Microsoft.Storage/storageAccounts/fileServices,File Storage,Storage,team:CloudOps,433.72,INR,38.04,1 Hour
2026-02-13,sub-psiog-001,MAC-06,rg-mac-06-cloudops-prod,Microsoft.Network/loadBalancers,Load Balancers,Networking,team:CloudOps,332.12,INR,16.22,1 Hour
2026-02-13,sub-psiog-001,MAC-06,rg-mac-06-cloudops-prod,Microsoft.DocumentDB/databaseAccounts,Cosmos DB,Data Services,team:CloudOps,461.51,INR,32.53,1 Hour
2026-02-13,sub-psiog-001,MAC-07,rg-mac-07-ml-prod,Microsoft.ContainerService/managedClusters,AKS Clusters,Compute,team:ML,1544.69,INR,94.04,1 Hour
2026-02-13,sub-psiog-001,MAC-07,rg-mac-07-ml-prod,Microsoft.Storage/storageAccounts/fileServices,File Storage,Storage,team:ML,599.34,INR,36.68,1 Hour
2026-02-13,sub-psiog-001,MAC-07,rg-mac-07-ml-prod,Microsoft.Network/virtualNetworks,Virtual Networks,Networking,team:ML,245.6,INR,74.34,1 Hour
2026-02-13,sub-psiog-001,MAC-07,rg-mac-07-ml-prod,Microsoft.DocumentDB/databaseAccounts,Cosmos DB,Data Services,team:ML,795.17,INR,28.88,1 Hour
2026-02-13,sub-psiog-001,MAC-07,rg-mac-07-research-prod,Microsoft.ContainerService/managedClusters,AKS Clusters,Compute,team:Research,957.93,INR,42.96,1 Hour
2026-02-13,sub-psiog-001,MAC-07,rg-mac-07-research-prod,Microsoft.Storage/storageAccounts/fileServices,File Storage,Storage,team:Research,436.34,INR,19.64,1 Hour
2026-02-13,sub-psiog-001,MAC-07,rg-mac-07-research-prod,Microsoft.Network/loadBalancers,Load Balancers,Networking,team:Research,177.26,INR,82.27,1 Hour
2026-02-13,sub-psiog-001,MAC-07,rg-mac-07-research-prod,Microsoft.DocumentDB/databaseAccounts,Cosmos DB,Data Services,team:Research,782.38,INR,10.17,1 Hour
2026-02-13,sub-psiog-001,MAC-08,rg-mac-08-finance-prod,Microsoft.ContainerService/managedClusters,AKS Clusters,Compute,,356.28,INR,10.93,1 Hour
2026-02-13,sub-psiog-001,MAC-08,rg-mac-08-finance-prod,Microsoft.Storage/storageAccounts/fileServices,File Storage,Storage,team:Finance,246.03,INR,87.89,1 Hour
2026-02-13,sub-psiog-001,MAC-08,rg-mac-08-finance-prod,Microsoft.Network/loadBalancers,Load Balancers,Networking,team:Finance,121.44,INR,45.48,1 Hour
2026-02-13,sub-psiog-001,MAC-08,rg-mac-08-finance-prod,Microsoft.DocumentDB/databaseAccounts,Cosmos DB,Data Services,team:Finance,500.19,INR,57.58,1 Hour
2026-02-13,sub-psiog-001,MAC-08,rg-mac-08-operations-prod,Microsoft.Compute/virtualMachines,Virtual Machines,Compute,team:Operations,556.04,INR,1.8,1 Hour
2026-02-13,sub-psiog-001,MAC-08,rg-mac-08-operations-prod,Microsoft.Storage/storageAccounts,Blob Storage,Storage,team:Operations,321.27,INR,19.07,1 Hour
2026-02-13,sub-psiog-001,MAC-08,rg-mac-08-operations-prod,Microsoft.Network/loadBalancers,Load Balancers,Networking,team:Operations,125.24,INR,35.45,1 Hour
2026-02-13,sub-psiog-001,MAC-08,rg-mac-08-operations-prod,Microsoft.DocumentDB/databaseAccounts,Cosmos DB,Data Services,team:Operations,365.35,INR,46.36,1 Hour
2026-02-14,sub-psiog-001,MAC-01,rg-mac-01-devops-prod,Microsoft.Compute/virtualMachines,Virtual Machines,Compute,team:DevOps,1262.62,INR,39.67,1 Hour
2026-02-14,sub-psiog-001,MAC-01,rg-mac-01-devops-prod,Microsoft.Storage/storageAccounts,Blob Storage,Storage,team:DevOps,279.44,INR,61.01,1 Hour
2026-02-14,sub-psiog-001,MAC-01,rg-mac-01-devops-prod,Microsoft.Network/virtualNetworks,Virtual Networks,Networking,team:DevOps,238.88,INR,69.23,1 Hour
2026-02-14,sub-psiog-001,MAC-01,rg-mac-01-devops-prod,Microsoft.Sql/servers/databases,SQL Database,Data Services,team:DevOps,472.66,INR,25.08,1 Hour
2026-02-14,sub-psiog-001,MAC-01,rg-mac-01-platform-prod,Microsoft.Compute/virtualMachines,Virtual Machines,Compute,team:Platform,1247.56,INR,89.99,1 Hour
2026-02-14,sub-psiog-001,MAC-01,rg-mac-01-platform-prod,Microsoft.Storage/storageAccounts,Blob Storage,Storage,,294.73,INR,16.56,1 Hour
2026-02-14,sub-psiog-001,MAC-01,rg-mac-01-platform-prod,Microsoft.Network/loadBalancers,Load Balancers,Networking,team:Platform,280.38,INR,37.21,1 Hour
2026-02-14,sub-psiog-001,MAC-01,rg-mac-01-platform-prod,Microsoft.DocumentDB/databaseAccounts,Cosmos DB,Data Services,team:Platform,460.42,INR,6.56,1 Hour
2026-02-14,sub-psiog-001,MAC-02,rg-mac-02-dataengineering-prod,Microsoft.Compute/virtualMachines,Virtual Machines,Compute,team:DataEngineering,1105.25,INR,65.59,1 Hour
2026-02-14,sub-psiog-001,MAC-02,rg-mac-02-dataengineering-prod,Microsoft.Storage/storageAccounts/fileServices,File Storage,Storage,team:DataEngineering,699.16,INR,86.65,1 Hour
2026-02-14,sub-psiog-001,MAC-02,rg-mac-02-dataengineering-prod,Microsoft.Network/virtualNetworks,Virtual Networks,Networking,team:DataEngineering,221.71,INR,76.29,1 Hour
2026-02-14,sub-psiog-001,MAC-02,rg-mac-02-dataengineering-prod,Microsoft.DocumentDB/databaseAccounts,Cosmos DB,Data Services,team:DataEngineering,960.46,INR,73.79,1 Hour
2026-02-14,sub-psiog-001,MAC-02,rg-mac-02-analytics-prod,Microsoft.ContainerService/managedClusters,AKS Clusters,Compute,team:Analytics,912.85,INR,74.35,1 Hour
2026-02-14,sub-psiog-001,MAC-02,rg-mac-02-analytics-prod,Microsoft.Storage/storageAccounts/fileServices,File Storage,Storage,team:Analytics,680.0,INR,98.26,1 Hour
2026-02-14,sub-psiog-001,MAC-02,rg-mac-02-analytics-prod,Microsoft.Network/loadBalancers,Load Balancers,Networking,team:Analytics,193.97,INR,86.79,1 Hour
2026-02-14,sub-psiog-001,MAC-02,rg-mac-02-analytics-prod,Microsoft.DocumentDB/databaseAccounts,Cosmos DB,Data Services,team:Analytics,1032.63,INR,73.45,1 Hour
2026-02-14,sub-psiog-001,MAC-03,rg-mac-03-product-prod,Microsoft.ContainerService/managedClusters,AKS Clusters,Compute,team:Product,595.97,INR,68.5,1 Hour
2026-02-14,sub-psiog-001,MAC-03,rg-mac-03-product-prod,Microsoft.Storage/storageAccounts/fileServices,File Storage,Storage,,229.14,INR,28.36,1 Hour
2026-02-14,sub-psiog-001,MAC-03,rg-mac-03-product-prod,Microsoft.Network/virtualNetworks,Virtual Networks,Networking,team:Product,120.91,INR,62.6,1 Hour
2026-02-14,sub-psiog-001,MAC-03,rg-mac-03-product-prod,Microsoft.Sql/servers/databases,SQL Database,Data Services,team:Product,344.48,INR,9.11,1 Hour
2026-02-14,sub-psiog-001,MAC-03,rg-mac-03-frontend-prod,Microsoft.ContainerService/managedClusters,AKS Clusters,Compute,team:Frontend,483.28,INR,64.84,1 Hour
2026-02-14,sub-psiog-001,MAC-03,rg-mac-03-frontend-prod,Microsoft.Storage/storageAccounts,Blob Storage,Storage,team:Frontend,155.57,INR,42.43,1 Hour
2026-02-14,sub-psiog-001,MAC-03,rg-mac-03-frontend-prod,Microsoft.Network/virtualNetworks,Virtual Networks,Networking,team:Frontend,107.58,INR,70.77,1 Hour
2026-02-14,sub-psiog-001,MAC-03,rg-mac-03-frontend-prod,Microsoft.DocumentDB/databaseAccounts,Cosmos DB,Data Services,team:Frontend,240.43,INR,74.23,1 Hour
2026-02-14,sub-psiog-001,MAC-04,rg-mac-04-backend-prod,Microsoft.ContainerService/managedClusters,AKS Clusters,Compute,team:Backend,981.04,INR,7.55,1 Hour
2026-02-14,sub-psiog-001,MAC-04,rg-mac-04-backend-prod,Microsoft.Storage/storageAccounts,Blob Storage,Storage,team:Backend,398.75,INR,32.6,1 Hour
2026-02-14,sub-psiog-001,MAC-04,rg-mac-04-backend-prod,Microsoft.Network/loadBalancers,Load Balancers,Networking,team:Backend,274.38,INR,89.19,1 Hour
2026-02-14,sub-psiog-001,MAC-04,rg-mac-04-backend-prod,Microsoft.DocumentDB/databaseAccounts,Cosmos DB,Data Services,team:Backend,536.09,INR,59.67,1 Hour
2026-02-14,sub-psiog-001,MAC-04,rg-mac-04-qa-prod,Microsoft.ContainerService/managedClusters,AKS Clusters,Compute,team:QA,399.07,INR,53.95,1 Hour
2026-02-14,sub-psiog-001,MAC-04,rg-mac-04-qa-prod,Microsoft.Storage/storageAccounts/fileServices,File Storage,Storage,team:QA,198.47,INR,56.41,1 Hour
2026-02-14,sub-psiog-001,MAC-04,rg-mac-04-qa-prod,Microsoft.Network/virtualNetworks,Virtual Networks,Networking,team:QA,98.65,INR,39.76,1 Hour
2026-02-14,sub-psiog-001,MAC-04,rg-mac-04-qa-prod,Microsoft.DocumentDB/databaseAccounts,Cosmos DB,Data Services,team:QA,303.06,INR,65.61,1 Hour
2026-02-14,sub-psiog-001,MAC-05,rg-mac-05-security-prod,Microsoft.Compute/virtualMachines,Virtual Machines,Compute,team:Security,692.53,INR,93.81,1 Hour
2026-02-14,sub-psiog-001,MAC-05,rg-mac-05-security-prod,Microsoft.Storage/storageAccounts/fileServices,File Storage,Storage,team:Security,236.43,INR,50.37,1 Hour
2026-02-14,sub-psiog-001,MAC-05,rg-mac-05-security-prod,Microsoft.Network/loadBalancers,Load Balancers,Networking,team:Security,338.15,INR,52.61,1 Hour
2026-02-14,sub-psiog-001,MAC-05,rg-mac-05-security-prod,Microsoft.DocumentDB/databaseAccounts,Cosmos DB,Data Services,team:Security,404.04,INR,77.82,1 Hour
2026-02-14,sub-psiog-001,MAC-05,rg-mac-05-compliance-prod,Microsoft.Compute/virtualMachines,Virtual Machines,Compute,,389.28,INR,68.49,1 Hour
2026-02-14,sub-psiog-001,MAC-05,rg-mac-05-compliance-prod,Microsoft.Storage/storageAccounts,Blob Storage,Storage,team:Compliance,207.72,INR,99.29,1 Hour
2026-02-14,sub-psiog-001,MAC-05,rg-mac-05-compliance-prod,Microsoft.Network/loadBalancers,Load Balancers,Networking,team:Compliance,139.48,INR,12.31,1 Hour
2026-02-14,sub-psiog-001,MAC-05,rg-mac-05-compliance-prod,Microsoft.Sql/servers/databases,SQL Database,Data Services,team:Compliance,358.62,INR,34.81,1 Hour
2026-02-14,sub-psiog-001,MAC-06,rg-mac-06-infrastructure-prod,Microsoft.Compute/virtualMachines,Virtual Machines,Compute,team:Infrastructure,1681.46,INR,2.35,1 Hour
2026-02-14,sub-psiog-001,MAC-06,rg-mac-06-infrastructure-prod,Microsoft.Storage/storageAccounts,Blob Storage,Storage,team:Infrastructure,444.69,INR,62.33,1 Hour
2026-02-14,sub-psiog-001,MAC-06,rg-mac-06-infrastructure-prod,Microsoft.Network/virtualNetworks,Virtual Networks,Networking,team:Infrastructure,395.32,INR,84.4,1 Hour
2026-02-14,sub-psiog-001,MAC-06,rg-mac-06-infrastructure-prod,Microsoft.DocumentDB/databaseAccounts,Cosmos DB,Data Services,team:Infrastructure,489.28,INR,93.69,1 Hour
2026-02-14,sub-psiog-001,MAC-06,rg-mac-06-cloudops-prod,Microsoft.ContainerService/managedClusters,AKS Clusters,Compute,team:CloudOps,1370.98,INR,17.78,1 Hour
2026-02-14,sub-psiog-001,MAC-06,rg-mac-06-cloudops-prod,Microsoft.Storage/storageAccounts,Blob Storage,Storage,team:CloudOps,374.61,INR,4.22,1 Hour
2026-02-14,sub-psiog-001,MAC-06,rg-mac-06-cloudops-prod,Microsoft.Network/virtualNetworks,Virtual Networks,Networking,team:CloudOps,299.03,INR,70.77,1 Hour
2026-02-14,sub-psiog-001,MAC-06,rg-mac-06-cloudops-prod,Microsoft.DocumentDB/databaseAccounts,Cosmos DB,Data Services,team:CloudOps,463.31,INR,1.5,1 Hour
2026-02-14,sub-psiog-001,MAC-07,rg-mac-07-ml-prod,Microsoft.ContainerService/managedClusters,AKS Clusters,Compute,team:ML,1656.47,INR,36.0,1 Hour
2026-02-14,sub-psiog-001,MAC-07,rg-mac-07-ml-prod,Microsoft.Storage/storageAccounts/fileServices,File Storage,Storage,team:ML,565.73,INR,27.88,1 Hour
2026-02-14,sub-psiog-001,MAC-07,rg-mac-07-ml-prod,Microsoft.Network/loadBalancers,Load Balancers,Networking,team:ML,226.92,INR,64.66,1 Hour
2026-02-14,sub-psiog-001,MAC-07,rg-mac-07-ml-prod,Microsoft.DocumentDB/databaseAccounts,Cosmos DB,Data Services,team:ML,678.72,INR,56.59,1 Hour
2026-02-14,sub-psiog-001,MAC-07,rg-mac-07-research-prod,Microsoft.ContainerService/managedClusters,AKS Clusters,Compute,team:Research,981.22,INR,17.96,1 Hour
2026-02-14,sub-psiog-001,MAC-07,rg-mac-07-research-prod,Microsoft.Storage/storageAccounts,Blob Storage,Storage,team:Research,426.39,INR,79.54,1 Hour
2026-02-14,sub-psiog-001,MAC-07,rg-mac-07-research-prod,Microsoft.Network/virtualNetworks,Virtual Networks,Networking,,212.47,INR,38.92,1 Hour
2026-02-14,sub-psiog-001,MAC-07,rg-mac-07-research-prod,Microsoft.Sql/servers/databases,SQL Database,Data Services,team:Research,759.75,INR,26.5,1 Hour
2026-02-14,sub-psiog-001,MAC-08,rg-mac-08-finance-prod,Microsoft.Compute/virtualMachines,Virtual Machines,Compute,,298.89,INR,43.77,1 Hour
2026-02-14,sub-psiog-001,MAC-08,rg-mac-08-finance-prod,Microsoft.Storage/storageAccounts,Blob Storage,Storage,team:Finance,231.19,INR,97.41,1 Hour
2026-02-14,sub-psiog-001,MAC-08,rg-mac-08-finance-prod,Microsoft.Network/loadBalancers,Load Balancers,Networking,,98.7,INR,85.56,1 Hour
2026-02-14,sub-psiog-001,MAC-08,rg-mac-08-finance-prod,Microsoft.DocumentDB/databaseAccounts,Cosmos DB,Data Services,team:Finance,557.85,INR,72.89,1 Hour
2026-02-14,sub-psiog-001,MAC-08,rg-mac-08-operations-prod,Microsoft.ContainerService/managedClusters,AKS Clusters,Compute,team:Operations,550.64,INR,50.74,1 Hour
2026-02-14,sub-psiog-001,MAC-08,rg-mac-08-operations-prod,Microsoft.Storage/storageAccounts,Blob Storage,Storage,team:Operations,290.54,INR,97.28,1 Hour
2026-02-14,sub-psiog-001,MAC-08,rg-mac-08-operations-prod,Microsoft.Network/loadBalancers,Load Balancers,Networking,team:Operations,136.06,INR,94.72,1 Hour
2026-02-14,sub-psiog-001,MAC-08,rg-mac-08-operations-prod,Microsoft.DocumentDB/databaseAccounts,Cosmos DB,Data Services,team:Operations,394.77,INR,35.25,1 Hour
2026-02-15,sub-psiog-001,MAC-01,rg-mac-01-devops-prod,Microsoft.ContainerService/managedClusters,AKS Clusters,Compute,team:DevOps,1461.11,INR,85.69,1 Hour
2026-02-15,sub-psiog-001,MAC-01,rg-mac-01-devops-prod,Microsoft.Storage/storageAccounts/fileServices,File Storage,Storage,team:DevOps,342.85,INR,72.94,1 Hour
2026-02-15,sub-psiog-001,MAC-01,rg-mac-01-devops-prod,Microsoft.Network/loadBalancers,Load Balancers,Networking,team:DevOps,214.07,INR,97.98,1 Hour
2026-02-15,sub-psiog-001,MAC-01,rg-mac-01-devops-prod,Microsoft.Sql/servers/databases,SQL Database,Data Services,team:DevOps,426.13,INR,81.23,1 Hour
2026-02-15,sub-psiog-001,MAC-01,rg-mac-01-platform-prod,Microsoft.Compute/virtualMachines,Virtual Machines,Compute,team:Platform,1158.54,INR,22.05,1 Hour
2026-02-15,sub-psiog-001,MAC-01,rg-mac-01-platform-prod,Microsoft.Storage/storageAccounts,Blob Storage,Storage,team:Platform,276.68,INR,89.66,1 Hour
2026-02-15,sub-psiog-001,MAC-01,rg-mac-01-platform-prod,Microsoft.Network/virtualNetworks,Virtual Networks,Networking,,250.44,INR,41.81,1 Hour
2026-02-15,sub-psiog-001,MAC-01,rg-mac-01-platform-prod,Microsoft.DocumentDB/databaseAccounts,Cosmos DB,Data Services,team:Platform,382.93,INR,29.02,1 Hour
2026-02-15,sub-psiog-001,MAC-02,rg-mac-02-dataengineering-prod,Microsoft.ContainerService/managedClusters,AKS Clusters,Compute,team:DataEngineering,1017.84,INR,77.61,1 Hour
2026-02-15,sub-psiog-001,MAC-02,rg-mac-02-dataengineering-prod,Microsoft.Storage/storageAccounts/fileServices,File Storage,Storage,team:DataEngineering,579.51,INR,57.05,1 Hour
2026-02-15,sub-psiog-001,MAC-02,rg-mac-02-dataengineering-prod,Microsoft.Network/virtualNetworks,Virtual Networks,Networking,team:DataEngineering,200.07,INR,66.35,1 Hour
2026-02-15,sub-psiog-001,MAC-02,rg-mac-02-dataengineering-prod,Microsoft.Sql/servers/databases,SQL Database,Data Services,team:DataEngineering,936.18,INR,2.57,1 Hour
2026-02-15,sub-psiog-001,MAC-02,rg-mac-02-analytics-prod,Microsoft.ContainerService/managedClusters,AKS Clusters,Compute,team:Analytics,847.65,INR,48.66,1 Hour
2026-02-15,sub-psiog-001,MAC-02,rg-mac-02-analytics-prod,Microsoft.Storage/storageAccounts/fileServices,File Storage,Storage,team:Analytics,647.33,INR,97.6,1 Hour
2026-02-15,sub-psiog-001,MAC-02,rg-mac-02-analytics-prod,Microsoft.Network/loadBalancers,Load Balancers,Networking,team:Analytics,156.83,INR,24.21,1 Hour
2026-02-15,sub-psiog-001,MAC-02,rg-mac-02-analytics-prod,Microsoft.Sql/servers/databases,SQL Database,Data Services,team:Analytics,795.59,INR,31.64,1 Hour
2026-02-15,sub-psiog-001,MAC-03,rg-mac-03-product-prod,Microsoft.Compute/virtualMachines,Virtual Machines,Compute,team:Product,747.61,INR,18.92,1 Hour
2026-02-15,sub-psiog-001,MAC-03,rg-mac-03-product-prod,Microsoft.Storage/storageAccounts,Blob Storage,Storage,team:Product,196.7,INR,75.82,1 Hour
2026-02-15,sub-psiog-001,MAC-03,rg-mac-03-product-prod,Microsoft.Network/loadBalancers,Load Balancers,Networking,team:Product,146.94,INR,28.48,1 Hour
2026-02-15,sub-psiog-001,MAC-03,rg-mac-03-product-prod,Microsoft.Sql/servers/databases,SQL Database,Data Services,team:Product,373.66,INR,60.41,1 Hour
2026-02-15,sub-psiog-001,MAC-03,rg-mac-03-frontend-prod,Microsoft.Compute/virtualMachines,Virtual Machines,Compute,team:Frontend,509.55,INR,17.71,1 Hour
2026-02-15,sub-psiog-001,MAC-03,rg-mac-03-frontend-prod,Microsoft.Storage/storageAccounts/fileServices,File Storage,Storage,team:Frontend,166.38,INR,39.79,1 Hour
2026-02-15,sub-psiog-001,MAC-03,rg-mac-03-frontend-prod,Microsoft.Network/loadBalancers,Load Balancers,Networking,team:Frontend,92.95,INR,14.35,1 Hour
2026-02-15,sub-psiog-001,MAC-03,rg-mac-03-frontend-prod,Microsoft.DocumentDB/databaseAccounts,Cosmos DB,Data Services,team:Frontend,191.06,INR,48.63,1 Hour
2026-02-15,sub-psiog-001,MAC-04,rg-mac-04-backend-prod,Microsoft.ContainerService/managedClusters,AKS Clusters,Compute,,1185.99,INR,59.94,1 Hour
2026-02-15,sub-psiog-001,MAC-04,rg-mac-04-backend-prod,Microsoft.Storage/storageAccounts,Blob Storage,Storage,team:Backend,360.33,INR,42.82,1 Hour
2026-02-15,sub-psiog-001,MAC-04,rg-mac-04-backend-prod,Microsoft.Network/loadBalancers,Load Balancers,Networking,team:Backend,256.55,INR,75.4,1 Hour
2026-02-15,sub-psiog-001,MAC-04,rg-mac-04-backend-prod,Microsoft.DocumentDB/databaseAccounts,Cosmos DB,Data Services,team:Backend,493.38,INR,29.11,1 Hour
2026-02-15,sub-psiog-001,MAC-04,rg-mac-04-qa-prod,Microsoft.Compute/virtualMachines,Virtual Machines,Compute,team:QA,434.88,INR,89.61,1 Hour
2026-02-15,sub-psiog-001,MAC-04,rg-mac-04-qa-prod,Microsoft.Storage/storageAccounts/fileServices,File Storage,Storage,team:QA,215.69,INR,35.3,1 Hour
2026-02-15,sub-psiog-001,MAC-04,rg-mac-04-qa-prod,Microsoft.Network/virtualNetworks,Virtual Networks,Networking,team:QA,111.12,INR,33.23,1 Hour
2026-02-15,sub-psiog-001,MAC-04,rg-mac-04-qa-prod,Microsoft.Sql/servers/databases,SQL Database,Data Services,team:QA,277.3,INR,95.15,1 Hour
2026-02-15,sub-psiog-001,MAC-05,rg-mac-05-security-prod,Microsoft.Compute/virtualMachines,Virtual Machines,Compute,team:Security,729.71,INR,78.6,1 Hour
2026-02-15,sub-psiog-001,MAC-05,rg-mac-05-security-prod,Microsoft.Storage/storageAccounts,Blob Storage,Storage,team:Security,308.84,INR,4.59,1 Hour
2026-02-15,sub-psiog-001,MAC-05,rg-mac-05-security-prod,Microsoft.Network/virtualNetworks,Virtual Networks,Networking,team:Security,365.69,INR,32.83,1 Hour
2026-02-15,sub-psiog-001,MAC-05,rg-mac-05-security-prod,Microsoft.DocumentDB/databaseAccounts,Cosmos DB,Data Services,team:Security,387.56,INR,26.01,1 Hour
2026-02-15,sub-psiog-001,MAC-05,rg-mac-05-compliance-prod,Microsoft.Compute/virtualMachines,Virtual Machines,Compute,team:Compliance,339.28,INR,13.01,1 Hour
2026-02-15,sub-psiog-001,MAC-05,rg-mac-05-compliance-prod,Microsoft.Storage/storageAccounts/fileServices,File Storage,Storage,team:Compliance,214.49,INR,8.23,1 Hour
2026-02-15,sub-psiog-001,MAC-05,rg-mac-05-compliance-prod,Microsoft.Network/loadBalancers,Load Balancers,Networking,team:Compliance,175.57,INR,2.92,1 Hour
2026-02-15,sub-psiog-001,MAC-05,rg-mac-05-compliance-prod,Microsoft.Sql/servers/databases,SQL Database,Data Services,,282.12,INR,17.5,1 Hour
2026-02-15,sub-psiog-001,MAC-06,rg-mac-06-infrastructure-prod,Microsoft.ContainerService/managedClusters,AKS Clusters,Compute,team:Infrastructure,1594.3,INR,89.16,1 Hour
2026-02-15,sub-psiog-001,MAC-06,rg-mac-06-infrastructure-prod,Microsoft.Storage/storageAccounts,Blob Storage,Storage,,388.45,INR,87.82,1 Hour
2026-02-15,sub-psiog-001,MAC-06,rg-mac-06-infrastructure-prod,Microsoft.Network/loadBalancers,Load Balancers,Networking,team:Infrastructure,377.05,INR,33.74,1 Hour
2026-02-15,sub-psiog-001,MAC-06,rg-mac-06-infrastructure-prod,Microsoft.Sql/servers/databases,SQL Database,Data Services,team:Infrastructure,478.99,INR,69.37,1 Hour
2026-02-15,sub-psiog-001,MAC-06,rg-mac-06-cloudops-prod,Microsoft.Compute/virtualMachines,Virtual Machines,Compute,team:CloudOps,1480.55,INR,39.56,1 Hour
2026-02-15,sub-psiog-001,MAC-06,rg-mac-06-cloudops-prod,Microsoft.Storage/storageAccounts/fileServices,File Storage,Storage,team:CloudOps,381.54,INR,28.22,1 Hour
2026-02-15,sub-psiog-001,MAC-06,rg-mac-06-cloudops-prod,Microsoft.Network/loadBalancers,Load Balancers,Networking,team:CloudOps,379.39,INR,34.49,1 Hour
2026-02-15,sub-psiog-001,MAC-06,rg-mac-06-cloudops-prod,Microsoft.DocumentDB/databaseAccounts,Cosmos DB,Data Services,team:CloudOps,420.06,INR,4.36,1 Hour
2026-02-15,sub-psiog-001,MAC-07,rg-mac-07-ml-prod,Microsoft.ContainerService/managedClusters,AKS Clusters,Compute,team:ML,1691.84,INR,57.47,1 Hour
2026-02-15,sub-psiog-001,MAC-07,rg-mac-07-ml-prod,Microsoft.Storage/storageAccounts/fileServices,File Storage,Storage,team:ML,559.67,INR,4.88,1 Hour
2026-02-15,sub-psiog-001,MAC-07,rg-mac-07-ml-prod,Microsoft.Network/loadBalancers,Load Balancers,Networking,team:ML,243.02,INR,10.12,1 Hour
2026-02-15,sub-psiog-001,MAC-07,rg-mac-07-ml-prod,Microsoft.DocumentDB/databaseAccounts,Cosmos DB,Data Services,team:ML,808.49,INR,39.07,1 Hour
2026-02-15,sub-psiog-001,MAC-07,rg-mac-07-research-prod,Microsoft.ContainerService/managedClusters,AKS Clusters,Compute,team:Research,862.81,INR,87.72,1 Hour
2026-02-15,sub-psiog-001,MAC-07,rg-mac-07-research-prod,Microsoft.Storage/storageAccounts/fileServices,File Storage,Storage,team:Research,532.02,INR,19.99,1 Hour
2026-02-15,sub-psiog-001,MAC-07,rg-mac-07-research-prod,Microsoft.Network/virtualNetworks,Virtual Networks,Networking,team:Research,197.92,INR,39.56,1 Hour
2026-02-15,sub-psiog-001,MAC-07,rg-mac-07-research-prod,Microsoft.DocumentDB/databaseAccounts,Cosmos DB,Data Services,team:Research,775.37,INR,70.76,1 Hour
2026-02-15,sub-psiog-001,MAC-08,rg-mac-08-finance-prod,Microsoft.ContainerService/managedClusters,AKS Clusters,Compute,,371.45,INR,16.46,1 Hour
2026-02-15,sub-psiog-001,MAC-08,rg-mac-08-finance-prod,Microsoft.Storage/storageAccounts,Blob Storage,Storage,team:Finance,196.4,INR,97.62,1 Hour
2026-02-15,sub-psiog-001,MAC-08,rg-mac-08-finance-prod,Microsoft.Network/virtualNetworks,Virtual Networks,Networking,,120.76,INR,2.77,1 Hour
2026-02-15,sub-psiog-001,MAC-08,rg-mac-08-finance-prod,Microsoft.DocumentDB/databaseAccounts,Cosmos DB,Data Services,team:Finance,520.21,INR,25.19,1 Hour
2026-02-15,sub-psiog-001,MAC-08,rg-mac-08-operations-prod,Microsoft.ContainerService/managedClusters,AKS Clusters,Compute,,519.87,INR,95.44,1 Hour
2026-02-15,sub-psiog-001,MAC-08,rg-mac-08-operations-prod,Microsoft.Storage/storageAccounts/fileServices,File Storage,Storage,team:Operations,368.89,INR,71.61,1 Hour
2026-02-15,sub-psiog-001,MAC-08,rg-mac-08-operations-prod,Microsoft.Network/virtualNetworks,Virtual Networks,Networking,team:Operations,152.9,INR,52.49,1 Hour
2026-02-15,sub-psiog-001,MAC-08,rg-mac-08-operations-prod,Microsoft.Sql/servers/databases,SQL Database,Data Services,team:Operations,381.51,INR,49.14,1 Hour
2026-02-16,sub-psiog-001,MAC-01,rg-mac-01-devops-prod,Microsoft.Compute/virtualMachines,Virtual Machines,Compute,team:DevOps,1449.87,INR,82.27,1 Hour
2026-02-16,sub-psiog-001,MAC-01,rg-mac-01-devops-prod,Microsoft.Storage/storageAccounts/fileServices,File Storage,Storage,team:DevOps,289.44,INR,29.93,1 Hour
2026-02-16,sub-psiog-001,MAC-01,rg-mac-01-devops-prod,Microsoft.Network/loadBalancers,Load Balancers,Networking,team:DevOps,250.0,INR,96.52,1 Hour
2026-02-16,sub-psiog-001,MAC-01,rg-mac-01-devops-prod,Microsoft.DocumentDB/databaseAccounts,Cosmos DB,Data Services,team:DevOps,390.84,INR,96.34,1 Hour
2026-02-16,sub-psiog-001,MAC-01,rg-mac-01-platform-prod,Microsoft.ContainerService/managedClusters,AKS Clusters,Compute,team:Platform,1094.91,INR,61.35,1 Hour
2026-02-16,sub-psiog-001,MAC-01,rg-mac-01-platform-prod,Microsoft.Storage/storageAccounts,Blob Storage,Storage,team:Platform,329.37,INR,71.69,1 Hour
2026-02-16,sub-psiog-001,MAC-01,rg-mac-01-platform-prod,Microsoft.Network/virtualNetworks,Virtual Networks,Networking,team:Platform,294.73,INR,44.95,1 Hour
2026-02-16,sub-psiog-001,MAC-01,rg-mac-01-platform-prod,Microsoft.DocumentDB/databaseAccounts,Cosmos DB,Data Services,team:Platform,425.15,INR,16.05,1 Hour
2026-02-16,sub-psiog-001,MAC-02,rg-mac-02-dataengineering-prod,Microsoft.ContainerService/managedClusters,AKS Clusters,Compute,team:DataEngineering,1039.33,INR,83.96,1 Hour
2026-02-16,sub-psiog-001,MAC-02,rg-mac-02-dataengineering-prod,Microsoft.Storage/storageAccounts,Blob Storage,Storage,team:DataEngineering,662.76,INR,32.42,1 Hour
2026-02-16,sub-psiog-001,MAC-02,rg-mac-02-dataengineering-prod,Microsoft.Network/loadBalancers,Load Balancers,Networking,team:DataEngineering,173.57,INR,86.23,1 Hour
2026-02-16,sub-psiog-001,MAC-02,rg-mac-02-dataengineering-prod,Microsoft.Sql/servers/databases,SQL Database,Data Services,team:DataEngineering,1016.21,INR,26.04,1 Hour
2026-02-16,sub-psiog-001,MAC-02,rg-mac-02-analytics-prod,Microsoft.ContainerService/managedClusters,AKS Clusters,Compute,team:Analytics,881.34,INR,72.93,1 Hour
2026-02-16,sub-psiog-001,MAC-02,rg-mac-02-analytics-prod,Microsoft.Storage/storageAccounts/fileServices,File Storage,Storage,team:Analytics,607.47,INR,17.07,1 Hour
2026-02-16,sub-psiog-001,MAC-02,rg-mac-02-analytics-prod,Microsoft.Network/virtualNetworks,Virtual Networks,Networking,team:Analytics,193.04,INR,18.41,1 Hour
2026-02-16,sub-psiog-001,MAC-02,rg-mac-02-analytics-prod,Microsoft.Sql/servers/databases,SQL Database,Data Services,team:Analytics,945.66,INR,60.29,1 Hour
2026-02-16,sub-psiog-001,MAC-03,rg-mac-03-product-prod,Microsoft.Compute/virtualMachines,Virtual Machines,Compute,,667.17,INR,74.12,1 Hour
2026-02-16,sub-psiog-001,MAC-03,rg-mac-03-product-prod,Microsoft.Storage/storageAccounts,Blob Storage,Storage,team:Product,240.44,INR,66.31,1 Hour
2026-02-16,sub-psiog-001,MAC-03,rg-mac-03-product-prod,Microsoft.Network/loadBalancers,Load Balancers,Networking,team:Product,139.03,INR,89.62,1 Hour
2026-02-16,sub-psiog-001,MAC-03,rg-mac-03-product-prod,Microsoft.Sql/servers/databases,SQL Database,Data Services,,348.35,INR,97.24,1 Hour
2026-02-16,sub-psiog-001,MAC-03,rg-mac-03-frontend-prod,Microsoft.Compute/virtualMachines,Virtual Machines,Compute,team:Frontend,497.49,INR,95.79,1 Hour
2026-02-16,sub-psiog-001,MAC-03,rg-mac-03-frontend-prod,Microsoft.Storage/storageAccounts/fileServices,File Storage,Storage,team:Frontend,157.33,INR,9.42,1 Hour
2026-02-16,sub-psiog-001,MAC-03,rg-mac-03-frontend-prod,Microsoft.Network/virtualNetworks,Virtual Networks,Networking,team:Frontend,104.84,INR,35.02,1 Hour
2026-02-16,sub-psiog-001,MAC-03,rg-mac-03-frontend-prod,Microsoft.DocumentDB/databaseAccounts,Cosmos DB,Data Services,team:Frontend,226.68,INR,80.41,1 Hour
2026-02-16,sub-psiog-001,MAC-04,rg-mac-04-backend-prod,Microsoft.ContainerService/managedClusters,AKS Clusters,Compute,,1032.62,INR,62.65,1 Hour
2026-02-16,sub-psiog-001,MAC-04,rg-mac-04-backend-prod,Microsoft.Storage/storageAccounts/fileServices,File Storage,Storage,team:Backend,332.09,INR,29.17,1 Hour
2026-02-16,sub-psiog-001,MAC-04,rg-mac-04-backend-prod,Microsoft.Network/loadBalancers,Load Balancers,Networking,team:Backend,236.88,INR,17.13,1 Hour
2026-02-16,sub-psiog-001,MAC-04,rg-mac-04-backend-prod,Microsoft.Sql/servers/databases,SQL Database,Data Services,team:Backend,509.57,INR,36.23,1 Hour
2026-02-16,sub-psiog-001,MAC-04,rg-mac-04-qa-prod,Microsoft.ContainerService/managedClusters,AKS Clusters,Compute,team:QA,475.55,INR,23.96,1 Hour
2026-02-16,sub-psiog-001,MAC-04,rg-mac-04-qa-prod,Microsoft.Storage/storageAccounts,Blob Storage,Storage,team:QA,199.18,INR,24.17,1 Hour
2026-02-16,sub-psiog-001,MAC-04,rg-mac-04-qa-prod,Microsoft.Network/loadBalancers,Load Balancers,Networking,team:QA,90.7,INR,6.04,1 Hour
2026-02-16,sub-psiog-001,MAC-04,rg-mac-04-qa-prod,Microsoft.DocumentDB/databaseAccounts,Cosmos DB,Data Services,team:QA,290.38,INR,98.49,1 Hour
2026-02-16,sub-psiog-001,MAC-05,rg-mac-05-security-prod,Microsoft.ContainerService/managedClusters,AKS Clusters,Compute,team:Security,852.19,INR,17.9,1 Hour
2026-02-16,sub-psiog-001,MAC-05,rg-mac-05-security-prod,Microsoft.Storage/storageAccounts/fileServices,File Storage,Storage,team:Security,307.23,INR,96.73,1 Hour
2026-02-16,sub-psiog-001,MAC-05,rg-mac-05-security-prod,Microsoft.Network/loadBalancers,Load Balancers,Networking,team:Security,369.08,INR,55.48,1 Hour
2026-02-16,sub-psiog-001,MAC-05,rg-mac-05-security-prod,Microsoft.DocumentDB/databaseAccounts,Cosmos DB,Data Services,team:Security,352.25,INR,98.31,1 Hour
2026-02-16,sub-psiog-001,MAC-05,rg-mac-05-compliance-prod,Microsoft.Compute/virtualMachines,Virtual Machines,Compute,team:Compliance,351.9,INR,61.11,1 Hour
2026-02-16,sub-psiog-001,MAC-05,rg-mac-05-compliance-prod,Microsoft.Storage/storageAccounts/fileServices,File Storage,Storage,team:Compliance,252.35,INR,12.02,1 Hour
2026-02-16,sub-psiog-001,MAC-05,rg-mac-05-compliance-prod,Microsoft.Network/loadBalancers,Load Balancers,Networking,team:Compliance,163.21,INR,26.86,1 Hour
2026-02-16,sub-psiog-001,MAC-05,rg-mac-05-compliance-prod,Microsoft.DocumentDB/databaseAccounts,Cosmos DB,Data Services,team:Compliance,310.24,INR,89.64,1 Hour
2026-02-16,sub-psiog-001,MAC-06,rg-mac-06-infrastructure-prod,Microsoft.ContainerService/managedClusters,AKS Clusters,Compute,team:Infrastructure,1729.24,INR,87.8,1 Hour
2026-02-16,sub-psiog-001,MAC-06,rg-mac-06-infrastructure-prod,Microsoft.Storage/storageAccounts/fileServices,File Storage,Storage,team:Infrastructure,409.49,INR,13.78,1 Hour
2026-02-16,sub-psiog-001,MAC-06,rg-mac-06-infrastructure-prod,Microsoft.Network/virtualNetworks,Virtual Networks,Networking,team:Infrastructure,395.5,INR,91.41,1 Hour
2026-02-16,sub-psiog-001,MAC-06,rg-mac-06-infrastructure-prod,Microsoft.Sql/servers/databases,SQL Database,Data Services,team:Infrastructure,409.05,INR,99.51,1 Hour
2026-02-16,sub-psiog-001,MAC-06,rg-mac-06-cloudops-prod,Microsoft.ContainerService/managedClusters,AKS Clusters,Compute,team:CloudOps,1301.1,INR,68.75,1 Hour
2026-02-16,sub-psiog-001,MAC-06,rg-mac-06-cloudops-prod,Microsoft.Storage/storageAccounts/fileServices,File Storage,Storage,team:CloudOps,398.51,INR,21.96,1 Hour
2026-02-16,sub-psiog-001,MAC-06,rg-mac-06-cloudops-prod,Microsoft.Network/loadBalancers,Load Balancers,Networking,team:CloudOps,323.71,INR,54.94,1 Hour
2026-02-16,sub-psiog-001,MAC-06,rg-mac-06-cloudops-prod,Microsoft.Sql/servers/databases,SQL Database,Data Services,team:CloudOps,459.68,INR,91.89,1 Hour
2026-02-16,sub-psiog-001,MAC-07,rg-mac-07-ml-prod,Microsoft.Compute/virtualMachines,Virtual Machines,Compute,team:ML,1602.22,INR,84.28,1 Hour
2026-02-16,sub-psiog-001,MAC-07,rg-mac-07-ml-prod,Microsoft.Storage/storageAccounts,Blob Storage,Storage,,497.36,INR,52.74,1 Hour
2026-02-16,sub-psiog-001,MAC-07,rg-mac-07-ml-prod,Microsoft.Network/virtualNetworks,Virtual Networks,Networking,team:ML,228.62,INR,85.18,1 Hour
2026-02-16,sub-psiog-001,MAC-07,rg-mac-07-ml-prod,Microsoft.DocumentDB/databaseAccounts,Cosmos DB,Data Services,team:ML,746.71,INR,12.98,1 Hour
2026-02-16,sub-psiog-001,MAC-07,rg-mac-07-research-prod,Microsoft.Compute/virtualMachines,Virtual Machines,Compute,team:Research,786.57,INR,42.74,1 Hour
2026-02-16,sub-psiog-001,MAC-07,rg-mac-07-research-prod,Microsoft.Storage/storageAccounts/fileServices,File Storage,Storage,team:Research,475.33,INR,85.86,1 Hour
2026-02-16,sub-psiog-001,MAC-07,rg-mac-07-research-prod,Microsoft.Network/virtualNetworks,Virtual Networks,Networking,,214.39,INR,52.4,1 Hour
2026-02-16,sub-psiog-001,MAC-07,rg-mac-07-research-prod,Microsoft.Sql/servers/databases,SQL Database,Data Services,team:Research,713.76,INR,15.43,1 Hour
2026-02-16,sub-psiog-001,MAC-08,rg-mac-08-finance-prod,Microsoft.Compute/virtualMachines,Virtual Machines,Compute,team:Finance,313.35,INR,3.03,1 Hour
2026-02-16,sub-psiog-001,MAC-08,rg-mac-08-finance-prod,Microsoft.Storage/storageAccounts,Blob Storage,Storage,team:Finance,248.97,INR,87.02,1 Hour
2026-02-16,sub-psiog-001,MAC-08,rg-mac-08-finance-prod,Microsoft.Network/loadBalancers,Load Balancers,Networking,team:Finance,101.48,INR,54.85,1 Hour
2026-02-16,sub-psiog-001,MAC-08,rg-mac-08-finance-prod,Microsoft.DocumentDB/databaseAccounts,Cosmos DB,Data Services,,450.59,INR,90.16,1 Hour
2026-02-16,sub-psiog-001,MAC-08,rg-mac-08-operations-prod,Microsoft.ContainerService/managedClusters,AKS Clusters,Compute,team:Operations,471.68,INR,20.01,1 Hour
2026-02-16,sub-psiog-001,MAC-08,rg-mac-08-operations-prod,Microsoft.Storage/storageAccounts/fileServices,File Storage,Storage,team:Operations,298.61,INR,7.82,1 Hour
2026-02-16,sub-psiog-001,MAC-08,rg-mac-08-operations-prod,Microsoft.Network/loadBalancers,Load Balancers,Networking,team:Operations,141.83,INR,99.56,1 Hour
2026-02-16,sub-psiog-001,MAC-08,rg-mac-08-operations-prod,Microsoft.DocumentDB/databaseAccounts,Cosmos DB,Data Services,team:Operations,363.19,INR,71.4,1 Hour
2026-02-17,sub-psiog-001,MAC-01,rg-mac-01-devops-prod,Microsoft.ContainerService/managedClusters,AKS Clusters,Compute,team:DevOps,1257.04,INR,50.51,1 Hour
2026-02-17,sub-psiog-001,MAC-01,rg-mac-01-devops-prod,Microsoft.Storage/storageAccounts/fileServices,File Storage,Storage,team:DevOps,282.0,INR,89.43,1 Hour
2026-02-17,sub-psiog-001,MAC-01,rg-mac-01-devops-prod,Microsoft.Network/virtualNetworks,Virtual Networks,Networking,team:DevOps,189.57,INR,43.39,1 Hour
2026-02-17,sub-psiog-001,MAC-01,rg-mac-01-devops-prod,Microsoft.Sql/servers/databases,SQL Database,Data Services,team:DevOps,453.82,INR,47.48,1 Hour
2026-02-17,sub-psiog-001,MAC-01,rg-mac-01-platform-prod,Microsoft.ContainerService/managedClusters,AKS Clusters,Compute,team:Platform,1053.99,INR,92.54,1 Hour
2026-02-17,sub-psiog-001,MAC-01,rg-mac-01-platform-prod,Microsoft.Storage/storageAccounts,Blob Storage,Storage,team:Platform,333.28,INR,97.24,1 Hour
2026-02-17,sub-psiog-001,MAC-01,rg-mac-01-platform-prod,Microsoft.Network/loadBalancers,Load Balancers,Networking,team:Platform,259.6,INR,64.28,1 Hour
2026-02-17,sub-psiog-001,MAC-01,rg-mac-01-platform-prod,Microsoft.DocumentDB/databaseAccounts,Cosmos DB,Data Services,team:Platform,445.46,INR,28.85,1 Hour
2026-02-17,sub-psiog-001,MAC-02,rg-mac-02-dataengineering-prod,Microsoft.ContainerService/managedClusters,AKS Clusters,Compute,team:DataEngineering,935.47,INR,39.85,1 Hour
2026-02-17,sub-psiog-001,MAC-02,rg-mac-02-dataengineering-prod,Microsoft.Storage/storageAccounts,Blob Storage,Storage,team:DataEngineering,753.65,INR,19.61,1 Hour
2026-02-17,sub-psiog-001,MAC-02,rg-mac-02-dataengineering-prod,Microsoft.Network/virtualNetworks,Virtual Networks,Networking,team:DataEngineering,201.48,INR,89.88,1 Hour
2026-02-17,sub-psiog-001,MAC-02,rg-mac-02-dataengineering-prod,Microsoft.DocumentDB/databaseAccounts,Cosmos DB,Data Services,,898.59,INR,41.0,1 Hour
2026-02-17,sub-psiog-001,MAC-02,rg-mac-02-analytics-prod,Microsoft.Compute/virtualMachines,Virtual Machines,Compute,team:Analytics,1051.97,INR,7.22,1 Hour
2026-02-17,sub-psiog-001,MAC-02,rg-mac-02-analytics-prod,Microsoft.Storage/storageAccounts,Blob Storage,Storage,team:Analytics,584.29,INR,83.63,1 Hour
2026-02-17,sub-psiog-001,MAC-02,rg-mac-02-analytics-prod,Microsoft.Network/virtualNetworks,Virtual Networks,Networking,team:Analytics,185.87,INR,81.3,1 Hour
2026-02-17,sub-psiog-001,MAC-02,rg-mac-02-analytics-prod,Microsoft.Sql/servers/databases,SQL Database,Data Services,,901.31,INR,50.86,1 Hour
2026-02-17,sub-psiog-001,MAC-03,rg-mac-03-product-prod,Microsoft.ContainerService/managedClusters,AKS Clusters,Compute,team:Product,733.91,INR,91.54,1 Hour
2026-02-17,sub-psiog-001,MAC-03,rg-mac-03-product-prod,Microsoft.Storage/storageAccounts/fileServices,File Storage,Storage,team:Product,187.97,INR,32.83,1 Hour
2026-02-17,sub-psiog-001,MAC-03,rg-mac-03-product-prod,Microsoft.Network/virtualNetworks,Virtual Networks,Networking,team:Product,142.54,INR,93.57,1 Hour
2026-02-17,sub-psiog-001,MAC-03,rg-mac-03-product-prod,Microsoft.Sql/servers/databases,SQL Database,Data Services,,300.62,INR,17.05,1 Hour
2026-02-17,sub-psiog-001,MAC-03,rg-mac-03-frontend-prod,Microsoft.ContainerService/managedClusters,AKS Clusters,Compute,team:Frontend,583.57,INR,31.42,1 Hour
2026-02-17,sub-psiog-001,MAC-03,rg-mac-03-frontend-prod,Microsoft.Storage/storageAccounts/fileServices,File Storage,Storage,team:Frontend,149.36,INR,37.48,1 Hour
2026-02-17,sub-psiog-001,MAC-03,rg-mac-03-frontend-prod,Microsoft.Network/virtualNetworks,Virtual Networks,Networking,team:Frontend,93.76,INR,33.71,1 Hour
2026-02-17,sub-psiog-001,MAC-03,rg-mac-03-frontend-prod,Microsoft.Sql/servers/databases,SQL Database,Data Services,team:Frontend,196.4,INR,46.27,1 Hour
2026-02-17,sub-psiog-001,MAC-04,rg-mac-04-backend-prod,Microsoft.ContainerService/managedClusters,AKS Clusters,Compute,team:Backend,955.21,INR,23.2,1 Hour
2026-02-17,sub-psiog-001,MAC-04,rg-mac-04-backend-prod,Microsoft.Storage/storageAccounts/fileServices,File Storage,Storage,team:Backend,353.68,INR,46.17,1 Hour
2026-02-17,sub-psiog-001,MAC-04,rg-mac-04-backend-prod,Microsoft.Network/loadBalancers,Load Balancers,Networking,team:Backend,206.25,INR,14.43,1 Hour
2026-02-17,sub-psiog-001,MAC-04,rg-mac-04-backend-prod,Microsoft.Sql/servers/databases,SQL Database,Data Services,team:Backend,553.18,INR,93.14,1 Hour
2026-02-17,sub-psiog-001,MAC-04,rg-mac-04-qa-prod,Microsoft.ContainerService/managedClusters,AKS Clusters,Compute,,469.09,INR,14.1,1 Hour
2026-02-17,sub-psiog-001,MAC-04,rg-mac-04-qa-prod,Microsoft.Storage/storageAccounts/fileServices,File Storage,Storage,team:QA,207.93,INR,40.35,1 Hour
2026-02-17,sub-psiog-001,MAC-04,rg-mac-04-qa-prod,Microsoft.Network/virtualNetworks,Virtual Networks,Networking,team:QA,102.12,INR,44.64,1 Hour
2026-02-17,sub-psiog-001,MAC-04,rg-mac-04-qa-prod,Microsoft.Sql/servers/databases,SQL Database,Data Services,team:QA,302.84,INR,18.99,1 Hour
2026-02-17,sub-psiog-001,MAC-05,rg-mac-05-security-prod,Microsoft.ContainerService/managedClusters,AKS Clusters,Compute,team:Security,850.53,INR,29.11,1 Hour
2026-02-17,sub-psiog-001,MAC-05,rg-mac-05-security-prod,Microsoft.Storage/storageAccounts,Blob Storage,Storage,team:Security,257.12,INR,93.89,1 Hour
2026-02-17,sub-psiog-001,MAC-05,rg-mac-05-security-prod,Microsoft.Network/loadBalancers,Load Balancers,Networking,team:Security,335.44,INR,69.05,1 Hour
2026-02-17,sub-psiog-001,MAC-05,rg-mac-05-security-prod,Microsoft.DocumentDB/databaseAccounts,Cosmos DB,Data Services,team:Security,401.4,INR,41.52,1 Hour
2026-02-17,sub-psiog-001,MAC-05,rg-mac-05-compliance-prod,Microsoft.ContainerService/managedClusters,AKS Clusters,Compute,team:Compliance,335.94,INR,52.15,1 Hour
2026-02-17,sub-psiog-001,MAC-05,rg-mac-05-compliance-prod,Microsoft.Storage/storageAccounts,Blob Storage,Storage,team:Compliance,245.93,INR,63.61,1 Hour
2026-02-17,sub-psiog-001,MAC-05,rg-mac-05-compliance-prod,Microsoft.Network/virtualNetworks,Virtual Networks,Networking,team:Compliance,145.13,INR,31.65,1 Hour
2026-02-17,sub-psiog-001,MAC-05,rg-mac-05-compliance-prod,Microsoft.Sql/servers/databases,SQL Database,Data Services,team:Compliance,284.58,INR,57.89,1 Hour
2026-02-17,sub-psiog-001,MAC-06,rg-mac-06-infrastructure-prod,Microsoft.Compute/virtualMachines,Virtual Machines,Compute,team:Infrastructure,1593.2,INR,68.9,1 Hour
2026-02-17,sub-psiog-001,MAC-06,rg-mac-06-infrastructure-prod,Microsoft.Storage/storageAccounts/fileServices,File Storage,Storage,team:Infrastructure,428.62,INR,43.59,1 Hour
2026-02-17,sub-psiog-001,MAC-06,rg-mac-06-infrastructure-prod,Microsoft.Network/loadBalancers,Load Balancers,Networking,team:Infrastructure,419.34,INR,74.41,1 Hour
2026-02-17,sub-psiog-001,MAC-06,rg-mac-06-infrastructure-prod,Microsoft.DocumentDB/databaseAccounts,Cosmos DB,Data Services,team:Infrastructure,423.7,INR,7.77,1 Hour
2026-02-17,sub-psiog-001,MAC-06,rg-mac-06-cloudops-prod,Microsoft.ContainerService/managedClusters,AKS Clusters,Compute,team:CloudOps,1305.19,INR,4.36,1 Hour
2026-02-17,sub-psiog-001,MAC-06,rg-mac-06-cloudops-prod,Microsoft.Storage/storageAccounts,Blob Storage,Storage,team:CloudOps,388.52,INR,51.21,1 Hour
2026-02-17,sub-psiog-001,MAC-06,rg-mac-06-cloudops-prod,Microsoft.Network/loadBalancers,Load Balancers,Networking,team:CloudOps,339.24,INR,15.15,1 Hour
2026-02-17,sub-psiog-001,MAC-06,rg-mac-06-cloudops-prod,Microsoft.DocumentDB/databaseAccounts,Cosmos DB,Data Services,team:CloudOps,470.56,INR,54.65,1 Hour
2026-02-17,sub-psiog-001,MAC-07,rg-mac-07-ml-prod,Microsoft.Compute/virtualMachines,Virtual Machines,Compute,team:ML,1610.51,INR,86.74,1 Hour
2026-02-17,sub-psiog-001,MAC-07,rg-mac-07-ml-prod,Microsoft.Storage/storageAccounts/fileServices,File Storage,Storage,team:ML,517.22,INR,66.05,1 Hour
2026-02-17,sub-psiog-001,MAC-07,rg-mac-07-ml-prod,Microsoft.Network/virtualNetworks,Virtual Networks,Networking,,232.5,INR,25.0,1 Hour
2026-02-17,sub-psiog-001,MAC-07,rg-mac-07-ml-prod,Microsoft.DocumentDB/databaseAccounts,Cosmos DB,Data Services,team:ML,842.71,INR,20.13,1 Hour
2026-02-17,sub-psiog-001,MAC-07,rg-mac-07-research-prod,Microsoft.ContainerService/managedClusters,AKS Clusters,Compute,team:Research,754.27,INR,15.98,1 Hour
2026-02-17,sub-psiog-001,MAC-07,rg-mac-07-research-prod,Microsoft.Storage/storageAccounts,Blob Storage,Storage,team:Research,556.72,INR,37.13,1 Hour
2026-02-17,sub-psiog-001,MAC-07,rg-mac-07-research-prod,Microsoft.Network/loadBalancers,Load Balancers,Networking,team:Research,206.89,INR,10.16,1 Hour
2026-02-17,sub-psiog-001,MAC-07,rg-mac-07-research-prod,Microsoft.Sql/servers/databases,SQL Database,Data Services,team:Research,808.22,INR,27.65,1 Hour
2026-02-17,sub-psiog-001,MAC-08,rg-mac-08-finance-prod,Microsoft.ContainerService/managedClusters,AKS Clusters,Compute,,290.59,INR,10.07,1 Hour
2026-02-17,sub-psiog-001,MAC-08,rg-mac-08-finance-prod,Microsoft.Storage/storageAccounts/fileServices,File Storage,Storage,team:Finance,195.74,INR,18.29,1 Hour
2026-02-17,sub-psiog-001,MAC-08,rg-mac-08-finance-prod,Microsoft.Network/loadBalancers,Load Balancers,Networking,team:Finance,93.64,INR,78.86,1 Hour
2026-02-17,sub-psiog-001,MAC-08,rg-mac-08-finance-prod,Microsoft.Sql/servers/databases,SQL Database,Data Services,team:Finance,445.35,INR,89.25,1 Hour
2026-02-17,sub-psiog-001,MAC-08,rg-mac-08-operations-prod,Microsoft.Compute/virtualMachines,Virtual Machines,Compute,,447.4,INR,74.36,1 Hour
2026-02-17,sub-psiog-001,MAC-08,rg-mac-08-operations-prod,Microsoft.Storage/storageAccounts/fileServices,File Storage,Storage,,306.8,INR,98.91,1 Hour
2026-02-17,sub-psiog-001,MAC-08,rg-mac-08-operations-prod,Microsoft.Network/virtualNetworks,Virtual Networks,Networking,,140.41,INR,82.97,1 Hour
2026-02-17,sub-psiog-001,MAC-08,rg-mac-08-operations-prod,Microsoft.Sql/servers/databases,SQL Database,Data Services,team:Operations,395.24,INR,27.76,1 Hour
2026-02-18,sub-psiog-001,MAC-01,rg-mac-01-devops-prod,Microsoft.Compute/virtualMachines,Virtual Machines,Compute,team:DevOps,1218.93,INR,78.18,1 Hour
2026-02-18,sub-psiog-001,MAC-01,rg-mac-01-devops-prod,Microsoft.Storage/storageAccounts/fileServices,File Storage,Storage,team:DevOps,294.24,INR,39.79,1 Hour
2026-02-18,sub-psiog-001,MAC-01,rg-mac-01-devops-prod,Microsoft.Network/virtualNetworks,Virtual Networks,Networking,team:DevOps,190.93,INR,94.95,1 Hour
2026-02-18,sub-psiog-001,MAC-01,rg-mac-01-devops-prod,Microsoft.Sql/servers/databases,SQL Database,Data Services,team:DevOps,428.49,INR,51.37,1 Hour
2026-02-18,sub-psiog-001,MAC-01,rg-mac-01-platform-prod,Microsoft.ContainerService/managedClusters,AKS Clusters,Compute,team:Platform,1112.44,INR,84.13,1 Hour
2026-02-18,sub-psiog-001,MAC-01,rg-mac-01-platform-prod,Microsoft.Storage/storageAccounts/fileServices,File Storage,Storage,team:Platform,296.77,INR,50.03,1 Hour
2026-02-18,sub-psiog-001,MAC-01,rg-mac-01-platform-prod,Microsoft.Network/loadBalancers,Load Balancers,Networking,team:Platform,272.76,INR,21.19,1 Hour
2026-02-18,sub-psiog-001,MAC-01,rg-mac-01-platform-prod,Microsoft.Sql/servers/databases,SQL Database,Data Services,team:Platform,455.52,INR,40.27,1 Hour
2026-02-18,sub-psiog-001,MAC-02,rg-mac-02-dataengineering-prod,Microsoft.ContainerService/managedClusters,AKS Clusters,Compute,team:DataEngineering,852.22,INR,78.82,1 Hour
2026-02-18,sub-psiog-001,MAC-02,rg-mac-02-dataengineering-prod,Microsoft.Storage/storageAccounts/fileServices,File Storage,Storage,team:DataEngineering,674.73,INR,59.34,1 Hour
2026-02-18,sub-psiog-001,MAC-02,rg-mac-02-dataengineering-prod,Microsoft.Network/virtualNetworks,Virtual Networks,Networking,team:DataEngineering,208.58,INR,64.99,1 Hour
2026-02-18,sub-psiog-001,MAC-02,rg-mac-02-dataengineering-prod,Microsoft.DocumentDB/databaseAccounts,Cosmos DB,Data Services,,906.76,INR,93.51,1 Hour
2026-02-18,sub-psiog-001,MAC-02,rg-mac-02-analytics-prod,Microsoft.Compute/virtualMachines,Virtual Machines,Compute,team:Analytics,809.68,INR,86.85,1 Hour
2026-02-18,sub-psiog-001,MAC-02,rg-mac-02-analytics-prod,Microsoft.Storage/storageAccounts,Blob Storage,Storage,team:Analytics,645.67,INR,24.5,1 Hour
2026-02-18,sub-psiog-001,MAC-02,rg-mac-02-analytics-prod,Microsoft.Network/loadBalancers,Load Balancers,Networking,team:Analytics,192.0,INR,3.39,1 Hour
2026-02-18,sub-psiog-001,MAC-02,rg-mac-02-analytics-prod,Microsoft.Sql/servers/databases,SQL Database,Data Services,team:Analytics,871.1,INR,66.41,1 Hour
2026-02-18,sub-psiog-001,MAC-03,rg-mac-03-product-prod,Microsoft.Compute/virtualMachines,Virtual Machines,Compute,team:Product,683.37,INR,41.15,1 Hour
2026-02-18,sub-psiog-001,MAC-03,rg-mac-03-product-prod,Microsoft.Storage/storageAccounts,Blob Storage,Storage,team:Product,205.25,INR,94.06,1 Hour
2026-02-18,sub-psiog-001,MAC-03,rg-mac-03-product-prod,Microsoft.Network/loadBalancers,Load Balancers,Networking,team:Product,130.88,INR,62.48,1 Hour
2026-02-18,sub-psiog-001,MAC-03,rg-mac-03-product-prod,Microsoft.Sql/servers/databases,SQL Database,Data Services,team:Product,281.78,INR,26.05,1 Hour
2026-02-18,sub-psiog-001,MAC-03,rg-mac-03-frontend-prod,Microsoft.Compute/virtualMachines,Virtual Machines,Compute,team:Frontend,539.11,INR,40.75,1 Hour
2026-02-18,sub-psiog-001,MAC-03,rg-mac-03-frontend-prod,Microsoft.Storage/storageAccounts,Blob Storage,Storage,team:Frontend,154.65,INR,83.4,1 Hour
2026-02-18,sub-psiog-001,MAC-03,rg-mac-03-frontend-prod,Microsoft.Network/loadBalancers,Load Balancers,Networking,team:Frontend,102.17,INR,19.32,1 Hour
2026-02-18,sub-psiog-001,MAC-03,rg-mac-03-frontend-prod,Microsoft.DocumentDB/databaseAccounts,Cosmos DB,Data Services,team:Frontend,251.78,INR,29.55,1 Hour
2026-02-18,sub-psiog-001,MAC-04,rg-mac-04-backend-prod,Microsoft.Compute/virtualMachines,Virtual Machines,Compute,,1080.89,INR,30.76,1 Hour
2026-02-18,sub-psiog-001,MAC-04,rg-mac-04-backend-prod,Microsoft.Storage/storageAccounts,Blob Storage,Storage,team:Backend,377.09,INR,90.15,1 Hour
2026-02-18,sub-psiog-001,MAC-04,rg-mac-04-backend-prod,Microsoft.Network/virtualNetworks,Virtual Networks,Networking,team:Backend,224.62,INR,53.81,1 Hour
2026-02-18,sub-psiog-001,MAC-04,rg-mac-04-backend-prod,Microsoft.DocumentDB/databaseAccounts,Cosmos DB,Data Services,team:Backend,543.37,INR,9.56,1 Hour
2026-02-18,sub-psiog-001,MAC-04,rg-mac-04-qa-prod,Microsoft.ContainerService/managedClusters,AKS Clusters,Compute,team:QA,378.64,INR,83.41,1 Hour
2026-02-18,sub-psiog-001,MAC-04,rg-mac-04-qa-prod,Microsoft.Storage/storageAccounts/fileServices,File Storage,Storage,team:QA,213.49,INR,4.17,1 Hour
2026-02-18,sub-psiog-001,MAC-04,rg-mac-04-qa-prod,Microsoft.Network/virtualNetworks,Virtual Networks,Networking,team:QA,86.13,INR,92.56,1 Hour
2026-02-18,sub-psiog-001,MAC-04,rg-mac-04-qa-prod,Microsoft.DocumentDB/databaseAccounts,Cosmos DB,Data Services,,258.11,INR,14.5,1 Hour
2026-02-18,sub-psiog-001,MAC-05,rg-mac-05-security-prod,Microsoft.ContainerService/managedClusters,AKS Clusters,Compute,team:Security,704.84,INR,87.46,1 Hour
2026-02-18,sub-psiog-001,MAC-05,rg-mac-05-security-prod,Microsoft.Storage/storageAccounts,Blob Storage,Storage,team:Security,248.94,INR,4.69,1 Hour
2026-02-18,sub-psiog-001,MAC-05,rg-mac-05-security-prod,Microsoft.Network/virtualNetworks,Virtual Networks,Networking,team:Security,365.09,INR,5.93,1 Hour
2026-02-18,sub-psiog-001,MAC-05,rg-mac-05-security-prod,Microsoft.Sql/servers/databases,SQL Database,Data Services,team:Security,344.55,INR,20.82,1 Hour
2026-02-18,sub-psiog-001,MAC-05,rg-mac-05-compliance-prod,Microsoft.ContainerService/managedClusters,AKS Clusters,Compute,team:Compliance,415.5,INR,44.95,1 Hour
2026-02-18,sub-psiog-001,MAC-05,rg-mac-05-compliance-prod,Microsoft.Storage/storageAccounts/fileServices,File Storage,Storage,,219.76,INR,6.22,1 Hour
2026-02-18,sub-psiog-001,MAC-05,rg-mac-05-compliance-prod,Microsoft.Network/loadBalancers,Load Balancers,Networking,,140.49,INR,57.94,1 Hour
2026-02-18,sub-psiog-001,MAC-05,rg-mac-05-compliance-prod,Microsoft.DocumentDB/databaseAccounts,Cosmos DB,Data Services,team:Compliance,307.65,INR,26.02,1 Hour
2026-02-18,sub-psiog-001,MAC-06,rg-mac-06-infrastructure-prod,Microsoft.ContainerService/managedClusters,AKS Clusters,Compute,team:Infrastructure,1424.48,INR,71.72,1 Hour
2026-02-18,sub-psiog-001,MAC-06,rg-mac-06-infrastructure-prod,Microsoft.Storage/storageAccounts/fileServices,File Storage,Storage,team:Infrastructure,411.32,INR,23.75,1 Hour
2026-02-18,sub-psiog-001,MAC-06,rg-mac-06-infrastructure-prod,Microsoft.Network/loadBalancers,Load Balancers,Networking,team:Infrastructure,356.21,INR,83.04,1 Hour
2026-02-18,sub-psiog-001,MAC-06,rg-mac-06-infrastructure-prod,Microsoft.Sql/servers/databases,SQL Database,Data Services,,395.07,INR,39.65,1 Hour
2026-02-18,sub-psiog-001,MAC-06,rg-mac-06-cloudops-prod,Microsoft.Compute/virtualMachines,Virtual Machines,Compute,team:CloudOps,1522.99,INR,95.86,1 Hour
2026-02-18,sub-psiog-001,MAC-06,rg-mac-06-cloudops-prod,Microsoft.Storage/storageAccounts/fileServices,File Storage,Storage,team:CloudOps,406.3,INR,71.08,1 Hour
2026-02-18,sub-psiog-001,MAC-06,rg-mac-06-cloudops-prod,Microsoft.Network/loadBalancers,Load Balancers,Networking,team:CloudOps,374.55,INR,81.04,1 Hour
2026-02-18,sub-psiog-001,MAC-06,rg-mac-06-cloudops-prod,Microsoft.Sql/servers/databases,SQL Database,Data Services,team:CloudOps,423.26,INR,90.0,1 Hour
2026-02-18,sub-psiog-001,MAC-07,rg-mac-07-ml-prod,Microsoft.Compute/virtualMachines,Virtual Machines,Compute,team:ML,1805.92,INR,94.91,1 Hour
2026-02-18,sub-psiog-001,MAC-07,rg-mac-07-ml-prod,Microsoft.Storage/storageAccounts,Blob Storage,Storage,team:ML,550.83,INR,73.73,1 Hour
2026-02-18,sub-psiog-001,MAC-07,rg-mac-07-ml-prod,Microsoft.Network/virtualNetworks,Virtual Networks,Networking,team:ML,225.66,INR,27.37,1 Hour
2026-02-18,sub-psiog-001,MAC-07,rg-mac-07-ml-prod,Microsoft.Sql/servers/databases,SQL Database,Data Services,team:ML,800.27,INR,61.17,1 Hour
2026-02-18,sub-psiog-001,MAC-07,rg-mac-07-research-prod,Microsoft.ContainerService/managedClusters,AKS Clusters,Compute,team:Research,940.11,INR,55.01,1 Hour
2026-02-18,sub-psiog-001,MAC-07,rg-mac-07-research-prod,Microsoft.Storage/storageAccounts,Blob Storage,Storage,team:Research,486.78,INR,44.91,1 Hour
2026-02-18,sub-psiog-001,MAC-07,rg-mac-07-research-prod,Microsoft.Network/loadBalancers,Load Balancers,Networking,team:Research,196.52,INR,94.45,1 Hour
2026-02-18,sub-psiog-001,MAC-07,rg-mac-07-research-prod,Microsoft.Sql/servers/databases,SQL Database,Data Services,team:Research,617.31,INR,78.2,1 Hour
2026-02-18,sub-psiog-001,MAC-08,rg-mac-08-finance-prod,Microsoft.Compute/virtualMachines,Virtual Machines,Compute,team:Finance,323.77,INR,7.39,1 Hour
2026-02-18,sub-psiog-001,MAC-08,rg-mac-08-finance-prod,Microsoft.Storage/storageAccounts/fileServices,File Storage,Storage,team:Finance,245.03,INR,54.89,1 Hour
2026-02-18,sub-psiog-001,MAC-08,rg-mac-08-finance-prod,Microsoft.Network/loadBalancers,Load Balancers,Networking,team:Finance,120.57,INR,45.1,1 Hour
2026-02-18,sub-psiog-001,MAC-08,rg-mac-08-finance-prod,Microsoft.Sql/servers/databases,SQL Database,Data Services,team:Finance,518.05,INR,62.75,1 Hour
2026-02-18,sub-psiog-001,MAC-08,rg-mac-08-operations-prod,Microsoft.Compute/virtualMachines,Virtual Machines,Compute,team:Operations,563.24,INR,77.23,1 Hour
2026-02-18,sub-psiog-001,MAC-08,rg-mac-08-operations-prod,Microsoft.Storage/storageAccounts/fileServices,File Storage,Storage,team:Operations,303.67,INR,98.92,1 Hour
2026-02-18,sub-psiog-001,MAC-08,rg-mac-08-operations-prod,Microsoft.Network/loadBalancers,Load Balancers,Networking,team:Operations,146.2,INR,4.1,1 Hour
2026-02-18,sub-psiog-001,MAC-08,rg-mac-08-operations-prod,Microsoft.DocumentDB/databaseAccounts,Cosmos DB,Data Services,team:Operations,464.54,INR,57.7,1 Hour
2026-02-19,sub-psiog-001,MAC-01,rg-mac-01-devops-prod,Microsoft.ContainerService/managedClusters,AKS Clusters,Compute,team:DevOps,1176.95,INR,6.43,1 Hour
2026-02-19,sub-psiog-001,MAC-01,rg-mac-01-devops-prod,Microsoft.Storage/storageAccounts,Blob Storage,Storage,team:DevOps,350.99,INR,82.6,1 Hour
2026-02-19,sub-psiog-001,MAC-01,rg-mac-01-devops-prod,Microsoft.Network/loadBalancers,Load Balancers,Networking,team:DevOps,204.28,INR,10.64,1 Hour
2026-02-19,sub-psiog-001,MAC-01,rg-mac-01-devops-prod,Microsoft.Sql/servers/databases,SQL Database,Data Services,team:DevOps,442.99,INR,61.43,1 Hour
2026-02-19,sub-psiog-001,MAC-01,rg-mac-01-platform-prod,Microsoft.ContainerService/managedClusters,AKS Clusters,Compute,team:Platform,1173.39,INR,7.93,1 Hour
2026-02-19,sub-psiog-001,MAC-01,rg-mac-01-platform-prod,Microsoft.Storage/storageAccounts,Blob Storage,Storage,team:Platform,312.04,INR,7.13,1 Hour
2026-02-19,sub-psiog-001,MAC-01,rg-mac-01-platform-prod,Microsoft.Network/virtualNetworks,Virtual Networks,Networking,team:Platform,300.37,INR,92.34,1 Hour
2026-02-19,sub-psiog-001,MAC-01,rg-mac-01-platform-prod,Microsoft.Sql/servers/databases,SQL Database,Data Services,,357.63,INR,7.76,1 Hour
2026-02-19,sub-psiog-001,MAC-02,rg-mac-02-dataengineering-prod,Microsoft.Compute/virtualMachines,Virtual Machines,Compute,team:DataEngineering,878.29,INR,52.31,1 Hour
2026-02-19,sub-psiog-001,MAC-02,rg-mac-02-dataengineering-prod,Microsoft.Storage/storageAccounts,Blob Storage,Storage,team:DataEngineering,619.35,INR,52.83,1 Hour
2026-02-19,sub-psiog-001,MAC-02,rg-mac-02-dataengineering-prod,Microsoft.Network/virtualNetworks,Virtual Networks,Networking,team:DataEngineering,188.4,INR,97.26,1 Hour
2026-02-19,sub-psiog-001,MAC-02,rg-mac-02-dataengineering-prod,Microsoft.Sql/servers/databases,SQL Database,Data Services,team:DataEngineering,918.67,INR,71.48,1 Hour
2026-02-19,sub-psiog-001,MAC-02,rg-mac-02-analytics-prod,Microsoft.ContainerService/managedClusters,AKS Clusters,Compute,team:Analytics,967.3,INR,42.25,1 Hour
2026-02-19,sub-psiog-001,MAC-02,rg-mac-02-analytics-prod,Microsoft.Storage/storageAccounts/fileServices,File Storage,Storage,team:Analytics,591.55,INR,60.0,1 Hour
2026-02-19,sub-psiog-001,MAC-02,rg-mac-02-analytics-prod,Microsoft.Network/loadBalancers,Load Balancers,Networking,,188.6,INR,5.56,1 Hour
2026-02-19,sub-psiog-001,MAC-02,rg-mac-02-analytics-prod,Microsoft.DocumentDB/databaseAccounts,Cosmos DB,Data Services,team:Analytics,861.96,INR,85.05,1 Hour
2026-02-19,sub-psiog-001,MAC-03,rg-mac-03-product-prod,Microsoft.Compute/virtualMachines,Virtual Machines,Compute,team:Product,724.35,INR,85.02,1 Hour
2026-02-19,sub-psiog-001,MAC-03,rg-mac-03-product-prod,Microsoft.Storage/storageAccounts/fileServices,File Storage,Storage,team:Product,208.46,INR,45.83,1 Hour
2026-02-19,sub-psiog-001,MAC-03,rg-mac-03-product-prod,Microsoft.Network/loadBalancers,Load Balancers,Networking,team:Product,137.67,INR,50.22,1 Hour
2026-02-19,sub-psiog-001,MAC-03,rg-mac-03-product-prod,Microsoft.Sql/servers/databases,SQL Database,Data Services,team:Product,327.13,INR,24.81,1 Hour
2026-02-19,sub-psiog-001,MAC-03,rg-mac-03-frontend-prod,Microsoft.Compute/virtualMachines,Virtual Machines,Compute,team:Frontend,628.43,INR,72.25,1 Hour
2026-02-19,sub-psiog-001,MAC-03,rg-mac-03-frontend-prod,Microsoft.Storage/storageAccounts,Blob Storage,Storage,team:Frontend,180.18,INR,6.73,1 Hour
2026-02-19,sub-psiog-001,MAC-03,rg-mac-03-frontend-prod,Microsoft.Network/loadBalancers,Load Balancers,Networking,team:Frontend,108.51,INR,13.52,1 Hour
2026-02-19,sub-psiog-001,MAC-03,rg-mac-03-frontend-prod,Microsoft.DocumentDB/databaseAccounts,Cosmos DB,Data Services,team:Frontend,195.62,INR,5.62,1 Hour
2026-02-19,sub-psiog-001,MAC-04,rg-mac-04-backend-prod,Microsoft.Compute/virtualMachines,Virtual Machines,Compute,team:Backend,960.47,INR,32.62,1 Hour
2026-02-19,sub-psiog-001,MAC-04,rg-mac-04-backend-prod,Microsoft.Storage/storageAccounts,Blob Storage,Storage,team:Backend,337.46,INR,72.62,1 Hour
2026-02-19,sub-psiog-001,MAC-04,rg-mac-04-backend-prod,Microsoft.Network/loadBalancers,Load Balancers,Networking,team:Backend,258.91,INR,90.8,1 Hour
2026-02-19,sub-psiog-001,MAC-04,rg-mac-04-backend-prod,Microsoft.DocumentDB/databaseAccounts,Cosmos DB,Data Services,team:Backend,533.05,INR,86.67,1 Hour
2026-02-19,sub-psiog-001,MAC-04,rg-mac-04-qa-prod,Microsoft.ContainerService/managedClusters,AKS Clusters,Compute,team:QA,378.42,INR,27.05,1 Hour
2026-02-19,sub-psiog-001,MAC-04,rg-mac-04-qa-prod,Microsoft.Storage/storageAccounts/fileServices,File Storage,Storage,,171.91,INR,94.36,1 Hour
2026-02-19,sub-psiog-001,MAC-04,rg-mac-04-qa-prod,Microsoft.Network/loadBalancers,Load Balancers,Networking,team:QA,110.29,INR,40.73,1 Hour
2026-02-19,sub-psiog-001,MAC-04,rg-mac-04-qa-prod,Microsoft.Sql/servers/databases,SQL Database,Data Services,team:QA,247.16,INR,49.67,1 Hour
2026-02-19,sub-psiog-001,MAC-05,rg-mac-05-security-prod,Microsoft.ContainerService/managedClusters,AKS Clusters,Compute,team:Security,764.4,INR,58.81,1 Hour
2026-02-19,sub-psiog-001,MAC-05,rg-mac-05-security-prod,Microsoft.Storage/storageAccounts/fileServices,File Storage,Storage,team:Security,243.52,INR,74.11,1 Hour
2026-02-19,sub-psiog-001,MAC-05,rg-mac-05-security-prod,Microsoft.Network/loadBalancers,Load Balancers,Networking,team:Security,355.43,INR,3.0,1 Hour
2026-02-19,sub-psiog-001,MAC-05,rg-mac-05-security-prod,Microsoft.DocumentDB/databaseAccounts,Cosmos DB,Data Services,team:Security,351.02,INR,17.96,1 Hour
2026-02-19,sub-psiog-001,MAC-05,rg-mac-05-compliance-prod,Microsoft.ContainerService/managedClusters,AKS Clusters,Compute,team:Compliance,342.0,INR,83.24,1 Hour
2026-02-19,sub-psiog-001,MAC-05,rg-mac-05-compliance-prod,Microsoft.Storage/storageAccounts/fileServices,File Storage,Storage,team:Compliance,266.22,INR,33.83,1 Hour
2026-02-19,sub-psiog-001,MAC-05,rg-mac-05-compliance-prod,Microsoft.Network/loadBalancers,Load Balancers,Networking,team:Compliance,178.09,INR,67.8,1 Hour
2026-02-19,sub-psiog-001,MAC-05,rg-mac-05-compliance-prod,Microsoft.Sql/servers/databases,SQL Database,Data Services,,289.51,INR,68.68,1 Hour
2026-02-19,sub-psiog-001,MAC-06,rg-mac-06-infrastructure-prod,Microsoft.ContainerService/managedClusters,AKS Clusters,Compute,team:Infrastructure,1713.53,INR,34.98,1 Hour
2026-02-19,sub-psiog-001,MAC-06,rg-mac-06-infrastructure-prod,Microsoft.Storage/storageAccounts,Blob Storage,Storage,team:Infrastructure,426.32,INR,53.23,1 Hour
2026-02-19,sub-psiog-001,MAC-06,rg-mac-06-infrastructure-prod,Microsoft.Network/virtualNetworks,Virtual Networks,Networking,team:Infrastructure,403.2,INR,57.29,1 Hour
2026-02-19,sub-psiog-001,MAC-06,rg-mac-06-infrastructure-prod,Microsoft.Sql/servers/databases,SQL Database,Data Services,team:Infrastructure,473.98,INR,62.19,1 Hour
2026-02-19,sub-psiog-001,MAC-06,rg-mac-06-cloudops-prod,Microsoft.ContainerService/managedClusters,AKS Clusters,Compute,team:CloudOps,1259.77,INR,73.83,1 Hour
2026-02-19,sub-psiog-001,MAC-06,rg-mac-06-cloudops-prod,Microsoft.Storage/storageAccounts/fileServices,File Storage,Storage,team:CloudOps,477.34,INR,92.08,1 Hour
2026-02-19,sub-psiog-001,MAC-06,rg-mac-06-cloudops-prod,Microsoft.Network/virtualNetworks,Virtual Networks,Networking,team:CloudOps,375.77,INR,58.43,1 Hour
2026-02-19,sub-psiog-001,MAC-06,rg-mac-06-cloudops-prod,Microsoft.Sql/servers/databases,SQL Database,Data Services,team:CloudOps,427.75,INR,20.08,1 Hour
2026-02-19,sub-psiog-001,MAC-07,rg-mac-07-ml-prod,Microsoft.Compute/virtualMachines,Virtual Machines,Compute,team:ML,1718.12,INR,59.27,1 Hour
2026-02-19,sub-psiog-001,MAC-07,rg-mac-07-ml-prod,Microsoft.Storage/storageAccounts,Blob Storage,Storage,team:ML,510.13,INR,6.25,1 Hour
2026-02-19,sub-psiog-001,MAC-07,rg-mac-07-ml-prod,Microsoft.Network/loadBalancers,Load Balancers,Networking,team:ML,219.17,INR,25.95,1 Hour
2026-02-19,sub-psiog-001,MAC-07,rg-mac-07-ml-prod,Microsoft.DocumentDB/databaseAccounts,Cosmos DB,Data Services,team:ML,684.64,INR,71.86,1 Hour
2026-02-19,sub-psiog-001,MAC-07,rg-mac-07-research-prod,Microsoft.Compute/virtualMachines,Virtual Machines,Compute,team:Research,1004.44,INR,46.42,1 Hour
2026-02-19,sub-psiog-001,MAC-07,rg-mac-07-research-prod,Microsoft.Storage/storageAccounts,Blob Storage,Storage,team:Research,514.19,INR,1.29,1 Hour
2026-02-19,sub-psiog-001,MAC-07,rg-mac-07-research-prod,Microsoft.Network/loadBalancers,Load Balancers,Networking,team:Research,176.83,INR,75.29,1 Hour
2026-02-19,sub-psiog-001,MAC-07,rg-mac-07-research-prod,Microsoft.DocumentDB/databaseAccounts,Cosmos DB,Data Services,team:Research,654.92,INR,90.03,1 Hour
2026-02-19,sub-psiog-001,MAC-08,rg-mac-08-finance-prod,Microsoft.ContainerService/managedClusters,AKS Clusters,Compute,team:Finance,319.16,INR,20.53,1 Hour
2026-02-19,sub-psiog-001,MAC-08,rg-mac-08-finance-prod,Microsoft.Storage/storageAccounts,Blob Storage,Storage,team:Finance,229.24,INR,70.72,1 Hour
2026-02-19,sub-psiog-001,MAC-08,rg-mac-08-finance-prod,Microsoft.Network/loadBalancers,Load Balancers,Networking,,104.36,INR,39.18,1 Hour
2026-02-19,sub-psiog-001,MAC-08,rg-mac-08-finance-prod,Microsoft.Sql/servers/databases,SQL Database,Data Services,team:Finance,500.57,INR,33.4,1 Hour
2026-02-19,sub-psiog-001,MAC-08,rg-mac-08-operations-prod,Microsoft.Compute/virtualMachines,Virtual Machines,Compute,team:Operations,445.65,INR,46.5,1 Hour
2026-02-19,sub-psiog-001,MAC-08,rg-mac-08-operations-prod,Microsoft.Storage/storageAccounts,Blob Storage,Storage,,357.55,INR,2.69,1 Hour
2026-02-19,sub-psiog-001,MAC-08,rg-mac-08-operations-prod,Microsoft.Network/loadBalancers,Load Balancers,Networking,team:Operations,150.34,INR,70.58,1 Hour
2026-02-19,sub-psiog-001,MAC-08,rg-mac-08-operations-prod,Microsoft.DocumentDB/databaseAccounts,Cosmos DB,Data Services,team:Operations,388.89,INR,41.87,1 Hour
2026-02-20,sub-psiog-001,MAC-01,rg-mac-01-devops-prod,Microsoft.Compute/virtualMachines,Virtual Machines,Compute,team:DevOps,1128.09,INR,38.07,1 Hour
2026-02-20,sub-psiog-001,MAC-01,rg-mac-01-devops-prod,Microsoft.Storage/storageAccounts,Blob Storage,Storage,,354.95,INR,39.47,1 Hour
2026-02-20,sub-psiog-001,MAC-01,rg-mac-01-devops-prod,Microsoft.Network/loadBalancers,Load Balancers,Networking,team:DevOps,207.53,INR,73.68,1 Hour
2026-02-20,sub-psiog-001,MAC-01,rg-mac-01-devops-prod,Microsoft.DocumentDB/databaseAccounts,Cosmos DB,Data Services,team:DevOps,380.84,INR,16.68,1 Hour
2026-02-20,sub-psiog-001,MAC-01,rg-mac-01-platform-prod,Microsoft.Compute/virtualMachines,Virtual Machines,Compute,team:Platform,1057.37,INR,25.88,1 Hour
2026-02-20,sub-psiog-001,MAC-01,rg-mac-01-platform-prod,Microsoft.Storage/storageAccounts/fileServices,File Storage,Storage,,280.22,INR,34.06,1 Hour
2026-02-20,sub-psiog-001,MAC-01,rg-mac-01-platform-prod,Microsoft.Network/virtualNetworks,Virtual Networks,Networking,team:Platform,296.35,INR,54.38,1 Hour
2026-02-20,sub-psiog-001,MAC-01,rg-mac-01-platform-prod,Microsoft.Sql/servers/databases,SQL Database,Data Services,team:Platform,453.15,INR,23.81,1 Hour
2026-02-20,sub-psiog-001,MAC-02,rg-mac-02-dataengineering-prod,Microsoft.ContainerService/managedClusters,AKS Clusters,Compute,team:DataEngineering,1080.7,INR,52.57,1 Hour
2026-02-20,sub-psiog-001,MAC-02,rg-mac-02-dataengineering-prod,Microsoft.Storage/storageAccounts/fileServices,File Storage,Storage,team:DataEngineering,577.06,INR,78.51,1 Hour
2026-02-20,sub-psiog-001,MAC-02,rg-mac-02-dataengineering-prod,Microsoft.Network/virtualNetworks,Virtual Networks,Networking,,217.7,INR,6.84,1 Hour
2026-02-20,sub-psiog-001,MAC-02,rg-mac-02-dataengineering-prod,Microsoft.Sql/servers/databases,SQL Database,Data Services,team:DataEngineering,1116.18,INR,87.02,1 Hour
2026-02-20,sub-psiog-001,MAC-02,rg-mac-02-analytics-prod,Microsoft.ContainerService/managedClusters,AKS Clusters,Compute,team:Analytics,1014.18,INR,27.77,1 Hour
2026-02-20,sub-psiog-001,MAC-02,rg-mac-02-analytics-prod,Microsoft.Storage/storageAccounts,Blob Storage,Storage,,538.16,INR,2.99,1 Hour
2026-02-20,sub-psiog-001,MAC-02,rg-mac-02-analytics-prod,Microsoft.Network/loadBalancers,Load Balancers,Networking,team:Analytics,198.18,INR,18.79,1 Hour
2026-02-20,sub-psiog-001,MAC-02,rg-mac-02-analytics-prod,Microsoft.Sql/servers/databases,SQL Database,Data Services,,1062.54,INR,17.74,1 Hour
2026-02-20,sub-psiog-001,MAC-03,rg-mac-03-product-prod,Microsoft.Compute/virtualMachines,Virtual Machines,Compute,team:Product,635.62,INR,13.63,1 Hour
2026-02-20,sub-psiog-001,MAC-03,rg-mac-03-product-prod,Microsoft.Storage/storageAccounts/fileServices,File Storage,Storage,team:Product,235.34,INR,50.89,1 Hour
2026-02-20,sub-psiog-001,MAC-03,rg-mac-03-product-prod,Microsoft.Network/virtualNetworks,Virtual Networks,Networking,team:Product,122.96,INR,16.25,1 Hour
2026-02-20,sub-psiog-001,MAC-03,rg-mac-03-product-prod,Microsoft.Sql/servers/databases,SQL Database,Data Services,team:Product,322.01,INR,86.03,1 Hour
2026-02-20,sub-psiog-001,MAC-03,rg-mac-03-frontend-prod,Microsoft.ContainerService/managedClusters,AKS Clusters,Compute,team:Frontend,493.48,INR,80.0,1 Hour
2026-02-20,sub-psiog-001,MAC-03,rg-mac-03-frontend-prod,Microsoft.Storage/storageAccounts,Blob Storage,Storage,team:Frontend,184.34,INR,1.01,1 Hour
2026-02-20,sub-psiog-001,MAC-03,rg-mac-03-frontend-prod,Microsoft.Network/loadBalancers,Load Balancers,Networking,team:Frontend,103.34,INR,33.18,1 Hour
2026-02-20,sub-psiog-001,MAC-03,rg-mac-03-frontend-prod,Microsoft.DocumentDB/databaseAccounts,Cosmos DB,Data Services,team:Frontend,246.75,INR,57.44,1 Hour
2026-02-20,sub-psiog-001,MAC-04,rg-mac-04-backend-prod,Microsoft.Compute/virtualMachines,Virtual Machines,Compute,team:Backend,1039.63,INR,49.47,1 Hour
2026-02-20,sub-psiog-001,MAC-04,rg-mac-04-backend-prod,Microsoft.Storage/storageAccounts/fileServices,File Storage,Storage,team:Backend,408.29,INR,15.33,1 Hour
2026-02-20,sub-psiog-001,MAC-04,rg-mac-04-backend-prod,Microsoft.Network/loadBalancers,Load Balancers,Networking,team:Backend,270.61,INR,92.55,1 Hour
2026-02-20,sub-psiog-001,MAC-04,rg-mac-04-backend-prod,Microsoft.Sql/servers/databases,SQL Database,Data Services,team:Backend,515.48,INR,76.65,1 Hour
2026-02-20,sub-psiog-001,MAC-04,rg-mac-04-qa-prod,Microsoft.Compute/virtualMachines,Virtual Machines,Compute,team:QA,500.56,INR,81.02,1 Hour
2026-02-20,sub-psiog-001,MAC-04,rg-mac-04-qa-prod,Microsoft.Storage/storageAccounts,Blob Storage,Storage,team:QA,168.65,INR,76.48,1 Hour
2026-02-20,sub-psiog-001,MAC-04,rg-mac-04-qa-prod,Microsoft.Network/virtualNetworks,Virtual Networks,Networking,team:QA,112.79,INR,91.86,1 Hour
2026-02-20,sub-psiog-001,MAC-04,rg-mac-04-qa-prod,Microsoft.DocumentDB/databaseAccounts,Cosmos DB,Data Services,team:QA,287.44,INR,90.38,1 Hour
2026-02-20,sub-psiog-001,MAC-05,rg-mac-05-security-prod,Microsoft.ContainerService/managedClusters,AKS Clusters,Compute,team:Security,730.5,INR,52.63,1 Hour
2026-02-20,sub-psiog-001,MAC-05,rg-mac-05-security-prod,Microsoft.Storage/storageAccounts,Blob Storage,Storage,team:Security,236.65,INR,70.34,1 Hour
2026-02-20,sub-psiog-001,MAC-05,rg-mac-05-security-prod,Microsoft.Network/loadBalancers,Load Balancers,Networking,team:Security,347.04,INR,25.85,1 Hour
2026-02-20,sub-psiog-001,MAC-05,rg-mac-05-security-prod,Microsoft.Sql/servers/databases,SQL Database,Data Services,team:Security,414.67,INR,91.93,1 Hour
2026-02-20,sub-psiog-001,MAC-05,rg-mac-05-compliance-prod,Microsoft.ContainerService/managedClusters,AKS Clusters,Compute,team:Compliance,357.72,INR,33.58,1 Hour
2026-02-20,sub-psiog-001,MAC-05,rg-mac-05-compliance-prod,Microsoft.Storage/storageAccounts/fileServices,File Storage,Storage,team:Compliance,246.99,INR,39.7,1 Hour
2026-02-20,sub-psiog-001,MAC-05,rg-mac-05-compliance-prod,Microsoft.Network/loadBalancers,Load Balancers,Networking,team:Compliance,153.82,INR,4.17,1 Hour
2026-02-20,sub-psiog-001,MAC-05,rg-mac-05-compliance-prod,Microsoft.Sql/servers/databases,SQL Database,Data Services,team:Compliance,367.08,INR,48.5,1 Hour
2026-02-20,sub-psiog-001,MAC-06,rg-mac-06-infrastructure-prod,Microsoft.Compute/virtualMachines,Virtual Machines,Compute,team:Infrastructure,1476.79,INR,65.8,1 Hour
2026-02-20,sub-psiog-001,MAC-06,rg-mac-06-infrastructure-prod,Microsoft.Storage/storageAccounts/fileServices,File Storage,Storage,team:Infrastructure,444.62,INR,77.85,1 Hour
2026-02-20,sub-psiog-001,MAC-06,rg-mac-06-infrastructure-prod,Microsoft.Network/loadBalancers,Load Balancers,Networking,,390.74,INR,58.24,1 Hour
2026-02-20,sub-psiog-001,MAC-06,rg-mac-06-infrastructure-prod,Microsoft.DocumentDB/databaseAccounts,Cosmos DB,Data Services,team:Infrastructure,431.68,INR,88.41,1 Hour
2026-02-20,sub-psiog-001,MAC-06,rg-mac-06-cloudops-prod,Microsoft.ContainerService/managedClusters,AKS Clusters,Compute,team:CloudOps,1312.74,INR,3.1,1 Hour
2026-02-20,sub-psiog-001,MAC-06,rg-mac-06-cloudops-prod,Microsoft.Storage/storageAccounts/fileServices,File Storage,Storage,team:CloudOps,374.93,INR,5.33,1 Hour
2026-02-20,sub-psiog-001,MAC-06,rg-mac-06-cloudops-prod,Microsoft.Network/loadBalancers,Load Balancers,Networking,team:CloudOps,374.4,INR,51.12,1 Hour
2026-02-20,sub-psiog-001,MAC-06,rg-mac-06-cloudops-prod,Microsoft.DocumentDB/databaseAccounts,Cosmos DB,Data Services,team:CloudOps,455.59,INR,41.11,1 Hour
2026-02-20,sub-psiog-001,MAC-07,rg-mac-07-ml-prod,Microsoft.ContainerService/managedClusters,AKS Clusters,Compute,,1734.11,INR,9.65,1 Hour
2026-02-20,sub-psiog-001,MAC-07,rg-mac-07-ml-prod,Microsoft.Storage/storageAccounts,Blob Storage,Storage,team:ML,545.03,INR,82.5,1 Hour
2026-02-20,sub-psiog-001,MAC-07,rg-mac-07-ml-prod,Microsoft.Network/virtualNetworks,Virtual Networks,Networking,team:ML,188.17,INR,78.53,1 Hour
2026-02-20,sub-psiog-001,MAC-07,rg-mac-07-ml-prod,Microsoft.Sql/servers/databases,SQL Database,Data Services,,700.65,INR,57.6,1 Hour
2026-02-20,sub-psiog-001,MAC-07,rg-mac-07-research-prod,Microsoft.ContainerService/managedClusters,AKS Clusters,Compute,team:Research,999.42,INR,29.95,1 Hour
2026-02-20,sub-psiog-001,MAC-07,rg-mac-07-research-prod,Microsoft.Storage/storageAccounts/fileServices,File Storage,Storage,team:Research,425.75,INR,10.88,1 Hour
2026-02-20,sub-psiog-001,MAC-07,rg-mac-07-research-prod,Microsoft.Network/loadBalancers,Load Balancers,Networking,team:Research,200.9,INR,75.17,1 Hour
2026-02-20,sub-psiog-001,MAC-07,rg-mac-07-research-prod,Microsoft.Sql/servers/databases,SQL Database,Data Services,team:Research,619.57,INR,45.32,1 Hour
2026-02-20,sub-psiog-001,MAC-08,rg-mac-08-finance-prod,Microsoft.Compute/virtualMachines,Virtual Machines,Compute,team:Finance,374.43,INR,90.01,1 Hour
2026-02-20,sub-psiog-001,MAC-08,rg-mac-08-finance-prod,Microsoft.Storage/storageAccounts,Blob Storage,Storage,team:Finance,234.77,INR,62.75,1 Hour
2026-02-20,sub-psiog-001,MAC-08,rg-mac-08-finance-prod,Microsoft.Network/virtualNetworks,Virtual Networks,Networking,team:Finance,126.42,INR,64.46,1 Hour
2026-02-20,sub-psiog-001,MAC-08,rg-mac-08-finance-prod,Microsoft.DocumentDB/databaseAccounts,Cosmos DB,Data Services,,543.09,INR,97.53,1 Hour
2026-02-20,sub-psiog-001,MAC-08,rg-mac-08-operations-prod,Microsoft.ContainerService/managedClusters,AKS Clusters,Compute,team:Operations,433.25,INR,14.53,1 Hour
2026-02-20,sub-psiog-001,MAC-08,rg-mac-08-operations-prod,Microsoft.Storage/storageAccounts/fileServices,File Storage,Storage,,294.64,INR,18.11,1 Hour
2026-02-20,sub-psiog-001,MAC-08,rg-mac-08-operations-prod,Microsoft.Network/loadBalancers,Load Balancers,Networking,team:Operations,158.79,INR,38.09,1 Hour
2026-02-20,sub-psiog-001,MAC-08,rg-mac-08-operations-prod,Microsoft.Sql/servers/databases,SQL Database,Data Services,team:Operations,358.54,INR,77.7,1 Hour
2026-02-21,sub-psiog-001,MAC-01,rg-mac-01-devops-prod,Microsoft.Compute/virtualMachines,Virtual Machines,Compute,,1173.91,INR,61.43,1 Hour
2026-02-21,sub-psiog-001,MAC-01,rg-mac-01-devops-prod,Microsoft.Storage/storageAccounts/fileServices,File Storage,Storage,team:DevOps,312.36,INR,45.3,1 Hour
2026-02-21,sub-psiog-001,MAC-01,rg-mac-01-devops-prod,Microsoft.Network/loadBalancers,Load Balancers,Networking,,232.73,INR,84.78,1 Hour
2026-02-21,sub-psiog-001,MAC-01,rg-mac-01-devops-prod,Microsoft.DocumentDB/databaseAccounts,Cosmos DB,Data Services,,419.62,INR,82.64,1 Hour
2026-02-21,sub-psiog-001,MAC-01,rg-mac-01-platform-prod,Microsoft.ContainerService/managedClusters,AKS Clusters,Compute,team:Platform,1205.42,INR,74.31,1 Hour
2026-02-21,sub-psiog-001,MAC-01,rg-mac-01-platform-prod,Microsoft.Storage/storageAccounts,Blob Storage,Storage,team:Platform,295.05,INR,12.48,1 Hour
2026-02-21,sub-psiog-001,MAC-01,rg-mac-01-platform-prod,Microsoft.Network/virtualNetworks,Virtual Networks,Networking,team:Platform,281.22,INR,46.56,1 Hour
2026-02-21,sub-psiog-001,MAC-01,rg-mac-01-platform-prod,Microsoft.Sql/servers/databases,SQL Database,Data Services,team:Platform,410.05,INR,35.52,1 Hour
2026-02-21,sub-psiog-001,MAC-02,rg-mac-02-dataengineering-prod,Microsoft.Compute/virtualMachines,Virtual Machines,Compute,,969.02,INR,34.63,1 Hour
2026-02-21,sub-psiog-001,MAC-02,rg-mac-02-dataengineering-prod,Microsoft.Storage/storageAccounts,Blob Storage,Storage,,710.6,INR,43.14,1 Hour
2026-02-21,sub-psiog-001,MAC-02,rg-mac-02-dataengineering-prod,Microsoft.Network/virtualNetworks,Virtual Networks,Networking,,202.81,INR,7.21,1 Hour
2026-02-21,sub-psiog-001,MAC-02,rg-mac-02-dataengineering-prod,Microsoft.DocumentDB/databaseAccounts,Cosmos DB,Data Services,team:DataEngineering,868.98,INR,12.34,1 Hour
2026-02-21,sub-psiog-001,MAC-02,rg-mac-02-analytics-prod,Microsoft.ContainerService/managedClusters,AKS Clusters,Compute,team:Analytics,897.94,INR,49.9,1 Hour
2026-02-21,sub-psiog-001,MAC-02,rg-mac-02-analytics-prod,Microsoft.Storage/storageAccounts/fileServices,File Storage,Storage,team:Analytics,563.23,INR,31.78,1 Hour
2026-02-21,sub-psiog-001,MAC-02,rg-mac-02-analytics-prod,Microsoft.Network/virtualNetworks,Virtual Networks,Networking,team:Analytics,164.46,INR,27.76,1 Hour
2026-02-21,sub-psiog-001,MAC-02,rg-mac-02-analytics-prod,Microsoft.Sql/servers/databases,SQL Database,Data Services,team:Analytics,1008.94,INR,78.54,1 Hour
2026-02-21,sub-psiog-001,MAC-03,rg-mac-03-product-prod,Microsoft.ContainerService/managedClusters,AKS Clusters,Compute,team:Product,756.5,INR,69.49,1 Hour
2026-02-21,sub-psiog-001,MAC-03,rg-mac-03-product-prod,Microsoft.Storage/storageAccounts/fileServices,File Storage,Storage,team:Product,230.38,INR,72.55,1 Hour
2026-02-21,sub-psiog-001,MAC-03,rg-mac-03-product-prod,Microsoft.Network/virtualNetworks,Virtual Networks,Networking,team:Product,122.48,INR,54.33,1 Hour
2026-02-21,sub-psiog-001,MAC-03,rg-mac-03-product-prod,Microsoft.Sql/servers/databases,SQL Database,Data Services,team:Product,298.32,INR,27.76,1 Hour
2026-02-21,sub-psiog-001,MAC-03,rg-mac-03-frontend-prod,Microsoft.Compute/virtualMachines,Virtual Machines,Compute,team:Frontend,564.94,INR,6.74,1 Hour
2026-02-21,sub-psiog-001,MAC-03,rg-mac-03-frontend-prod,Microsoft.Storage/storageAccounts,Blob Storage,Storage,team:Frontend,171.21,INR,14.54,1 Hour
2026-02-21,sub-psiog-001,MAC-03,rg-mac-03-frontend-prod,Microsoft.Network/loadBalancers,Load Balancers,Networking,team:Frontend,121.33,INR,44.79,1 Hour
2026-02-21,sub-psiog-001,MAC-03,rg-mac-03-frontend-prod,Microsoft.DocumentDB/databaseAccounts,Cosmos DB,Data Services,team:Frontend,200.28,INR,44.55,1 Hour
2026-02-21,sub-psiog-001,MAC-04,rg-mac-04-backend-prod,Microsoft.Compute/virtualMachines,Virtual Machines,Compute,team:Backend,999.44,INR,93.02,1 Hour
2026-02-21,sub-psiog-001,MAC-04,rg-mac-04-backend-prod,Microsoft.Storage/storageAccounts,Blob Storage,Storage,team:Backend,415.86,INR,40.13,1 Hour
2026-02-21,sub-psiog-001,MAC-04,rg-mac-04-backend-prod,Microsoft.Network/loadBalancers,Load Balancers,Networking,team:Backend,261.72,INR,25.04,1 Hour
2026-02-21,sub-psiog-001,MAC-04,rg-mac-04-backend-prod,Microsoft.DocumentDB/databaseAccounts,Cosmos DB,Data Services,team:Backend,524.38,INR,78.73,1 Hour
2026-02-21,sub-psiog-001,MAC-04,rg-mac-04-qa-prod,Microsoft.ContainerService/managedClusters,AKS Clusters,Compute,team:QA,472.01,INR,65.55,1 Hour
2026-02-21,sub-psiog-001,MAC-04,rg-mac-04-qa-prod,Microsoft.Storage/storageAccounts/fileServices,File Storage,Storage,team:QA,174.18,INR,32.52,1 Hour
2026-02-21,sub-psiog-001,MAC-04,rg-mac-04-qa-prod,Microsoft.Network/virtualNetworks,Virtual Networks,Networking,team:QA,105.7,INR,15.71,1 Hour
2026-02-21,sub-psiog-001,MAC-04,rg-mac-04-qa-prod,Microsoft.Sql/servers/databases,SQL Database,Data Services,team:QA,272.87,INR,5.93,1 Hour
2026-02-21,sub-psiog-001,MAC-05,rg-mac-05-security-prod,Microsoft.Compute/virtualMachines,Virtual Machines,Compute,team:Security,807.95,INR,7.37,1 Hour
2026-02-21,sub-psiog-001,MAC-05,rg-mac-05-security-prod,Microsoft.Storage/storageAccounts/fileServices,File Storage,Storage,team:Security,276.27,INR,20.12,1 Hour
2026-02-21,sub-psiog-001,MAC-05,rg-mac-05-security-prod,Microsoft.Network/virtualNetworks,Virtual Networks,Networking,team:Security,302.25,INR,61.02,1 Hour
2026-02-21,sub-psiog-001,MAC-05,rg-mac-05-security-prod,Microsoft.Sql/servers/databases,SQL Database,Data Services,,438.03,INR,50.24,1 Hour
2026-02-21,sub-psiog-001,MAC-05,rg-mac-05-compliance-prod,Microsoft.Compute/virtualMachines,Virtual Machines,Compute,team:Compliance,332.34,INR,91.93,1 Hour
2026-02-21,sub-psiog-001,MAC-05,rg-mac-05-compliance-prod,Microsoft.Storage/storageAccounts,Blob Storage,Storage,team:Compliance,219.54,INR,20.73,1 Hour
2026-02-21,sub-psiog-001,MAC-05,rg-mac-05-compliance-prod,Microsoft.Network/virtualNetworks,Virtual Networks,Networking,team:Compliance,164.82,INR,12.32,1 Hour
2026-02-21,sub-psiog-001,MAC-05,rg-mac-05-compliance-prod,Microsoft.Sql/servers/databases,SQL Database,Data Services,team:Compliance,301.22,INR,8.94,1 Hour
2026-02-21,sub-psiog-001,MAC-06,rg-mac-06-infrastructure-prod,Microsoft.ContainerService/managedClusters,AKS Clusters,Compute,,1600.4,INR,69.08,1 Hour
2026-02-21,sub-psiog-001,MAC-06,rg-mac-06-infrastructure-prod,Microsoft.Storage/storageAccounts/fileServices,File Storage,Storage,team:Infrastructure,493.91,INR,10.36,1 Hour
2026-02-21,sub-psiog-001,MAC-06,rg-mac-06-infrastructure-prod,Microsoft.Network/virtualNetworks,Virtual Networks,Networking,team:Infrastructure,377.04,INR,51.98,1 Hour
2026-02-21,sub-psiog-001,MAC-06,rg-mac-06-infrastructure-prod,Microsoft.DocumentDB/databaseAccounts,Cosmos DB,Data Services,,417.82,INR,50.47,1 Hour
2026-02-21,sub-psiog-001,MAC-06,rg-mac-06-cloudops-prod,Microsoft.ContainerService/managedClusters,AKS Clusters,Compute,team:CloudOps,1465.13,INR,39.93,1 Hour
2026-02-21,sub-psiog-001,MAC-06,rg-mac-06-cloudops-prod,Microsoft.Storage/storageAccounts,Blob Storage,Storage,team:CloudOps,377.55,INR,5.54,1 Hour
2026-02-21,sub-psiog-001,MAC-06,rg-mac-06-cloudops-prod,Microsoft.Network/loadBalancers,Load Balancers,Networking,team:CloudOps,320.66,INR,91.13,1 Hour
2026-02-21,sub-psiog-001,MAC-06,rg-mac-06-cloudops-prod,Microsoft.DocumentDB/databaseAccounts,Cosmos DB,Data Services,team:CloudOps,411.5,INR,11.18,1 Hour
2026-02-21,sub-psiog-001,MAC-07,rg-mac-07-ml-prod,Microsoft.ContainerService/managedClusters,AKS Clusters,Compute,team:ML,1856.5,INR,73.91,1 Hour
2026-02-21,sub-psiog-001,MAC-07,rg-mac-07-ml-prod,Microsoft.Storage/storageAccounts,Blob Storage,Storage,team:ML,585.43,INR,94.62,1 Hour
2026-02-21,sub-psiog-001,MAC-07,rg-mac-07-ml-prod,Microsoft.Network/virtualNetworks,Virtual Networks,Networking,team:ML,230.28,INR,20.47,1 Hour
2026-02-21,sub-psiog-001,MAC-07,rg-mac-07-ml-prod,Microsoft.Sql/servers/databases,SQL Database,Data Services,team:ML,828.85,INR,28.4,1 Hour
2026-02-21,sub-psiog-001,MAC-07,rg-mac-07-research-prod,Microsoft.ContainerService/managedClusters,AKS Clusters,Compute,team:Research,1011.08,INR,25.46,1 Hour
2026-02-21,sub-psiog-001,MAC-07,rg-mac-07-research-prod,Microsoft.Storage/storageAccounts/fileServices,File Storage,Storage,team:Research,560.13,INR,75.78,1 Hour
2026-02-21,sub-psiog-001,MAC-07,rg-mac-07-research-prod,Microsoft.Network/virtualNetworks,Virtual Networks,Networking,team:Research,173.02,INR,54.93,1 Hour
2026-02-21,sub-psiog-001,MAC-07,rg-mac-07-research-prod,Microsoft.DocumentDB/databaseAccounts,Cosmos DB,Data Services,team:Research,616.48,INR,53.72,1 Hour
2026-02-21,sub-psiog-001,MAC-08,rg-mac-08-finance-prod,Microsoft.ContainerService/managedClusters,AKS Clusters,Compute,team:Finance,325.78,INR,22.29,1 Hour
2026-02-21,sub-psiog-001,MAC-08,rg-mac-08-finance-prod,Microsoft.Storage/storageAccounts/fileServices,File Storage,Storage,team:Finance,196.59,INR,8.15,1 Hour
2026-02-21,sub-psiog-001,MAC-08,rg-mac-08-finance-prod,Microsoft.Network/loadBalancers,Load Balancers,Networking,team:Finance,116.76,INR,43.18,1 Hour
2026-02-21,sub-psiog-001,MAC-08,rg-mac-08-finance-prod,Microsoft.DocumentDB/databaseAccounts,Cosmos DB,Data Services,team:Finance,566.52,INR,15.25,1 Hour
2026-02-21,sub-psiog-001,MAC-08,rg-mac-08-operations-prod,Microsoft.ContainerService/managedClusters,AKS Clusters,Compute,team:Operations,466.57,INR,8.84,1 Hour
2026-02-21,sub-psiog-001,MAC-08,rg-mac-08-operations-prod,Microsoft.Storage/storageAccounts/fileServices,File Storage,Storage,,310.32,INR,78.37,1 Hour
2026-02-21,sub-psiog-001,MAC-08,rg-mac-08-operations-prod,Microsoft.Network/virtualNetworks,Virtual Networks,Networking,team:Operations,128.18,INR,43.54,1 Hour
2026-02-21,sub-psiog-001,MAC-08,rg-mac-08-operations-prod,Microsoft.Sql/servers/databases,SQL Database,Data Services,team:Operations,458.19,INR,89.68,1 Hour
2026-02-22,sub-psiog-001,MAC-01,rg-mac-01-devops-prod,Microsoft.Compute/virtualMachines,Virtual Machines,Compute,team:DevOps,1327.41,INR,79.2,1 Hour
2026-02-22,sub-psiog-001,MAC-01,rg-mac-01-devops-prod,Microsoft.Storage/storageAccounts/fileServices,File Storage,Storage,team:DevOps,364.76,INR,65.64,1 Hour
2026-02-22,sub-psiog-001,MAC-01,rg-mac-01-devops-prod,Microsoft.Network/loadBalancers,Load Balancers,Networking,,252.87,INR,96.96,1 Hour
2026-02-22,sub-psiog-001,MAC-01,rg-mac-01-devops-prod,Microsoft.DocumentDB/databaseAccounts,Cosmos DB,Data Services,team:DevOps,505.28,INR,86.13,1 Hour
2026-02-22,sub-psiog-001,MAC-01,rg-mac-01-platform-prod,Microsoft.ContainerService/managedClusters,AKS Clusters,Compute,team:Platform,1377.6,INR,36.1,1 Hour
2026-02-22,sub-psiog-001,MAC-01,rg-mac-01-platform-prod,Microsoft.Storage/storageAccounts/fileServices,File Storage,Storage,,294.63,INR,62.06,1 Hour
2026-02-22,sub-psiog-001,MAC-01,rg-mac-01-platform-prod,Microsoft.Network/virtualNetworks,Virtual Networks,Networking,team:Platform,296.95,INR,89.33,1 Hour
2026-02-22,sub-psiog-001,MAC-01,rg-mac-01-platform-prod,Microsoft.Sql/servers/databases,SQL Database,Data Services,,425.84,INR,30.41,1 Hour
2026-02-22,sub-psiog-001,MAC-02,rg-mac-02-dataengineering-prod,Microsoft.Compute/virtualMachines,Virtual Machines,Compute,team:DataEngineering,965.99,INR,21.58,1 Hour
2026-02-22,sub-psiog-001,MAC-02,rg-mac-02-dataengineering-prod,Microsoft.Storage/storageAccounts/fileServices,File Storage,Storage,team:DataEngineering,566.95,INR,66.84,1 Hour
2026-02-22,sub-psiog-001,MAC-02,rg-mac-02-dataengineering-prod,Microsoft.Network/loadBalancers,Load Balancers,Networking,team:DataEngineering,213.19,INR,55.57,1 Hour
2026-02-22,sub-psiog-001,MAC-02,rg-mac-02-dataengineering-prod,Microsoft.Sql/servers/databases,SQL Database,Data Services,team:DataEngineering,975.22,INR,2.04,1 Hour
2026-02-22,sub-psiog-001,MAC-02,rg-mac-02-analytics-prod,Microsoft.ContainerService/managedClusters,AKS Clusters,Compute,team:Analytics,942.15,INR,56.89,1 Hour
2026-02-22,sub-psiog-001,MAC-02,rg-mac-02-analytics-prod,Microsoft.Storage/storageAccounts/fileServices,File Storage,Storage,team:Analytics,661.67,INR,36.2,1 Hour
2026-02-22,sub-psiog-001,MAC-02,rg-mac-02-analytics-prod,Microsoft.Network/virtualNetworks,Virtual Networks,Networking,team:Analytics,173.76,INR,80.21,1 Hour
2026-02-22,sub-psiog-001,MAC-02,rg-mac-02-analytics-prod,Microsoft.DocumentDB/databaseAccounts,Cosmos DB,Data Services,team:Analytics,911.01,INR,93.18,1 Hour
2026-02-22,sub-psiog-001,MAC-03,rg-mac-03-product-prod,Microsoft.Compute/virtualMachines,Virtual Machines,Compute,,584.49,INR,53.58,1 Hour
2026-02-22,sub-psiog-001,MAC-03,rg-mac-03-product-prod,Microsoft.Storage/storageAccounts,Blob Storage,Storage,team:Product,241.72,INR,78.62,1 Hour
2026-02-22,sub-psiog-001,MAC-03,rg-mac-03-product-prod,Microsoft.Network/virtualNetworks,Virtual Networks,Networking,team:Product,117.93,INR,70.86,1 Hour
2026-02-22,sub-psiog-001,MAC-03,rg-mac-03-product-prod,Microsoft.Sql/servers/databases,SQL Database,Data Services,team:Product,346.51,INR,59.73,1 Hour
2026-02-22,sub-psiog-001,MAC-03,rg-mac-03-frontend-prod,Microsoft.ContainerService/managedClusters,AKS Clusters,Compute,team:Frontend,552.09,INR,80.34,1 Hour
2026-02-22,sub-psiog-001,MAC-03,rg-mac-03-frontend-prod,Microsoft.Storage/storageAccounts,Blob Storage,Storage,team:Frontend,150.64,INR,53.43,1 Hour
2026-02-22,sub-psiog-001,MAC-03,rg-mac-03-frontend-prod,Microsoft.Network/virtualNetworks,Virtual Networks,Networking,team:Frontend,124.06,INR,47.83,1 Hour
2026-02-22,sub-psiog-001,MAC-03,rg-mac-03-frontend-prod,Microsoft.DocumentDB/databaseAccounts,Cosmos DB,Data Services,team:Frontend,223.2,INR,36.08,1 Hour
2026-02-22,sub-psiog-001,MAC-04,rg-mac-04-backend-prod,Microsoft.Compute/virtualMachines,Virtual Machines,Compute,team:Backend,982.15,INR,49.37,1 Hour
2026-02-22,sub-psiog-001,MAC-04,rg-mac-04-backend-prod,Microsoft.Storage/storageAccounts/fileServices,File Storage,Storage,team:Backend,355.58,INR,15.39,1 Hour
2026-02-22,sub-psiog-001,MAC-04,rg-mac-04-backend-prod,Microsoft.Network/virtualNetworks,Virtual Networks,Networking,team:Backend,239.74,INR,79.93,1 Hour
2026-02-22,sub-psiog-001,MAC-04,rg-mac-04-backend-prod,Microsoft.DocumentDB/databaseAccounts,Cosmos DB,Data Services,team:Backend,616.58,INR,99.06,1 Hour
2026-02-22,sub-psiog-001,MAC-04,rg-mac-04-qa-prod,Microsoft.Compute/virtualMachines,Virtual Machines,Compute,team:QA,387.92,INR,62.88,1 Hour
2026-02-22,sub-psiog-001,MAC-04,rg-mac-04-qa-prod,Microsoft.Storage/storageAccounts/fileServices,File Storage,Storage,team:QA,193.88,INR,12.28,1 Hour
2026-02-22,sub-psiog-001,MAC-04,rg-mac-04-qa-prod,Microsoft.Network/virtualNetworks,Virtual Networks,Networking,team:QA,104.68,INR,67.46,1 Hour
2026-02-22,sub-psiog-001,MAC-04,rg-mac-04-qa-prod,Microsoft.Sql/servers/databases,SQL Database,Data Services,,234.7,INR,45.97,1 Hour
2026-02-22,sub-psiog-001,MAC-05,rg-mac-05-security-prod,Microsoft.Compute/virtualMachines,Virtual Machines,Compute,team:Security,778.09,INR,41.31,1 Hour
2026-02-22,sub-psiog-001,MAC-05,rg-mac-05-security-prod,Microsoft.Storage/storageAccounts,Blob Storage,Storage,team:Security,290.68,INR,83.07,1 Hour
2026-02-22,sub-psiog-001,MAC-05,rg-mac-05-security-prod,Microsoft.Network/loadBalancers,Load Balancers,Networking,,339.48,INR,93.16,1 Hour
2026-02-22,sub-psiog-001,MAC-05,rg-mac-05-security-prod,Microsoft.DocumentDB/databaseAccounts,Cosmos DB,Data Services,team:Security,419.34,INR,60.73,1 Hour
2026-02-22,sub-psiog-001,MAC-05,rg-mac-05-compliance-prod,Microsoft.ContainerService/managedClusters,AKS Clusters,Compute,team:Compliance,363.35,INR,38.79,1 Hour
2026-02-22,sub-psiog-001,MAC-05,rg-mac-05-compliance-prod,Microsoft.Storage/storageAccounts/fileServices,File Storage,Storage,,275.95,INR,86.98,1 Hour
2026-02-22,sub-psiog-001,MAC-05,rg-mac-05-compliance-prod,Microsoft.Network/virtualNetworks,Virtual Networks,Networking,team:Compliance,154.42,INR,64.37,1 Hour
2026-02-22,sub-psiog-001,MAC-05,rg-mac-05-compliance-prod,Microsoft.Sql/servers/databases,SQL Database,Data Services,,343.42,INR,38.19,1 Hour
2026-02-22,sub-psiog-001,MAC-06,rg-mac-06-infrastructure-prod,Microsoft.Compute/virtualMachines,Virtual Machines,Compute,team:Infrastructure,1338.19,INR,92.99,1 Hour
2026-02-22,sub-psiog-001,MAC-06,rg-mac-06-infrastructure-prod,Microsoft.Storage/storageAccounts,Blob Storage,Storage,team:Infrastructure,385.73,INR,75.13,1 Hour
2026-02-22,sub-psiog-001,MAC-06,rg-mac-06-infrastructure-prod,Microsoft.Network/loadBalancers,Load Balancers,Networking,team:Infrastructure,438.53,INR,67.18,1 Hour
2026-02-22,sub-psiog-001,MAC-06,rg-mac-06-infrastructure-prod,Microsoft.DocumentDB/databaseAccounts,Cosmos DB,Data Services,team:Infrastructure,423.04,INR,6.72,1 Hour
2026-02-22,sub-psiog-001,MAC-06,rg-mac-06-cloudops-prod,Microsoft.Compute/virtualMachines,Virtual Machines,Compute,team:CloudOps,1292.91,INR,42.32,1 Hour
2026-02-22,sub-psiog-001,MAC-06,rg-mac-06-cloudops-prod,Microsoft.Storage/storageAccounts/fileServices,File Storage,Storage,team:CloudOps,417.37,INR,1.62,1 Hour
2026-02-22,sub-psiog-001,MAC-06,rg-mac-06-cloudops-prod,Microsoft.Network/loadBalancers,Load Balancers,Networking,team:CloudOps,389.41,INR,61.75,1 Hour
2026-02-22,sub-psiog-001,MAC-06,rg-mac-06-cloudops-prod,Microsoft.Sql/servers/databases,SQL Database,Data Services,team:CloudOps,479.21,INR,96.32,1 Hour
2026-02-22,sub-psiog-001,MAC-07,rg-mac-07-ml-prod,Microsoft.Compute/virtualMachines,Virtual Machines,Compute,team:ML,1858.59,INR,48.76,1 Hour
2026-02-22,sub-psiog-001,MAC-07,rg-mac-07-ml-prod,Microsoft.Storage/storageAccounts,Blob Storage,Storage,,550.57,INR,58.6,1 Hour
2026-02-22,sub-psiog-001,MAC-07,rg-mac-07-ml-prod,Microsoft.Network/loadBalancers,Load Balancers,Networking,team:ML,216.91,INR,63.78,1 Hour
2026-02-22,sub-psiog-001,MAC-07,rg-mac-07-ml-prod,Microsoft.Sql/servers/databases,SQL Database,Data Services,team:ML,668.54,INR,73.6,1 Hour
2026-02-22,sub-psiog-001,MAC-07,rg-mac-07-research-prod,Microsoft.Compute/virtualMachines,Virtual Machines,Compute,team:Research,851.98,INR,23.55,1 Hour
2026-02-22,sub-psiog-001,MAC-07,rg-mac-07-research-prod,Microsoft.Storage/storageAccounts,Blob Storage,Storage,team:Research,455.03,INR,74.82,1 Hour
2026-02-22,sub-psiog-001,MAC-07,rg-mac-07-research-prod,Microsoft.Network/virtualNetworks,Virtual Networks,Networking,team:Research,182.64,INR,29.08,1 Hour
2026-02-22,sub-psiog-001,MAC-07,rg-mac-07-research-prod,Microsoft.Sql/servers/databases,SQL Database,Data Services,team:Research,766.36,INR,20.59,1 Hour
2026-02-22,sub-psiog-001,MAC-08,rg-mac-08-finance-prod,Microsoft.Compute/virtualMachines,Virtual Machines,Compute,team:Finance,289.99,INR,95.47,1 Hour
2026-02-22,sub-psiog-001,MAC-08,rg-mac-08-finance-prod,Microsoft.Storage/storageAccounts/fileServices,File Storage,Storage,team:Finance,203.95,INR,59.71,1 Hour
2026-02-22,sub-psiog-001,MAC-08,rg-mac-08-finance-prod,Microsoft.Network/loadBalancers,Load Balancers,Networking,team:Finance,108.04,INR,47.39,1 Hour
2026-02-22,sub-psiog-001,MAC-08,rg-mac-08-finance-prod,Microsoft.DocumentDB/databaseAccounts,Cosmos DB,Data Services,team:Finance,499.34,INR,29.15,1 Hour
2026-02-22,sub-psiog-001,MAC-08,rg-mac-08-operations-prod,Microsoft.Compute/virtualMachines,Virtual Machines,Compute,team:Operations,529.02,INR,79.49,1 Hour
2026-02-22,sub-psiog-001,MAC-08,rg-mac-08-operations-prod,Microsoft.Storage/storageAccounts,Blob Storage,Storage,team:Operations,299.68,INR,46.85,1 Hour
2026-02-22,sub-psiog-001,MAC-08,rg-mac-08-operations-prod,Microsoft.Network/virtualNetworks,Virtual Networks,Networking,team:Operations,131.99,INR,57.75,1 Hour
2026-02-22,sub-psiog-001,MAC-08,rg-mac-08-operations-prod,Microsoft.DocumentDB/databaseAccounts,Cosmos DB,Data Services,team:Operations,459.55,INR,31.96,1 Hour
2026-02-23,sub-psiog-001,MAC-01,rg-mac-01-devops-prod,Microsoft.ContainerService/managedClusters,AKS Clusters,Compute,,1307.73,INR,91.21,1 Hour
2026-02-23,sub-psiog-001,MAC-01,rg-mac-01-devops-prod,Microsoft.Storage/storageAccounts/fileServices,File Storage,Storage,team:DevOps,364.15,INR,88.26,1 Hour
2026-02-23,sub-psiog-001,MAC-01,rg-mac-01-devops-prod,Microsoft.Network/loadBalancers,Load Balancers,Networking,team:DevOps,227.62,INR,91.57,1 Hour
2026-02-23,sub-psiog-001,MAC-01,rg-mac-01-devops-prod,Microsoft.Sql/servers/databases,SQL Database,Data Services,team:DevOps,492.34,INR,41.8,1 Hour
2026-02-23,sub-psiog-001,MAC-01,rg-mac-01-platform-prod,Microsoft.Compute/virtualMachines,Virtual Machines,Compute,,1114.7,INR,81.88,1 Hour
2026-02-23,sub-psiog-001,MAC-01,rg-mac-01-platform-prod,Microsoft.Storage/storageAccounts/fileServices,File Storage,Storage,team:Platform,327.22,INR,27.94,1 Hour
2026-02-23,sub-psiog-001,MAC-01,rg-mac-01-platform-prod,Microsoft.Network/loadBalancers,Load Balancers,Networking,team:Platform,281.18,INR,87.72,1 Hour
2026-02-23,sub-psiog-001,MAC-01,rg-mac-01-platform-prod,Microsoft.Sql/servers/databases,SQL Database,Data Services,team:Platform,445.26,INR,21.87,1 Hour
2026-02-23,sub-psiog-001,MAC-02,rg-mac-02-dataengineering-prod,Microsoft.ContainerService/managedClusters,AKS Clusters,Compute,team:DataEngineering,1121.36,INR,2.64,1 Hour
2026-02-23,sub-psiog-001,MAC-02,rg-mac-02-dataengineering-prod,Microsoft.Storage/storageAccounts/fileServices,File Storage,Storage,team:DataEngineering,657.96,INR,78.45,1 Hour
2026-02-23,sub-psiog-001,MAC-02,rg-mac-02-dataengineering-prod,Microsoft.Network/loadBalancers,Load Balancers,Networking,team:DataEngineering,212.92,INR,42.3,1 Hour
2026-02-23,sub-psiog-001,MAC-02,rg-mac-02-dataengineering-prod,Microsoft.DocumentDB/databaseAccounts,Cosmos DB,Data Services,team:DataEngineering,878.87,INR,38.41,1 Hour
2026-02-23,sub-psiog-001,MAC-02,rg-mac-02-analytics-prod,Microsoft.Compute/virtualMachines,Virtual Machines,Compute,team:Analytics,1046.59,INR,69.0,1 Hour
2026-02-23,sub-psiog-001,MAC-02,rg-mac-02-analytics-prod,Microsoft.Storage/storageAccounts/fileServices,File Storage,Storage,team:Analytics,559.87,INR,87.56,1 Hour
2026-02-23,sub-psiog-001,MAC-02,rg-mac-02-analytics-prod,Microsoft.Network/loadBalancers,Load Balancers,Networking,team:Analytics,173.56,INR,27.06,1 Hour
2026-02-23,sub-psiog-001,MAC-02,rg-mac-02-analytics-prod,Microsoft.Sql/servers/databases,SQL Database,Data Services,team:Analytics,928.15,INR,16.8,1 Hour
2026-02-23,sub-psiog-001,MAC-03,rg-mac-03-product-prod,Microsoft.Compute/virtualMachines,Virtual Machines,Compute,team:Product,705.08,INR,80.63,1 Hour
2026-02-23,sub-psiog-001,MAC-03,rg-mac-03-product-prod,Microsoft.Storage/storageAccounts/fileServices,File Storage,Storage,team:Product,211.12,INR,68.38,1 Hour
2026-02-23,sub-psiog-001,MAC-03,rg-mac-03-product-prod,Microsoft.Network/loadBalancers,Load Balancers,Networking,team:Product,139.7,INR,61.16,1 Hour
2026-02-23,sub-psiog-001,MAC-03,rg-mac-03-product-prod,Microsoft.DocumentDB/databaseAccounts,Cosmos DB,Data Services,team:Product,282.88,INR,28.1,1 Hour
2026-02-23,sub-psiog-001,MAC-03,rg-mac-03-frontend-prod,Microsoft.ContainerService/managedClusters,AKS Clusters,Compute,team:Frontend,635.05,INR,27.08,1 Hour
2026-02-23,sub-psiog-001,MAC-03,rg-mac-03-frontend-prod,Microsoft.Storage/storageAccounts/fileServices,File Storage,Storage,team:Frontend,171.23,INR,80.01,1 Hour
2026-02-23,sub-psiog-001,MAC-03,rg-mac-03-frontend-prod,Microsoft.Network/virtualNetworks,Virtual Networks,Networking,team:Frontend,102.99,INR,75.81,1 Hour
2026-02-23,sub-psiog-001,MAC-03,rg-mac-03-frontend-prod,Microsoft.DocumentDB/databaseAccounts,Cosmos DB,Data Services,,208.25,INR,79.31,1 Hour
2026-02-23,sub-psiog-001,MAC-04,rg-mac-04-backend-prod,Microsoft.Compute/virtualMachines,Virtual Machines,Compute,,977.28,INR,33.69,1 Hour
2026-02-23,sub-psiog-001,MAC-04,rg-mac-04-backend-prod,Microsoft.Storage/storageAccounts,Blob Storage,Storage,team:Backend,419.62,INR,15.85,1 Hour
2026-02-23,sub-psiog-001,MAC-04,rg-mac-04-backend-prod,Microsoft.Network/loadBalancers,Load Balancers,Networking,team:Backend,207.82,INR,20.57,1 Hour
2026-02-23,sub-psiog-001,MAC-04,rg-mac-04-backend-prod,Microsoft.DocumentDB/databaseAccounts,Cosmos DB,Data Services,team:Backend,482.7,INR,69.42,1 Hour
2026-02-23,sub-psiog-001,MAC-04,rg-mac-04-qa-prod,Microsoft.Compute/virtualMachines,Virtual Machines,Compute,team:QA,425.55,INR,63.71,1 Hour
2026-02-23,sub-psiog-001,MAC-04,rg-mac-04-qa-prod,Microsoft.Storage/storageAccounts,Blob Storage,Storage,,214.1,INR,41.29,1 Hour
2026-02-23,sub-psiog-001,MAC-04,rg-mac-04-qa-prod,Microsoft.Network/virtualNetworks,Virtual Networks,Networking,team:QA,97.8,INR,42.18,1 Hour
2026-02-23,sub-psiog-001,MAC-04,rg-mac-04-qa-prod,Microsoft.Sql/servers/databases,SQL Database,Data Services,team:QA,307.04,INR,72.69,1 Hour
2026-02-23,sub-psiog-001,MAC-05,rg-mac-05-security-prod,Microsoft.Compute/virtualMachines,Virtual Machines,Compute,team:Security,709.2,INR,52.84,1 Hour
2026-02-23,sub-psiog-001,MAC-05,rg-mac-05-security-prod,Microsoft.Storage/storageAccounts/fileServices,File Storage,Storage,team:Security,314.17,INR,14.91,1 Hour
2026-02-23,sub-psiog-001,MAC-05,rg-mac-05-security-prod,Microsoft.Network/virtualNetworks,Virtual Networks,Networking,team:Security,295.94,INR,70.86,1 Hour
2026-02-23,sub-psiog-001,MAC-05,rg-mac-05-security-prod,Microsoft.DocumentDB/databaseAccounts,Cosmos DB,Data Services,team:Security,412.27,INR,72.25,1 Hour
2026-02-23,sub-psiog-001,MAC-05,rg-mac-05-compliance-prod,Microsoft.Compute/virtualMachines,Virtual Machines,Compute,team:Compliance,337.32,INR,85.65,1 Hour
2026-02-23,sub-psiog-001,MAC-05,rg-mac-05-compliance-prod,Microsoft.Storage/storageAccounts/fileServices,File Storage,Storage,team:Compliance,264.48,INR,40.24,1 Hour
2026-02-23,sub-psiog-001,MAC-05,rg-mac-05-compliance-prod,Microsoft.Network/loadBalancers,Load Balancers,Networking,,147.12,INR,61.02,1 Hour
2026-02-23,sub-psiog-001,MAC-05,rg-mac-05-compliance-prod,Microsoft.Sql/servers/databases,SQL Database,Data Services,team:Compliance,346.87,INR,15.09,1 Hour
2026-02-23,sub-psiog-001,MAC-06,rg-mac-06-infrastructure-prod,Microsoft.Compute/virtualMachines,Virtual Machines,Compute,team:Infrastructure,1557.4,INR,75.95,1 Hour
2026-02-23,sub-psiog-001,MAC-06,rg-mac-06-infrastructure-prod,Microsoft.Storage/storageAccounts,Blob Storage,Storage,team:Infrastructure,448.99,INR,33.91,1 Hour
2026-02-23,sub-psiog-001,MAC-06,rg-mac-06-infrastructure-prod,Microsoft.Network/loadBalancers,Load Balancers,Networking,team:Infrastructure,415.12,INR,92.17,1 Hour
2026-02-23,sub-psiog-001,MAC-06,rg-mac-06-infrastructure-prod,Microsoft.DocumentDB/databaseAccounts,Cosmos DB,Data Services,team:Infrastructure,499.47,INR,59.22,1 Hour
2026-02-23,sub-psiog-001,MAC-06,rg-mac-06-cloudops-prod,Microsoft.Compute/virtualMachines,Virtual Machines,Compute,team:CloudOps,1553.63,INR,71.77,1 Hour
2026-02-23,sub-psiog-001,MAC-06,rg-mac-06-cloudops-prod,Microsoft.Storage/storageAccounts/fileServices,File Storage,Storage,team:CloudOps,418.27,INR,35.32,1 Hour
2026-02-23,sub-psiog-001,MAC-06,rg-mac-06-cloudops-prod,Microsoft.Network/virtualNetworks,Virtual Networks,Networking,team:CloudOps,362.58,INR,7.71,1 Hour
2026-02-23,sub-psiog-001,MAC-06,rg-mac-06-cloudops-prod,Microsoft.DocumentDB/databaseAccounts,Cosmos DB,Data Services,team:CloudOps,416.33,INR,71.27,1 Hour
2026-02-23,sub-psiog-001,MAC-07,rg-mac-07-ml-prod,Microsoft.Compute/virtualMachines,Virtual Machines,Compute,team:ML,1780.34,INR,45.56,1 Hour
2026-02-23,sub-psiog-001,MAC-07,rg-mac-07-ml-prod,Microsoft.Storage/storageAccounts,Blob Storage,Storage,team:ML,527.42,INR,39.9,1 Hour
2026-02-23,sub-psiog-001,MAC-07,rg-mac-07-ml-prod,Microsoft.Network/loadBalancers,Load Balancers,Networking,team:ML,199.77,INR,51.43,1 Hour
2026-02-23,sub-psiog-001,MAC-07,rg-mac-07-ml-prod,Microsoft.DocumentDB/databaseAccounts,Cosmos DB,Data Services,team:ML,668.5,INR,99.6,1 Hour
2026-02-23,sub-psiog-001,MAC-07,rg-mac-07-research-prod,Microsoft.Compute/virtualMachines,Virtual Machines,Compute,team:Research,760.11,INR,96.32,1 Hour
2026-02-23,sub-psiog-001,MAC-07,rg-mac-07-research-prod,Microsoft.Storage/storageAccounts,Blob Storage,Storage,team:Research,476.0,INR,72.56,1 Hour
2026-02-23,sub-psiog-001,MAC-07,rg-mac-07-research-prod,Microsoft.Network/loadBalancers,Load Balancers,Networking,team:Research,216.58,INR,13.28,1 Hour
2026-02-23,sub-psiog-001,MAC-07,rg-mac-07-research-prod,Microsoft.Sql/servers/databases,SQL Database,Data Services,team:Research,706.0,INR,2.69,1 Hour
2026-02-23,sub-psiog-001,MAC-08,rg-mac-08-finance-prod,Microsoft.ContainerService/managedClusters,AKS Clusters,Compute,,380.72,INR,25.22,1 Hour
2026-02-23,sub-psiog-001,MAC-08,rg-mac-08-finance-prod,Microsoft.Storage/storageAccounts,Blob Storage,Storage,team:Finance,242.3,INR,94.2,1 Hour
2026-02-23,sub-psiog-001,MAC-08,rg-mac-08-finance-prod,Microsoft.Network/loadBalancers,Load Balancers,Networking,team:Finance,94.12,INR,54.06,1 Hour
2026-02-23,sub-psiog-001,MAC-08,rg-mac-08-finance-prod,Microsoft.Sql/servers/databases,SQL Database,Data Services,,496.84,INR,71.62,1 Hour
2026-02-23,sub-psiog-001,MAC-08,rg-mac-08-operations-prod,Microsoft.ContainerService/managedClusters,AKS Clusters,Compute,team:Operations,548.28,INR,44.66,1 Hour
2026-02-23,sub-psiog-001,MAC-08,rg-mac-08-operations-prod,Microsoft.Storage/storageAccounts/fileServices,File Storage,Storage,team:Operations,309.2,INR,56.75,1 Hour
2026-02-23,sub-psiog-001,MAC-08,rg-mac-08-operations-prod,Microsoft.Network/virtualNetworks,Virtual Networks,Networking,team:Operations,124.88,INR,22.1,1 Hour
2026-02-23,sub-psiog-001,MAC-08,rg-mac-08-operations-prod,Microsoft.Sql/servers/databases,SQL Database,Data Services,team:Operations,407.5,INR,24.65,1 Hour
2026-02-24,sub-psiog-001,MAC-01,rg-mac-01-devops-prod,Microsoft.ContainerService/managedClusters,AKS Clusters,Compute,team:DevOps,1134.01,INR,61.63,1 Hour
2026-02-24,sub-psiog-001,MAC-01,rg-mac-01-devops-prod,Microsoft.Storage/storageAccounts,Blob Storage,Storage,team:DevOps,349.23,INR,73.98,1 Hour
2026-02-24,sub-psiog-001,MAC-01,rg-mac-01-devops-prod,Microsoft.Network/virtualNetworks,Virtual Networks,Networking,team:DevOps,220.67,INR,56.71,1 Hour
2026-02-24,sub-psiog-001,MAC-01,rg-mac-01-devops-prod,Microsoft.DocumentDB/databaseAccounts,Cosmos DB,Data Services,team:DevOps,458.68,INR,74.21,1 Hour
2026-02-24,sub-psiog-001,MAC-01,rg-mac-01-platform-prod,Microsoft.ContainerService/managedClusters,AKS Clusters,Compute,team:Platform,1154.05,INR,59.88,1 Hour
2026-02-24,sub-psiog-001,MAC-01,rg-mac-01-platform-prod,Microsoft.Storage/storageAccounts,Blob Storage,Storage,team:Platform,346.61,INR,64.52,1 Hour
2026-02-24,sub-psiog-001,MAC-01,rg-mac-01-platform-prod,Microsoft.Network/virtualNetworks,Virtual Networks,Networking,team:Platform,307.79,INR,81.5,1 Hour
2026-02-24,sub-psiog-001,MAC-01,rg-mac-01-platform-prod,Microsoft.Sql/servers/databases,SQL Database,Data Services,team:Platform,413.45,INR,38.78,1 Hour
2026-02-24,sub-psiog-001,MAC-02,rg-mac-02-dataengineering-prod,Microsoft.Compute/virtualMachines,Virtual Machines,Compute,team:DataEngineering,1091.81,INR,71.92,1 Hour
2026-02-24,sub-psiog-001,MAC-02,rg-mac-02-dataengineering-prod,Microsoft.Storage/storageAccounts,Blob Storage,Storage,team:DataEngineering,694.73,INR,86.23,1 Hour
2026-02-24,sub-psiog-001,MAC-02,rg-mac-02-dataengineering-prod,Microsoft.Network/virtualNetworks,Virtual Networks,Networking,team:DataEngineering,171.82,INR,42.17,1 Hour
2026-02-24,sub-psiog-001,MAC-02,rg-mac-02-dataengineering-prod,Microsoft.DocumentDB/databaseAccounts,Cosmos DB,Data Services,team:DataEngineering,943.22,INR,40.26,1 Hour
2026-02-24,sub-psiog-001,MAC-02,rg-mac-02-analytics-prod,Microsoft.ContainerService/managedClusters,AKS Clusters,Compute,team:Analytics,1040.42,INR,95.84,1 Hour
2026-02-24,sub-psiog-001,MAC-02,rg-mac-02-analytics-prod,Microsoft.Storage/storageAccounts,Blob Storage,Storage,,686.89,INR,46.78,1 Hour
2026-02-24,sub-psiog-001,MAC-02,rg-mac-02-analytics-prod,Microsoft.Network/virtualNetworks,Virtual Networks,Networking,,185.34,INR,88.23,1 Hour
2026-02-24,sub-psiog-001,MAC-02,rg-mac-02-analytics-prod,Microsoft.Sql/servers/databases,SQL Database,Data Services,team:Analytics,995.21,INR,78.65,1 Hour
2026-02-24,sub-psiog-001,MAC-03,rg-mac-03-product-prod,Microsoft.ContainerService/managedClusters,AKS Clusters,Compute,team:Product,754.33,INR,50.81,1 Hour
2026-02-24,sub-psiog-001,MAC-03,rg-mac-03-product-prod,Microsoft.Storage/storageAccounts,Blob Storage,Storage,team:Product,222.02,INR,7.12,1 Hour
2026-02-24,sub-psiog-001,MAC-03,rg-mac-03-product-prod,Microsoft.Network/loadBalancers,Load Balancers,Networking,team:Product,113.22,INR,16.21,1 Hour
2026-02-24,sub-psiog-001,MAC-03,rg-mac-03-product-prod,Microsoft.Sql/servers/databases,SQL Database,Data Services,team:Product,326.09,INR,12.37,1 Hour
2026-02-24,sub-psiog-001,MAC-03,rg-mac-03-frontend-prod,Microsoft.Compute/virtualMachines,Virtual Machines,Compute,team:Frontend,614.27,INR,48.51,1 Hour
2026-02-24,sub-psiog-001,MAC-03,rg-mac-03-frontend-prod,Microsoft.Storage/storageAccounts/fileServices,File Storage,Storage,team:Frontend,149.21,INR,26.82,1 Hour
2026-02-24,sub-psiog-001,MAC-03,rg-mac-03-frontend-prod,Microsoft.Network/virtualNetworks,Virtual Networks,Networking,team:Frontend,107.6,INR,86.32,1 Hour
2026-02-24,sub-psiog-001,MAC-03,rg-mac-03-frontend-prod,Microsoft.DocumentDB/databaseAccounts,Cosmos DB,Data Services,team:Frontend,205.05,INR,14.08,1 Hour
2026-02-24,sub-psiog-001,MAC-04,rg-mac-04-backend-prod,Microsoft.Compute/virtualMachines,Virtual Machines,Compute,team:Backend,1206.47,INR,30.24,1 Hour
2026-02-24,sub-psiog-001,MAC-04,rg-mac-04-backend-prod,Microsoft.Storage/storageAccounts,Blob Storage,Storage,team:Backend,338.83,INR,3.06,1 Hour
2026-02-24,sub-psiog-001,MAC-04,rg-mac-04-backend-prod,Microsoft.Network/loadBalancers,Load Balancers,Networking,team:Backend,279.5,INR,37.66,1 Hour
2026-02-24,sub-psiog-001,MAC-04,rg-mac-04-backend-prod,Microsoft.DocumentDB/databaseAccounts,Cosmos DB,Data Services,team:Backend,552.71,INR,38.71,1 Hour
2026-02-24,sub-psiog-001,MAC-04,rg-mac-04-qa-prod,Microsoft.Compute/virtualMachines,Virtual Machines,Compute,team:QA,406.92,INR,51.82,1 Hour
2026-02-24,sub-psiog-001,MAC-04,rg-mac-04-qa-prod,Microsoft.Storage/storageAccounts,Blob Storage,Storage,team:QA,209.15,INR,89.7,1 Hour
2026-02-24,sub-psiog-001,MAC-04,rg-mac-04-qa-prod,Microsoft.Network/virtualNetworks,Virtual Networks,Networking,team:QA,89.36,INR,58.94,1 Hour
2026-02-24,sub-psiog-001,MAC-04,rg-mac-04-qa-prod,Microsoft.Sql/servers/databases,SQL Database,Data Services,team:QA,309.07,INR,85.82,1 Hour
2026-02-24,sub-psiog-001,MAC-05,rg-mac-05-security-prod,Microsoft.Compute/virtualMachines,Virtual Machines,Compute,team:Security,707.78,INR,76.51,1 Hour
2026-02-24,sub-psiog-001,MAC-05,rg-mac-05-security-prod,Microsoft.Storage/storageAccounts/fileServices,File Storage,Storage,team:Security,300.45,INR,76.05,1 Hour
2026-02-24,sub-psiog-001,MAC-05,rg-mac-05-security-prod,Microsoft.Network/loadBalancers,Load Balancers,Networking,team:Security,309.63,INR,49.26,1 Hour
2026-02-24,sub-psiog-001,MAC-05,rg-mac-05-security-prod,Microsoft.DocumentDB/databaseAccounts,Cosmos DB,Data Services,team:Security,375.16,INR,87.23,1 Hour
2026-02-24,sub-psiog-001,MAC-05,rg-mac-05-compliance-prod,Microsoft.Compute/virtualMachines,Virtual Machines,Compute,,362.67,INR,10.94,1 Hour
2026-02-24,sub-psiog-001,MAC-05,rg-mac-05-compliance-prod,Microsoft.Storage/storageAccounts/fileServices,File Storage,Storage,team:Compliance,232.49,INR,59.73,1 Hour
2026-02-24,sub-psiog-001,MAC-05,rg-mac-05-compliance-prod,Microsoft.Network/loadBalancers,Load Balancers,Networking,team:Compliance,191.1,INR,75.8,1 Hour
2026-02-24,sub-psiog-001,MAC-05,rg-mac-05-compliance-prod,Microsoft.DocumentDB/databaseAccounts,Cosmos DB,Data Services,team:Compliance,317.64,INR,51.7,1 Hour
2026-02-24,sub-psiog-001,MAC-06,rg-mac-06-infrastructure-prod,Microsoft.ContainerService/managedClusters,AKS Clusters,Compute,team:Infrastructure,1625.24,INR,67.61,1 Hour
2026-02-24,sub-psiog-001,MAC-06,rg-mac-06-infrastructure-prod,Microsoft.Storage/storageAccounts/fileServices,File Storage,Storage,team:Infrastructure,492.07,INR,5.77,1 Hour
2026-02-24,sub-psiog-001,MAC-06,rg-mac-06-infrastructure-prod,Microsoft.Network/loadBalancers,Load Balancers,Networking,team:Infrastructure,416.44,INR,43.47,1 Hour
2026-02-24,sub-psiog-001,MAC-06,rg-mac-06-infrastructure-prod,Microsoft.Sql/servers/databases,SQL Database,Data Services,team:Infrastructure,474.24,INR,37.73,1 Hour
2026-02-24,sub-psiog-001,MAC-06,rg-mac-06-cloudops-prod,Microsoft.Compute/virtualMachines,Virtual Machines,Compute,,1547.33,INR,20.11,1 Hour
2026-02-24,sub-psiog-001,MAC-06,rg-mac-06-cloudops-prod,Microsoft.Storage/storageAccounts/fileServices,File Storage,Storage,team:CloudOps,409.36,INR,12.82,1 Hour
2026-02-24,sub-psiog-001,MAC-06,rg-mac-06-cloudops-prod,Microsoft.Network/virtualNetworks,Virtual Networks,Networking,team:CloudOps,378.27,INR,10.52,1 Hour
2026-02-24,sub-psiog-001,MAC-06,rg-mac-06-cloudops-prod,Microsoft.Sql/servers/databases,SQL Database,Data Services,team:CloudOps,465.56,INR,21.74,1 Hour
2026-02-24,sub-psiog-001,MAC-07,rg-mac-07-ml-prod,Microsoft.Compute/virtualMachines,Virtual Machines,Compute,team:ML,1977.4,INR,15.02,1 Hour
2026-02-24,sub-psiog-001,MAC-07,rg-mac-07-ml-prod,Microsoft.Storage/storageAccounts,Blob Storage,Storage,team:ML,504.18,INR,37.95,1 Hour
2026-02-24,sub-psiog-001,MAC-07,rg-mac-07-ml-prod,Microsoft.Network/loadBalancers,Load Balancers,Networking,team:ML,208.91,INR,26.01,1 Hour
2026-02-24,sub-psiog-001,MAC-07,rg-mac-07-ml-prod,Microsoft.Sql/servers/databases,SQL Database,Data Services,team:ML,807.95,INR,27.06,1 Hour
2026-02-24,sub-psiog-001,MAC-07,rg-mac-07-research-prod,Microsoft.ContainerService/managedClusters,AKS Clusters,Compute,,837.03,INR,18.57,1 Hour
2026-02-24,sub-psiog-001,MAC-07,rg-mac-07-research-prod,Microsoft.Storage/storageAccounts,Blob Storage,Storage,team:Research,443.81,INR,29.75,1 Hour
2026-02-24,sub-psiog-001,MAC-07,rg-mac-07-research-prod,Microsoft.Network/virtualNetworks,Virtual Networks,Networking,,222.39,INR,77.24,1 Hour
2026-02-24,sub-psiog-001,MAC-07,rg-mac-07-research-prod,Microsoft.DocumentDB/databaseAccounts,Cosmos DB,Data Services,team:Research,666.82,INR,65.06,1 Hour
2026-02-24,sub-psiog-001,MAC-08,rg-mac-08-finance-prod,Microsoft.Compute/virtualMachines,Virtual Machines,Compute,team:Finance,360.98,INR,56.47,1 Hour
2026-02-24,sub-psiog-001,MAC-08,rg-mac-08-finance-prod,Microsoft.Storage/storageAccounts,Blob Storage,Storage,team:Finance,200.66,INR,63.15,1 Hour
2026-02-24,sub-psiog-001,MAC-08,rg-mac-08-finance-prod,Microsoft.Network/virtualNetworks,Virtual Networks,Networking,,101.15,INR,41.72,1 Hour
2026-02-24,sub-psiog-001,MAC-08,rg-mac-08-finance-prod,Microsoft.DocumentDB/databaseAccounts,Cosmos DB,Data Services,team:Finance,500.36,INR,44.33,1 Hour
2026-02-24,sub-psiog-001,MAC-08,rg-mac-08-operations-prod,Microsoft.ContainerService/managedClusters,AKS Clusters,Compute,team:Operations,430.18,INR,11.45,1 Hour
2026-02-24,sub-psiog-001,MAC-08,rg-mac-08-operations-prod,Microsoft.Storage/storageAccounts/fileServices,File Storage,Storage,team:Operations,340.79,INR,8.91,1 Hour
2026-02-24,sub-psiog-001,MAC-08,rg-mac-08-operations-prod,Microsoft.Network/virtualNetworks,Virtual Networks,Networking,team:Operations,162.44,INR,84.97,1 Hour
2026-02-24,sub-psiog-001,MAC-08,rg-mac-08-operations-prod,Microsoft.Sql/servers/databases,SQL Database,Data Services,,458.83,INR,81.9,1 Hour
2026-02-25,sub-psiog-001,MAC-01,rg-mac-01-devops-prod,Microsoft.Compute/virtualMachines,Virtual Machines,Compute,team:DevOps,1180.89,INR,67.47,1 Hour
2026-02-25,sub-psiog-001,MAC-01,rg-mac-01-devops-prod,Microsoft.Storage/storageAccounts/fileServices,File Storage,Storage,,312.16,INR,87.27,1 Hour
2026-02-25,sub-psiog-001,MAC-01,rg-mac-01-devops-prod,Microsoft.Network/virtualNetworks,Virtual Networks,Networking,team:DevOps,243.01,INR,41.36,1 Hour
2026-02-25,sub-psiog-001,MAC-01,rg-mac-01-devops-prod,Microsoft.Sql/servers/databases,SQL Database,Data Services,team:DevOps,461.26,INR,13.42,1 Hour
2026-02-25,sub-psiog-001,MAC-01,rg-mac-01-platform-prod,Microsoft.ContainerService/managedClusters,AKS Clusters,Compute,team:Platform,1186.09,INR,77.61,1 Hour
2026-02-25,sub-psiog-001,MAC-01,rg-mac-01-platform-prod,Microsoft.Storage/storageAccounts,Blob Storage,Storage,team:Platform,276.03,INR,14.61,1 Hour
2026-02-25,sub-psiog-001,MAC-01,rg-mac-01-platform-prod,Microsoft.Network/loadBalancers,Load Balancers,Networking,,279.46,INR,40.97,1 Hour
2026-02-25,sub-psiog-001,MAC-01,rg-mac-01-platform-prod,Microsoft.Sql/servers/databases,SQL Database,Data Services,team:Platform,480.65,INR,8.47,1 Hour
2026-02-25,sub-psiog-001,MAC-02,rg-mac-02-dataengineering-prod,Microsoft.Compute/virtualMachines,Virtual Machines,Compute,team:DataEngineering,1069.59,INR,20.46,1 Hour
2026-02-25,sub-psiog-001,MAC-02,rg-mac-02-dataengineering-prod,Microsoft.Storage/storageAccounts,Blob Storage,Storage,team:DataEngineering,579.54,INR,96.61,1 Hour
2026-02-25,sub-psiog-001,MAC-02,rg-mac-02-dataengineering-prod,Microsoft.Network/virtualNetworks,Virtual Networks,Networking,team:DataEngineering,204.92,INR,74.41,1 Hour
2026-02-25,sub-psiog-001,MAC-02,rg-mac-02-dataengineering-prod,Microsoft.Sql/servers/databases,SQL Database,Data Services,team:DataEngineering,953.86,INR,67.63,1 Hour
2026-02-25,sub-psiog-001,MAC-02,rg-mac-02-analytics-prod,Microsoft.ContainerService/managedClusters,AKS Clusters,Compute,team:Analytics,1005.36,INR,96.44,1 Hour
2026-02-25,sub-psiog-001,MAC-02,rg-mac-02-analytics-prod,Microsoft.Storage/storageAccounts,Blob Storage,Storage,team:Analytics,680.52,INR,49.57,1 Hour
2026-02-25,sub-psiog-001,MAC-02,rg-mac-02-analytics-prod,Microsoft.Network/loadBalancers,Load Balancers,Networking,team:Analytics,184.63,INR,22.32,1 Hour
2026-02-25,sub-psiog-001,MAC-02,rg-mac-02-analytics-prod,Microsoft.Sql/servers/databases,SQL Database,Data Services,team:Analytics,862.61,INR,75.09,1 Hour
2026-02-25,sub-psiog-001,MAC-03,rg-mac-03-product-prod,Microsoft.Compute/virtualMachines,Virtual Machines,Compute,team:Product,610.4,INR,5.59,1 Hour
2026-02-25,sub-psiog-001,MAC-03,rg-mac-03-product-prod,Microsoft.Storage/storageAccounts/fileServices,File Storage,Storage,team:Product,234.9,INR,24.56,1 Hour
2026-02-25,sub-psiog-001,MAC-03,rg-mac-03-product-prod,Microsoft.Network/loadBalancers,Load Balancers,Networking,team:Product,133.99,INR,32.96,1 Hour
2026-02-25,sub-psiog-001,MAC-03,rg-mac-03-product-prod,Microsoft.DocumentDB/databaseAccounts,Cosmos DB,Data Services,team:Product,368.19,INR,57.59,1 Hour
2026-02-25,sub-psiog-001,MAC-03,rg-mac-03-frontend-prod,Microsoft.Compute/virtualMachines,Virtual Machines,Compute,team:Frontend,560.11,INR,97.85,1 Hour
2026-02-25,sub-psiog-001,MAC-03,rg-mac-03-frontend-prod,Microsoft.Storage/storageAccounts,Blob Storage,Storage,team:Frontend,159.49,INR,29.08,1 Hour
2026-02-25,sub-psiog-001,MAC-03,rg-mac-03-frontend-prod,Microsoft.Network/virtualNetworks,Virtual Networks,Networking,team:Frontend,94.5,INR,52.23,1 Hour
2026-02-25,sub-psiog-001,MAC-03,rg-mac-03-frontend-prod,Microsoft.DocumentDB/databaseAccounts,Cosmos DB,Data Services,team:Frontend,193.39,INR,29.81,1 Hour
2026-02-25,sub-psiog-001,MAC-04,rg-mac-04-backend-prod,Microsoft.Compute/virtualMachines,Virtual Machines,Compute,team:Backend,1103.59,INR,18.97,1 Hour
2026-02-25,sub-psiog-001,MAC-04,rg-mac-04-backend-prod,Microsoft.Storage/storageAccounts,Blob Storage,Storage,team:Backend,424.84,INR,63.83,1 Hour
2026-02-25,sub-psiog-001,MAC-04,rg-mac-04-backend-prod,Microsoft.Network/loadBalancers,Load Balancers,Networking,team:Backend,234.43,INR,7.45,1 Hour
2026-02-25,sub-psiog-001,MAC-04,rg-mac-04-backend-prod,Microsoft.DocumentDB/databaseAccounts,Cosmos DB,Data Services,team:Backend,538.88,INR,63.51,1 Hour
2026-02-25,sub-psiog-001,MAC-04,rg-mac-04-qa-prod,Microsoft.Compute/virtualMachines,Virtual Machines,Compute,team:QA,395.28,INR,94.94,1 Hour
2026-02-25,sub-psiog-001,MAC-04,rg-mac-04-qa-prod,Microsoft.Storage/storageAccounts/fileServices,File Storage,Storage,team:QA,212.39,INR,65.61,1 Hour
2026-02-25,sub-psiog-001,MAC-04,rg-mac-04-qa-prod,Microsoft.Network/virtualNetworks,Virtual Networks,Networking,team:QA,91.35,INR,82.37,1 Hour
2026-02-25,sub-psiog-001,MAC-04,rg-mac-04-qa-prod,Microsoft.DocumentDB/databaseAccounts,Cosmos DB,Data Services,team:QA,284.48,INR,81.51,1 Hour
2026-02-25,sub-psiog-001,MAC-05,rg-mac-05-security-prod,Microsoft.ContainerService/managedClusters,AKS Clusters,Compute,team:Security,853.15,INR,33.66,1 Hour
2026-02-25,sub-psiog-001,MAC-05,rg-mac-05-security-prod,Microsoft.Storage/storageAccounts/fileServices,File Storage,Storage,,243.87,INR,38.9,1 Hour
2026-02-25,sub-psiog-001,MAC-05,rg-mac-05-security-prod,Microsoft.Network/virtualNetworks,Virtual Networks,Networking,team:Security,308.53,INR,93.81,1 Hour
2026-02-25,sub-psiog-001,MAC-05,rg-mac-05-security-prod,Microsoft.DocumentDB/databaseAccounts,Cosmos DB,Data Services,team:Security,391.97,INR,70.19,1 Hour
2026-02-25,sub-psiog-001,MAC-05,rg-mac-05-compliance-prod,Microsoft.ContainerService/managedClusters,AKS Clusters,Compute,team:Compliance,446.3,INR,14.49,1 Hour
2026-02-25,sub-psiog-001,MAC-05,rg-mac-05-compliance-prod,Microsoft.Storage/storageAccounts/fileServices,File Storage,Storage,team:Compliance,271.34,INR,9.6,1 Hour
2026-02-25,sub-psiog-001,MAC-05,rg-mac-05-compliance-prod,Microsoft.Network/loadBalancers,Load Balancers,Networking,team:Compliance,180.74,INR,50.53,1 Hour
2026-02-25,sub-psiog-001,MAC-05,rg-mac-05-compliance-prod,Microsoft.DocumentDB/databaseAccounts,Cosmos DB,Data Services,team:Compliance,381.34,INR,99.99,1 Hour
2026-02-25,sub-psiog-001,MAC-06,rg-mac-06-infrastructure-prod,Microsoft.Compute/virtualMachines,Virtual Machines,Compute,team:Infrastructure,1499.82,INR,20.2,1 Hour
2026-02-25,sub-psiog-001,MAC-06,rg-mac-06-infrastructure-prod,Microsoft.Storage/storageAccounts/fileServices,File Storage,Storage,team:Infrastructure,444.4,INR,42.53,1 Hour
2026-02-25,sub-psiog-001,MAC-06,rg-mac-06-infrastructure-prod,Microsoft.Network/loadBalancers,Load Balancers,Networking,team:Infrastructure,367.22,INR,92.95,1 Hour
2026-02-25,sub-psiog-001,MAC-06,rg-mac-06-infrastructure-prod,Microsoft.Sql/servers/databases,SQL Database,Data Services,team:Infrastructure,487.97,INR,42.7,1 Hour
2026-02-25,sub-psiog-001,MAC-06,rg-mac-06-cloudops-prod,Microsoft.Compute/virtualMachines,Virtual Machines,Compute,team:CloudOps,1234.2,INR,64.53,1 Hour
2026-02-25,sub-psiog-001,MAC-06,rg-mac-06-cloudops-prod,Microsoft.Storage/storageAccounts,Blob Storage,Storage,,360.2,INR,75.34,1 Hour
2026-02-25,sub-psiog-001,MAC-06,rg-mac-06-cloudops-prod,Microsoft.Network/virtualNetworks,Virtual Networks,Networking,team:CloudOps,369.67,INR,81.54,1 Hour
2026-02-25,sub-psiog-001,MAC-06,rg-mac-06-cloudops-prod,Microsoft.Sql/servers/databases,SQL Database,Data Services,team:CloudOps,409.92,INR,46.75,1 Hour
2026-02-25,sub-psiog-001,MAC-07,rg-mac-07-ml-prod,Microsoft.Compute/virtualMachines,Virtual Machines,Compute,team:ML,2039.48,INR,19.9,1 Hour
2026-02-25,sub-psiog-001,MAC-07,rg-mac-07-ml-prod,Microsoft.Storage/storageAccounts,Blob Storage,Storage,team:ML,632.44,INR,92.64,1 Hour
2026-02-25,sub-psiog-001,MAC-07,rg-mac-07-ml-prod,Microsoft.Network/loadBalancers,Load Balancers,Networking,team:ML,223.94,INR,23.94,1 Hour
2026-02-25,sub-psiog-001,MAC-07,rg-mac-07-ml-prod,Microsoft.DocumentDB/databaseAccounts,Cosmos DB,Data Services,team:ML,811.1,INR,42.2,1 Hour
2026-02-25,sub-psiog-001,MAC-07,rg-mac-07-research-prod,Microsoft.Compute/virtualMachines,Virtual Machines,Compute,,887.35,INR,76.51,1 Hour
2026-02-25,sub-psiog-001,MAC-07,rg-mac-07-research-prod,Microsoft.Storage/storageAccounts/fileServices,File Storage,Storage,team:Research,529.67,INR,50.16,1 Hour
2026-02-25,sub-psiog-001,MAC-07,rg-mac-07-research-prod,Microsoft.Network/loadBalancers,Load Balancers,Networking,team:Research,189.93,INR,81.5,1 Hour
2026-02-25,sub-psiog-001,MAC-07,rg-mac-07-research-prod,Microsoft.DocumentDB/databaseAccounts,Cosmos DB,Data Services,team:Research,688.62,INR,16.79,1 Hour
2026-02-25,sub-psiog-001,MAC-08,rg-mac-08-finance-prod,Microsoft.ContainerService/managedClusters,AKS Clusters,Compute,team:Finance,325.14,INR,65.08,1 Hour
2026-02-25,sub-psiog-001,MAC-08,rg-mac-08-finance-prod,Microsoft.Storage/storageAccounts/fileServices,File Storage,Storage,team:Finance,206.76,INR,48.71,1 Hour
2026-02-25,sub-psiog-001,MAC-08,rg-mac-08-finance-prod,Microsoft.Network/loadBalancers,Load Balancers,Networking,team:Finance,118.5,INR,1.87,1 Hour
2026-02-25,sub-psiog-001,MAC-08,rg-mac-08-finance-prod,Microsoft.Sql/servers/databases,SQL Database,Data Services,team:Finance,450.12,INR,87.87,1 Hour
2026-02-25,sub-psiog-001,MAC-08,rg-mac-08-operations-prod,Microsoft.Compute/virtualMachines,Virtual Machines,Compute,team:Operations,559.09,INR,38.82,1 Hour
2026-02-25,sub-psiog-001,MAC-08,rg-mac-08-operations-prod,Microsoft.Storage/storageAccounts,Blob Storage,Storage,team:Operations,346.42,INR,12.03,1 Hour
2026-02-25,sub-psiog-001,MAC-08,rg-mac-08-operations-prod,Microsoft.Network/loadBalancers,Load Balancers,Networking,team:Operations,128.91,INR,7.21,1 Hour
2026-02-25,sub-psiog-001,MAC-08,rg-mac-08-operations-prod,Microsoft.DocumentDB/databaseAccounts,Cosmos DB,Data Services,team:Operations,464.82,INR,41.55,1 Hour
2026-02-26,sub-psiog-001,MAC-01,rg-mac-01-devops-prod,Microsoft.Compute/virtualMachines,Virtual Machines,Compute,team:DevOps,1220.12,INR,29.19,1 Hour
2026-02-26,sub-psiog-001,MAC-01,rg-mac-01-devops-prod,Microsoft.Storage/storageAccounts,Blob Storage,Storage,team:DevOps,292.9,INR,72.54,1 Hour
2026-02-26,sub-psiog-001,MAC-01,rg-mac-01-devops-prod,Microsoft.Network/virtualNetworks,Virtual Networks,Networking,team:DevOps,217.63,INR,87.53,1 Hour
2026-02-26,sub-psiog-001,MAC-01,rg-mac-01-devops-prod,Microsoft.Sql/servers/databases,SQL Database,Data Services,team:DevOps,381.07,INR,78.94,1 Hour
2026-02-26,sub-psiog-001,MAC-01,rg-mac-01-platform-prod,Microsoft.ContainerService/managedClusters,AKS Clusters,Compute,team:Platform,1235.66,INR,77.61,1 Hour
2026-02-26,sub-psiog-001,MAC-01,rg-mac-01-platform-prod,Microsoft.Storage/storageAccounts,Blob Storage,Storage,team:Platform,303.82,INR,12.94,1 Hour
2026-02-26,sub-psiog-001,MAC-01,rg-mac-01-platform-prod,Microsoft.Network/virtualNetworks,Virtual Networks,Networking,team:Platform,267.79,INR,49.77,1 Hour
2026-02-26,sub-psiog-001,MAC-01,rg-mac-01-platform-prod,Microsoft.DocumentDB/databaseAccounts,Cosmos DB,Data Services,team:Platform,366.75,INR,89.0,1 Hour
2026-02-26,sub-psiog-001,MAC-02,rg-mac-02-dataengineering-prod,Microsoft.ContainerService/managedClusters,AKS Clusters,Compute,team:DataEngineering,1067.48,INR,10.62,1 Hour
2026-02-26,sub-psiog-001,MAC-02,rg-mac-02-dataengineering-prod,Microsoft.Storage/storageAccounts/fileServices,File Storage,Storage,team:DataEngineering,748.98,INR,17.97,1 Hour
2026-02-26,sub-psiog-001,MAC-02,rg-mac-02-dataengineering-prod,Microsoft.Network/virtualNetworks,Virtual Networks,Networking,team:DataEngineering,175.28,INR,26.27,1 Hour
2026-02-26,sub-psiog-001,MAC-02,rg-mac-02-dataengineering-prod,Microsoft.DocumentDB/databaseAccounts,Cosmos DB,Data Services,team:DataEngineering,1079.26,INR,26.26,1 Hour
2026-02-26,sub-psiog-001,MAC-02,rg-mac-02-analytics-prod,Microsoft.Compute/virtualMachines,Virtual Machines,Compute,team:Analytics,1033.95,INR,31.45,1 Hour
2026-02-26,sub-psiog-001,MAC-02,rg-mac-02-analytics-prod,Microsoft.Storage/storageAccounts,Blob Storage,Storage,team:Analytics,636.25,INR,85.01,1 Hour
2026-02-26,sub-psiog-001,MAC-02,rg-mac-02-analytics-prod,Microsoft.Network/loadBalancers,Load Balancers,Networking,team:Analytics,167.51,INR,96.08,1 Hour
2026-02-26,sub-psiog-001,MAC-02,rg-mac-02-analytics-prod,Microsoft.DocumentDB/databaseAccounts,Cosmos DB,Data Services,team:Analytics,835.8,INR,45.38,1 Hour
2026-02-26,sub-psiog-001,MAC-03,rg-mac-03-product-prod,Microsoft.ContainerService/managedClusters,AKS Clusters,Compute,team:Product,700.57,INR,57.7,1 Hour
2026-02-26,sub-psiog-001,MAC-03,rg-mac-03-product-prod,Microsoft.Storage/storageAccounts,Blob Storage,Storage,team:Product,223.3,INR,74.62,1 Hour
2026-02-26,sub-psiog-001,MAC-03,rg-mac-03-product-prod,Microsoft.Network/loadBalancers,Load Balancers,Networking,team:Product,129.44,INR,84.09,1 Hour
2026-02-26,sub-psiog-001,MAC-03,rg-mac-03-product-prod,Microsoft.Sql/servers/databases,SQL Database,Data Services,team:Product,373.23,INR,97.58,1 Hour
2026-02-26,sub-psiog-001,MAC-03,rg-mac-03-frontend-prod,Microsoft.Compute/virtualMachines,Virtual Machines,Compute,,563.18,INR,85.91,1 Hour
2026-02-26,sub-psiog-001,MAC-03,rg-mac-03-frontend-prod,Microsoft.Storage/storageAccounts,Blob Storage,Storage,team:Frontend,179.9,INR,78.15,1 Hour
2026-02-26,sub-psiog-001,MAC-03,rg-mac-03-frontend-prod,Microsoft.Network/virtualNetworks,Virtual Networks,Networking,team:Frontend,116.98,INR,50.52,1 Hour
2026-02-26,sub-psiog-001,MAC-03,rg-mac-03-frontend-prod,Microsoft.DocumentDB/databaseAccounts,Cosmos DB,Data Services,team:Frontend,189.78,INR,34.02,1 Hour
2026-02-26,sub-psiog-001,MAC-04,rg-mac-04-backend-prod,Microsoft.Compute/virtualMachines,Virtual Machines,Compute,,1090.95,INR,36.13,1 Hour
2026-02-26,sub-psiog-001,MAC-04,rg-mac-04-backend-prod,Microsoft.Storage/storageAccounts/fileServices,File Storage,Storage,team:Backend,386.11,INR,23.09,1 Hour
2026-02-26,sub-psiog-001,MAC-04,rg-mac-04-backend-prod,Microsoft.Network/virtualNetworks,Virtual Networks,Networking,,246.52,INR,59.46,1 Hour
2026-02-26,sub-psiog-001,MAC-04,rg-mac-04-backend-prod,Microsoft.Sql/servers/databases,SQL Database,Data Services,team:Backend,483.87,INR,15.68,1 Hour
2026-02-26,sub-psiog-001,MAC-04,rg-mac-04-qa-prod,Microsoft.Compute/virtualMachines,Virtual Machines,Compute,team:QA,424.8,INR,33.66,1 Hour
2026-02-26,sub-psiog-001,MAC-04,rg-mac-04-qa-prod,Microsoft.Storage/storageAccounts,Blob Storage,Storage,team:QA,195.18,INR,99.12,1 Hour
2026-02-26,sub-psiog-001,MAC-04,rg-mac-04-qa-prod,Microsoft.Network/virtualNetworks,Virtual Networks,Networking,team:QA,88.92,INR,89.29,1 Hour
2026-02-26,sub-psiog-001,MAC-04,rg-mac-04-qa-prod,Microsoft.DocumentDB/databaseAccounts,Cosmos DB,Data Services,team:QA,263.3,INR,66.86,1 Hour
2026-02-26,sub-psiog-001,MAC-05,rg-mac-05-security-prod,Microsoft.ContainerService/managedClusters,AKS Clusters,Compute,team:Security,805.4,INR,65.76,1 Hour
2026-02-26,sub-psiog-001,MAC-05,rg-mac-05-security-prod,Microsoft.Storage/storageAccounts,Blob Storage,Storage,team:Security,261.42,INR,55.91,1 Hour
2026-02-26,sub-psiog-001,MAC-05,rg-mac-05-security-prod,Microsoft.Network/virtualNetworks,Virtual Networks,Networking,team:Security,286.49,INR,17.74,1 Hour
2026-02-26,sub-psiog-001,MAC-05,rg-mac-05-security-prod,Microsoft.DocumentDB/databaseAccounts,Cosmos DB,Data Services,team:Security,334.66,INR,98.97,1 Hour
2026-02-26,sub-psiog-001,MAC-05,rg-mac-05-compliance-prod,Microsoft.Compute/virtualMachines,Virtual Machines,Compute,team:Compliance,439.81,INR,53.36,1 Hour
2026-02-26,sub-psiog-001,MAC-05,rg-mac-05-compliance-prod,Microsoft.Storage/storageAccounts/fileServices,File Storage,Storage,team:Compliance,268.46,INR,16.23,1 Hour
2026-02-26,sub-psiog-001,MAC-05,rg-mac-05-compliance-prod,Microsoft.Network/virtualNetworks,Virtual Networks,Networking,team:Compliance,180.39,INR,62.86,1 Hour
2026-02-26,sub-psiog-001,MAC-05,rg-mac-05-compliance-prod,Microsoft.DocumentDB/databaseAccounts,Cosmos DB,Data Services,team:Compliance,379.75,INR,48.53,1 Hour
2026-02-26,sub-psiog-001,MAC-06,rg-mac-06-infrastructure-prod,Microsoft.ContainerService/managedClusters,AKS Clusters,Compute,team:Infrastructure,1462.46,INR,33.94,1 Hour
2026-02-26,sub-psiog-001,MAC-06,rg-mac-06-infrastructure-prod,Microsoft.Storage/storageAccounts,Blob Storage,Storage,team:Infrastructure,417.76,INR,43.68,1 Hour
2026-02-26,sub-psiog-001,MAC-06,rg-mac-06-infrastructure-prod,Microsoft.Network/loadBalancers,Load Balancers,Networking,team:Infrastructure,414.71,INR,78.91,1 Hour
2026-02-26,sub-psiog-001,MAC-06,rg-mac-06-infrastructure-prod,Microsoft.DocumentDB/databaseAccounts,Cosmos DB,Data Services,team:Infrastructure,398.4,INR,40.44,1 Hour
2026-02-26,sub-psiog-001,MAC-06,rg-mac-06-cloudops-prod,Microsoft.Compute/virtualMachines,Virtual Machines,Compute,team:CloudOps,1655.55,INR,34.69,1 Hour
2026-02-26,sub-psiog-001,MAC-06,rg-mac-06-cloudops-prod,Microsoft.Storage/storageAccounts,Blob Storage,Storage,team:CloudOps,426.97,INR,51.77,1 Hour
2026-02-26,sub-psiog-001,MAC-06,rg-mac-06-cloudops-prod,Microsoft.Network/virtualNetworks,Virtual Networks,Networking,team:CloudOps,383.38,INR,77.6,1 Hour
2026-02-26,sub-psiog-001,MAC-06,rg-mac-06-cloudops-prod,Microsoft.Sql/servers/databases,SQL Database,Data Services,,396.27,INR,73.39,1 Hour
2026-02-26,sub-psiog-001,MAC-07,rg-mac-07-ml-prod,Microsoft.Compute/virtualMachines,Virtual Machines,Compute,team:ML,1727.81,INR,1.97,1 Hour
2026-02-26,sub-psiog-001,MAC-07,rg-mac-07-ml-prod,Microsoft.Storage/storageAccounts/fileServices,File Storage,Storage,team:ML,510.06,INR,51.07,1 Hour
2026-02-26,sub-psiog-001,MAC-07,rg-mac-07-ml-prod,Microsoft.Network/virtualNetworks,Virtual Networks,Networking,team:ML,247.29,INR,24.7,1 Hour
2026-02-26,sub-psiog-001,MAC-07,rg-mac-07-ml-prod,Microsoft.DocumentDB/databaseAccounts,Cosmos DB,Data Services,team:ML,680.86,INR,45.54,1 Hour
2026-02-26,sub-psiog-001,MAC-07,rg-mac-07-research-prod,Microsoft.ContainerService/managedClusters,AKS Clusters,Compute,team:Research,850.11,INR,12.09,1 Hour
2026-02-26,sub-psiog-001,MAC-07,rg-mac-07-research-prod,Microsoft.Storage/storageAccounts/fileServices,File Storage,Storage,team:Research,557.48,INR,62.32,1 Hour
2026-02-26,sub-psiog-001,MAC-07,rg-mac-07-research-prod,Microsoft.Network/virtualNetworks,Virtual Networks,Networking,team:Research,185.21,INR,32.23,1 Hour
2026-02-26,sub-psiog-001,MAC-07,rg-mac-07-research-prod,Microsoft.DocumentDB/databaseAccounts,Cosmos DB,Data Services,team:Research,686.94,INR,58.63,1 Hour
2026-02-26,sub-psiog-001,MAC-08,rg-mac-08-finance-prod,Microsoft.ContainerService/managedClusters,AKS Clusters,Compute,team:Finance,327.17,INR,63.89,1 Hour
2026-02-26,sub-psiog-001,MAC-08,rg-mac-08-finance-prod,Microsoft.Storage/storageAccounts,Blob Storage,Storage,team:Finance,209.27,INR,39.15,1 Hour
2026-02-26,sub-psiog-001,MAC-08,rg-mac-08-finance-prod,Microsoft.Network/loadBalancers,Load Balancers,Networking,team:Finance,117.48,INR,71.3,1 Hour
2026-02-26,sub-psiog-001,MAC-08,rg-mac-08-finance-prod,Microsoft.DocumentDB/databaseAccounts,Cosmos DB,Data Services,,432.46,INR,72.12,1 Hour
2026-02-26,sub-psiog-001,MAC-08,rg-mac-08-operations-prod,Microsoft.Compute/virtualMachines,Virtual Machines,Compute,team:Operations,494.49,INR,9.56,1 Hour
2026-02-26,sub-psiog-001,MAC-08,rg-mac-08-operations-prod,Microsoft.Storage/storageAccounts,Blob Storage,Storage,team:Operations,351.66,INR,98.99,1 Hour
2026-02-26,sub-psiog-001,MAC-08,rg-mac-08-operations-prod,Microsoft.Network/loadBalancers,Load Balancers,Networking,team:Operations,141.54,INR,13.28,1 Hour
2026-02-26,sub-psiog-001,MAC-08,rg-mac-08-operations-prod,Microsoft.Sql/servers/databases,SQL Database,Data Services,team:Operations,478.99,INR,67.5,1 Hour
2026-02-27,sub-psiog-001,MAC-01,rg-mac-01-devops-prod,Microsoft.ContainerService/managedClusters,AKS Clusters,Compute,team:DevOps,1497.02,INR,91.54,1 Hour
2026-02-27,sub-psiog-001,MAC-01,rg-mac-01-devops-prod,Microsoft.Storage/storageAccounts/fileServices,File Storage,Storage,team:DevOps,286.17,INR,52.94,1 Hour
2026-02-27,sub-psiog-001,MAC-01,rg-mac-01-devops-prod,Microsoft.Network/virtualNetworks,Virtual Networks,Networking,team:DevOps,196.2,INR,63.55,1 Hour
2026-02-27,sub-psiog-001,MAC-01,rg-mac-01-devops-prod,Microsoft.DocumentDB/databaseAccounts,Cosmos DB,Data Services,team:DevOps,421.81,INR,73.89,1 Hour
2026-02-27,sub-psiog-001,MAC-01,rg-mac-01-platform-prod,Microsoft.ContainerService/managedClusters,AKS Clusters,Compute,team:Platform,1350.02,INR,25.78,1 Hour
2026-02-27,sub-psiog-001,MAC-01,rg-mac-01-platform-prod,Microsoft.Storage/storageAccounts/fileServices,File Storage,Storage,team:Platform,308.12,INR,41.2,1 Hour
2026-02-27,sub-psiog-001,MAC-01,rg-mac-01-platform-prod,Microsoft.Network/virtualNetworks,Virtual Networks,Networking,,310.24,INR,42.04,1 Hour
2026-02-27,sub-psiog-001,MAC-01,rg-mac-01-platform-prod,Microsoft.DocumentDB/databaseAccounts,Cosmos DB,Data Services,team:Platform,466.27,INR,82.23,1 Hour
2026-02-27,sub-psiog-001,MAC-02,rg-mac-02-dataengineering-prod,Microsoft.ContainerService/managedClusters,AKS Clusters,Compute,team:DataEngineering,1073.22,INR,40.72,1 Hour
2026-02-27,sub-psiog-001,MAC-02,rg-mac-02-dataengineering-prod,Microsoft.Storage/storageAccounts/fileServices,File Storage,Storage,team:DataEngineering,635.41,INR,76.85,1 Hour
2026-02-27,sub-psiog-001,MAC-02,rg-mac-02-dataengineering-prod,Microsoft.Network/virtualNetworks,Virtual Networks,Networking,team:DataEngineering,211.99,INR,45.16,1 Hour
2026-02-27,sub-psiog-001,MAC-02,rg-mac-02-dataengineering-prod,Microsoft.DocumentDB/databaseAccounts,Cosmos DB,Data Services,team:DataEngineering,1008.34,INR,30.05,1 Hour
2026-02-27,sub-psiog-001,MAC-02,rg-mac-02-analytics-prod,Microsoft.Compute/virtualMachines,Virtual Machines,Compute,team:Analytics,934.81,INR,74.62,1 Hour
2026-02-27,sub-psiog-001,MAC-02,rg-mac-02-analytics-prod,Microsoft.Storage/storageAccounts/fileServices,File Storage,Storage,team:Analytics,621.55,INR,4.22,1 Hour
2026-02-27,sub-psiog-001,MAC-02,rg-mac-02-analytics-prod,Microsoft.Network/virtualNetworks,Virtual Networks,Networking,team:Analytics,165.46,INR,49.95,1 Hour
2026-02-27,sub-psiog-001,MAC-02,rg-mac-02-analytics-prod,Microsoft.DocumentDB/databaseAccounts,Cosmos DB,Data Services,team:Analytics,883.18,INR,48.25,1 Hour
2026-02-27,sub-psiog-001,MAC-03,rg-mac-03-product-prod,Microsoft.Compute/virtualMachines,Virtual Machines,Compute,,743.95,INR,36.15,1 Hour
2026-02-27,sub-psiog-001,MAC-03,rg-mac-03-product-prod,Microsoft.Storage/storageAccounts/fileServices,File Storage,Storage,team:Product,230.81,INR,84.7,1 Hour
2026-02-27,sub-psiog-001,MAC-03,rg-mac-03-product-prod,Microsoft.Network/loadBalancers,Load Balancers,Networking,,129.61,INR,98.57,1 Hour
2026-02-27,sub-psiog-001,MAC-03,rg-mac-03-product-prod,Microsoft.Sql/servers/databases,SQL Database,Data Services,team:Product,350.38,INR,38.11,1 Hour
2026-02-27,sub-psiog-001,MAC-03,rg-mac-03-frontend-prod,Microsoft.ContainerService/managedClusters,AKS Clusters,Compute,team:Frontend,480.73,INR,58.26,1 Hour
2026-02-27,sub-psiog-001,MAC-03,rg-mac-03-frontend-prod,Microsoft.Storage/storageAccounts/fileServices,File Storage,Storage,team:Frontend,176.69,INR,26.48,1 Hour
2026-02-27,sub-psiog-001,MAC-03,rg-mac-03-frontend-prod,Microsoft.Network/virtualNetworks,Virtual Networks,Networking,team:Frontend,101.37,INR,88.95,1 Hour
2026-02-27,sub-psiog-001,MAC-03,rg-mac-03-frontend-prod,Microsoft.Sql/servers/databases,SQL Database,Data Services,team:Frontend,214.86,INR,40.11,1 Hour
2026-02-27,sub-psiog-001,MAC-04,rg-mac-04-backend-prod,Microsoft.Compute/virtualMachines,Virtual Machines,Compute,,1119.09,INR,87.57,1 Hour
2026-02-27,sub-psiog-001,MAC-04,rg-mac-04-backend-prod,Microsoft.Storage/storageAccounts/fileServices,File Storage,Storage,team:Backend,380.1,INR,68.8,1 Hour
2026-02-27,sub-psiog-001,MAC-04,rg-mac-04-backend-prod,Microsoft.Network/virtualNetworks,Virtual Networks,Networking,team:Backend,231.51,INR,92.73,1 Hour
2026-02-27,sub-psiog-001,MAC-04,rg-mac-04-backend-prod,Microsoft.DocumentDB/databaseAccounts,Cosmos DB,Data Services,team:Backend,623.2,INR,46.97,1 Hour
2026-02-27,sub-psiog-001,MAC-04,rg-mac-04-qa-prod,Microsoft.Compute/virtualMachines,Virtual Machines,Compute,team:QA,483.45,INR,53.62,1 Hour
2026-02-27,sub-psiog-001,MAC-04,rg-mac-04-qa-prod,Microsoft.Storage/storageAccounts/fileServices,File Storage,Storage,,194.41,INR,23.72,1 Hour
2026-02-27,sub-psiog-001,MAC-04,rg-mac-04-qa-prod,Microsoft.Network/loadBalancers,Load Balancers,Networking,team:QA,91.26,INR,23.24,1 Hour
2026-02-27,sub-psiog-001,MAC-04,rg-mac-04-qa-prod,Microsoft.DocumentDB/databaseAccounts,Cosmos DB,Data Services,team:QA,245.59,INR,91.57,1 Hour
2026-02-27,sub-psiog-001,MAC-05,rg-mac-05-security-prod,Microsoft.Compute/virtualMachines,Virtual Machines,Compute,team:Security,757.09,INR,53.57,1 Hour
2026-02-27,sub-psiog-001,MAC-05,rg-mac-05-security-prod,Microsoft.Storage/storageAccounts/fileServices,File Storage,Storage,team:Security,281.26,INR,54.63,1 Hour
2026-02-27,sub-psiog-001,MAC-05,rg-mac-05-security-prod,Microsoft.Network/virtualNetworks,Virtual Networks,Networking,team:Security,350.33,INR,8.6,1 Hour
2026-02-27,sub-psiog-001,MAC-05,rg-mac-05-security-prod,Microsoft.DocumentDB/databaseAccounts,Cosmos DB,Data Services,team:Security,388.98,INR,29.23,1 Hour
2026-02-27,sub-psiog-001,MAC-05,rg-mac-05-compliance-prod,Microsoft.Compute/virtualMachines,Virtual Machines,Compute,,385.8,INR,68.91,1 Hour
2026-02-27,sub-psiog-001,MAC-05,rg-mac-05-compliance-prod,Microsoft.Storage/storageAccounts/fileServices,File Storage,Storage,team:Compliance,250.69,INR,46.91,1 Hour
2026-02-27,sub-psiog-001,MAC-05,rg-mac-05-compliance-prod,Microsoft.Network/virtualNetworks,Virtual Networks,Networking,team:Compliance,163.58,INR,26.31,1 Hour
2026-02-27,sub-psiog-001,MAC-05,rg-mac-05-compliance-prod,Microsoft.DocumentDB/databaseAccounts,Cosmos DB,Data Services,team:Compliance,361.7,INR,34.1,1 Hour
2026-02-27,sub-psiog-001,MAC-06,rg-mac-06-infrastructure-prod,Microsoft.ContainerService/managedClusters,AKS Clusters,Compute,team:Infrastructure,1786.73,INR,16.14,1 Hour
2026-02-27,sub-psiog-001,MAC-06,rg-mac-06-infrastructure-prod,Microsoft.Storage/storageAccounts/fileServices,File Storage,Storage,team:Infrastructure,483.76,INR,43.34,1 Hour
2026-02-27,sub-psiog-001,MAC-06,rg-mac-06-infrastructure-prod,Microsoft.Network/virtualNetworks,Virtual Networks,Networking,team:Infrastructure,377.99,INR,3.96,1 Hour
2026-02-27,sub-psiog-001,MAC-06,rg-mac-06-infrastructure-prod,Microsoft.DocumentDB/databaseAccounts,Cosmos DB,Data Services,team:Infrastructure,502.51,INR,26.04,1 Hour
2026-02-27,sub-psiog-001,MAC-06,rg-mac-06-cloudops-prod,Microsoft.Compute/virtualMachines,Virtual Machines,Compute,team:CloudOps,1255.92,INR,89.83,1 Hour
2026-02-27,sub-psiog-001,MAC-06,rg-mac-06-cloudops-prod,Microsoft.Storage/storageAccounts/fileServices,File Storage,Storage,team:CloudOps,478.66,INR,11.69,1 Hour
2026-02-27,sub-psiog-001,MAC-06,rg-mac-06-cloudops-prod,Microsoft.Network/virtualNetworks,Virtual Networks,Networking,team:CloudOps,363.26,INR,62.76,1 Hour
2026-02-27,sub-psiog-001,MAC-06,rg-mac-06-cloudops-prod,Microsoft.DocumentDB/databaseAccounts,Cosmos DB,Data Services,team:CloudOps,456.86,INR,59.37,1 Hour
2026-02-27,sub-psiog-001,MAC-07,rg-mac-07-ml-prod,Microsoft.ContainerService/managedClusters,AKS Clusters,Compute,team:ML,2036.57,INR,76.15,1 Hour
2026-02-27,sub-psiog-001,MAC-07,rg-mac-07-ml-prod,Microsoft.Storage/storageAccounts/fileServices,File Storage,Storage,,613.03,INR,97.26,1 Hour
2026-02-27,sub-psiog-001,MAC-07,rg-mac-07-ml-prod,Microsoft.Network/virtualNetworks,Virtual Networks,Networking,team:ML,213.15,INR,33.49,1 Hour
2026-02-27,sub-psiog-001,MAC-07,rg-mac-07-ml-prod,Microsoft.DocumentDB/databaseAccounts,Cosmos DB,Data Services,team:ML,781.88,INR,95.05,1 Hour
2026-02-27,sub-psiog-001,MAC-07,rg-mac-07-research-prod,Microsoft.ContainerService/managedClusters,AKS Clusters,Compute,team:Research,759.65,INR,64.63,1 Hour
2026-02-27,sub-psiog-001,MAC-07,rg-mac-07-research-prod,Microsoft.Storage/storageAccounts/fileServices,File Storage,Storage,,527.14,INR,95.43,1 Hour
2026-02-27,sub-psiog-001,MAC-07,rg-mac-07-research-prod,Microsoft.Network/loadBalancers,Load Balancers,Networking,,192.3,INR,59.67,1 Hour
2026-02-27,sub-psiog-001,MAC-07,rg-mac-07-research-prod,Microsoft.DocumentDB/databaseAccounts,Cosmos DB,Data Services,team:Research,773.94,INR,68.54,1 Hour
2026-02-27,sub-psiog-001,MAC-08,rg-mac-08-finance-prod,Microsoft.Compute/virtualMachines,Virtual Machines,Compute,team:Finance,337.65,INR,85.15,1 Hour
2026-02-27,sub-psiog-001,MAC-08,rg-mac-08-finance-prod,Microsoft.Storage/storageAccounts/fileServices,File Storage,Storage,team:Finance,256.13,INR,57.53,1 Hour
2026-02-27,sub-psiog-001,MAC-08,rg-mac-08-finance-prod,Microsoft.Network/loadBalancers,Load Balancers,Networking,team:Finance,120.95,INR,56.85,1 Hour
2026-02-27,sub-psiog-001,MAC-08,rg-mac-08-finance-prod,Microsoft.DocumentDB/databaseAccounts,Cosmos DB,Data Services,team:Finance,439.24,INR,57.06,1 Hour
2026-02-27,sub-psiog-001,MAC-08,rg-mac-08-operations-prod,Microsoft.Compute/virtualMachines,Virtual Machines,Compute,team:Operations,451.92,INR,61.62,1 Hour
2026-02-27,sub-psiog-001,MAC-08,rg-mac-08-operations-prod,Microsoft.Storage/storageAccounts,Blob Storage,Storage,team:Operations,372.6,INR,40.25,1 Hour
2026-02-27,sub-psiog-001,MAC-08,rg-mac-08-operations-prod,Microsoft.Network/virtualNetworks,Virtual Networks,Networking,team:Operations,162.02,INR,58.22,1 Hour
2026-02-27,sub-psiog-001,MAC-08,rg-mac-08-operations-prod,Microsoft.Sql/servers/databases,SQL Database,Data Services,team:Operations,392.24,INR,7.8,1 Hour
2026-02-28,sub-psiog-001,MAC-01,rg-mac-01-devops-prod,Microsoft.ContainerService/managedClusters,AKS Clusters,Compute,team:DevOps,1474.57,INR,19.69,1 Hour
2026-02-28,sub-psiog-001,MAC-01,rg-mac-01-devops-prod,Microsoft.Storage/storageAccounts/fileServices,File Storage,Storage,team:DevOps,330.75,INR,90.56,1 Hour
2026-02-28,sub-psiog-001,MAC-01,rg-mac-01-devops-prod,Microsoft.Network/virtualNetworks,Virtual Networks,Networking,team:DevOps,237.99,INR,91.81,1 Hour
2026-02-28,sub-psiog-001,MAC-01,rg-mac-01-devops-prod,Microsoft.DocumentDB/databaseAccounts,Cosmos DB,Data Services,team:DevOps,487.02,INR,99.77,1 Hour
2026-02-28,sub-psiog-001,MAC-01,rg-mac-01-platform-prod,Microsoft.Compute/virtualMachines,Virtual Machines,Compute,team:Platform,1049.61,INR,66.3,1 Hour
2026-02-28,sub-psiog-001,MAC-01,rg-mac-01-platform-prod,Microsoft.Storage/storageAccounts/fileServices,File Storage,Storage,team:Platform,277.02,INR,51.64,1 Hour
2026-02-28,sub-psiog-001,MAC-01,rg-mac-01-platform-prod,Microsoft.Network/loadBalancers,Load Balancers,Networking,team:Platform,251.16,INR,32.08,1 Hour
2026-02-28,sub-psiog-001,MAC-01,rg-mac-01-platform-prod,Microsoft.DocumentDB/databaseAccounts,Cosmos DB,Data Services,team:Platform,367.8,INR,43.17,1 Hour
2026-02-28,sub-psiog-001,MAC-02,rg-mac-02-dataengineering-prod,Microsoft.Compute/virtualMachines,Virtual Machines,Compute,team:DataEngineering,1147.71,INR,43.24,1 Hour
2026-02-28,sub-psiog-001,MAC-02,rg-mac-02-dataengineering-prod,Microsoft.Storage/storageAccounts/fileServices,File Storage,Storage,team:DataEngineering,759.87,INR,30.94,1 Hour
2026-02-28,sub-psiog-001,MAC-02,rg-mac-02-dataengineering-prod,Microsoft.Network/virtualNetworks,Virtual Networks,Networking,team:DataEngineering,204.68,INR,1.24,1 Hour
2026-02-28,sub-psiog-001,MAC-02,rg-mac-02-dataengineering-prod,Microsoft.Sql/servers/databases,SQL Database,Data Services,team:DataEngineering,999.83,INR,16.61,1 Hour
2026-02-28,sub-psiog-001,MAC-02,rg-mac-02-analytics-prod,Microsoft.ContainerService/managedClusters,AKS Clusters,Compute,team:Analytics,958.03,INR,46.84,1 Hour
2026-02-28,sub-psiog-001,MAC-02,rg-mac-02-analytics-prod,Microsoft.Storage/storageAccounts,Blob Storage,Storage,team:Analytics,661.6,INR,51.48,1 Hour
2026-02-28,sub-psiog-001,MAC-02,rg-mac-02-analytics-prod,Microsoft.Network/virtualNetworks,Virtual Networks,Networking,team:Analytics,192.26,INR,13.68,1 Hour
2026-02-28,sub-psiog-001,MAC-02,rg-mac-02-analytics-prod,Microsoft.Sql/servers/databases,SQL Database,Data Services,team:Analytics,908.32,INR,37.52,1 Hour
2026-02-28,sub-psiog-001,MAC-03,rg-mac-03-product-prod,Microsoft.ContainerService/managedClusters,AKS Clusters,Compute,team:Product,766.63,INR,79.99,1 Hour
2026-02-28,sub-psiog-001,MAC-03,rg-mac-03-product-prod,Microsoft.Storage/storageAccounts,Blob Storage,Storage,team:Product,211.33,INR,75.88,1 Hour
2026-02-28,sub-psiog-001,MAC-03,rg-mac-03-product-prod,Microsoft.Network/virtualNetworks,Virtual Networks,Networking,,137.54,INR,26.37,1 Hour
2026-02-28,sub-psiog-001,MAC-03,rg-mac-03-product-prod,Microsoft.DocumentDB/databaseAccounts,Cosmos DB,Data Services,team:Product,364.12,INR,42.27,1 Hour
2026-02-28,sub-psiog-001,MAC-03,rg-mac-03-frontend-prod,Microsoft.ContainerService/managedClusters,AKS Clusters,Compute,team:Frontend,488.98,INR,40.71,1 Hour
2026-02-28,sub-psiog-001,MAC-03,rg-mac-03-frontend-prod,Microsoft.Storage/storageAccounts,Blob Storage,Storage,team:Frontend,160.35,INR,43.76,1 Hour
2026-02-28,sub-psiog-001,MAC-03,rg-mac-03-frontend-prod,Microsoft.Network/loadBalancers,Load Balancers,Networking,team:Frontend,123.1,INR,13.65,1 Hour
2026-02-28,sub-psiog-001,MAC-03,rg-mac-03-frontend-prod,Microsoft.DocumentDB/databaseAccounts,Cosmos DB,Data Services,team:Frontend,209.98,INR,20.26,1 Hour
2026-02-28,sub-psiog-001,MAC-04,rg-mac-04-backend-prod,Microsoft.ContainerService/managedClusters,AKS Clusters,Compute,team:Backend,1149.64,INR,59.24,1 Hour
2026-02-28,sub-psiog-001,MAC-04,rg-mac-04-backend-prod,Microsoft.Storage/storageAccounts,Blob Storage,Storage,team:Backend,396.43,INR,44.86,1 Hour
2026-02-28,sub-psiog-001,MAC-04,rg-mac-04-backend-prod,Microsoft.Network/loadBalancers,Load Balancers,Networking,team:Backend,252.22,INR,69.84,1 Hour
2026-02-28,sub-psiog-001,MAC-04,rg-mac-04-backend-prod,Microsoft.DocumentDB/databaseAccounts,Cosmos DB,Data Services,,507.11,INR,13.02,1 Hour
2026-02-28,sub-psiog-001,MAC-04,rg-mac-04-qa-prod,Microsoft.Compute/virtualMachines,Virtual Machines,Compute,team:QA,470.06,INR,20.54,1 Hour
2026-02-28,sub-psiog-001,MAC-04,rg-mac-04-qa-prod,Microsoft.Storage/storageAccounts,Blob Storage,Storage,team:QA,183.04,INR,86.07,1 Hour
2026-02-28,sub-psiog-001,MAC-04,rg-mac-04-qa-prod,Microsoft.Network/virtualNetworks,Virtual Networks,Networking,team:QA,102.29,INR,64.32,1 Hour
2026-02-28,sub-psiog-001,MAC-04,rg-mac-04-qa-prod,Microsoft.Sql/servers/databases,SQL Database,Data Services,team:QA,238.43,INR,13.57,1 Hour
2026-02-28,sub-psiog-001,MAC-05,rg-mac-05-security-prod,Microsoft.Compute/virtualMachines,Virtual Machines,Compute,team:Security,667.05,INR,39.38,1 Hour
2026-02-28,sub-psiog-001,MAC-05,rg-mac-05-security-prod,Microsoft.Storage/storageAccounts,Blob Storage,Storage,team:Security,240.88,INR,15.58,1 Hour
2026-02-28,sub-psiog-001,MAC-05,rg-mac-05-security-prod,Microsoft.Network/loadBalancers,Load Balancers,Networking,team:Security,312.6,INR,11.4,1 Hour
2026-02-28,sub-psiog-001,MAC-05,rg-mac-05-security-prod,Microsoft.DocumentDB/databaseAccounts,Cosmos DB,Data Services,team:Security,363.99,INR,26.34,1 Hour
2026-02-28,sub-psiog-001,MAC-05,rg-mac-05-compliance-prod,Microsoft.Compute/virtualMachines,Virtual Machines,Compute,team:Compliance,389.72,INR,86.69,1 Hour
2026-02-28,sub-psiog-001,MAC-05,rg-mac-05-compliance-prod,Microsoft.Storage/storageAccounts/fileServices,File Storage,Storage,team:Compliance,241.56,INR,36.9,1 Hour
2026-02-28,sub-psiog-001,MAC-05,rg-mac-05-compliance-prod,Microsoft.Network/virtualNetworks,Virtual Networks,Networking,team:Compliance,178.06,INR,8.74,1 Hour
2026-02-28,sub-psiog-001,MAC-05,rg-mac-05-compliance-prod,Microsoft.Sql/servers/databases,SQL Database,Data Services,team:Compliance,335.53,INR,58.53,1 Hour
2026-02-28,sub-psiog-001,MAC-06,rg-mac-06-infrastructure-prod,Microsoft.ContainerService/managedClusters,AKS Clusters,Compute,team:Infrastructure,1453.79,INR,90.56,1 Hour
2026-02-28,sub-psiog-001,MAC-06,rg-mac-06-infrastructure-prod,Microsoft.Storage/storageAccounts,Blob Storage,Storage,team:Infrastructure,478.16,INR,23.3,1 Hour
2026-02-28,sub-psiog-001,MAC-06,rg-mac-06-infrastructure-prod,Microsoft.Network/virtualNetworks,Virtual Networks,Networking,team:Infrastructure,423.06,INR,38.03,1 Hour
2026-02-28,sub-psiog-001,MAC-06,rg-mac-06-infrastructure-prod,Microsoft.DocumentDB/databaseAccounts,Cosmos DB,Data Services,team:Infrastructure,471.89,INR,98.48,1 Hour
2026-02-28,sub-psiog-001,MAC-06,rg-mac-06-cloudops-prod,Microsoft.Compute/virtualMachines,Virtual Machines,Compute,team:CloudOps,1647.34,INR,13.32,1 Hour
2026-02-28,sub-psiog-001,MAC-06,rg-mac-06-cloudops-prod,Microsoft.Storage/storageAccounts/fileServices,File Storage,Storage,team:CloudOps,433.19,INR,82.0,1 Hour
2026-02-28,sub-psiog-001,MAC-06,rg-mac-06-cloudops-prod,Microsoft.Network/loadBalancers,Load Balancers,Networking,,352.02,INR,17.42,1 Hour
2026-02-28,sub-psiog-001,MAC-06,rg-mac-06-cloudops-prod,Microsoft.DocumentDB/databaseAccounts,Cosmos DB,Data Services,team:CloudOps,466.53,INR,13.88,1 Hour
2026-02-28,sub-psiog-001,MAC-07,rg-mac-07-ml-prod,Microsoft.ContainerService/managedClusters,AKS Clusters,Compute,team:ML,1737.87,INR,31.38,1 Hour
2026-02-28,sub-psiog-001,MAC-07,rg-mac-07-ml-prod,Microsoft.Storage/storageAccounts,Blob Storage,Storage,team:ML,640.1,INR,85.93,1 Hour
2026-02-28,sub-psiog-001,MAC-07,rg-mac-07-ml-prod,Microsoft.Network/virtualNetworks,Virtual Networks,Networking,team:ML,215.08,INR,94.45,1 Hour
2026-02-28,sub-psiog-001,MAC-07,rg-mac-07-ml-prod,Microsoft.DocumentDB/databaseAccounts,Cosmos DB,Data Services,team:ML,858.93,INR,1.82,1 Hour
2026-02-28,sub-psiog-001,MAC-07,rg-mac-07-research-prod,Microsoft.ContainerService/managedClusters,AKS Clusters,Compute,team:Research,802.11,INR,78.99,1 Hour
2026-02-28,sub-psiog-001,MAC-07,rg-mac-07-research-prod,Microsoft.Storage/storageAccounts,Blob Storage,Storage,team:Research,430.13,INR,38.02,1 Hour
2026-02-28,sub-psiog-001,MAC-07,rg-mac-07-research-prod,Microsoft.Network/virtualNetworks,Virtual Networks,Networking,team:Research,217.43,INR,26.72,1 Hour
2026-02-28,sub-psiog-001,MAC-07,rg-mac-07-research-prod,Microsoft.Sql/servers/databases,SQL Database,Data Services,team:Research,816.37,INR,7.01,1 Hour
2026-02-28,sub-psiog-001,MAC-08,rg-mac-08-finance-prod,Microsoft.ContainerService/managedClusters,AKS Clusters,Compute,team:Finance,333.54,INR,57.65,1 Hour
2026-02-28,sub-psiog-001,MAC-08,rg-mac-08-finance-prod,Microsoft.Storage/storageAccounts,Blob Storage,Storage,team:Finance,249.18,INR,66.58,1 Hour
2026-02-28,sub-psiog-001,MAC-08,rg-mac-08-finance-prod,Microsoft.Network/virtualNetworks,Virtual Networks,Networking,team:Finance,105.96,INR,81.28,1 Hour
2026-02-28,sub-psiog-001,MAC-08,rg-mac-08-finance-prod,Microsoft.Sql/servers/databases,SQL Database,Data Services,team:Finance,534.05,INR,12.69,1 Hour
2026-02-28,sub-psiog-001,MAC-08,rg-mac-08-operations-prod,Microsoft.Compute/virtualMachines,Virtual Machines,Compute,team:Operations,570.04,INR,97.96,1 Hour
2026-02-28,sub-psiog-001,MAC-08,rg-mac-08-operations-prod,Microsoft.Storage/storageAccounts/fileServices,File Storage,Storage,team:Operations,289.97,INR,82.33,1 Hour
2026-02-28,sub-psiog-001,MAC-08,rg-mac-08-operations-prod,Microsoft.Network/loadBalancers,Load Balancers,Networking,team:Operations,134.59,INR,16.17,1 Hour
2026-02-28,sub-psiog-001,MAC-08,rg-mac-08-operations-prod,Microsoft.Sql/servers/databases,SQL Database,Data Services,team:Operations,474.72,INR,76.63,1 Hour
2026-03-01,sub-psiog-001,MAC-01,rg-mac-01-devops-prod,Microsoft.ContainerService/managedClusters,AKS Clusters,Compute,team:DevOps,1291.05,INR,40.75,1 Hour
2026-03-01,sub-psiog-001,MAC-01,rg-mac-01-devops-prod,Microsoft.Storage/storageAccounts/fileServices,File Storage,Storage,team:DevOps,348.91,INR,92.18,1 Hour
2026-03-01,sub-psiog-001,MAC-01,rg-mac-01-devops-prod,Microsoft.Network/loadBalancers,Load Balancers,Networking,team:DevOps,225.9,INR,72.49,1 Hour
2026-03-01,sub-psiog-001,MAC-01,rg-mac-01-devops-prod,Microsoft.DocumentDB/databaseAccounts,Cosmos DB,Data Services,team:DevOps,458.43,INR,43.92,1 Hour
2026-03-01,sub-psiog-001,MAC-01,rg-mac-01-platform-prod,Microsoft.ContainerService/managedClusters,AKS Clusters,Compute,team:Platform,1311.97,INR,69.03,1 Hour
2026-03-01,sub-psiog-001,MAC-01,rg-mac-01-platform-prod,Microsoft.Storage/storageAccounts,Blob Storage,Storage,team:Platform,348.43,INR,56.54,1 Hour
2026-03-01,sub-psiog-001,MAC-01,rg-mac-01-platform-prod,Microsoft.Network/loadBalancers,Load Balancers,Networking,team:Platform,239.84,INR,12.39,1 Hour
2026-03-01,sub-psiog-001,MAC-01,rg-mac-01-platform-prod,Microsoft.Sql/servers/databases,SQL Database,Data Services,team:Platform,402.56,INR,61.26,1 Hour
2026-03-01,sub-psiog-001,MAC-02,rg-mac-02-dataengineering-prod,Microsoft.Compute/virtualMachines,Virtual Machines,Compute,team:DataEngineering,988.66,INR,3.1,1 Hour
2026-03-01,sub-psiog-001,MAC-02,rg-mac-02-dataengineering-prod,Microsoft.Storage/storageAccounts,Blob Storage,Storage,team:DataEngineering,642.26,INR,94.62,1 Hour
2026-03-01,sub-psiog-001,MAC-02,rg-mac-02-dataengineering-prod,Microsoft.Network/loadBalancers,Load Balancers,Networking,team:DataEngineering,174.53,INR,61.51,1 Hour
2026-03-01,sub-psiog-001,MAC-02,rg-mac-02-dataengineering-prod,Microsoft.DocumentDB/databaseAccounts,Cosmos DB,Data Services,team:DataEngineering,1093.35,INR,70.76,1 Hour
2026-03-01,sub-psiog-001,MAC-02,rg-mac-02-analytics-prod,Microsoft.Compute/virtualMachines,Virtual Machines,Compute,team:Analytics,1059.6,INR,86.39,1 Hour
2026-03-01,sub-psiog-001,MAC-02,rg-mac-02-analytics-prod,Microsoft.Storage/storageAccounts,Blob Storage,Storage,team:Analytics,600.0,INR,84.87,1 Hour
2026-03-01,sub-psiog-001,MAC-02,rg-mac-02-analytics-prod,Microsoft.Network/loadBalancers,Load Balancers,Networking,team:Analytics,192.57,INR,15.19,1 Hour
2026-03-01,sub-psiog-001,MAC-02,rg-mac-02-analytics-prod,Microsoft.Sql/servers/databases,SQL Database,Data Services,team:Analytics,1061.73,INR,16.81,1 Hour
2026-03-01,sub-psiog-001,MAC-03,rg-mac-03-product-prod,Microsoft.ContainerService/managedClusters,AKS Clusters,Compute,team:Product,611.72,INR,7.78,1 Hour
2026-03-01,sub-psiog-001,MAC-03,rg-mac-03-product-prod,Microsoft.Storage/storageAccounts,Blob Storage,Storage,team:Product,197.83,INR,23.56,1 Hour
2026-03-01,sub-psiog-001,MAC-03,rg-mac-03-product-prod,Microsoft.Network/virtualNetworks,Virtual Networks,Networking,team:Product,143.23,INR,32.46,1 Hour
2026-03-01,sub-psiog-001,MAC-03,rg-mac-03-product-prod,Microsoft.Sql/servers/databases,SQL Database,Data Services,team:Product,303.02,INR,81.54,1 Hour
2026-03-01,sub-psiog-001,MAC-03,rg-mac-03-frontend-prod,Microsoft.ContainerService/managedClusters,AKS Clusters,Compute,team:Frontend,532.58,INR,25.81,1 Hour
2026-03-01,sub-psiog-001,MAC-03,rg-mac-03-frontend-prod,Microsoft.Storage/storageAccounts/fileServices,File Storage,Storage,team:Frontend,169.9,INR,15.18,1 Hour
2026-03-01,sub-psiog-001,MAC-03,rg-mac-03-frontend-prod,Microsoft.Network/loadBalancers,Load Balancers,Networking,team:Frontend,112.67,INR,38.98,1 Hour
2026-03-01,sub-psiog-001,MAC-03,rg-mac-03-frontend-prod,Microsoft.DocumentDB/databaseAccounts,Cosmos DB,Data Services,team:Frontend,233.44,INR,3.7,1 Hour
2026-03-01,sub-psiog-001,MAC-04,rg-mac-04-backend-prod,Microsoft.Compute/virtualMachines,Virtual Machines,Compute,team:Backend,1042.48,INR,92.98,1 Hour
2026-03-01,sub-psiog-001,MAC-04,rg-mac-04-backend-prod,Microsoft.Storage/storageAccounts,Blob Storage,Storage,team:Backend,406.98,INR,21.34,1 Hour
2026-03-01,sub-psiog-001,MAC-04,rg-mac-04-backend-prod,Microsoft.Network/loadBalancers,Load Balancers,Networking,team:Backend,231.2,INR,1.75,1 Hour
2026-03-01,sub-psiog-001,MAC-04,rg-mac-04-backend-prod,Microsoft.Sql/servers/databases,SQL Database,Data Services,team:Backend,546.66,INR,20.47,1 Hour
2026-03-01,sub-psiog-001,MAC-04,rg-mac-04-qa-prod,Microsoft.ContainerService/managedClusters,AKS Clusters,Compute,team:QA,426.56,INR,75.75,1 Hour
2026-03-01,sub-psiog-001,MAC-04,rg-mac-04-qa-prod,Microsoft.Storage/storageAccounts/fileServices,File Storage,Storage,team:QA,179.17,INR,85.59,1 Hour
2026-03-01,sub-psiog-001,MAC-04,rg-mac-04-qa-prod,Microsoft.Network/loadBalancers,Load Balancers,Networking,team:QA,96.65,INR,33.08,1 Hour
2026-03-01,sub-psiog-001,MAC-04,rg-mac-04-qa-prod,Microsoft.DocumentDB/databaseAccounts,Cosmos DB,Data Services,team:QA,260.42,INR,43.49,1 Hour
2026-03-01,sub-psiog-001,MAC-05,rg-mac-05-security-prod,Microsoft.Compute/virtualMachines,Virtual Machines,Compute,team:Security,895.19,INR,97.45,1 Hour
2026-03-01,sub-psiog-001,MAC-05,rg-mac-05-security-prod,Microsoft.Storage/storageAccounts,Blob Storage,Storage,team:Security,280.55,INR,95.19,1 Hour
2026-03-01,sub-psiog-001,MAC-05,rg-mac-05-security-prod,Microsoft.Network/loadBalancers,Load Balancers,Networking,team:Security,370.61,INR,4.58,1 Hour
2026-03-01,sub-psiog-001,MAC-05,rg-mac-05-security-prod,Microsoft.DocumentDB/databaseAccounts,Cosmos DB,Data Services,,394.58,INR,23.61,1 Hour
2026-03-01,sub-psiog-001,MAC-05,rg-mac-05-compliance-prod,Microsoft.Compute/virtualMachines,Virtual Machines,Compute,team:Compliance,336.11,INR,74.52,1 Hour
2026-03-01,sub-psiog-001,MAC-05,rg-mac-05-compliance-prod,Microsoft.Storage/storageAccounts,Blob Storage,Storage,team:Compliance,221.38,INR,73.31,1 Hour
2026-03-01,sub-psiog-001,MAC-05,rg-mac-05-compliance-prod,Microsoft.Network/virtualNetworks,Virtual Networks,Networking,team:Compliance,174.6,INR,29.42,1 Hour
2026-03-01,sub-psiog-001,MAC-05,rg-mac-05-compliance-prod,Microsoft.DocumentDB/databaseAccounts,Cosmos DB,Data Services,,335.93,INR,78.34,1 Hour
2026-03-01,sub-psiog-001,MAC-06,rg-mac-06-infrastructure-prod,Microsoft.Compute/virtualMachines,Virtual Machines,Compute,team:Infrastructure,1404.77,INR,24.36,1 Hour
2026-03-01,sub-psiog-001,MAC-06,rg-mac-06-infrastructure-prod,Microsoft.Storage/storageAccounts,Blob Storage,Storage,team:Infrastructure,380.34,INR,73.06,1 Hour
2026-03-01,sub-psiog-001,MAC-06,rg-mac-06-infrastructure-prod,Microsoft.Network/virtualNetworks,Virtual Networks,Networking,,377.96,INR,34.84,1 Hour
2026-03-01,sub-psiog-001,MAC-06,rg-mac-06-infrastructure-prod,Microsoft.Sql/servers/databases,SQL Database,Data Services,team:Infrastructure,463.8,INR,55.85,1 Hour
2026-03-01,sub-psiog-001,MAC-06,rg-mac-06-cloudops-prod,Microsoft.Compute/virtualMachines,Virtual Machines,Compute,team:CloudOps,1314.72,INR,17.06,1 Hour
2026-03-01,sub-psiog-001,MAC-06,rg-mac-06-cloudops-prod,Microsoft.Storage/storageAccounts,Blob Storage,Storage,team:CloudOps,433.67,INR,20.69,1 Hour
2026-03-01,sub-psiog-001,MAC-06,rg-mac-06-cloudops-prod,Microsoft.Network/loadBalancers,Load Balancers,Networking,team:CloudOps,346.6,INR,38.99,1 Hour
2026-03-01,sub-psiog-001,MAC-06,rg-mac-06-cloudops-prod,Microsoft.DocumentDB/databaseAccounts,Cosmos DB,Data Services,,435.35,INR,99.62,1 Hour
2026-03-01,sub-psiog-001,MAC-07,rg-mac-07-ml-prod,Microsoft.Compute/virtualMachines,Virtual Machines,Compute,,2025.19,INR,4.93,1 Hour
2026-03-01,sub-psiog-001,MAC-07,rg-mac-07-ml-prod,Microsoft.Storage/storageAccounts,Blob Storage,Storage,team:ML,581.2,INR,11.73,1 Hour
2026-03-01,sub-psiog-001,MAC-07,rg-mac-07-ml-prod,Microsoft.Network/virtualNetworks,Virtual Networks,Networking,,205.0,INR,88.24,1 Hour
2026-03-01,sub-psiog-001,MAC-07,rg-mac-07-ml-prod,Microsoft.DocumentDB/databaseAccounts,Cosmos DB,Data Services,team:ML,717.95,INR,11.94,1 Hour
2026-03-01,sub-psiog-001,MAC-07,rg-mac-07-research-prod,Microsoft.Compute/virtualMachines,Virtual Machines,Compute,team:Research,989.83,INR,70.28,1 Hour
2026-03-01,sub-psiog-001,MAC-07,rg-mac-07-research-prod,Microsoft.Storage/storageAccounts,Blob Storage,Storage,team:Research,534.09,INR,50.12,1 Hour
2026-03-01,sub-psiog-001,MAC-07,rg-mac-07-research-prod,Microsoft.Network/loadBalancers,Load Balancers,Networking,,227.14,INR,73.96,1 Hour
2026-03-01,sub-psiog-001,MAC-07,rg-mac-07-research-prod,Microsoft.DocumentDB/databaseAccounts,Cosmos DB,Data Services,team:Research,638.96,INR,29.87,1 Hour
2026-03-01,sub-psiog-001,MAC-08,rg-mac-08-finance-prod,Microsoft.Compute/virtualMachines,Virtual Machines,Compute,team:Finance,289.0,INR,86.72,1 Hour
2026-03-01,sub-psiog-001,MAC-08,rg-mac-08-finance-prod,Microsoft.Storage/storageAccounts/fileServices,File Storage,Storage,team:Finance,200.75,INR,45.6,1 Hour
2026-03-01,sub-psiog-001,MAC-08,rg-mac-08-finance-prod,Microsoft.Network/loadBalancers,Load Balancers,Networking,,115.32,INR,69.36,1 Hour
2026-03-01,sub-psiog-001,MAC-08,rg-mac-08-finance-prod,Microsoft.Sql/servers/databases,SQL Database,Data Services,team:Finance,489.19,INR,19.17,1 Hour
2026-03-01,sub-psiog-001,MAC-08,rg-mac-08-operations-prod,Microsoft.ContainerService/managedClusters,AKS Clusters,Compute,team:Operations,529.25,INR,5.26,1 Hour
2026-03-01,sub-psiog-001,MAC-08,rg-mac-08-operations-prod,Microsoft.Storage/storageAccounts,Blob Storage,Storage,team:Operations,372.9,INR,14.21,1 Hour
2026-03-01,sub-psiog-001,MAC-08,rg-mac-08-operations-prod,Microsoft.Network/virtualNetworks,Virtual Networks,Networking,,131.91,INR,92.41,1 Hour
2026-03-01,sub-psiog-001,MAC-08,rg-mac-08-operations-prod,Microsoft.DocumentDB/databaseAccounts,Cosmos DB,Data Services,team:Operations,476.71,INR,29.93,1 Hour
2026-03-02,sub-psiog-001,MAC-01,rg-mac-01-devops-prod,Microsoft.Compute/virtualMachines,Virtual Machines,Compute,team:DevOps,1321.59,INR,40.52,1 Hour
2026-03-02,sub-psiog-001,MAC-01,rg-mac-01-devops-prod,Microsoft.Storage/storageAccounts,Blob Storage,Storage,team:DevOps,361.13,INR,92.09,1 Hour
2026-03-02,sub-psiog-001,MAC-01,rg-mac-01-devops-prod,Microsoft.Network/virtualNetworks,Virtual Networks,Networking,team:DevOps,212.34,INR,46.28,1 Hour
2026-03-02,sub-psiog-001,MAC-01,rg-mac-01-devops-prod,Microsoft.DocumentDB/databaseAccounts,Cosmos DB,Data Services,team:DevOps,425.22,INR,60.54,1 Hour
2026-03-02,sub-psiog-001,MAC-01,rg-mac-01-platform-prod,Microsoft.ContainerService/managedClusters,AKS Clusters,Compute,team:Platform,1294.62,INR,5.69,1 Hour
2026-03-02,sub-psiog-001,MAC-01,rg-mac-01-platform-prod,Microsoft.Storage/storageAccounts/fileServices,File Storage,Storage,team:Platform,332.48,INR,15.73,1 Hour
2026-03-02,sub-psiog-001,MAC-01,rg-mac-01-platform-prod,Microsoft.Network/virtualNetworks,Virtual Networks,Networking,team:Platform,266.87,INR,92.52,1 Hour
2026-03-02,sub-psiog-001,MAC-01,rg-mac-01-platform-prod,Microsoft.Sql/servers/databases,SQL Database,Data Services,team:Platform,471.99,INR,17.69,1 Hour
2026-03-02,sub-psiog-001,MAC-02,rg-mac-02-dataengineering-prod,Microsoft.Compute/virtualMachines,Virtual Machines,Compute,team:DataEngineering,875.7,INR,98.67,1 Hour
2026-03-02,sub-psiog-001,MAC-02,rg-mac-02-dataengineering-prod,Microsoft.Storage/storageAccounts,Blob Storage,Storage,team:DataEngineering,685.3,INR,29.1,1 Hour
2026-03-02,sub-psiog-001,MAC-02,rg-mac-02-dataengineering-prod,Microsoft.Network/virtualNetworks,Virtual Networks,Networking,team:DataEngineering,203.58,INR,82.88,1 Hour
2026-03-02,sub-psiog-001,MAC-02,rg-mac-02-dataengineering-prod,Microsoft.Sql/servers/databases,SQL Database,Data Services,team:DataEngineering,1139.82,INR,39.18,1 Hour
2026-03-02,sub-psiog-001,MAC-02,rg-mac-02-analytics-prod,Microsoft.ContainerService/managedClusters,AKS Clusters,Compute,team:Analytics,937.35,INR,13.01,1 Hour
2026-03-02,sub-psiog-001,MAC-02,rg-mac-02-analytics-prod,Microsoft.Storage/storageAccounts/fileServices,File Storage,Storage,team:Analytics,616.47,INR,43.17,1 Hour
2026-03-02,sub-psiog-001,MAC-02,rg-mac-02-analytics-prod,Microsoft.Network/virtualNetworks,Virtual Networks,Networking,team:Analytics,198.55,INR,25.67,1 Hour
2026-03-02,sub-psiog-001,MAC-02,rg-mac-02-analytics-prod,Microsoft.Sql/servers/databases,SQL Database,Data Services,team:Analytics,995.21,INR,84.9,1 Hour
2026-03-02,sub-psiog-001,MAC-03,rg-mac-03-product-prod,Microsoft.ContainerService/managedClusters,AKS Clusters,Compute,team:Product,614.46,INR,30.54,1 Hour
2026-03-02,sub-psiog-001,MAC-03,rg-mac-03-product-prod,Microsoft.Storage/storageAccounts/fileServices,File Storage,Storage,,223.99,INR,21.1,1 Hour
2026-03-02,sub-psiog-001,MAC-03,rg-mac-03-product-prod,Microsoft.Network/virtualNetworks,Virtual Networks,Networking,team:Product,114.52,INR,76.26,1 Hour
2026-03-02,sub-psiog-001,MAC-03,rg-mac-03-product-prod,Microsoft.Sql/servers/databases,SQL Database,Data Services,team:Product,355.91,INR,38.32,1 Hour
2026-03-02,sub-psiog-001,MAC-03,rg-mac-03-frontend-prod,Microsoft.ContainerService/managedClusters,AKS Clusters,Compute,team:Frontend,623.11,INR,79.13,1 Hour
2026-03-02,sub-psiog-001,MAC-03,rg-mac-03-frontend-prod,Microsoft.Storage/storageAccounts/fileServices,File Storage,Storage,,182.18,INR,31.98,1 Hour
2026-03-02,sub-psiog-001,MAC-03,rg-mac-03-frontend-prod,Microsoft.Network/virtualNetworks,Virtual Networks,Networking,team:Frontend,114.92,INR,6.38,1 Hour
2026-03-02,sub-psiog-001,MAC-03,rg-mac-03-frontend-prod,Microsoft.Sql/servers/databases,SQL Database,Data Services,team:Frontend,242.75,INR,81.19,1 Hour
2026-03-02,sub-psiog-001,MAC-04,rg-mac-04-backend-prod,Microsoft.Compute/virtualMachines,Virtual Machines,Compute,team:Backend,1159.75,INR,19.01,1 Hour
2026-03-02,sub-psiog-001,MAC-04,rg-mac-04-backend-prod,Microsoft.Storage/storageAccounts,Blob Storage,Storage,team:Backend,360.26,INR,34.37,1 Hour
2026-03-02,sub-psiog-001,MAC-04,rg-mac-04-backend-prod,Microsoft.Network/loadBalancers,Load Balancers,Networking,team:Backend,215.78,INR,9.71,1 Hour
2026-03-02,sub-psiog-001,MAC-04,rg-mac-04-backend-prod,Microsoft.DocumentDB/databaseAccounts,Cosmos DB,Data Services,team:Backend,612.82,INR,62.6,1 Hour
2026-03-02,sub-psiog-001,MAC-04,rg-mac-04-qa-prod,Microsoft.ContainerService/managedClusters,AKS Clusters,Compute,team:QA,502.3,INR,67.34,1 Hour
2026-03-02,sub-psiog-001,MAC-04,rg-mac-04-qa-prod,Microsoft.Storage/storageAccounts,Blob Storage,Storage,team:QA,217.21,INR,73.25,1 Hour
2026-03-02,sub-psiog-001,MAC-04,rg-mac-04-qa-prod,Microsoft.Network/virtualNetworks,Virtual Networks,Networking,team:QA,92.05,INR,75.19,1 Hour
2026-03-02,sub-psiog-001,MAC-04,rg-mac-04-qa-prod,Microsoft.Sql/servers/databases,SQL Database,Data Services,team:QA,297.0,INR,5.56,1 Hour
2026-03-02,sub-psiog-001,MAC-05,rg-mac-05-security-prod,Microsoft.ContainerService/managedClusters,AKS Clusters,Compute,team:Security,747.52,INR,27.87,1 Hour
2026-03-02,sub-psiog-001,MAC-05,rg-mac-05-security-prod,Microsoft.Storage/storageAccounts,Blob Storage,Storage,team:Security,283.57,INR,80.23,1 Hour
2026-03-02,sub-psiog-001,MAC-05,rg-mac-05-security-prod,Microsoft.Network/loadBalancers,Load Balancers,Networking,team:Security,362.24,INR,67.67,1 Hour
2026-03-02,sub-psiog-001,MAC-05,rg-mac-05-security-prod,Microsoft.Sql/servers/databases,SQL Database,Data Services,team:Security,402.77,INR,88.57,1 Hour
2026-03-02,sub-psiog-001,MAC-05,rg-mac-05-compliance-prod,Microsoft.ContainerService/managedClusters,AKS Clusters,Compute,team:Compliance,361.84,INR,57.0,1 Hour
2026-03-02,sub-psiog-001,MAC-05,rg-mac-05-compliance-prod,Microsoft.Storage/storageAccounts/fileServices,File Storage,Storage,team:Compliance,265.66,INR,77.09,1 Hour
2026-03-02,sub-psiog-001,MAC-05,rg-mac-05-compliance-prod,Microsoft.Network/virtualNetworks,Virtual Networks,Networking,team:Compliance,151.41,INR,19.77,1 Hour
2026-03-02,sub-psiog-001,MAC-05,rg-mac-05-compliance-prod,Microsoft.Sql/servers/databases,SQL Database,Data Services,team:Compliance,359.65,INR,10.61,1 Hour
2026-03-02,sub-psiog-001,MAC-06,rg-mac-06-infrastructure-prod,Microsoft.ContainerService/managedClusters,AKS Clusters,Compute,team:Infrastructure,1658.3,INR,27.46,1 Hour
2026-03-02,sub-psiog-001,MAC-06,rg-mac-06-infrastructure-prod,Microsoft.Storage/storageAccounts,Blob Storage,Storage,team:Infrastructure,453.64,INR,7.75,1 Hour
2026-03-02,sub-psiog-001,MAC-06,rg-mac-06-infrastructure-prod,Microsoft.Network/virtualNetworks,Virtual Networks,Networking,team:Infrastructure,450.14,INR,67.03,1 Hour
2026-03-02,sub-psiog-001,MAC-06,rg-mac-06-infrastructure-prod,Microsoft.Sql/servers/databases,SQL Database,Data Services,team:Infrastructure,503.27,INR,99.99,1 Hour
2026-03-02,sub-psiog-001,MAC-06,rg-mac-06-cloudops-prod,Microsoft.Compute/virtualMachines,Virtual Machines,Compute,team:CloudOps,1482.17,INR,63.46,1 Hour
2026-03-02,sub-psiog-001,MAC-06,rg-mac-06-cloudops-prod,Microsoft.Storage/storageAccounts,Blob Storage,Storage,team:CloudOps,419.22,INR,58.94,1 Hour
2026-03-02,sub-psiog-001,MAC-06,rg-mac-06-cloudops-prod,Microsoft.Network/virtualNetworks,Virtual Networks,Networking,team:CloudOps,351.73,INR,43.28,1 Hour
2026-03-02,sub-psiog-001,MAC-06,rg-mac-06-cloudops-prod,Microsoft.DocumentDB/databaseAccounts,Cosmos DB,Data Services,team:CloudOps,407.76,INR,36.15,1 Hour
2026-03-02,sub-psiog-001,MAC-07,rg-mac-07-ml-prod,Microsoft.Compute/virtualMachines,Virtual Machines,Compute,team:ML,6881.04,INR,28.67,1 Hour
2026-03-02,sub-psiog-001,MAC-07,rg-mac-07-ml-prod,Microsoft.Storage/storageAccounts,Blob Storage,Storage,team:ML,619.98,INR,70.06,1 Hour
2026-03-02,sub-psiog-001,MAC-07,rg-mac-07-ml-prod,Microsoft.Network/virtualNetworks,Virtual Networks,Networking,team:ML,254.22,INR,8.64,1 Hour
2026-03-02,sub-psiog-001,MAC-07,rg-mac-07-ml-prod,Microsoft.Sql/servers/databases,SQL Database,Data Services,team:ML,751.2,INR,93.63,1 Hour
2026-03-02,sub-psiog-001,MAC-07,rg-mac-07-research-prod,Microsoft.ContainerService/managedClusters,AKS Clusters,Compute,team:Research,814.93,INR,38.62,1 Hour
2026-03-02,sub-psiog-001,MAC-07,rg-mac-07-research-prod,Microsoft.Storage/storageAccounts,Blob Storage,Storage,team:Research,529.95,INR,25.78,1 Hour
2026-03-02,sub-psiog-001,MAC-07,rg-mac-07-research-prod,Microsoft.Network/virtualNetworks,Virtual Networks,Networking,team:Research,189.22,INR,1.57,1 Hour
2026-03-02,sub-psiog-001,MAC-07,rg-mac-07-research-prod,Microsoft.DocumentDB/databaseAccounts,Cosmos DB,Data Services,team:Research,670.33,INR,42.87,1 Hour
2026-03-02,sub-psiog-001,MAC-08,rg-mac-08-finance-prod,Microsoft.ContainerService/managedClusters,AKS Clusters,Compute,team:Finance,375.73,INR,51.26,1 Hour
2026-03-02,sub-psiog-001,MAC-08,rg-mac-08-finance-prod,Microsoft.Storage/storageAccounts/fileServices,File Storage,Storage,team:Finance,222.53,INR,25.9,1 Hour
2026-03-02,sub-psiog-001,MAC-08,rg-mac-08-finance-prod,Microsoft.Network/loadBalancers,Load Balancers,Networking,team:Finance,127.24,INR,66.84,1 Hour
2026-03-02,sub-psiog-001,MAC-08,rg-mac-08-finance-prod,Microsoft.DocumentDB/databaseAccounts,Cosmos DB,Data Services,team:Finance,513.17,INR,4.13,1 Hour
2026-03-02,sub-psiog-001,MAC-08,rg-mac-08-operations-prod,Microsoft.Compute/virtualMachines,Virtual Machines,Compute,team:Operations,443.79,INR,71.55,1 Hour
2026-03-02,sub-psiog-001,MAC-08,rg-mac-08-operations-prod,Microsoft.Storage/storageAccounts,Blob Storage,Storage,team:Operations,365.67,INR,45.03,1 Hour
2026-03-02,sub-psiog-001,MAC-08,rg-mac-08-operations-prod,Microsoft.Network/loadBalancers,Load Balancers,Networking,team:Operations,141.93,INR,1.48,1 Hour
2026-03-02,sub-psiog-001,MAC-08,rg-mac-08-operations-prod,Microsoft.DocumentDB/databaseAccounts,Cosmos DB,Data Services,team:Operations,394.64,INR,29.09,1 Hour
2026-03-03,sub-psiog-001,MAC-01,rg-mac-01-devops-prod,Microsoft.Compute/virtualMachines,Virtual Machines,Compute,team:DevOps,1409.69,INR,16.81,1 Hour
2026-03-03,sub-psiog-001,MAC-01,rg-mac-01-devops-prod,Microsoft.Storage/storageAccounts,Blob Storage,Storage,team:DevOps,357.35,INR,6.19,1 Hour
2026-03-03,sub-psiog-001,MAC-01,rg-mac-01-devops-prod,Microsoft.Network/loadBalancers,Load Balancers,Networking,team:DevOps,229.77,INR,33.59,1 Hour
2026-03-03,sub-psiog-001,MAC-01,rg-mac-01-devops-prod,Microsoft.DocumentDB/databaseAccounts,Cosmos DB,Data Services,,478.51,INR,47.89,1 Hour
2026-03-03,sub-psiog-001,MAC-01,rg-mac-01-platform-prod,Microsoft.ContainerService/managedClusters,AKS Clusters,Compute,team:Platform,1148.66,INR,40.83,1 Hour
2026-03-03,sub-psiog-001,MAC-01,rg-mac-01-platform-prod,Microsoft.Storage/storageAccounts,Blob Storage,Storage,team:Platform,291.51,INR,8.27,1 Hour
2026-03-03,sub-psiog-001,MAC-01,rg-mac-01-platform-prod,Microsoft.Network/loadBalancers,Load Balancers,Networking,team:Platform,258.34,INR,30.6,1 Hour
2026-03-03,sub-psiog-001,MAC-01,rg-mac-01-platform-prod,Microsoft.DocumentDB/databaseAccounts,Cosmos DB,Data Services,team:Platform,370.01,INR,87.71,1 Hour
2026-03-03,sub-psiog-001,MAC-02,rg-mac-02-dataengineering-prod,Microsoft.ContainerService/managedClusters,AKS Clusters,Compute,team:DataEngineering,958.27,INR,58.97,1 Hour
2026-03-03,sub-psiog-001,MAC-02,rg-mac-02-dataengineering-prod,Microsoft.Storage/storageAccounts,Blob Storage,Storage,team:DataEngineering,657.74,INR,43.18,1 Hour
2026-03-03,sub-psiog-001,MAC-02,rg-mac-02-dataengineering-prod,Microsoft.Network/loadBalancers,Load Balancers,Networking,team:DataEngineering,210.14,INR,10.49,1 Hour
2026-03-03,sub-psiog-001,MAC-02,rg-mac-02-dataengineering-prod,Microsoft.Sql/servers/databases,SQL Database,Data Services,team:DataEngineering,881.97,INR,7.36,1 Hour
2026-03-03,sub-psiog-001,MAC-02,rg-mac-02-analytics-prod,Microsoft.Compute/virtualMachines,Virtual Machines,Compute,team:Analytics,971.26,INR,34.41,1 Hour
2026-03-03,sub-psiog-001,MAC-02,rg-mac-02-analytics-prod,Microsoft.Storage/storageAccounts/fileServices,File Storage,Storage,,611.51,INR,58.58,1 Hour
2026-03-03,sub-psiog-001,MAC-02,rg-mac-02-analytics-prod,Microsoft.Network/loadBalancers,Load Balancers,Networking,team:Analytics,173.55,INR,48.69,1 Hour
2026-03-03,sub-psiog-001,MAC-02,rg-mac-02-analytics-prod,Microsoft.Sql/servers/databases,SQL Database,Data Services,team:Analytics,1064.29,INR,32.36,1 Hour
2026-03-03,sub-psiog-001,MAC-03,rg-mac-03-product-prod,Microsoft.Compute/virtualMachines,Virtual Machines,Compute,team:Product,666.23,INR,35.24,1 Hour
2026-03-03,sub-psiog-001,MAC-03,rg-mac-03-product-prod,Microsoft.Storage/storageAccounts,Blob Storage,Storage,team:Product,251.31,INR,72.18,1 Hour
2026-03-03,sub-psiog-001,MAC-03,rg-mac-03-product-prod,Microsoft.Network/virtualNetworks,Virtual Networks,Networking,team:Product,138.78,INR,32.09,1 Hour
2026-03-03,sub-psiog-001,MAC-03,rg-mac-03-product-prod,Microsoft.DocumentDB/databaseAccounts,Cosmos DB,Data Services,team:Product,373.31,INR,37.69,1 Hour
2026-03-03,sub-psiog-001,MAC-03,rg-mac-03-frontend-prod,Microsoft.Compute/virtualMachines,Virtual Machines,Compute,team:Frontend,497.0,INR,6.42,1 Hour
2026-03-03,sub-psiog-001,MAC-03,rg-mac-03-frontend-prod,Microsoft.Storage/storageAccounts/fileServices,File Storage,Storage,team:Frontend,148.28,INR,90.38,1 Hour
2026-03-03,sub-psiog-001,MAC-03,rg-mac-03-frontend-prod,Microsoft.Network/virtualNetworks,Virtual Networks,Networking,team:Frontend,96.57,INR,55.87,1 Hour
2026-03-03,sub-psiog-001,MAC-03,rg-mac-03-frontend-prod,Microsoft.DocumentDB/databaseAccounts,Cosmos DB,Data Services,team:Frontend,203.65,INR,26.56,1 Hour
2026-03-03,sub-psiog-001,MAC-04,rg-mac-04-backend-prod,Microsoft.ContainerService/managedClusters,AKS Clusters,Compute,team:Backend,1125.92,INR,30.75,1 Hour
2026-03-03,sub-psiog-001,MAC-04,rg-mac-04-backend-prod,Microsoft.Storage/storageAccounts,Blob Storage,Storage,team:Backend,412.53,INR,71.11,1 Hour
2026-03-03,sub-psiog-001,MAC-04,rg-mac-04-backend-prod,Microsoft.Network/virtualNetworks,Virtual Networks,Networking,team:Backend,257.24,INR,37.28,1 Hour
2026-03-03,sub-psiog-001,MAC-04,rg-mac-04-backend-prod,Microsoft.Sql/servers/databases,SQL Database,Data Services,team:Backend,592.17,INR,73.71,1 Hour
2026-03-03,sub-psiog-001,MAC-04,rg-mac-04-qa-prod,Microsoft.ContainerService/managedClusters,AKS Clusters,Compute,,482.37,INR,32.13,1 Hour
2026-03-03,sub-psiog-001,MAC-04,rg-mac-04-qa-prod,Microsoft.Storage/storageAccounts/fileServices,File Storage,Storage,team:QA,219.36,INR,9.52,1 Hour
2026-03-03,sub-psiog-001,MAC-04,rg-mac-04-qa-prod,Microsoft.Network/loadBalancers,Load Balancers,Networking,team:QA,105.75,INR,33.13,1 Hour
2026-03-03,sub-psiog-001,MAC-04,rg-mac-04-qa-prod,Microsoft.DocumentDB/databaseAccounts,Cosmos DB,Data Services,,263.1,INR,46.3,1 Hour
2026-03-03,sub-psiog-001,MAC-05,rg-mac-05-security-prod,Microsoft.ContainerService/managedClusters,AKS Clusters,Compute,,785.84,INR,37.69,1 Hour
2026-03-03,sub-psiog-001,MAC-05,rg-mac-05-security-prod,Microsoft.Storage/storageAccounts/fileServices,File Storage,Storage,team:Security,267.59,INR,46.21,1 Hour
2026-03-03,sub-psiog-001,MAC-05,rg-mac-05-security-prod,Microsoft.Network/loadBalancers,Load Balancers,Networking,team:Security,329.99,INR,49.39,1 Hour
2026-03-03,sub-psiog-001,MAC-05,rg-mac-05-security-prod,Microsoft.Sql/servers/databases,SQL Database,Data Services,team:Security,381.25,INR,99.6,1 Hour
2026-03-03,sub-psiog-001,MAC-05,rg-mac-05-compliance-prod,Microsoft.ContainerService/managedClusters,AKS Clusters,Compute,team:Compliance,358.22,INR,9.18,1 Hour
2026-03-03,sub-psiog-001,MAC-05,rg-mac-05-compliance-prod,Microsoft.Storage/storageAccounts,Blob Storage,Storage,team:Compliance,226.64,INR,68.95,1 Hour
2026-03-03,sub-psiog-001,MAC-05,rg-mac-05-compliance-prod,Microsoft.Network/loadBalancers,Load Balancers,Networking,,174.25,INR,83.66,1 Hour
2026-03-03,sub-psiog-001,MAC-05,rg-mac-05-compliance-prod,Microsoft.DocumentDB/databaseAccounts,Cosmos DB,Data Services,team:Compliance,341.86,INR,76.49,1 Hour
2026-03-03,sub-psiog-001,MAC-06,rg-mac-06-infrastructure-prod,Microsoft.ContainerService/managedClusters,AKS Clusters,Compute,team:Infrastructure,1559.95,INR,55.26,1 Hour
2026-03-03,sub-psiog-001,MAC-06,rg-mac-06-infrastructure-prod,Microsoft.Storage/storageAccounts/fileServices,File Storage,Storage,team:Infrastructure,404.57,INR,85.71,1 Hour
2026-03-03,sub-psiog-001,MAC-06,rg-mac-06-infrastructure-prod,Microsoft.Network/loadBalancers,Load Balancers,Networking,,354.45,INR,37.36,1 Hour
2026-03-03,sub-psiog-001,MAC-06,rg-mac-06-infrastructure-prod,Microsoft.DocumentDB/databaseAccounts,Cosmos DB,Data Services,team:Infrastructure,489.71,INR,21.19,1 Hour
2026-03-03,sub-psiog-001,MAC-06,rg-mac-06-cloudops-prod,Microsoft.Compute/virtualMachines,Virtual Machines,Compute,team:CloudOps,1355.72,INR,86.69,1 Hour
2026-03-03,sub-psiog-001,MAC-06,rg-mac-06-cloudops-prod,Microsoft.Storage/storageAccounts/fileServices,File Storage,Storage,team:CloudOps,469.74,INR,42.22,1 Hour
2026-03-03,sub-psiog-001,MAC-06,rg-mac-06-cloudops-prod,Microsoft.Network/virtualNetworks,Virtual Networks,Networking,team:CloudOps,319.83,INR,17.98,1 Hour
2026-03-03,sub-psiog-001,MAC-06,rg-mac-06-cloudops-prod,Microsoft.Sql/servers/databases,SQL Database,Data Services,team:CloudOps,390.74,INR,72.51,1 Hour
2026-03-03,sub-psiog-001,MAC-07,rg-mac-07-ml-prod,Microsoft.ContainerService/managedClusters,AKS Clusters,Compute,team:ML,1569.04,INR,96.64,1 Hour
2026-03-03,sub-psiog-001,MAC-07,rg-mac-07-ml-prod,Microsoft.Storage/storageAccounts/fileServices,File Storage,Storage,team:ML,546.04,INR,15.98,1 Hour
2026-03-03,sub-psiog-001,MAC-07,rg-mac-07-ml-prod,Microsoft.Network/loadBalancers,Load Balancers,Networking,team:ML,219.84,INR,28.83,1 Hour
2026-03-03,sub-psiog-001,MAC-07,rg-mac-07-ml-prod,Microsoft.Sql/servers/databases,SQL Database,Data Services,team:ML,783.19,INR,10.63,1 Hour
2026-03-03,sub-psiog-001,MAC-07,rg-mac-07-research-prod,Microsoft.Compute/virtualMachines,Virtual Machines,Compute,team:Research,764.69,INR,67.62,1 Hour
2026-03-03,sub-psiog-001,MAC-07,rg-mac-07-research-prod,Microsoft.Storage/storageAccounts/fileServices,File Storage,Storage,team:Research,493.28,INR,55.79,1 Hour
2026-03-03,sub-psiog-001,MAC-07,rg-mac-07-research-prod,Microsoft.Network/virtualNetworks,Virtual Networks,Networking,team:Research,200.88,INR,76.77,1 Hour
2026-03-03,sub-psiog-001,MAC-07,rg-mac-07-research-prod,Microsoft.DocumentDB/databaseAccounts,Cosmos DB,Data Services,,686.99,INR,68.29,1 Hour
2026-03-03,sub-psiog-001,MAC-08,rg-mac-08-finance-prod,Microsoft.Compute/virtualMachines,Virtual Machines,Compute,team:Finance,355.48,INR,87.52,1 Hour
2026-03-03,sub-psiog-001,MAC-08,rg-mac-08-finance-prod,Microsoft.Storage/storageAccounts/fileServices,File Storage,Storage,team:Finance,247.59,INR,19.42,1 Hour
2026-03-03,sub-psiog-001,MAC-08,rg-mac-08-finance-prod,Microsoft.Network/virtualNetworks,Virtual Networks,Networking,team:Finance,118.98,INR,47.42,1 Hour
2026-03-03,sub-psiog-001,MAC-08,rg-mac-08-finance-prod,Microsoft.DocumentDB/databaseAccounts,Cosmos DB,Data Services,team:Finance,432.71,INR,53.64,1 Hour
2026-03-03,sub-psiog-001,MAC-08,rg-mac-08-operations-prod,Microsoft.Compute/virtualMachines,Virtual Machines,Compute,team:Operations,545.63,INR,62.38,1 Hour
2026-03-03,sub-psiog-001,MAC-08,rg-mac-08-operations-prod,Microsoft.Storage/storageAccounts/fileServices,File Storage,Storage,team:Operations,311.2,INR,45.87,1 Hour
2026-03-03,sub-psiog-001,MAC-08,rg-mac-08-operations-prod,Microsoft.Network/loadBalancers,Load Balancers,Networking,team:Operations,131.66,INR,36.01,1 Hour
2026-03-03,sub-psiog-001,MAC-08,rg-mac-08-operations-prod,Microsoft.Sql/servers/databases,SQL Database,Data Services,team:Operations,445.5,INR,1.66,1 Hour
2026-03-04,sub-psiog-001,MAC-01,rg-mac-01-devops-prod,Microsoft.ContainerService/managedClusters,AKS Clusters,Compute,,1447.82,INR,9.05,1 Hour
2026-03-04,sub-psiog-001,MAC-01,rg-mac-01-devops-prod,Microsoft.Storage/storageAccounts/fileServices,File Storage,Storage,team:DevOps,305.71,INR,70.87,1 Hour
2026-03-04,sub-psiog-001,MAC-01,rg-mac-01-devops-prod,Microsoft.Network/virtualNetworks,Virtual Networks,Networking,team:DevOps,253.59,INR,29.79,1 Hour
2026-03-04,sub-psiog-001,MAC-01,rg-mac-01-devops-prod,Microsoft.DocumentDB/databaseAccounts,Cosmos DB,Data Services,team:DevOps,420.57,INR,72.62,1 Hour
2026-03-04,sub-psiog-001,MAC-01,rg-mac-01-platform-prod,Microsoft.ContainerService/managedClusters,AKS Clusters,Compute,team:Platform,1320.08,INR,82.58,1 Hour
2026-03-04,sub-psiog-001,MAC-01,rg-mac-01-platform-prod,Microsoft.Storage/storageAccounts/fileServices,File Storage,Storage,team:Platform,296.22,INR,21.22,1 Hour
2026-03-04,sub-psiog-001,MAC-01,rg-mac-01-platform-prod,Microsoft.Network/virtualNetworks,Virtual Networks,Networking,team:Platform,275.77,INR,45.36,1 Hour
2026-03-04,sub-psiog-001,MAC-01,rg-mac-01-platform-prod,Microsoft.Sql/servers/databases,SQL Database,Data Services,team:Platform,482.88,INR,7.36,1 Hour
2026-03-04,sub-psiog-001,MAC-02,rg-mac-02-dataengineering-prod,Microsoft.Compute/virtualMachines,Virtual Machines,Compute,team:DataEngineering,1146.42,INR,17.39,1 Hour
2026-03-04,sub-psiog-001,MAC-02,rg-mac-02-dataengineering-prod,Microsoft.Storage/storageAccounts,Blob Storage,Storage,team:DataEngineering,622.93,INR,57.46,1 Hour
2026-03-04,sub-psiog-001,MAC-02,rg-mac-02-dataengineering-prod,Microsoft.Network/virtualNetworks,Virtual Networks,Networking,team:DataEngineering,203.55,INR,3.58,1 Hour
2026-03-04,sub-psiog-001,MAC-02,rg-mac-02-dataengineering-prod,Microsoft.Sql/servers/databases,SQL Database,Data Services,team:DataEngineering,1063.26,INR,68.23,1 Hour
2026-03-04,sub-psiog-001,MAC-02,rg-mac-02-analytics-prod,Microsoft.Compute/virtualMachines,Virtual Machines,Compute,team:Analytics,933.29,INR,44.31,1 Hour
2026-03-04,sub-psiog-001,MAC-02,rg-mac-02-analytics-prod,Microsoft.Storage/storageAccounts/fileServices,File Storage,Storage,,669.11,INR,33.76,1 Hour
2026-03-04,sub-psiog-001,MAC-02,rg-mac-02-analytics-prod,Microsoft.Network/loadBalancers,Load Balancers,Networking,team:Analytics,177.17,INR,58.07,1 Hour
2026-03-04,sub-psiog-001,MAC-02,rg-mac-02-analytics-prod,Microsoft.DocumentDB/databaseAccounts,Cosmos DB,Data Services,team:Analytics,999.35,INR,77.82,1 Hour
2026-03-04,sub-psiog-001,MAC-03,rg-mac-03-product-prod,Microsoft.Compute/virtualMachines,Virtual Machines,Compute,team:Product,643.61,INR,27.63,1 Hour
2026-03-04,sub-psiog-001,MAC-03,rg-mac-03-product-prod,Microsoft.Storage/storageAccounts/fileServices,File Storage,Storage,team:Product,215.6,INR,7.74,1 Hour
2026-03-04,sub-psiog-001,MAC-03,rg-mac-03-product-prod,Microsoft.Network/virtualNetworks,Virtual Networks,Networking,team:Product,132.98,INR,90.16,1 Hour
2026-03-04,sub-psiog-001,MAC-03,rg-mac-03-product-prod,Microsoft.DocumentDB/databaseAccounts,Cosmos DB,Data Services,team:Product,378.59,INR,25.6,1 Hour
2026-03-04,sub-psiog-001,MAC-03,rg-mac-03-frontend-prod,Microsoft.Compute/virtualMachines,Virtual Machines,Compute,team:Frontend,622.93,INR,12.73,1 Hour
2026-03-04,sub-psiog-001,MAC-03,rg-mac-03-frontend-prod,Microsoft.Storage/storageAccounts/fileServices,File Storage,Storage,team:Frontend,144.97,INR,6.58,1 Hour
2026-03-04,sub-psiog-001,MAC-03,rg-mac-03-frontend-prod,Microsoft.Network/virtualNetworks,Virtual Networks,Networking,team:Frontend,115.31,INR,72.4,1 Hour
2026-03-04,sub-psiog-001,MAC-03,rg-mac-03-frontend-prod,Microsoft.DocumentDB/databaseAccounts,Cosmos DB,Data Services,team:Frontend,191.41,INR,62.42,1 Hour
2026-03-04,sub-psiog-001,MAC-04,rg-mac-04-backend-prod,Microsoft.ContainerService/managedClusters,AKS Clusters,Compute,,1082.86,INR,75.31,1 Hour
2026-03-04,sub-psiog-001,MAC-04,rg-mac-04-backend-prod,Microsoft.Storage/storageAccounts,Blob Storage,Storage,team:Backend,435.55,INR,41.17,1 Hour
2026-03-04,sub-psiog-001,MAC-04,rg-mac-04-backend-prod,Microsoft.Network/virtualNetworks,Virtual Networks,Networking,team:Backend,265.68,INR,83.98,1 Hour
2026-03-04,sub-psiog-001,MAC-04,rg-mac-04-backend-prod,Microsoft.DocumentDB/databaseAccounts,Cosmos DB,Data Services,team:Backend,570.26,INR,10.4,1 Hour
2026-03-04,sub-psiog-001,MAC-04,rg-mac-04-qa-prod,Microsoft.ContainerService/managedClusters,AKS Clusters,Compute,team:QA,454.01,INR,12.68,1 Hour
2026-03-04,sub-psiog-001,MAC-04,rg-mac-04-qa-prod,Microsoft.Storage/storageAccounts/fileServices,File Storage,Storage,team:QA,228.0,INR,68.09,1 Hour
2026-03-04,sub-psiog-001,MAC-04,rg-mac-04-qa-prod,Microsoft.Network/virtualNetworks,Virtual Networks,Networking,team:QA,115.01,INR,59.62,1 Hour
2026-03-04,sub-psiog-001,MAC-04,rg-mac-04-qa-prod,Microsoft.Sql/servers/databases,SQL Database,Data Services,,284.8,INR,61.92,1 Hour
2026-03-04,sub-psiog-001,MAC-05,rg-mac-05-security-prod,Microsoft.ContainerService/managedClusters,AKS Clusters,Compute,team:Security,725.07,INR,52.39,1 Hour
2026-03-04,sub-psiog-001,MAC-05,rg-mac-05-security-prod,Microsoft.Storage/storageAccounts,Blob Storage,Storage,team:Security,269.43,INR,52.64,1 Hour
2026-03-04,sub-psiog-001,MAC-05,rg-mac-05-security-prod,Microsoft.Network/virtualNetworks,Virtual Networks,Networking,team:Security,331.38,INR,28.29,1 Hour
2026-03-04,sub-psiog-001,MAC-05,rg-mac-05-security-prod,Microsoft.DocumentDB/databaseAccounts,Cosmos DB,Data Services,team:Security,418.2,INR,10.41,1 Hour
2026-03-04,sub-psiog-001,MAC-05,rg-mac-05-compliance-prod,Microsoft.ContainerService/managedClusters,AKS Clusters,Compute,team:Compliance,346.17,INR,35.55,1 Hour
2026-03-04,sub-psiog-001,MAC-05,rg-mac-05-compliance-prod,Microsoft.Storage/storageAccounts/fileServices,File Storage,Storage,team:Compliance,279.35,INR,89.9,1 Hour
2026-03-04,sub-psiog-001,MAC-05,rg-mac-05-compliance-prod,Microsoft.Network/virtualNetworks,Virtual Networks,Networking,team:Compliance,172.84,INR,82.09,1 Hour
2026-03-04,sub-psiog-001,MAC-05,rg-mac-05-compliance-prod,Microsoft.DocumentDB/databaseAccounts,Cosmos DB,Data Services,team:Compliance,360.59,INR,11.96,1 Hour
2026-03-04,sub-psiog-001,MAC-06,rg-mac-06-infrastructure-prod,Microsoft.Compute/virtualMachines,Virtual Machines,Compute,team:Infrastructure,1806.07,INR,65.75,1 Hour
2026-03-04,sub-psiog-001,MAC-06,rg-mac-06-infrastructure-prod,Microsoft.Storage/storageAccounts/fileServices,File Storage,Storage,team:Infrastructure,418.16,INR,23.49,1 Hour
2026-03-04,sub-psiog-001,MAC-06,rg-mac-06-infrastructure-prod,Microsoft.Network/virtualNetworks,Virtual Networks,Networking,team:Infrastructure,377.5,INR,5.78,1 Hour
2026-03-04,sub-psiog-001,MAC-06,rg-mac-06-infrastructure-prod,Microsoft.Sql/servers/databases,SQL Database,Data Services,team:Infrastructure,436.98,INR,35.31,1 Hour
2026-03-04,sub-psiog-001,MAC-06,rg-mac-06-cloudops-prod,Microsoft.ContainerService/managedClusters,AKS Clusters,Compute,team:CloudOps,1274.4,INR,99.74,1 Hour
2026-03-04,sub-psiog-001,MAC-06,rg-mac-06-cloudops-prod,Microsoft.Storage/storageAccounts,Blob Storage,Storage,team:CloudOps,427.47,INR,88.58,1 Hour
2026-03-04,sub-psiog-001,MAC-06,rg-mac-06-cloudops-prod,Microsoft.Network/loadBalancers,Load Balancers,Networking,team:CloudOps,323.95,INR,13.44,1 Hour
2026-03-04,sub-psiog-001,MAC-06,rg-mac-06-cloudops-prod,Microsoft.Sql/servers/databases,SQL Database,Data Services,team:CloudOps,494.61,INR,74.66,1 Hour
2026-03-04,sub-psiog-001,MAC-07,rg-mac-07-ml-prod,Microsoft.Compute/virtualMachines,Virtual Machines,Compute,team:ML,1849.31,INR,68.52,1 Hour
2026-03-04,sub-psiog-001,MAC-07,rg-mac-07-ml-prod,Microsoft.Storage/storageAccounts/fileServices,File Storage,Storage,team:ML,583.3,INR,35.72,1 Hour
2026-03-04,sub-psiog-001,MAC-07,rg-mac-07-ml-prod,Microsoft.Network/virtualNetworks,Virtual Networks,Networking,team:ML,217.0,INR,65.87,1 Hour
2026-03-04,sub-psiog-001,MAC-07,rg-mac-07-ml-prod,Microsoft.Sql/servers/databases,SQL Database,Data Services,team:ML,726.42,INR,34.49,1 Hour
2026-03-04,sub-psiog-001,MAC-07,rg-mac-07-research-prod,Microsoft.ContainerService/managedClusters,AKS Clusters,Compute,team:Research,919.76,INR,56.86,1 Hour
2026-03-04,sub-psiog-001,MAC-07,rg-mac-07-research-prod,Microsoft.Storage/storageAccounts,Blob Storage,Storage,team:Research,485.19,INR,6.36,1 Hour
2026-03-04,sub-psiog-001,MAC-07,rg-mac-07-research-prod,Microsoft.Network/virtualNetworks,Virtual Networks,Networking,team:Research,199.51,INR,74.17,1 Hour
2026-03-04,sub-psiog-001,MAC-07,rg-mac-07-research-prod,Microsoft.Sql/servers/databases,SQL Database,Data Services,team:Research,673.85,INR,36.58,1 Hour
2026-03-04,sub-psiog-001,MAC-08,rg-mac-08-finance-prod,Microsoft.Compute/virtualMachines,Virtual Machines,Compute,team:Finance,295.06,INR,48.01,1 Hour
2026-03-04,sub-psiog-001,MAC-08,rg-mac-08-finance-prod,Microsoft.Storage/storageAccounts,Blob Storage,Storage,team:Finance,198.23,INR,30.66,1 Hour
2026-03-04,sub-psiog-001,MAC-08,rg-mac-08-finance-prod,Microsoft.Network/virtualNetworks,Virtual Networks,Networking,team:Finance,118.04,INR,55.91,1 Hour
2026-03-04,sub-psiog-001,MAC-08,rg-mac-08-finance-prod,Microsoft.Sql/servers/databases,SQL Database,Data Services,team:Finance,432.37,INR,96.02,1 Hour
2026-03-04,sub-psiog-001,MAC-08,rg-mac-08-operations-prod,Microsoft.ContainerService/managedClusters,AKS Clusters,Compute,team:Operations,549.03,INR,6.03,1 Hour
2026-03-04,sub-psiog-001,MAC-08,rg-mac-08-operations-prod,Microsoft.Storage/storageAccounts,Blob Storage,Storage,team:Operations,343.19,INR,1.57,1 Hour
2026-03-04,sub-psiog-001,MAC-08,rg-mac-08-operations-prod,Microsoft.Network/loadBalancers,Load Balancers,Networking,team:Operations,142.97,INR,37.11,1 Hour
2026-03-04,sub-psiog-001,MAC-08,rg-mac-08-operations-prod,Microsoft.Sql/servers/databases,SQL Database,Data Services,team:Operations,419.0,INR,51.9,1 Hour
2026-03-05,sub-psiog-001,MAC-01,rg-mac-01-devops-prod,Microsoft.ContainerService/managedClusters,AKS Clusters,Compute,team:DevOps,1468.48,INR,41.18,1 Hour
2026-03-05,sub-psiog-001,MAC-01,rg-mac-01-devops-prod,Microsoft.Storage/storageAccounts/fileServices,File Storage,Storage,,315.27,INR,57.95,1 Hour
2026-03-05,sub-psiog-001,MAC-01,rg-mac-01-devops-prod,Microsoft.Network/virtualNetworks,Virtual Networks,Networking,team:DevOps,202.06,INR,26.87,1 Hour
2026-03-05,sub-psiog-001,MAC-01,rg-mac-01-devops-prod,Microsoft.Sql/servers/databases,SQL Database,Data Services,team:DevOps,415.1,INR,63.77,1 Hour
2026-03-05,sub-psiog-001,MAC-01,rg-mac-01-platform-prod,Microsoft.ContainerService/managedClusters,AKS Clusters,Compute,team:Platform,1413.26,INR,1.92,1 Hour
2026-03-05,sub-psiog-001,MAC-01,rg-mac-01-platform-prod,Microsoft.Storage/storageAccounts/fileServices,File Storage,Storage,team:Platform,271.89,INR,27.62,1 Hour
2026-03-05,sub-psiog-001,MAC-01,rg-mac-01-platform-prod,Microsoft.Network/loadBalancers,Load Balancers,Networking,team:Platform,264.21,INR,68.93,1 Hour
2026-03-05,sub-psiog-001,MAC-01,rg-mac-01-platform-prod,Microsoft.DocumentDB/databaseAccounts,Cosmos DB,Data Services,team:Platform,384.62,INR,75.88,1 Hour
2026-03-05,sub-psiog-001,MAC-02,rg-mac-02-dataengineering-prod,Microsoft.ContainerService/managedClusters,AKS Clusters,Compute,,974.1,INR,64.46,1 Hour
2026-03-05,sub-psiog-001,MAC-02,rg-mac-02-dataengineering-prod,Microsoft.Storage/storageAccounts,Blob Storage,Storage,team:DataEngineering,741.11,INR,37.48,1 Hour
2026-03-05,sub-psiog-001,MAC-02,rg-mac-02-dataengineering-prod,Microsoft.Network/virtualNetworks,Virtual Networks,Networking,team:DataEngineering,212.77,INR,93.24,1 Hour
2026-03-05,sub-psiog-001,MAC-02,rg-mac-02-dataengineering-prod,Microsoft.Sql/servers/databases,SQL Database,Data Services,team:DataEngineering,1118.66,INR,81.67,1 Hour
2026-03-05,sub-psiog-001,MAC-02,rg-mac-02-analytics-prod,Microsoft.Compute/virtualMachines,Virtual Machines,Compute,team:Analytics,915.9,INR,70.01,1 Hour
2026-03-05,sub-psiog-001,MAC-02,rg-mac-02-analytics-prod,Microsoft.Storage/storageAccounts,Blob Storage,Storage,team:Analytics,661.15,INR,76.46,1 Hour
2026-03-05,sub-psiog-001,MAC-02,rg-mac-02-analytics-prod,Microsoft.Network/loadBalancers,Load Balancers,Networking,team:Analytics,175.17,INR,31.76,1 Hour
2026-03-05,sub-psiog-001,MAC-02,rg-mac-02-analytics-prod,Microsoft.DocumentDB/databaseAccounts,Cosmos DB,Data Services,,1054.15,INR,37.31,1 Hour
2026-03-05,sub-psiog-001,MAC-03,rg-mac-03-product-prod,Microsoft.ContainerService/managedClusters,AKS Clusters,Compute,team:Product,606.87,INR,31.13,1 Hour
2026-03-05,sub-psiog-001,MAC-03,rg-mac-03-product-prod,Microsoft.Storage/storageAccounts/fileServices,File Storage,Storage,team:Product,246.92,INR,31.35,1 Hour
2026-03-05,sub-psiog-001,MAC-03,rg-mac-03-product-prod,Microsoft.Network/virtualNetworks,Virtual Networks,Networking,team:Product,144.59,INR,70.4,1 Hour
2026-03-05,sub-psiog-001,MAC-03,rg-mac-03-product-prod,Microsoft.DocumentDB/databaseAccounts,Cosmos DB,Data Services,team:Product,294.14,INR,22.41,1 Hour
2026-03-05,sub-psiog-001,MAC-03,rg-mac-03-frontend-prod,Microsoft.ContainerService/managedClusters,AKS Clusters,Compute,team:Frontend,570.14,INR,50.07,1 Hour
2026-03-05,sub-psiog-001,MAC-03,rg-mac-03-frontend-prod,Microsoft.Storage/storageAccounts/fileServices,File Storage,Storage,,165.29,INR,41.14,1 Hour
2026-03-05,sub-psiog-001,MAC-03,rg-mac-03-frontend-prod,Microsoft.Network/virtualNetworks,Virtual Networks,Networking,team:Frontend,105.9,INR,25.94,1 Hour
2026-03-05,sub-psiog-001,MAC-03,rg-mac-03-frontend-prod,Microsoft.DocumentDB/databaseAccounts,Cosmos DB,Data Services,team:Frontend,225.26,INR,59.57,1 Hour
2026-03-05,sub-psiog-001,MAC-04,rg-mac-04-backend-prod,Microsoft.Compute/virtualMachines,Virtual Machines,Compute,team:Backend,1141.47,INR,98.42,1 Hour
2026-03-05,sub-psiog-001,MAC-04,rg-mac-04-backend-prod,Microsoft.Storage/storageAccounts/fileServices,File Storage,Storage,team:Backend,378.92,INR,94.65,1 Hour
2026-03-05,sub-psiog-001,MAC-04,rg-mac-04-backend-prod,Microsoft.Network/virtualNetworks,Virtual Networks,Networking,team:Backend,261.8,INR,92.04,1 Hour
2026-03-05,sub-psiog-001,MAC-04,rg-mac-04-backend-prod,Microsoft.DocumentDB/databaseAccounts,Cosmos DB,Data Services,team:Backend,608.25,INR,39.96,1 Hour
2026-03-05,sub-psiog-001,MAC-04,rg-mac-04-qa-prod,Microsoft.Compute/virtualMachines,Virtual Machines,Compute,team:QA,505.09,INR,31.21,1 Hour
2026-03-05,sub-psiog-001,MAC-04,rg-mac-04-qa-prod,Microsoft.Storage/storageAccounts/fileServices,File Storage,Storage,team:QA,194.14,INR,55.59,1 Hour
2026-03-05,sub-psiog-001,MAC-04,rg-mac-04-qa-prod,Microsoft.Network/loadBalancers,Load Balancers,Networking,team:QA,91.73,INR,16.91,1 Hour
2026-03-05,sub-psiog-001,MAC-04,rg-mac-04-qa-prod,Microsoft.DocumentDB/databaseAccounts,Cosmos DB,Data Services,team:QA,277.33,INR,83.04,1 Hour
2026-03-05,sub-psiog-001,MAC-05,rg-mac-05-security-prod,Microsoft.ContainerService/managedClusters,AKS Clusters,Compute,team:Security,856.08,INR,68.84,1 Hour
2026-03-05,sub-psiog-001,MAC-05,rg-mac-05-security-prod,Microsoft.Storage/storageAccounts/fileServices,File Storage,Storage,team:Security,302.29,INR,34.59,1 Hour
2026-03-05,sub-psiog-001,MAC-05,rg-mac-05-security-prod,Microsoft.Network/virtualNetworks,Virtual Networks,Networking,team:Security,355.73,INR,60.21,1 Hour
2026-03-05,sub-psiog-001,MAC-05,rg-mac-05-security-prod,Microsoft.Sql/servers/databases,SQL Database,Data Services,team:Security,365.31,INR,67.42,1 Hour
2026-03-05,sub-psiog-001,MAC-05,rg-mac-05-compliance-prod,Microsoft.ContainerService/managedClusters,AKS Clusters,Compute,team:Compliance,379.33,INR,4.11,1 Hour
2026-03-05,sub-psiog-001,MAC-05,rg-mac-05-compliance-prod,Microsoft.Storage/storageAccounts/fileServices,File Storage,Storage,team:Compliance,226.18,INR,55.14,1 Hour
2026-03-05,sub-psiog-001,MAC-05,rg-mac-05-compliance-prod,Microsoft.Network/virtualNetworks,Virtual Networks,Networking,team:Compliance,173.64,INR,96.75,1 Hour
2026-03-05,sub-psiog-001,MAC-05,rg-mac-05-compliance-prod,Microsoft.DocumentDB/databaseAccounts,Cosmos DB,Data Services,team:Compliance,336.99,INR,58.08,1 Hour
2026-03-05,sub-psiog-001,MAC-06,rg-mac-06-infrastructure-prod,Microsoft.Compute/virtualMachines,Virtual Machines,Compute,team:Infrastructure,1522.16,INR,76.02,1 Hour
2026-03-05,sub-psiog-001,MAC-06,rg-mac-06-infrastructure-prod,Microsoft.Storage/storageAccounts/fileServices,File Storage,Storage,team:Infrastructure,433.2,INR,31.86,1 Hour
2026-03-05,sub-psiog-001,MAC-06,rg-mac-06-infrastructure-prod,Microsoft.Network/virtualNetworks,Virtual Networks,Networking,team:Infrastructure,345.34,INR,58.39,1 Hour
2026-03-05,sub-psiog-001,MAC-06,rg-mac-06-infrastructure-prod,Microsoft.Sql/servers/databases,SQL Database,Data Services,team:Infrastructure,431.08,INR,5.4,1 Hour
2026-03-05,sub-psiog-001,MAC-06,rg-mac-06-cloudops-prod,Microsoft.Compute/virtualMachines,Virtual Machines,Compute,team:CloudOps,1511.27,INR,86.95,1 Hour
2026-03-05,sub-psiog-001,MAC-06,rg-mac-06-cloudops-prod,Microsoft.Storage/storageAccounts,Blob Storage,Storage,team:CloudOps,466.32,INR,89.91,1 Hour
2026-03-05,sub-psiog-001,MAC-06,rg-mac-06-cloudops-prod,Microsoft.Network/loadBalancers,Load Balancers,Networking,team:CloudOps,391.03,INR,24.49,1 Hour
2026-03-05,sub-psiog-001,MAC-06,rg-mac-06-cloudops-prod,Microsoft.DocumentDB/databaseAccounts,Cosmos DB,Data Services,team:CloudOps,492.48,INR,19.42,1 Hour
2026-03-05,sub-psiog-001,MAC-07,rg-mac-07-ml-prod,Microsoft.ContainerService/managedClusters,AKS Clusters,Compute,team:ML,1993.08,INR,75.43,1 Hour
2026-03-05,sub-psiog-001,MAC-07,rg-mac-07-ml-prod,Microsoft.Storage/storageAccounts,Blob Storage,Storage,team:ML,603.73,INR,80.47,1 Hour
2026-03-05,sub-psiog-001,MAC-07,rg-mac-07-ml-prod,Microsoft.Network/loadBalancers,Load Balancers,Networking,team:ML,212.32,INR,56.42,1 Hour
2026-03-05,sub-psiog-001,MAC-07,rg-mac-07-ml-prod,Microsoft.Sql/servers/databases,SQL Database,Data Services,team:ML,816.79,INR,7.64,1 Hour
2026-03-05,sub-psiog-001,MAC-07,rg-mac-07-research-prod,Microsoft.Compute/virtualMachines,Virtual Machines,Compute,team:Research,998.52,INR,29.09,1 Hour
2026-03-05,sub-psiog-001,MAC-07,rg-mac-07-research-prod,Microsoft.Storage/storageAccounts,Blob Storage,Storage,team:Research,553.15,INR,52.59,1 Hour
2026-03-05,sub-psiog-001,MAC-07,rg-mac-07-research-prod,Microsoft.Network/loadBalancers,Load Balancers,Networking,team:Research,226.13,INR,45.06,1 Hour
2026-03-05,sub-psiog-001,MAC-07,rg-mac-07-research-prod,Microsoft.Sql/servers/databases,SQL Database,Data Services,team:Research,776.79,INR,13.5,1 Hour
2026-03-05,sub-psiog-001,MAC-08,rg-mac-08-finance-prod,Microsoft.Compute/virtualMachines,Virtual Machines,Compute,team:Finance,329.55,INR,53.98,1 Hour
2026-03-05,sub-psiog-001,MAC-08,rg-mac-08-finance-prod,Microsoft.Storage/storageAccounts/fileServices,File Storage,Storage,team:Finance,246.31,INR,61.34,1 Hour
2026-03-05,sub-psiog-001,MAC-08,rg-mac-08-finance-prod,Microsoft.Network/loadBalancers,Load Balancers,Networking,team:Finance,121.81,INR,36.31,1 Hour
2026-03-05,sub-psiog-001,MAC-08,rg-mac-08-finance-prod,Microsoft.Sql/servers/databases,SQL Database,Data Services,team:Finance,480.64,INR,48.57,1 Hour
2026-03-05,sub-psiog-001,MAC-08,rg-mac-08-operations-prod,Microsoft.Compute/virtualMachines,Virtual Machines,Compute,team:Operations,491.08,INR,42.9,1 Hour
2026-03-05,sub-psiog-001,MAC-08,rg-mac-08-operations-prod,Microsoft.Storage/storageAccounts/fileServices,File Storage,Storage,team:Operations,296.5,INR,80.98,1 Hour
2026-03-05,sub-psiog-001,MAC-08,rg-mac-08-operations-prod,Microsoft.Network/virtualNetworks,Virtual Networks,Networking,team:Operations,128.63,INR,65.29,1 Hour
2026-03-05,sub-psiog-001,MAC-08,rg-mac-08-operations-prod,Microsoft.Sql/servers/databases,SQL Database,Data Services,,376.04,INR,10.56,1 Hour
2026-03-06,sub-psiog-001,MAC-01,rg-mac-01-devops-prod,Microsoft.ContainerService/managedClusters,AKS Clusters,Compute,team:DevOps,1153.75,INR,71.96,1 Hour
2026-03-06,sub-psiog-001,MAC-01,rg-mac-01-devops-prod,Microsoft.Storage/storageAccounts,Blob Storage,Storage,team:DevOps,361.38,INR,96.47,1 Hour
2026-03-06,sub-psiog-001,MAC-01,rg-mac-01-devops-prod,Microsoft.Network/loadBalancers,Load Balancers,Networking,,255.34,INR,15.8,1 Hour
2026-03-06,sub-psiog-001,MAC-01,rg-mac-01-devops-prod,Microsoft.Sql/servers/databases,SQL Database,Data Services,team:DevOps,494.75,INR,70.75,1 Hour
2026-03-06,sub-psiog-001,MAC-01,rg-mac-01-platform-prod,Microsoft.ContainerService/managedClusters,AKS Clusters,Compute,team:Platform,1105.81,INR,12.86,1 Hour
2026-03-06,sub-psiog-001,MAC-01,rg-mac-01-platform-prod,Microsoft.Storage/storageAccounts/fileServices,File Storage,Storage,team:Platform,332.89,INR,32.24,1 Hour
2026-03-06,sub-psiog-001,MAC-01,rg-mac-01-platform-prod,Microsoft.Network/virtualNetworks,Virtual Networks,Networking,team:Platform,261.55,INR,74.67,1 Hour
2026-03-06,sub-psiog-001,MAC-01,rg-mac-01-platform-prod,Microsoft.DocumentDB/databaseAccounts,Cosmos DB,Data Services,team:Platform,486.54,INR,62.19,1 Hour
2026-03-06,sub-psiog-001,MAC-02,rg-mac-02-dataengineering-prod,Microsoft.Compute/virtualMachines,Virtual Machines,Compute,team:DataEngineering,869.29,INR,43.33,1 Hour
2026-03-06,sub-psiog-001,MAC-02,rg-mac-02-dataengineering-prod,Microsoft.Storage/storageAccounts/fileServices,File Storage,Storage,,652.85,INR,46.56,1 Hour
2026-03-06,sub-psiog-001,MAC-02,rg-mac-02-dataengineering-prod,Microsoft.Network/virtualNetworks,Virtual Networks,Networking,team:DataEngineering,229.91,INR,99.97,1 Hour
2026-03-06,sub-psiog-001,MAC-02,rg-mac-02-dataengineering-prod,Microsoft.Sql/servers/databases,SQL Database,Data Services,team:DataEngineering,1031.42,INR,26.58,1 Hour
2026-03-06,sub-psiog-001,MAC-02,rg-mac-02-analytics-prod,Microsoft.ContainerService/managedClusters,AKS Clusters,Compute,team:Analytics,1005.24,INR,11.04,1 Hour
2026-03-06,sub-psiog-001,MAC-02,rg-mac-02-analytics-prod,Microsoft.Storage/storageAccounts,Blob Storage,Storage,team:Analytics,621.43,INR,21.07,1 Hour
2026-03-06,sub-psiog-001,MAC-02,rg-mac-02-analytics-prod,Microsoft.Network/virtualNetworks,Virtual Networks,Networking,team:Analytics,162.85,INR,63.53,1 Hour
2026-03-06,sub-psiog-001,MAC-02,rg-mac-02-analytics-prod,Microsoft.DocumentDB/databaseAccounts,Cosmos DB,Data Services,,973.67,INR,67.07,1 Hour
2026-03-06,sub-psiog-001,MAC-03,rg-mac-03-product-prod,Microsoft.ContainerService/managedClusters,AKS Clusters,Compute,team:Product,646.53,INR,44.26,1 Hour
2026-03-06,sub-psiog-001,MAC-03,rg-mac-03-product-prod,Microsoft.Storage/storageAccounts,Blob Storage,Storage,,255.55,INR,40.79,1 Hour
2026-03-06,sub-psiog-001,MAC-03,rg-mac-03-product-prod,Microsoft.Network/virtualNetworks,Virtual Networks,Networking,team:Product,127.52,INR,40.41,1 Hour
2026-03-06,sub-psiog-001,MAC-03,rg-mac-03-product-prod,Microsoft.Sql/servers/databases,SQL Database,Data Services,team:Product,381.88,INR,4.83,1 Hour
2026-03-06,sub-psiog-001,MAC-03,rg-mac-03-frontend-prod,Microsoft.ContainerService/managedClusters,AKS Clusters,Compute,team:Frontend,604.99,INR,92.37,1 Hour
2026-03-06,sub-psiog-001,MAC-03,rg-mac-03-frontend-prod,Microsoft.Storage/storageAccounts,Blob Storage,Storage,team:Frontend,177.29,INR,94.25,1 Hour
2026-03-06,sub-psiog-001,MAC-03,rg-mac-03-frontend-prod,Microsoft.Network/loadBalancers,Load Balancers,Networking,team:Frontend,103.22,INR,78.87,1 Hour
2026-03-06,sub-psiog-001,MAC-03,rg-mac-03-frontend-prod,Microsoft.DocumentDB/databaseAccounts,Cosmos DB,Data Services,team:Frontend,198.49,INR,54.77,1 Hour
2026-03-06,sub-psiog-001,MAC-04,rg-mac-04-backend-prod,Microsoft.ContainerService/managedClusters,AKS Clusters,Compute,,1222.32,INR,42.68,1 Hour
2026-03-06,sub-psiog-001,MAC-04,rg-mac-04-backend-prod,Microsoft.Storage/storageAccounts,Blob Storage,Storage,team:Backend,431.54,INR,6.11,1 Hour
2026-03-06,sub-psiog-001,MAC-04,rg-mac-04-backend-prod,Microsoft.Network/virtualNetworks,Virtual Networks,Networking,team:Backend,266.15,INR,48.56,1 Hour
2026-03-06,sub-psiog-001,MAC-04,rg-mac-04-backend-prod,Microsoft.Sql/servers/databases,SQL Database,Data Services,team:Backend,605.44,INR,34.19,1 Hour
2026-03-06,sub-psiog-001,MAC-04,rg-mac-04-qa-prod,Microsoft.ContainerService/managedClusters,AKS Clusters,Compute,,457.08,INR,14.91,1 Hour
2026-03-06,sub-psiog-001,MAC-04,rg-mac-04-qa-prod,Microsoft.Storage/storageAccounts/fileServices,File Storage,Storage,team:QA,217.23,INR,56.16,1 Hour
2026-03-06,sub-psiog-001,MAC-04,rg-mac-04-qa-prod,Microsoft.Network/loadBalancers,Load Balancers,Networking,team:QA,96.96,INR,43.98,1 Hour
2026-03-06,sub-psiog-001,MAC-04,rg-mac-04-qa-prod,Microsoft.Sql/servers/databases,SQL Database,Data Services,team:QA,314.85,INR,54.8,1 Hour
2026-03-06,sub-psiog-001,MAC-05,rg-mac-05-security-prod,Microsoft.ContainerService/managedClusters,AKS Clusters,Compute,team:Security,729.91,INR,60.17,1 Hour
2026-03-06,sub-psiog-001,MAC-05,rg-mac-05-security-prod,Microsoft.Storage/storageAccounts/fileServices,File Storage,Storage,team:Security,268.61,INR,48.95,1 Hour
2026-03-06,sub-psiog-001,MAC-05,rg-mac-05-security-prod,Microsoft.Network/virtualNetworks,Virtual Networks,Networking,team:Security,294.31,INR,15.09,1 Hour
2026-03-06,sub-psiog-001,MAC-05,rg-mac-05-security-prod,Microsoft.DocumentDB/databaseAccounts,Cosmos DB,Data Services,,421.79,INR,25.66,1 Hour
2026-03-06,sub-psiog-001,MAC-05,rg-mac-05-compliance-prod,Microsoft.ContainerService/managedClusters,AKS Clusters,Compute,team:Compliance,386.96,INR,32.84,1 Hour
2026-03-06,sub-psiog-001,MAC-05,rg-mac-05-compliance-prod,Microsoft.Storage/storageAccounts,Blob Storage,Storage,team:Compliance,222.85,INR,47.52,1 Hour
2026-03-06,sub-psiog-001,MAC-05,rg-mac-05-compliance-prod,Microsoft.Network/virtualNetworks,Virtual Networks,Networking,team:Compliance,145.55,INR,87.19,1 Hour
2026-03-06,sub-psiog-001,MAC-05,rg-mac-05-compliance-prod,Microsoft.Sql/servers/databases,SQL Database,Data Services,team:Compliance,300.64,INR,33.55,1 Hour
2026-03-06,sub-psiog-001,MAC-06,rg-mac-06-infrastructure-prod,Microsoft.Compute/virtualMachines,Virtual Machines,Compute,team:Infrastructure,1662.77,INR,53.75,1 Hour
2026-03-06,sub-psiog-001,MAC-06,rg-mac-06-infrastructure-prod,Microsoft.Storage/storageAccounts/fileServices,File Storage,Storage,team:Infrastructure,416.53,INR,71.96,1 Hour
2026-03-06,sub-psiog-001,MAC-06,rg-mac-06-infrastructure-prod,Microsoft.Network/loadBalancers,Load Balancers,Networking,team:Infrastructure,390.39,INR,56.42,1 Hour
2026-03-06,sub-psiog-001,MAC-06,rg-mac-06-infrastructure-prod,Microsoft.DocumentDB/databaseAccounts,Cosmos DB,Data Services,team:Infrastructure,483.13,INR,65.83,1 Hour
2026-03-06,sub-psiog-001,MAC-06,rg-mac-06-cloudops-prod,Microsoft.Compute/virtualMachines,Virtual Machines,Compute,team:CloudOps,1601.39,INR,97.81,1 Hour
2026-03-06,sub-psiog-001,MAC-06,rg-mac-06-cloudops-prod,Microsoft.Storage/storageAccounts,Blob Storage,Storage,team:CloudOps,427.63,INR,97.53,1 Hour
2026-03-06,sub-psiog-001,MAC-06,rg-mac-06-cloudops-prod,Microsoft.Network/virtualNetworks,Virtual Networks,Networking,,395.01,INR,11.65,1 Hour
2026-03-06,sub-psiog-001,MAC-06,rg-mac-06-cloudops-prod,Microsoft.Sql/servers/databases,SQL Database,Data Services,team:CloudOps,431.53,INR,56.78,1 Hour
2026-03-06,sub-psiog-001,MAC-07,rg-mac-07-ml-prod,Microsoft.Compute/virtualMachines,Virtual Machines,Compute,,1541.33,INR,30.81,1 Hour
2026-03-06,sub-psiog-001,MAC-07,rg-mac-07-ml-prod,Microsoft.Storage/storageAccounts/fileServices,File Storage,Storage,team:ML,502.75,INR,74.12,1 Hour
2026-03-06,sub-psiog-001,MAC-07,rg-mac-07-ml-prod,Microsoft.Network/virtualNetworks,Virtual Networks,Networking,team:ML,214.3,INR,78.78,1 Hour
2026-03-06,sub-psiog-001,MAC-07,rg-mac-07-ml-prod,Microsoft.Sql/servers/databases,SQL Database,Data Services,team:ML,866.67,INR,8.39,1 Hour
2026-03-06,sub-psiog-001,MAC-07,rg-mac-07-research-prod,Microsoft.ContainerService/managedClusters,AKS Clusters,Compute,team:Research,1028.63,INR,6.85,1 Hour
2026-03-06,sub-psiog-001,MAC-07,rg-mac-07-research-prod,Microsoft.Storage/storageAccounts,Blob Storage,Storage,,520.55,INR,5.65,1 Hour
2026-03-06,sub-psiog-001,MAC-07,rg-mac-07-research-prod,Microsoft.Network/loadBalancers,Load Balancers,Networking,team:Research,191.17,INR,13.01,1 Hour
2026-03-06,sub-psiog-001,MAC-07,rg-mac-07-research-prod,Microsoft.Sql/servers/databases,SQL Database,Data Services,team:Research,710.12,INR,93.06,1 Hour
2026-03-06,sub-psiog-001,MAC-08,rg-mac-08-finance-prod,Microsoft.ContainerService/managedClusters,AKS Clusters,Compute,team:Finance,338.64,INR,80.26,1 Hour
2026-03-06,sub-psiog-001,MAC-08,rg-mac-08-finance-prod,Microsoft.Storage/storageAccounts,Blob Storage,Storage,team:Finance,194.86,INR,75.11,1 Hour
2026-03-06,sub-psiog-001,MAC-08,rg-mac-08-finance-prod,Microsoft.Network/loadBalancers,Load Balancers,Networking,team:Finance,122.12,INR,29.29,1 Hour
2026-03-06,sub-psiog-001,MAC-08,rg-mac-08-finance-prod,Microsoft.DocumentDB/databaseAccounts,Cosmos DB,Data Services,team:Finance,518.88,INR,8.26,1 Hour
2026-03-06,sub-psiog-001,MAC-08,rg-mac-08-operations-prod,Microsoft.ContainerService/managedClusters,AKS Clusters,Compute,team:Operations,497.06,INR,24.51,1 Hour
2026-03-06,sub-psiog-001,MAC-08,rg-mac-08-operations-prod,Microsoft.Storage/storageAccounts,Blob Storage,Storage,team:Operations,293.74,INR,60.17,1 Hour
2026-03-06,sub-psiog-001,MAC-08,rg-mac-08-operations-prod,Microsoft.Network/loadBalancers,Load Balancers,Networking,team:Operations,145.98,INR,72.52,1 Hour
2026-03-06,sub-psiog-001,MAC-08,rg-mac-08-operations-prod,Microsoft.Sql/servers/databases,SQL Database,Data Services,,431.37,INR,32.75,1 Hour
2026-03-07,sub-psiog-001,MAC-01,rg-mac-01-devops-prod,Microsoft.ContainerService/managedClusters,AKS Clusters,Compute,team:DevOps,1490.27,INR,42.51,1 Hour
2026-03-07,sub-psiog-001,MAC-01,rg-mac-01-devops-prod,Microsoft.Storage/storageAccounts/fileServices,File Storage,Storage,team:DevOps,318.49,INR,17.49,1 Hour
2026-03-07,sub-psiog-001,MAC-01,rg-mac-01-devops-prod,Microsoft.Network/loadBalancers,Load Balancers,Networking,team:DevOps,198.5,INR,91.04,1 Hour
2026-03-07,sub-psiog-001,MAC-01,rg-mac-01-devops-prod,Microsoft.DocumentDB/databaseAccounts,Cosmos DB,Data Services,team:DevOps,445.61,INR,72.54,1 Hour
2026-03-07,sub-psiog-001,MAC-01,rg-mac-01-platform-prod,Microsoft.ContainerService/managedClusters,AKS Clusters,Compute,,1204.56,INR,17.93,1 Hour
2026-03-07,sub-psiog-001,MAC-01,rg-mac-01-platform-prod,Microsoft.Storage/storageAccounts,Blob Storage,Storage,team:Platform,350.26,INR,28.67,1 Hour
2026-03-07,sub-psiog-001,MAC-01,rg-mac-01-platform-prod,Microsoft.Network/virtualNetworks,Virtual Networks,Networking,team:Platform,307.13,INR,35.2,1 Hour
2026-03-07,sub-psiog-001,MAC-01,rg-mac-01-platform-prod,Microsoft.DocumentDB/databaseAccounts,Cosmos DB,Data Services,,438.65,INR,27.09,1 Hour
2026-03-07,sub-psiog-001,MAC-02,rg-mac-02-dataengineering-prod,Microsoft.ContainerService/managedClusters,AKS Clusters,Compute,team:DataEngineering,950.59,INR,85.23,1 Hour
2026-03-07,sub-psiog-001,MAC-02,rg-mac-02-dataengineering-prod,Microsoft.Storage/storageAccounts,Blob Storage,Storage,team:DataEngineering,726.42,INR,18.64,1 Hour
2026-03-07,sub-psiog-001,MAC-02,rg-mac-02-dataengineering-prod,Microsoft.Network/loadBalancers,Load Balancers,Networking,,205.87,INR,7.99,1 Hour
2026-03-07,sub-psiog-001,MAC-02,rg-mac-02-dataengineering-prod,Microsoft.Sql/servers/databases,SQL Database,Data Services,team:DataEngineering,944.46,INR,15.98,1 Hour
2026-03-07,sub-psiog-001,MAC-02,rg-mac-02-analytics-prod,Microsoft.ContainerService/managedClusters,AKS Clusters,Compute,,855.33,INR,10.22,1 Hour
2026-03-07,sub-psiog-001,MAC-02,rg-mac-02-analytics-prod,Microsoft.Storage/storageAccounts/fileServices,File Storage,Storage,team:Analytics,658.86,INR,12.16,1 Hour
2026-03-07,sub-psiog-001,MAC-02,rg-mac-02-analytics-prod,Microsoft.Network/virtualNetworks,Virtual Networks,Networking,team:Analytics,204.6,INR,12.05,1 Hour
2026-03-07,sub-psiog-001,MAC-02,rg-mac-02-analytics-prod,Microsoft.Sql/servers/databases,SQL Database,Data Services,team:Analytics,1102.85,INR,46.27,1 Hour
2026-03-07,sub-psiog-001,MAC-03,rg-mac-03-product-prod,Microsoft.Compute/virtualMachines,Virtual Machines,Compute,team:Product,691.11,INR,33.3,1 Hour
2026-03-07,sub-psiog-001,MAC-03,rg-mac-03-product-prod,Microsoft.Storage/storageAccounts/fileServices,File Storage,Storage,team:Product,235.6,INR,84.76,1 Hour
2026-03-07,sub-psiog-001,MAC-03,rg-mac-03-product-prod,Microsoft.Network/loadBalancers,Load Balancers,Networking,team:Product,139.27,INR,26.95,1 Hour
2026-03-07,sub-psiog-001,MAC-03,rg-mac-03-product-prod,Microsoft.DocumentDB/databaseAccounts,Cosmos DB,Data Services,team:Product,305.25,INR,40.18,1 Hour
2026-03-07,sub-psiog-001,MAC-03,rg-mac-03-frontend-prod,Microsoft.Compute/virtualMachines,Virtual Machines,Compute,team:Frontend,500.9,INR,33.3,1 Hour
2026-03-07,sub-psiog-001,MAC-03,rg-mac-03-frontend-prod,Microsoft.Storage/storageAccounts/fileServices,File Storage,Storage,team:Frontend,151.65,INR,50.91,1 Hour
2026-03-07,sub-psiog-001,MAC-03,rg-mac-03-frontend-prod,Microsoft.Network/virtualNetworks,Virtual Networks,Networking,team:Frontend,117.76,INR,63.25,1 Hour
2026-03-07,sub-psiog-001,MAC-03,rg-mac-03-frontend-prod,Microsoft.DocumentDB/databaseAccounts,Cosmos DB,Data Services,team:Frontend,226.0,INR,85.73,1 Hour
2026-03-07,sub-psiog-001,MAC-04,rg-mac-04-backend-prod,Microsoft.Compute/virtualMachines,Virtual Machines,Compute,team:Backend,1181.28,INR,25.35,1 Hour
2026-03-07,sub-psiog-001,MAC-04,rg-mac-04-backend-prod,Microsoft.Storage/storageAccounts,Blob Storage,Storage,,422.77,INR,78.02,1 Hour
2026-03-07,sub-psiog-001,MAC-04,rg-mac-04-backend-prod,Microsoft.Network/virtualNetworks,Virtual Networks,Networking,team:Backend,211.86,INR,34.99,1 Hour
2026-03-07,sub-psiog-001,MAC-04,rg-mac-04-backend-prod,Microsoft.Sql/servers/databases,SQL Database,Data Services,team:Backend,576.2,INR,19.15,1 Hour
2026-03-07,sub-psiog-001,MAC-04,rg-mac-04-qa-prod,Microsoft.ContainerService/managedClusters,AKS Clusters,Compute,team:QA,481.9,INR,79.07,1 Hour
2026-03-07,sub-psiog-001,MAC-04,rg-mac-04-qa-prod,Microsoft.Storage/storageAccounts/fileServices,File Storage,Storage,,221.32,INR,89.37,1 Hour
2026-03-07,sub-psiog-001,MAC-04,rg-mac-04-qa-prod,Microsoft.Network/virtualNetworks,Virtual Networks,Networking,team:QA,115.52,INR,77.55,1 Hour
2026-03-07,sub-psiog-001,MAC-04,rg-mac-04-qa-prod,Microsoft.Sql/servers/databases,SQL Database,Data Services,team:QA,269.21,INR,1.38,1 Hour
2026-03-07,sub-psiog-001,MAC-05,rg-mac-05-security-prod,Microsoft.Compute/virtualMachines,Virtual Machines,Compute,team:Security,850.27,INR,59.41,1 Hour
2026-03-07,sub-psiog-001,MAC-05,rg-mac-05-security-prod,Microsoft.Storage/storageAccounts,Blob Storage,Storage,,295.23,INR,23.82,1 Hour
2026-03-07,sub-psiog-001,MAC-05,rg-mac-05-security-prod,Microsoft.Network/loadBalancers,Load Balancers,Networking,team:Security,366.35,INR,60.32,1 Hour
2026-03-07,sub-psiog-001,MAC-05,rg-mac-05-security-prod,Microsoft.Sql/servers/databases,SQL Database,Data Services,team:Security,354.64,INR,71.98,1 Hour
2026-03-07,sub-psiog-001,MAC-05,rg-mac-05-compliance-prod,Microsoft.Compute/virtualMachines,Virtual Machines,Compute,team:Compliance,378.24,INR,73.55,1 Hour
2026-03-07,sub-psiog-001,MAC-05,rg-mac-05-compliance-prod,Microsoft.Storage/storageAccounts/fileServices,File Storage,Storage,,282.38,INR,82.04,1 Hour
2026-03-07,sub-psiog-001,MAC-05,rg-mac-05-compliance-prod,Microsoft.Network/virtualNetworks,Virtual Networks,Networking,team:Compliance,166.33,INR,63.2,1 Hour
2026-03-07,sub-psiog-001,MAC-05,rg-mac-05-compliance-prod,Microsoft.DocumentDB/databaseAccounts,Cosmos DB,Data Services,team:Compliance,359.73,INR,88.72,1 Hour
2026-03-07,sub-psiog-001,MAC-06,rg-mac-06-infrastructure-prod,Microsoft.ContainerService/managedClusters,AKS Clusters,Compute,team:Infrastructure,1431.55,INR,89.02,1 Hour
2026-03-07,sub-psiog-001,MAC-06,rg-mac-06-infrastructure-prod,Microsoft.Storage/storageAccounts,Blob Storage,Storage,team:Infrastructure,398.69,INR,12.69,1 Hour
2026-03-07,sub-psiog-001,MAC-06,rg-mac-06-infrastructure-prod,Microsoft.Network/loadBalancers,Load Balancers,Networking,team:Infrastructure,352.87,INR,64.98,1 Hour
2026-03-07,sub-psiog-001,MAC-06,rg-mac-06-infrastructure-prod,Microsoft.Sql/servers/databases,SQL Database,Data Services,team:Infrastructure,417.04,INR,56.82,1 Hour
2026-03-07,sub-psiog-001,MAC-06,rg-mac-06-cloudops-prod,Microsoft.ContainerService/managedClusters,AKS Clusters,Compute,team:CloudOps,1677.37,INR,66.82,1 Hour
2026-03-07,sub-psiog-001,MAC-06,rg-mac-06-cloudops-prod,Microsoft.Storage/storageAccounts,Blob Storage,Storage,,393.23,INR,36.31,1 Hour
2026-03-07,sub-psiog-001,MAC-06,rg-mac-06-cloudops-prod,Microsoft.Network/loadBalancers,Load Balancers,Networking,team:CloudOps,370.27,INR,66.17,1 Hour
2026-03-07,sub-psiog-001,MAC-06,rg-mac-06-cloudops-prod,Microsoft.DocumentDB/databaseAccounts,Cosmos DB,Data Services,,500.57,INR,18.52,1 Hour
2026-03-07,sub-psiog-001,MAC-07,rg-mac-07-ml-prod,Microsoft.Compute/virtualMachines,Virtual Machines,Compute,team:ML,1942.35,INR,32.69,1 Hour
2026-03-07,sub-psiog-001,MAC-07,rg-mac-07-ml-prod,Microsoft.Storage/storageAccounts/fileServices,File Storage,Storage,team:ML,641.34,INR,93.73,1 Hour
2026-03-07,sub-psiog-001,MAC-07,rg-mac-07-ml-prod,Microsoft.Network/virtualNetworks,Virtual Networks,Networking,team:ML,193.54,INR,59.25,1 Hour
2026-03-07,sub-psiog-001,MAC-07,rg-mac-07-ml-prod,Microsoft.Sql/servers/databases,SQL Database,Data Services,team:ML,769.13,INR,37.25,1 Hour
2026-03-07,sub-psiog-001,MAC-07,rg-mac-07-research-prod,Microsoft.ContainerService/managedClusters,AKS Clusters,Compute,team:Research,1002.8,INR,74.46,1 Hour
2026-03-07,sub-psiog-001,MAC-07,rg-mac-07-research-prod,Microsoft.Storage/storageAccounts/fileServices,File Storage,Storage,team:Research,511.77,INR,86.51,1 Hour
2026-03-07,sub-psiog-001,MAC-07,rg-mac-07-research-prod,Microsoft.Network/virtualNetworks,Virtual Networks,Networking,team:Research,189.04,INR,61.46,1 Hour
2026-03-07,sub-psiog-001,MAC-07,rg-mac-07-research-prod,Microsoft.DocumentDB/databaseAccounts,Cosmos DB,Data Services,team:Research,650.13,INR,69.33,1 Hour
2026-03-07,sub-psiog-001,MAC-08,rg-mac-08-finance-prod,Microsoft.ContainerService/managedClusters,AKS Clusters,Compute,team:Finance,296.91,INR,47.42,1 Hour
2026-03-07,sub-psiog-001,MAC-08,rg-mac-08-finance-prod,Microsoft.Storage/storageAccounts/fileServices,File Storage,Storage,team:Finance,220.13,INR,30.31,1 Hour
2026-03-07,sub-psiog-001,MAC-08,rg-mac-08-finance-prod,Microsoft.Network/virtualNetworks,Virtual Networks,Networking,team:Finance,101.47,INR,66.15,1 Hour
2026-03-07,sub-psiog-001,MAC-08,rg-mac-08-finance-prod,Microsoft.DocumentDB/databaseAccounts,Cosmos DB,Data Services,team:Finance,579.88,INR,51.29,1 Hour
2026-03-07,sub-psiog-001,MAC-08,rg-mac-08-operations-prod,Microsoft.ContainerService/managedClusters,AKS Clusters,Compute,team:Operations,511.39,INR,6.9,1 Hour
2026-03-07,sub-psiog-001,MAC-08,rg-mac-08-operations-prod,Microsoft.Storage/storageAccounts/fileServices,File Storage,Storage,team:Operations,315.52,INR,49.23,1 Hour
2026-03-07,sub-psiog-001,MAC-08,rg-mac-08-operations-prod,Microsoft.Network/virtualNetworks,Virtual Networks,Networking,team:Operations,155.55,INR,60.05,1 Hour
2026-03-07,sub-psiog-001,MAC-08,rg-mac-08-operations-prod,Microsoft.Sql/servers/databases,SQL Database,Data Services,team:Operations,399.96,INR,73.35,1 Hour
2026-03-08,sub-psiog-001,MAC-01,rg-mac-01-devops-prod,Microsoft.Compute/virtualMachines,Virtual Machines,Compute,team:DevOps,1526.87,INR,5.33,1 Hour
2026-03-08,sub-psiog-001,MAC-01,rg-mac-01-devops-prod,Microsoft.Storage/storageAccounts,Blob Storage,Storage,team:DevOps,365.26,INR,48.82,1 Hour
2026-03-08,sub-psiog-001,MAC-01,rg-mac-01-devops-prod,Microsoft.Network/virtualNetworks,Virtual Networks,Networking,team:DevOps,248.79,INR,15.63,1 Hour
2026-03-08,sub-psiog-001,MAC-01,rg-mac-01-devops-prod,Microsoft.Sql/servers/databases,SQL Database,Data Services,team:DevOps,392.26,INR,36.44,1 Hour
2026-03-08,sub-psiog-001,MAC-01,rg-mac-01-platform-prod,Microsoft.ContainerService/managedClusters,AKS Clusters,Compute,team:Platform,1326.82,INR,92.39,1 Hour
2026-03-08,sub-psiog-001,MAC-01,rg-mac-01-platform-prod,Microsoft.Storage/storageAccounts/fileServices,File Storage,Storage,,295.43,INR,78.58,1 Hour
2026-03-08,sub-psiog-001,MAC-01,rg-mac-01-platform-prod,Microsoft.Network/virtualNetworks,Virtual Networks,Networking,team:Platform,307.83,INR,45.53,1 Hour
2026-03-08,sub-psiog-001,MAC-01,rg-mac-01-platform-prod,Microsoft.DocumentDB/databaseAccounts,Cosmos DB,Data Services,team:Platform,433.39,INR,69.63,1 Hour
2026-03-08,sub-psiog-001,MAC-02,rg-mac-02-dataengineering-prod,Microsoft.Compute/virtualMachines,Virtual Machines,Compute,team:DataEngineering,1037.32,INR,40.62,1 Hour
2026-03-08,sub-psiog-001,MAC-02,rg-mac-02-dataengineering-prod,Microsoft.Storage/storageAccounts/fileServices,File Storage,Storage,team:DataEngineering,631.58,INR,13.94,1 Hour
2026-03-08,sub-psiog-001,MAC-02,rg-mac-02-dataengineering-prod,Microsoft.Network/virtualNetworks,Virtual Networks,Networking,team:DataEngineering,232.08,INR,96.9,1 Hour
2026-03-08,sub-psiog-001,MAC-02,rg-mac-02-dataengineering-prod,Microsoft.DocumentDB/databaseAccounts,Cosmos DB,Data Services,team:DataEngineering,1060.7,INR,37.07,1 Hour
2026-03-08,sub-psiog-001,MAC-02,rg-mac-02-analytics-prod,Microsoft.Compute/virtualMachines,Virtual Machines,Compute,team:Analytics,875.63,INR,58.54,1 Hour
2026-03-08,sub-psiog-001,MAC-02,rg-mac-02-analytics-prod,Microsoft.Storage/storageAccounts,Blob Storage,Storage,team:Analytics,622.79,INR,20.25,1 Hour
2026-03-08,sub-psiog-001,MAC-02,rg-mac-02-analytics-prod,Microsoft.Network/loadBalancers,Load Balancers,Networking,team:Analytics,188.59,INR,73.18,1 Hour
2026-03-08,sub-psiog-001,MAC-02,rg-mac-02-analytics-prod,Microsoft.Sql/servers/databases,SQL Database,Data Services,team:Analytics,920.42,INR,45.39,1 Hour
2026-03-08,sub-psiog-001,MAC-03,rg-mac-03-product-prod,Microsoft.Compute/virtualMachines,Virtual Machines,Compute,team:Product,698.35,INR,32.19,1 Hour
2026-03-08,sub-psiog-001,MAC-03,rg-mac-03-product-prod,Microsoft.Storage/storageAccounts/fileServices,File Storage,Storage,team:Product,232.91,INR,46.65,1 Hour
2026-03-08,sub-psiog-001,MAC-03,rg-mac-03-product-prod,Microsoft.Network/loadBalancers,Load Balancers,Networking,team:Product,150.39,INR,58.38,1 Hour
2026-03-08,sub-psiog-001,MAC-03,rg-mac-03-product-prod,Microsoft.DocumentDB/databaseAccounts,Cosmos DB,Data Services,team:Product,377.57,INR,99.86,1 Hour
2026-03-08,sub-psiog-001,MAC-03,rg-mac-03-frontend-prod,Microsoft.Compute/virtualMachines,Virtual Machines,Compute,team:Frontend,650.5,INR,33.06,1 Hour
2026-03-08,sub-psiog-001,MAC-03,rg-mac-03-frontend-prod,Microsoft.Storage/storageAccounts/fileServices,File Storage,Storage,team:Frontend,170.4,INR,38.99,1 Hour
2026-03-08,sub-psiog-001,MAC-03,rg-mac-03-frontend-prod,Microsoft.Network/virtualNetworks,Virtual Networks,Networking,team:Frontend,125.06,INR,65.56,1 Hour
2026-03-08,sub-psiog-001,MAC-03,rg-mac-03-frontend-prod,Microsoft.DocumentDB/databaseAccounts,Cosmos DB,Data Services,team:Frontend,198.1,INR,17.69,1 Hour
2026-03-08,sub-psiog-001,MAC-04,rg-mac-04-backend-prod,Microsoft.Compute/virtualMachines,Virtual Machines,Compute,team:Backend,1111.47,INR,74.61,1 Hour
2026-03-08,sub-psiog-001,MAC-04,rg-mac-04-backend-prod,Microsoft.Storage/storageAccounts/fileServices,File Storage,Storage,team:Backend,432.17,INR,61.96,1 Hour
2026-03-08,sub-psiog-001,MAC-04,rg-mac-04-backend-prod,Microsoft.Network/loadBalancers,Load Balancers,Networking,team:Backend,265.28,INR,73.34,1 Hour
2026-03-08,sub-psiog-001,MAC-04,rg-mac-04-backend-prod,Microsoft.DocumentDB/databaseAccounts,Cosmos DB,Data Services,,640.78,INR,11.13,1 Hour
2026-03-08,sub-psiog-001,MAC-04,rg-mac-04-qa-prod,Microsoft.Compute/virtualMachines,Virtual Machines,Compute,,494.21,INR,49.61,1 Hour
2026-03-08,sub-psiog-001,MAC-04,rg-mac-04-qa-prod,Microsoft.Storage/storageAccounts/fileServices,File Storage,Storage,team:QA,228.9,INR,54.39,1 Hour
2026-03-08,sub-psiog-001,MAC-04,rg-mac-04-qa-prod,Microsoft.Network/loadBalancers,Load Balancers,Networking,team:QA,94.64,INR,82.64,1 Hour
2026-03-08,sub-psiog-001,MAC-04,rg-mac-04-qa-prod,Microsoft.Sql/servers/databases,SQL Database,Data Services,team:QA,277.69,INR,57.14,1 Hour
2026-03-08,sub-psiog-001,MAC-05,rg-mac-05-security-prod,Microsoft.ContainerService/managedClusters,AKS Clusters,Compute,team:Security,787.54,INR,19.06,1 Hour
2026-03-08,sub-psiog-001,MAC-05,rg-mac-05-security-prod,Microsoft.Storage/storageAccounts/fileServices,File Storage,Storage,team:Security,242.15,INR,56.76,1 Hour
2026-03-08,sub-psiog-001,MAC-05,rg-mac-05-security-prod,Microsoft.Network/virtualNetworks,Virtual Networks,Networking,team:Security,360.91,INR,48.76,1 Hour
2026-03-08,sub-psiog-001,MAC-05,rg-mac-05-security-prod,Microsoft.Sql/servers/databases,SQL Database,Data Services,team:Security,418.69,INR,50.32,1 Hour
2026-03-08,sub-psiog-001,MAC-05,rg-mac-05-compliance-prod,Microsoft.Compute/virtualMachines,Virtual Machines,Compute,,417.61,INR,5.05,1 Hour
2026-03-08,sub-psiog-001,MAC-05,rg-mac-05-compliance-prod,Microsoft.Storage/storageAccounts,Blob Storage,Storage,team:Compliance,225.24,INR,36.65,1 Hour
2026-03-08,sub-psiog-001,MAC-05,rg-mac-05-compliance-prod,Microsoft.Network/virtualNetworks,Virtual Networks,Networking,team:Compliance,176.11,INR,23.94,1 Hour
2026-03-08,sub-psiog-001,MAC-05,rg-mac-05-compliance-prod,Microsoft.DocumentDB/databaseAccounts,Cosmos DB,Data Services,team:Compliance,351.87,INR,93.3,1 Hour
2026-03-08,sub-psiog-001,MAC-06,rg-mac-06-infrastructure-prod,Microsoft.ContainerService/managedClusters,AKS Clusters,Compute,team:Infrastructure,1417.5,INR,81.74,1 Hour
2026-03-08,sub-psiog-001,MAC-06,rg-mac-06-infrastructure-prod,Microsoft.Storage/storageAccounts/fileServices,File Storage,Storage,team:Infrastructure,473.47,INR,61.01,1 Hour
2026-03-08,sub-psiog-001,MAC-06,rg-mac-06-infrastructure-prod,Microsoft.Network/loadBalancers,Load Balancers,Networking,team:Infrastructure,399.81,INR,75.25,1 Hour
2026-03-08,sub-psiog-001,MAC-06,rg-mac-06-infrastructure-prod,Microsoft.Sql/servers/databases,SQL Database,Data Services,team:Infrastructure,509.45,INR,89.69,1 Hour
2026-03-08,sub-psiog-001,MAC-06,rg-mac-06-cloudops-prod,Microsoft.Compute/virtualMachines,Virtual Machines,Compute,,1618.47,INR,15.15,1 Hour
2026-03-08,sub-psiog-001,MAC-06,rg-mac-06-cloudops-prod,Microsoft.Storage/storageAccounts,Blob Storage,Storage,team:CloudOps,366.72,INR,75.86,1 Hour
2026-03-08,sub-psiog-001,MAC-06,rg-mac-06-cloudops-prod,Microsoft.Network/virtualNetworks,Virtual Networks,Networking,team:CloudOps,355.68,INR,87.54,1 Hour
2026-03-08,sub-psiog-001,MAC-06,rg-mac-06-cloudops-prod,Microsoft.Sql/servers/databases,SQL Database,Data Services,team:CloudOps,466.06,INR,42.31,1 Hour
2026-03-08,sub-psiog-001,MAC-07,rg-mac-07-ml-prod,Microsoft.Compute/virtualMachines,Virtual Machines,Compute,team:ML,1703.69,INR,1.99,1 Hour
2026-03-08,sub-psiog-001,MAC-07,rg-mac-07-ml-prod,Microsoft.Storage/storageAccounts/fileServices,File Storage,Storage,team:ML,625.22,INR,37.42,1 Hour
2026-03-08,sub-psiog-001,MAC-07,rg-mac-07-ml-prod,Microsoft.Network/virtualNetworks,Virtual Networks,Networking,team:ML,235.97,INR,45.16,1 Hour
2026-03-08,sub-psiog-001,MAC-07,rg-mac-07-ml-prod,Microsoft.Sql/servers/databases,SQL Database,Data Services,team:ML,809.26,INR,45.2,1 Hour
2026-03-08,sub-psiog-001,MAC-07,rg-mac-07-research-prod,Microsoft.Compute/virtualMachines,Virtual Machines,Compute,team:Research,954.59,INR,1.82,1 Hour
2026-03-08,sub-psiog-001,MAC-07,rg-mac-07-research-prod,Microsoft.Storage/storageAccounts,Blob Storage,Storage,team:Research,553.28,INR,34.13,1 Hour
2026-03-08,sub-psiog-001,MAC-07,rg-mac-07-research-prod,Microsoft.Network/virtualNetworks,Virtual Networks,Networking,team:Research,216.59,INR,94.72,1 Hour
2026-03-08,sub-psiog-001,MAC-07,rg-mac-07-research-prod,Microsoft.DocumentDB/databaseAccounts,Cosmos DB,Data Services,team:Research,631.63,INR,12.25,1 Hour
2026-03-08,sub-psiog-001,MAC-08,rg-mac-08-finance-prod,Microsoft.ContainerService/managedClusters,AKS Clusters,Compute,team:Finance,320.37,INR,43.91,1 Hour
2026-03-08,sub-psiog-001,MAC-08,rg-mac-08-finance-prod,Microsoft.Storage/storageAccounts,Blob Storage,Storage,team:Finance,192.49,INR,74.21,1 Hour
2026-03-08,sub-psiog-001,MAC-08,rg-mac-08-finance-prod,Microsoft.Network/virtualNetworks,Virtual Networks,Networking,team:Finance,129.8,INR,76.17,1 Hour
2026-03-08,sub-psiog-001,MAC-08,rg-mac-08-finance-prod,Microsoft.DocumentDB/databaseAccounts,Cosmos DB,Data Services,team:Finance,462.55,INR,16.2,1 Hour
2026-03-08,sub-psiog-001,MAC-08,rg-mac-08-operations-prod,Microsoft.Compute/virtualMachines,Virtual Machines,Compute,,481.0,INR,32.45,1 Hour
2026-03-08,sub-psiog-001,MAC-08,rg-mac-08-operations-prod,Microsoft.Storage/storageAccounts,Blob Storage,Storage,team:Operations,306.84,INR,14.34,1 Hour
2026-03-08,sub-psiog-001,MAC-08,rg-mac-08-operations-prod,Microsoft.Network/virtualNetworks,Virtual Networks,Networking,team:Operations,167.37,INR,93.78,1 Hour
2026-03-08,sub-psiog-001,MAC-08,rg-mac-08-operations-prod,Microsoft.DocumentDB/databaseAccounts,Cosmos DB,Data Services,team:Operations,478.28,INR,88.65,1 Hour
2026-03-09,sub-psiog-001,MAC-01,rg-mac-01-devops-prod,Microsoft.ContainerService/managedClusters,AKS Clusters,Compute,team:DevOps,1259.36,INR,75.71,1 Hour
2026-03-09,sub-psiog-001,MAC-01,rg-mac-01-devops-prod,Microsoft.Storage/storageAccounts,Blob Storage,Storage,team:DevOps,362.19,INR,77.38,1 Hour
2026-03-09,sub-psiog-001,MAC-01,rg-mac-01-devops-prod,Microsoft.Network/virtualNetworks,Virtual Networks,Networking,team:DevOps,227.07,INR,31.63,1 Hour
2026-03-09,sub-psiog-001,MAC-01,rg-mac-01-devops-prod,Microsoft.Sql/servers/databases,SQL Database,Data Services,team:DevOps,419.13,INR,54.15,1 Hour
2026-03-09,sub-psiog-001,MAC-01,rg-mac-01-platform-prod,Microsoft.ContainerService/managedClusters,AKS Clusters,Compute,,1408.41,INR,87.82,1 Hour
2026-03-09,sub-psiog-001,MAC-01,rg-mac-01-platform-prod,Microsoft.Storage/storageAccounts/fileServices,File Storage,Storage,team:Platform,281.0,INR,32.8,1 Hour
2026-03-09,sub-psiog-001,MAC-01,rg-mac-01-platform-prod,Microsoft.Network/loadBalancers,Load Balancers,Networking,team:Platform,299.63,INR,85.65,1 Hour
2026-03-09,sub-psiog-001,MAC-01,rg-mac-01-platform-prod,Microsoft.DocumentDB/databaseAccounts,Cosmos DB,Data Services,team:Platform,469.63,INR,65.02,1 Hour
2026-03-09,sub-psiog-001,MAC-02,rg-mac-02-dataengineering-prod,Microsoft.Compute/virtualMachines,Virtual Machines,Compute,team:DataEngineering,875.5,INR,68.38,1 Hour
2026-03-09,sub-psiog-001,MAC-02,rg-mac-02-dataengineering-prod,Microsoft.Storage/storageAccounts,Blob Storage,Storage,,737.08,INR,10.63,1 Hour
2026-03-09,sub-psiog-001,MAC-02,rg-mac-02-dataengineering-prod,Microsoft.Network/virtualNetworks,Virtual Networks,Networking,,217.75,INR,47.36,1 Hour
2026-03-09,sub-psiog-001,MAC-02,rg-mac-02-dataengineering-prod,Microsoft.Sql/servers/databases,SQL Database,Data Services,team:DataEngineering,1002.02,INR,43.27,1 Hour
2026-03-09,sub-psiog-001,MAC-02,rg-mac-02-analytics-prod,Microsoft.ContainerService/managedClusters,AKS Clusters,Compute,team:Analytics,1081.26,INR,15.43,1 Hour
2026-03-09,sub-psiog-001,MAC-02,rg-mac-02-analytics-prod,Microsoft.Storage/storageAccounts,Blob Storage,Storage,team:Analytics,687.48,INR,31.24,1 Hour
2026-03-09,sub-psiog-001,MAC-02,rg-mac-02-analytics-prod,Microsoft.Network/virtualNetworks,Virtual Networks,Networking,team:Analytics,168.38,INR,85.65,1 Hour
2026-03-09,sub-psiog-001,MAC-02,rg-mac-02-analytics-prod,Microsoft.DocumentDB/databaseAccounts,Cosmos DB,Data Services,,978.0,INR,60.11,1 Hour
2026-03-09,sub-psiog-001,MAC-03,rg-mac-03-product-prod,Microsoft.Compute/virtualMachines,Virtual Machines,Compute,,722.55,INR,98.87,1 Hour
2026-03-09,sub-psiog-001,MAC-03,rg-mac-03-product-prod,Microsoft.Storage/storageAccounts,Blob Storage,Storage,team:Product,227.89,INR,73.35,1 Hour
2026-03-09,sub-psiog-001,MAC-03,rg-mac-03-product-prod,Microsoft.Network/virtualNetworks,Virtual Networks,Networking,team:Product,125.32,INR,84.35,1 Hour
2026-03-09,sub-psiog-001,MAC-03,rg-mac-03-product-prod,Microsoft.DocumentDB/databaseAccounts,Cosmos DB,Data Services,,326.79,INR,46.58,1 Hour
2026-03-09,sub-psiog-001,MAC-03,rg-mac-03-frontend-prod,Microsoft.ContainerService/managedClusters,AKS Clusters,Compute,team:Frontend,586.4,INR,17.15,1 Hour
2026-03-09,sub-psiog-001,MAC-03,rg-mac-03-frontend-prod,Microsoft.Storage/storageAccounts,Blob Storage,Storage,team:Frontend,191.4,INR,74.37,1 Hour
2026-03-09,sub-psiog-001,MAC-03,rg-mac-03-frontend-prod,Microsoft.Network/loadBalancers,Load Balancers,Networking,team:Frontend,115.16,INR,73.2,1 Hour
2026-03-09,sub-psiog-001,MAC-03,rg-mac-03-frontend-prod,Microsoft.Sql/servers/databases,SQL Database,Data Services,team:Frontend,226.4,INR,10.46,1 Hour
2026-03-09,sub-psiog-001,MAC-04,rg-mac-04-backend-prod,Microsoft.Compute/virtualMachines,Virtual Machines,Compute,team:Backend,1050.27,INR,66.43,1 Hour
2026-03-09,sub-psiog-001,MAC-04,rg-mac-04-backend-prod,Microsoft.Storage/storageAccounts,Blob Storage,Storage,team:Backend,403.87,INR,58.48,1 Hour
2026-03-09,sub-psiog-001,MAC-04,rg-mac-04-backend-prod,Microsoft.Network/virtualNetworks,Virtual Networks,Networking,team:Backend,243.25,INR,35.4,1 Hour
2026-03-09,sub-psiog-001,MAC-04,rg-mac-04-backend-prod,Microsoft.Sql/servers/databases,SQL Database,Data Services,team:Backend,489.06,INR,74.59,1 Hour
2026-03-09,sub-psiog-001,MAC-04,rg-mac-04-qa-prod,Microsoft.ContainerService/managedClusters,AKS Clusters,Compute,team:QA,392.23,INR,40.1,1 Hour
2026-03-09,sub-psiog-001,MAC-04,rg-mac-04-qa-prod,Microsoft.Storage/storageAccounts/fileServices,File Storage,Storage,team:QA,206.16,INR,45.55,1 Hour
2026-03-09,sub-psiog-001,MAC-04,rg-mac-04-qa-prod,Microsoft.Network/loadBalancers,Load Balancers,Networking,team:QA,89.76,INR,6.62,1 Hour
2026-03-09,sub-psiog-001,MAC-04,rg-mac-04-qa-prod,Microsoft.Sql/servers/databases,SQL Database,Data Services,team:QA,256.43,INR,87.06,1 Hour
2026-03-09,sub-psiog-001,MAC-05,rg-mac-05-security-prod,Microsoft.ContainerService/managedClusters,AKS Clusters,Compute,team:Security,684.04,INR,95.09,1 Hour
2026-03-09,sub-psiog-001,MAC-05,rg-mac-05-security-prod,Microsoft.Storage/storageAccounts,Blob Storage,Storage,team:Security,292.45,INR,86.05,1 Hour
2026-03-09,sub-psiog-001,MAC-05,rg-mac-05-security-prod,Microsoft.Network/loadBalancers,Load Balancers,Networking,team:Security,356.3,INR,55.52,1 Hour
2026-03-09,sub-psiog-001,MAC-05,rg-mac-05-security-prod,Microsoft.Sql/servers/databases,SQL Database,Data Services,team:Security,341.62,INR,17.04,1 Hour
2026-03-09,sub-psiog-001,MAC-05,rg-mac-05-compliance-prod,Microsoft.ContainerService/managedClusters,AKS Clusters,Compute,team:Compliance,368.38,INR,75.77,1 Hour
2026-03-09,sub-psiog-001,MAC-05,rg-mac-05-compliance-prod,Microsoft.Storage/storageAccounts/fileServices,File Storage,Storage,team:Compliance,266.09,INR,41.99,1 Hour
2026-03-09,sub-psiog-001,MAC-05,rg-mac-05-compliance-prod,Microsoft.Network/loadBalancers,Load Balancers,Networking,team:Compliance,155.4,INR,19.6,1 Hour
2026-03-09,sub-psiog-001,MAC-05,rg-mac-05-compliance-prod,Microsoft.DocumentDB/databaseAccounts,Cosmos DB,Data Services,team:Compliance,315.37,INR,62.37,1 Hour
2026-03-09,sub-psiog-001,MAC-06,rg-mac-06-infrastructure-prod,Microsoft.Compute/virtualMachines,Virtual Machines,Compute,team:Infrastructure,1536.35,INR,74.16,1 Hour
2026-03-09,sub-psiog-001,MAC-06,rg-mac-06-infrastructure-prod,Microsoft.Storage/storageAccounts/fileServices,File Storage,Storage,team:Infrastructure,500.35,INR,74.85,1 Hour
2026-03-09,sub-psiog-001,MAC-06,rg-mac-06-infrastructure-prod,Microsoft.Network/virtualNetworks,Virtual Networks,Networking,team:Infrastructure,426.2,INR,61.04,1 Hour
2026-03-09,sub-psiog-001,MAC-06,rg-mac-06-infrastructure-prod,Microsoft.DocumentDB/databaseAccounts,Cosmos DB,Data Services,team:Infrastructure,419.2,INR,3.74,1 Hour
2026-03-09,sub-psiog-001,MAC-06,rg-mac-06-cloudops-prod,Microsoft.ContainerService/managedClusters,AKS Clusters,Compute,team:CloudOps,1598.69,INR,79.42,1 Hour
2026-03-09,sub-psiog-001,MAC-06,rg-mac-06-cloudops-prod,Microsoft.Storage/storageAccounts/fileServices,File Storage,Storage,team:CloudOps,459.0,INR,2.11,1 Hour
2026-03-09,sub-psiog-001,MAC-06,rg-mac-06-cloudops-prod,Microsoft.Network/virtualNetworks,Virtual Networks,Networking,team:CloudOps,389.41,INR,98.68,1 Hour
2026-03-09,sub-psiog-001,MAC-06,rg-mac-06-cloudops-prod,Microsoft.Sql/servers/databases,SQL Database,Data Services,team:CloudOps,410.66,INR,77.62,1 Hour
2026-03-09,sub-psiog-001,MAC-07,rg-mac-07-ml-prod,Microsoft.Compute/virtualMachines,Virtual Machines,Compute,team:ML,1779.17,INR,67.75,1 Hour
2026-03-09,sub-psiog-001,MAC-07,rg-mac-07-ml-prod,Microsoft.Storage/storageAccounts,Blob Storage,Storage,,510.24,INR,56.07,1 Hour
2026-03-09,sub-psiog-001,MAC-07,rg-mac-07-ml-prod,Microsoft.Network/virtualNetworks,Virtual Networks,Networking,team:ML,240.9,INR,60.06,1 Hour
2026-03-09,sub-psiog-001,MAC-07,rg-mac-07-ml-prod,Microsoft.Sql/servers/databases,SQL Database,Data Services,team:ML,799.46,INR,90.49,1 Hour
2026-03-09,sub-psiog-001,MAC-07,rg-mac-07-research-prod,Microsoft.Compute/virtualMachines,Virtual Machines,Compute,team:Research,816.52,INR,60.19,1 Hour
2026-03-09,sub-psiog-001,MAC-07,rg-mac-07-research-prod,Microsoft.Storage/storageAccounts/fileServices,File Storage,Storage,team:Research,451.95,INR,44.09,1 Hour
2026-03-09,sub-psiog-001,MAC-07,rg-mac-07-research-prod,Microsoft.Network/loadBalancers,Load Balancers,Networking,team:Research,218.82,INR,77.93,1 Hour
2026-03-09,sub-psiog-001,MAC-07,rg-mac-07-research-prod,Microsoft.Sql/servers/databases,SQL Database,Data Services,team:Research,799.2,INR,90.78,1 Hour
2026-03-09,sub-psiog-001,MAC-08,rg-mac-08-finance-prod,Microsoft.ContainerService/managedClusters,AKS Clusters,Compute,team:Finance,304.25,INR,42.56,1 Hour
2026-03-09,sub-psiog-001,MAC-08,rg-mac-08-finance-prod,Microsoft.Storage/storageAccounts,Blob Storage,Storage,team:Finance,196.89,INR,1.39,1 Hour
2026-03-09,sub-psiog-001,MAC-08,rg-mac-08-finance-prod,Microsoft.Network/loadBalancers,Load Balancers,Networking,team:Finance,104.47,INR,67.69,1 Hour
2026-03-09,sub-psiog-001,MAC-08,rg-mac-08-finance-prod,Microsoft.Sql/servers/databases,SQL Database,Data Services,team:Finance,525.64,INR,19.54,1 Hour
2026-03-09,sub-psiog-001,MAC-08,rg-mac-08-operations-prod,Microsoft.Compute/virtualMachines,Virtual Machines,Compute,team:Operations,537.83,INR,45.85,1 Hour
2026-03-09,sub-psiog-001,MAC-08,rg-mac-08-operations-prod,Microsoft.Storage/storageAccounts,Blob Storage,Storage,team:Operations,336.04,INR,33.0,1 Hour
2026-03-09,sub-psiog-001,MAC-08,rg-mac-08-operations-prod,Microsoft.Network/virtualNetworks,Virtual Networks,Networking,team:Operations,149.52,INR,96.13,1 Hour
2026-03-09,sub-psiog-001,MAC-08,rg-mac-08-operations-prod,Microsoft.DocumentDB/databaseAccounts,Cosmos DB,Data Services,team:Operations,404.92,INR,86.93,1 Hour
2026-03-10,sub-psiog-001,MAC-01,rg-mac-01-devops-prod,Microsoft.ContainerService/managedClusters,AKS Clusters,Compute,,1223.76,INR,46.71,1 Hour
2026-03-10,sub-psiog-001,MAC-01,rg-mac-01-devops-prod,Microsoft.Storage/storageAccounts,Blob Storage,Storage,team:DevOps,387.48,INR,8.91,1 Hour
2026-03-10,sub-psiog-001,MAC-01,rg-mac-01-devops-prod,Microsoft.Network/virtualNetworks,Virtual Networks,Networking,team:DevOps,253.82,INR,72.14,1 Hour
2026-03-10,sub-psiog-001,MAC-01,rg-mac-01-devops-prod,Microsoft.Sql/servers/databases,SQL Database,Data Services,team:DevOps,465.34,INR,88.46,1 Hour
2026-03-10,sub-psiog-001,MAC-01,rg-mac-01-platform-prod,Microsoft.ContainerService/managedClusters,AKS Clusters,Compute,team:Platform,1181.17,INR,68.99,1 Hour
2026-03-10,sub-psiog-001,MAC-01,rg-mac-01-platform-prod,Microsoft.Storage/storageAccounts,Blob Storage,Storage,team:Platform,307.6,INR,36.04,1 Hour
2026-03-10,sub-psiog-001,MAC-01,rg-mac-01-platform-prod,Microsoft.Network/loadBalancers,Load Balancers,Networking,team:Platform,278.21,INR,54.22,1 Hour
2026-03-10,sub-psiog-001,MAC-01,rg-mac-01-platform-prod,Microsoft.DocumentDB/databaseAccounts,Cosmos DB,Data Services,team:Platform,489.33,INR,42.14,1 Hour
2026-03-10,sub-psiog-001,MAC-02,rg-mac-02-dataengineering-prod,Microsoft.Compute/virtualMachines,Virtual Machines,Compute,team:DataEngineering,1123.41,INR,71.94,1 Hour
2026-03-10,sub-psiog-001,MAC-02,rg-mac-02-dataengineering-prod,Microsoft.Storage/storageAccounts,Blob Storage,Storage,team:DataEngineering,708.03,INR,76.5,1 Hour
2026-03-10,sub-psiog-001,MAC-02,rg-mac-02-dataengineering-prod,Microsoft.Network/loadBalancers,Load Balancers,Networking,team:DataEngineering,226.26,INR,89.26,1 Hour
2026-03-10,sub-psiog-001,MAC-02,rg-mac-02-dataengineering-prod,Microsoft.DocumentDB/databaseAccounts,Cosmos DB,Data Services,team:DataEngineering,936.11,INR,67.56,1 Hour
2026-03-10,sub-psiog-001,MAC-02,rg-mac-02-analytics-prod,Microsoft.Compute/virtualMachines,Virtual Machines,Compute,team:Analytics,853.4,INR,84.28,1 Hour
2026-03-10,sub-psiog-001,MAC-02,rg-mac-02-analytics-prod,Microsoft.Storage/storageAccounts,Blob Storage,Storage,team:Analytics,640.02,INR,43.79,1 Hour
2026-03-10,sub-psiog-001,MAC-02,rg-mac-02-analytics-prod,Microsoft.Network/loadBalancers,Load Balancers,Networking,team:Analytics,190.11,INR,2.11,1 Hour
2026-03-10,sub-psiog-001,MAC-02,rg-mac-02-analytics-prod,Microsoft.Sql/servers/databases,SQL Database,Data Services,team:Analytics,880.08,INR,8.49,1 Hour
2026-03-10,sub-psiog-001,MAC-03,rg-mac-03-product-prod,Microsoft.Compute/virtualMachines,Virtual Machines,Compute,team:Product,611.94,INR,77.9,1 Hour
2026-03-10,sub-psiog-001,MAC-03,rg-mac-03-product-prod,Microsoft.Storage/storageAccounts,Blob Storage,Storage,team:Product,201.12,INR,15.35,1 Hour
2026-03-10,sub-psiog-001,MAC-03,rg-mac-03-product-prod,Microsoft.Network/loadBalancers,Load Balancers,Networking,team:Product,156.23,INR,5.56,1 Hour
2026-03-10,sub-psiog-001,MAC-03,rg-mac-03-product-prod,Microsoft.Sql/servers/databases,SQL Database,Data Services,team:Product,364.14,INR,95.76,1 Hour
2026-03-10,sub-psiog-001,MAC-03,rg-mac-03-frontend-prod,Microsoft.Compute/virtualMachines,Virtual Machines,Compute,team:Frontend,628.86,INR,99.1,1 Hour
2026-03-10,sub-psiog-001,MAC-03,rg-mac-03-frontend-prod,Microsoft.Storage/storageAccounts/fileServices,File Storage,Storage,team:Frontend,181.1,INR,89.57,1 Hour
2026-03-10,sub-psiog-001,MAC-03,rg-mac-03-frontend-prod,Microsoft.Network/loadBalancers,Load Balancers,Networking,team:Frontend,126.74,INR,99.67,1 Hour
2026-03-10,sub-psiog-001,MAC-03,rg-mac-03-frontend-prod,Microsoft.Sql/servers/databases,SQL Database,Data Services,team:Frontend,204.08,INR,16.22,1 Hour
2026-03-10,sub-psiog-001,MAC-04,rg-mac-04-backend-prod,Microsoft.ContainerService/managedClusters,AKS Clusters,Compute,team:Backend,995.91,INR,41.26,1 Hour
2026-03-10,sub-psiog-001,MAC-04,rg-mac-04-backend-prod,Microsoft.Storage/storageAccounts/fileServices,File Storage,Storage,team:Backend,374.62,INR,75.16,1 Hour
2026-03-10,sub-psiog-001,MAC-04,rg-mac-04-backend-prod,Microsoft.Network/virtualNetworks,Virtual Networks,Networking,team:Backend,269.72,INR,58.05,1 Hour
2026-03-10,sub-psiog-001,MAC-04,rg-mac-04-backend-prod,Microsoft.Sql/servers/databases,SQL Database,Data Services,team:Backend,637.95,INR,86.81,1 Hour
2026-03-10,sub-psiog-001,MAC-04,rg-mac-04-qa-prod,Microsoft.ContainerService/managedClusters,AKS Clusters,Compute,team:QA,512.14,INR,6.22,1 Hour
2026-03-10,sub-psiog-001,MAC-04,rg-mac-04-qa-prod,Microsoft.Storage/storageAccounts,Blob Storage,Storage,team:QA,212.4,INR,96.69,1 Hour
2026-03-10,sub-psiog-001,MAC-04,rg-mac-04-qa-prod,Microsoft.Network/loadBalancers,Load Balancers,Networking,team:QA,94.56,INR,55.21,1 Hour
2026-03-10,sub-psiog-001,MAC-04,rg-mac-04-qa-prod,Microsoft.Sql/servers/databases,SQL Database,Data Services,team:QA,313.06,INR,40.53,1 Hour
2026-03-10,sub-psiog-001,MAC-05,rg-mac-05-security-prod,Microsoft.Compute/virtualMachines,Virtual Machines,Compute,team:Security,882.27,INR,32.17,1 Hour
2026-03-10,sub-psiog-001,MAC-05,rg-mac-05-security-prod,Microsoft.Storage/storageAccounts,Blob Storage,Storage,team:Security,269.24,INR,72.79,1 Hour
2026-03-10,sub-psiog-001,MAC-05,rg-mac-05-security-prod,Microsoft.Network/virtualNetworks,Virtual Networks,Networking,team:Security,350.15,INR,77.02,1 Hour
2026-03-10,sub-psiog-001,MAC-05,rg-mac-05-security-prod,Microsoft.Sql/servers/databases,SQL Database,Data Services,team:Security,361.53,INR,31.13,1 Hour
2026-03-10,sub-psiog-001,MAC-05,rg-mac-05-compliance-prod,Microsoft.Compute/virtualMachines,Virtual Machines,Compute,team:Compliance,399.71,INR,44.62,1 Hour
2026-03-10,sub-psiog-001,MAC-05,rg-mac-05-compliance-prod,Microsoft.Storage/storageAccounts,Blob Storage,Storage,team:Compliance,274.26,INR,46.63,1 Hour
2026-03-10,sub-psiog-001,MAC-05,rg-mac-05-compliance-prod,Microsoft.Network/virtualNetworks,Virtual Networks,Networking,team:Compliance,183.25,INR,48.54,1 Hour
2026-03-10,sub-psiog-001,MAC-05,rg-mac-05-compliance-prod,Microsoft.DocumentDB/databaseAccounts,Cosmos DB,Data Services,team:Compliance,338.49,INR,31.42,1 Hour
2026-03-10,sub-psiog-001,MAC-06,rg-mac-06-infrastructure-prod,Microsoft.Compute/virtualMachines,Virtual Machines,Compute,team:Infrastructure,1748.88,INR,18.46,1 Hour
2026-03-10,sub-psiog-001,MAC-06,rg-mac-06-infrastructure-prod,Microsoft.Storage/storageAccounts/fileServices,File Storage,Storage,team:Infrastructure,412.59,INR,19.04,1 Hour
2026-03-10,sub-psiog-001,MAC-06,rg-mac-06-infrastructure-prod,Microsoft.Network/virtualNetworks,Virtual Networks,Networking,team:Infrastructure,347.77,INR,50.1,1 Hour
2026-03-10,sub-psiog-001,MAC-06,rg-mac-06-infrastructure-prod,Microsoft.Sql/servers/databases,SQL Database,Data Services,,437.08,INR,77.99,1 Hour
2026-03-10,sub-psiog-001,MAC-06,rg-mac-06-cloudops-prod,Microsoft.ContainerService/managedClusters,AKS Clusters,Compute,team:CloudOps,1537.63,INR,43.43,1 Hour
2026-03-10,sub-psiog-001,MAC-06,rg-mac-06-cloudops-prod,Microsoft.Storage/storageAccounts/fileServices,File Storage,Storage,team:CloudOps,403.98,INR,13.3,1 Hour
2026-03-10,sub-psiog-001,MAC-06,rg-mac-06-cloudops-prod,Microsoft.Network/virtualNetworks,Virtual Networks,Networking,team:CloudOps,407.08,INR,64.33,1 Hour
2026-03-10,sub-psiog-001,MAC-06,rg-mac-06-cloudops-prod,Microsoft.DocumentDB/databaseAccounts,Cosmos DB,Data Services,,453.64,INR,24.22,1 Hour
2026-03-10,sub-psiog-001,MAC-07,rg-mac-07-ml-prod,Microsoft.ContainerService/managedClusters,AKS Clusters,Compute,,1839.59,INR,99.08,1 Hour
2026-03-10,sub-psiog-001,MAC-07,rg-mac-07-ml-prod,Microsoft.Storage/storageAccounts,Blob Storage,Storage,team:ML,531.99,INR,91.13,1 Hour
2026-03-10,sub-psiog-001,MAC-07,rg-mac-07-ml-prod,Microsoft.Network/loadBalancers,Load Balancers,Networking,team:ML,242.37,INR,50.67,1 Hour
2026-03-10,sub-psiog-001,MAC-07,rg-mac-07-ml-prod,Microsoft.Sql/servers/databases,SQL Database,Data Services,team:ML,861.37,INR,98.74,1 Hour
2026-03-10,sub-psiog-001,MAC-07,rg-mac-07-research-prod,Microsoft.Compute/virtualMachines,Virtual Machines,Compute,team:Research,1040.97,INR,93.33,1 Hour
2026-03-10,sub-psiog-001,MAC-07,rg-mac-07-research-prod,Microsoft.Storage/storageAccounts/fileServices,File Storage,Storage,team:Research,499.34,INR,98.26,1 Hour
2026-03-10,sub-psiog-001,MAC-07,rg-mac-07-research-prod,Microsoft.Network/virtualNetworks,Virtual Networks,Networking,team:Research,204.82,INR,14.89,1 Hour
2026-03-10,sub-psiog-001,MAC-07,rg-mac-07-research-prod,Microsoft.Sql/servers/databases,SQL Database,Data Services,team:Research,693.8,INR,19.43,1 Hour
2026-03-10,sub-psiog-001,MAC-08,rg-mac-08-finance-prod,Microsoft.ContainerService/managedClusters,AKS Clusters,Compute,team:Finance,367.82,INR,15.12,1 Hour
2026-03-10,sub-psiog-001,MAC-08,rg-mac-08-finance-prod,Microsoft.Storage/storageAccounts/fileServices,File Storage,Storage,team:Finance,246.03,INR,62.44,1 Hour
2026-03-10,sub-psiog-001,MAC-08,rg-mac-08-finance-prod,Microsoft.Network/loadBalancers,Load Balancers,Networking,team:Finance,109.81,INR,21.27,1 Hour
2026-03-10,sub-psiog-001,MAC-08,rg-mac-08-finance-prod,Microsoft.DocumentDB/databaseAccounts,Cosmos DB,Data Services,team:Finance,568.93,INR,78.34,1 Hour
2026-03-10,sub-psiog-001,MAC-08,rg-mac-08-operations-prod,Microsoft.ContainerService/managedClusters,AKS Clusters,Compute,,488.02,INR,28.78,1 Hour
2026-03-10,sub-psiog-001,MAC-08,rg-mac-08-operations-prod,Microsoft.Storage/storageAccounts/fileServices,File Storage,Storage,team:Operations,295.62,INR,90.85,1 Hour
2026-03-10,sub-psiog-001,MAC-08,rg-mac-08-operations-prod,Microsoft.Network/loadBalancers,Load Balancers,Networking,team:Operations,141.66,INR,31.66,1 Hour
2026-03-10,sub-psiog-001,MAC-08,rg-mac-08-operations-prod,Microsoft.Sql/servers/databases,SQL Database,Data Services,team:Operations,388.13,INR,14.54,1 Hour
2026-03-11,sub-psiog-001,MAC-01,rg-mac-01-devops-prod,Microsoft.ContainerService/managedClusters,AKS Clusters,Compute,team:DevOps,1411.69,INR,38.0,1 Hour
2026-03-11,sub-psiog-001,MAC-01,rg-mac-01-devops-prod,Microsoft.Storage/storageAccounts/fileServices,File Storage,Storage,team:DevOps,300.34,INR,48.5,1 Hour
2026-03-11,sub-psiog-001,MAC-01,rg-mac-01-devops-prod,Microsoft.Network/loadBalancers,Load Balancers,Networking,team:DevOps,235.23,INR,34.45,1 Hour
2026-03-11,sub-psiog-001,MAC-01,rg-mac-01-devops-prod,Microsoft.Sql/servers/databases,SQL Database,Data Services,team:DevOps,448.78,INR,29.76,1 Hour
2026-03-11,sub-psiog-001,MAC-01,rg-mac-01-platform-prod,Microsoft.Compute/virtualMachines,Virtual Machines,Compute,team:Platform,1284.05,INR,2.55,1 Hour
2026-03-11,sub-psiog-001,MAC-01,rg-mac-01-platform-prod,Microsoft.Storage/storageAccounts/fileServices,File Storage,Storage,team:Platform,293.81,INR,11.22,1 Hour
2026-03-11,sub-psiog-001,MAC-01,rg-mac-01-platform-prod,Microsoft.Network/loadBalancers,Load Balancers,Networking,team:Platform,253.56,INR,88.39,1 Hour
2026-03-11,sub-psiog-001,MAC-01,rg-mac-01-platform-prod,Microsoft.Sql/servers/databases,SQL Database,Data Services,team:Platform,452.85,INR,16.52,1 Hour
2026-03-11,sub-psiog-001,MAC-02,rg-mac-02-dataengineering-prod,Microsoft.ContainerService/managedClusters,AKS Clusters,Compute,team:DataEngineering,956.99,INR,81.68,1 Hour
2026-03-11,sub-psiog-001,MAC-02,rg-mac-02-dataengineering-prod,Microsoft.Storage/storageAccounts,Blob Storage,Storage,team:DataEngineering,707.37,INR,92.22,1 Hour
2026-03-11,sub-psiog-001,MAC-02,rg-mac-02-dataengineering-prod,Microsoft.Network/virtualNetworks,Virtual Networks,Networking,team:DataEngineering,190.02,INR,92.73,1 Hour
2026-03-11,sub-psiog-001,MAC-02,rg-mac-02-dataengineering-prod,Microsoft.DocumentDB/databaseAccounts,Cosmos DB,Data Services,team:DataEngineering,1159.41,INR,48.5,1 Hour
2026-03-11,sub-psiog-001,MAC-02,rg-mac-02-analytics-prod,Microsoft.ContainerService/managedClusters,AKS Clusters,Compute,team:Analytics,927.78,INR,27.03,1 Hour
2026-03-11,sub-psiog-001,MAC-02,rg-mac-02-analytics-prod,Microsoft.Storage/storageAccounts,Blob Storage,Storage,team:Analytics,698.38,INR,27.31,1 Hour
2026-03-11,sub-psiog-001,MAC-02,rg-mac-02-analytics-prod,Microsoft.Network/loadBalancers,Load Balancers,Networking,,175.5,INR,65.47,1 Hour
2026-03-11,sub-psiog-001,MAC-02,rg-mac-02-analytics-prod,Microsoft.DocumentDB/databaseAccounts,Cosmos DB,Data Services,team:Analytics,880.76,INR,82.47,1 Hour
2026-03-11,sub-psiog-001,MAC-03,rg-mac-03-product-prod,Microsoft.ContainerService/managedClusters,AKS Clusters,Compute,team:Product,584.67,INR,19.52,1 Hour
2026-03-11,sub-psiog-001,MAC-03,rg-mac-03-product-prod,Microsoft.Storage/storageAccounts/fileServices,File Storage,Storage,team:Product,255.01,INR,46.43,1 Hour
2026-03-11,sub-psiog-001,MAC-03,rg-mac-03-product-prod,Microsoft.Network/virtualNetworks,Virtual Networks,Networking,team:Product,126.56,INR,40.03,1 Hour
2026-03-11,sub-psiog-001,MAC-03,rg-mac-03-product-prod,Microsoft.Sql/servers/databases,SQL Database,Data Services,team:Product,378.27,INR,26.01,1 Hour
2026-03-11,sub-psiog-001,MAC-03,rg-mac-03-frontend-prod,Microsoft.ContainerService/managedClusters,AKS Clusters,Compute,,622.01,INR,43.52,1 Hour
2026-03-11,sub-psiog-001,MAC-03,rg-mac-03-frontend-prod,Microsoft.Storage/storageAccounts/fileServices,File Storage,Storage,team:Frontend,152.46,INR,44.97,1 Hour
2026-03-11,sub-psiog-001,MAC-03,rg-mac-03-frontend-prod,Microsoft.Network/loadBalancers,Load Balancers,Networking,team:Frontend,115.06,INR,54.77,1 Hour
2026-03-11,sub-psiog-001,MAC-03,rg-mac-03-frontend-prod,Microsoft.DocumentDB/databaseAccounts,Cosmos DB,Data Services,team:Frontend,206.07,INR,48.09,1 Hour
2026-03-11,sub-psiog-001,MAC-04,rg-mac-04-backend-prod,Microsoft.Compute/virtualMachines,Virtual Machines,Compute,team:Backend,1032.44,INR,67.02,1 Hour
2026-03-11,sub-psiog-001,MAC-04,rg-mac-04-backend-prod,Microsoft.Storage/storageAccounts,Blob Storage,Storage,team:Backend,382.94,INR,35.8,1 Hour
2026-03-11,sub-psiog-001,MAC-04,rg-mac-04-backend-prod,Microsoft.Network/virtualNetworks,Virtual Networks,Networking,team:Backend,244.25,INR,43.56,1 Hour
2026-03-11,sub-psiog-001,MAC-04,rg-mac-04-backend-prod,Microsoft.DocumentDB/databaseAccounts,Cosmos DB,Data Services,team:Backend,541.86,INR,4.86,1 Hour
2026-03-11,sub-psiog-001,MAC-04,rg-mac-04-qa-prod,Microsoft.Compute/virtualMachines,Virtual Machines,Compute,team:QA,516.6,INR,58.37,1 Hour
2026-03-11,sub-psiog-001,MAC-04,rg-mac-04-qa-prod,Microsoft.Storage/storageAccounts/fileServices,File Storage,Storage,team:QA,189.26,INR,78.46,1 Hour
2026-03-11,sub-psiog-001,MAC-04,rg-mac-04-qa-prod,Microsoft.Network/loadBalancers,Load Balancers,Networking,team:QA,87.88,INR,83.4,1 Hour
2026-03-11,sub-psiog-001,MAC-04,rg-mac-04-qa-prod,Microsoft.Sql/servers/databases,SQL Database,Data Services,team:QA,321.51,INR,22.94,1 Hour
2026-03-11,sub-psiog-001,MAC-05,rg-mac-05-security-prod,Microsoft.Compute/virtualMachines,Virtual Machines,Compute,team:Security,855.9,INR,43.35,1 Hour
2026-03-11,sub-psiog-001,MAC-05,rg-mac-05-security-prod,Microsoft.Storage/storageAccounts,Blob Storage,Storage,team:Security,266.78,INR,42.37,1 Hour
2026-03-11,sub-psiog-001,MAC-05,rg-mac-05-security-prod,Microsoft.Network/virtualNetworks,Virtual Networks,Networking,team:Security,377.74,INR,4.18,1 Hour
2026-03-11,sub-psiog-001,MAC-05,rg-mac-05-security-prod,Microsoft.Sql/servers/databases,SQL Database,Data Services,team:Security,410.04,INR,60.56,1 Hour
2026-03-11,sub-psiog-001,MAC-05,rg-mac-05-compliance-prod,Microsoft.ContainerService/managedClusters,AKS Clusters,Compute,team:Compliance,369.27,INR,73.88,1 Hour
2026-03-11,sub-psiog-001,MAC-05,rg-mac-05-compliance-prod,Microsoft.Storage/storageAccounts,Blob Storage,Storage,team:Compliance,231.51,INR,24.22,1 Hour
2026-03-11,sub-psiog-001,MAC-05,rg-mac-05-compliance-prod,Microsoft.Network/loadBalancers,Load Balancers,Networking,team:Compliance,149.58,INR,40.43,1 Hour
2026-03-11,sub-psiog-001,MAC-05,rg-mac-05-compliance-prod,Microsoft.DocumentDB/databaseAccounts,Cosmos DB,Data Services,team:Compliance,308.83,INR,5.14,1 Hour
2026-03-11,sub-psiog-001,MAC-06,rg-mac-06-infrastructure-prod,Microsoft.Compute/virtualMachines,Virtual Machines,Compute,,1471.8,INR,18.58,1 Hour
2026-03-11,sub-psiog-001,MAC-06,rg-mac-06-infrastructure-prod,Microsoft.Storage/storageAccounts,Blob Storage,Storage,team:Infrastructure,490.06,INR,98.75,1 Hour
2026-03-11,sub-psiog-001,MAC-06,rg-mac-06-infrastructure-prod,Microsoft.Network/loadBalancers,Load Balancers,Networking,team:Infrastructure,371.21,INR,14.41,1 Hour
2026-03-11,sub-psiog-001,MAC-06,rg-mac-06-infrastructure-prod,Microsoft.DocumentDB/databaseAccounts,Cosmos DB,Data Services,team:Infrastructure,494.21,INR,93.63,1 Hour
2026-03-11,sub-psiog-001,MAC-06,rg-mac-06-cloudops-prod,Microsoft.ContainerService/managedClusters,AKS Clusters,Compute,team:CloudOps,1684.36,INR,43.89,1 Hour
2026-03-11,sub-psiog-001,MAC-06,rg-mac-06-cloudops-prod,Microsoft.Storage/storageAccounts/fileServices,File Storage,Storage,team:CloudOps,428.0,INR,34.68,1 Hour
2026-03-11,sub-psiog-001,MAC-06,rg-mac-06-cloudops-prod,Microsoft.Network/loadBalancers,Load Balancers,Networking,team:CloudOps,391.07,INR,60.56,1 Hour
2026-03-11,sub-psiog-001,MAC-06,rg-mac-06-cloudops-prod,Microsoft.Sql/servers/databases,SQL Database,Data Services,team:CloudOps,416.77,INR,42.82,1 Hour
2026-03-11,sub-psiog-001,MAC-07,rg-mac-07-ml-prod,Microsoft.Compute/virtualMachines,Virtual Machines,Compute,team:ML,1997.74,INR,15.71,1 Hour
2026-03-11,sub-psiog-001,MAC-07,rg-mac-07-ml-prod,Microsoft.Storage/storageAccounts/fileServices,File Storage,Storage,team:ML,574.2,INR,37.49,1 Hour
2026-03-11,sub-psiog-001,MAC-07,rg-mac-07-ml-prod,Microsoft.Network/virtualNetworks,Virtual Networks,Networking,team:ML,212.87,INR,64.85,1 Hour
2026-03-11,sub-psiog-001,MAC-07,rg-mac-07-ml-prod,Microsoft.Sql/servers/databases,SQL Database,Data Services,team:ML,843.9,INR,12.63,1 Hour
2026-03-11,sub-psiog-001,MAC-07,rg-mac-07-research-prod,Microsoft.Compute/virtualMachines,Virtual Machines,Compute,,947.87,INR,82.43,1 Hour
2026-03-11,sub-psiog-001,MAC-07,rg-mac-07-research-prod,Microsoft.Storage/storageAccounts/fileServices,File Storage,Storage,team:Research,499.89,INR,92.89,1 Hour
2026-03-11,sub-psiog-001,MAC-07,rg-mac-07-research-prod,Microsoft.Network/virtualNetworks,Virtual Networks,Networking,team:Research,217.89,INR,79.31,1 Hour
2026-03-11,sub-psiog-001,MAC-07,rg-mac-07-research-prod,Microsoft.Sql/servers/databases,SQL Database,Data Services,team:Research,745.51,INR,31.65,1 Hour
2026-03-11,sub-psiog-001,MAC-08,rg-mac-08-finance-prod,Microsoft.Compute/virtualMachines,Virtual Machines,Compute,team:Finance,340.19,INR,8.19,1 Hour
2026-03-11,sub-psiog-001,MAC-08,rg-mac-08-finance-prod,Microsoft.Storage/storageAccounts,Blob Storage,Storage,team:Finance,237.51,INR,33.05,1 Hour
2026-03-11,sub-psiog-001,MAC-08,rg-mac-08-finance-prod,Microsoft.Network/loadBalancers,Load Balancers,Networking,team:Finance,123.36,INR,48.84,1 Hour
2026-03-11,sub-psiog-001,MAC-08,rg-mac-08-finance-prod,Microsoft.Sql/servers/databases,SQL Database,Data Services,team:Finance,519.26,INR,39.89,1 Hour
2026-03-11,sub-psiog-001,MAC-08,rg-mac-08-operations-prod,Microsoft.ContainerService/managedClusters,AKS Clusters,Compute,team:Operations,478.7,INR,72.96,1 Hour
2026-03-11,sub-psiog-001,MAC-08,rg-mac-08-operations-prod,Microsoft.Storage/storageAccounts,Blob Storage,Storage,team:Operations,345.99,INR,58.87,1 Hour
2026-03-11,sub-psiog-001,MAC-08,rg-mac-08-operations-prod,Microsoft.Network/virtualNetworks,Virtual Networks,Networking,team:Operations,128.23,INR,64.68,1 Hour
2026-03-11,sub-psiog-001,MAC-08,rg-mac-08-operations-prod,Microsoft.Sql/servers/databases,SQL Database,Data Services,team:Operations,453.74,INR,21.97,1 Hour
2026-03-12,sub-psiog-001,MAC-01,rg-mac-01-devops-prod,Microsoft.ContainerService/managedClusters,AKS Clusters,Compute,team:DevOps,1271.02,INR,88.73,1 Hour
2026-03-12,sub-psiog-001,MAC-01,rg-mac-01-devops-prod,Microsoft.Storage/storageAccounts/fileServices,File Storage,Storage,team:DevOps,300.51,INR,44.4,1 Hour
2026-03-12,sub-psiog-001,MAC-01,rg-mac-01-devops-prod,Microsoft.Network/virtualNetworks,Virtual Networks,Networking,team:DevOps,233.65,INR,71.55,1 Hour
2026-03-12,sub-psiog-001,MAC-01,rg-mac-01-devops-prod,Microsoft.DocumentDB/databaseAccounts,Cosmos DB,Data Services,team:DevOps,389.38,INR,22.61,1 Hour
2026-03-12,sub-psiog-001,MAC-01,rg-mac-01-platform-prod,Microsoft.ContainerService/managedClusters,AKS Clusters,Compute,,1151.58,INR,27.8,1 Hour
2026-03-12,sub-psiog-001,MAC-01,rg-mac-01-platform-prod,Microsoft.Storage/storageAccounts/fileServices,File Storage,Storage,team:Platform,304.67,INR,43.71,1 Hour
2026-03-12,sub-psiog-001,MAC-01,rg-mac-01-platform-prod,Microsoft.Network/loadBalancers,Load Balancers,Networking,team:Platform,265.55,INR,33.67,1 Hour
2026-03-12,sub-psiog-001,MAC-01,rg-mac-01-platform-prod,Microsoft.DocumentDB/databaseAccounts,Cosmos DB,Data Services,team:Platform,487.98,INR,56.73,1 Hour
2026-03-12,sub-psiog-001,MAC-02,rg-mac-02-dataengineering-prod,Microsoft.Compute/virtualMachines,Virtual Machines,Compute,team:DataEngineering,991.07,INR,10.69,1 Hour
2026-03-12,sub-psiog-001,MAC-02,rg-mac-02-dataengineering-prod,Microsoft.Storage/storageAccounts,Blob Storage,Storage,team:DataEngineering,777.24,INR,19.24,1 Hour
2026-03-12,sub-psiog-001,MAC-02,rg-mac-02-dataengineering-prod,Microsoft.Network/virtualNetworks,Virtual Networks,Networking,team:DataEngineering,225.22,INR,20.59,1 Hour
2026-03-12,sub-psiog-001,MAC-02,rg-mac-02-dataengineering-prod,Microsoft.Sql/servers/databases,SQL Database,Data Services,team:DataEngineering,1111.5,INR,68.72,1 Hour
2026-03-12,sub-psiog-001,MAC-02,rg-mac-02-analytics-prod,Microsoft.Compute/virtualMachines,Virtual Machines,Compute,team:Analytics,1018.9,INR,99.99,1 Hour
2026-03-12,sub-psiog-001,MAC-02,rg-mac-02-analytics-prod,Microsoft.Storage/storageAccounts,Blob Storage,Storage,,622.69,INR,62.19,1 Hour
2026-03-12,sub-psiog-001,MAC-02,rg-mac-02-analytics-prod,Microsoft.Network/virtualNetworks,Virtual Networks,Networking,team:Analytics,169.36,INR,71.38,1 Hour
2026-03-12,sub-psiog-001,MAC-02,rg-mac-02-analytics-prod,Microsoft.Sql/servers/databases,SQL Database,Data Services,team:Analytics,840.71,INR,14.96,1 Hour
2026-03-12,sub-psiog-001,MAC-03,rg-mac-03-product-prod,Microsoft.Compute/virtualMachines,Virtual Machines,Compute,team:Product,597.99,INR,35.34,1 Hour
2026-03-12,sub-psiog-001,MAC-03,rg-mac-03-product-prod,Microsoft.Storage/storageAccounts,Blob Storage,Storage,team:Product,229.62,INR,2.16,1 Hour
2026-03-12,sub-psiog-001,MAC-03,rg-mac-03-product-prod,Microsoft.Network/virtualNetworks,Virtual Networks,Networking,team:Product,120.11,INR,99.41,1 Hour
2026-03-12,sub-psiog-001,MAC-03,rg-mac-03-product-prod,Microsoft.Sql/servers/databases,SQL Database,Data Services,team:Product,392.34,INR,40.25,1 Hour
2026-03-12,sub-psiog-001,MAC-03,rg-mac-03-frontend-prod,Microsoft.ContainerService/managedClusters,AKS Clusters,Compute,team:Frontend,496.44,INR,70.45,1 Hour
2026-03-12,sub-psiog-001,MAC-03,rg-mac-03-frontend-prod,Microsoft.Storage/storageAccounts,Blob Storage,Storage,team:Frontend,168.39,INR,20.05,1 Hour
2026-03-12,sub-psiog-001,MAC-03,rg-mac-03-frontend-prod,Microsoft.Network/virtualNetworks,Virtual Networks,Networking,team:Frontend,100.65,INR,23.97,1 Hour
2026-03-12,sub-psiog-001,MAC-03,rg-mac-03-frontend-prod,Microsoft.DocumentDB/databaseAccounts,Cosmos DB,Data Services,team:Frontend,194.5,INR,69.06,1 Hour
2026-03-12,sub-psiog-001,MAC-04,rg-mac-04-backend-prod,Microsoft.ContainerService/managedClusters,AKS Clusters,Compute,team:Backend,1142.32,INR,81.13,1 Hour
2026-03-12,sub-psiog-001,MAC-04,rg-mac-04-backend-prod,Microsoft.Storage/storageAccounts,Blob Storage,Storage,team:Backend,450.58,INR,70.15,1 Hour
2026-03-12,sub-psiog-001,MAC-04,rg-mac-04-backend-prod,Microsoft.Network/virtualNetworks,Virtual Networks,Networking,team:Backend,250.86,INR,35.67,1 Hour
2026-03-12,sub-psiog-001,MAC-04,rg-mac-04-backend-prod,Microsoft.DocumentDB/databaseAccounts,Cosmos DB,Data Services,team:Backend,606.87,INR,45.27,1 Hour
2026-03-12,sub-psiog-001,MAC-04,rg-mac-04-qa-prod,Microsoft.ContainerService/managedClusters,AKS Clusters,Compute,team:QA,522.83,INR,53.97,1 Hour
2026-03-12,sub-psiog-001,MAC-04,rg-mac-04-qa-prod,Microsoft.Storage/storageAccounts,Blob Storage,Storage,team:QA,191.77,INR,16.97,1 Hour
2026-03-12,sub-psiog-001,MAC-04,rg-mac-04-qa-prod,Microsoft.Network/loadBalancers,Load Balancers,Networking,team:QA,94.81,INR,41.57,1 Hour
2026-03-12,sub-psiog-001,MAC-04,rg-mac-04-qa-prod,Microsoft.Sql/servers/databases,SQL Database,Data Services,team:QA,293.23,INR,93.08,1 Hour
2026-03-12,sub-psiog-001,MAC-05,rg-mac-05-security-prod,Microsoft.Compute/virtualMachines,Virtual Machines,Compute,team:Security,685.01,INR,77.1,1 Hour
2026-03-12,sub-psiog-001,MAC-05,rg-mac-05-security-prod,Microsoft.Storage/storageAccounts,Blob Storage,Storage,team:Security,325.32,INR,51.7,1 Hour
2026-03-12,sub-psiog-001,MAC-05,rg-mac-05-security-prod,Microsoft.Network/virtualNetworks,Virtual Networks,Networking,team:Security,304.15,INR,61.28,1 Hour
2026-03-12,sub-psiog-001,MAC-05,rg-mac-05-security-prod,Microsoft.Sql/servers/databases,SQL Database,Data Services,team:Security,369.75,INR,27.05,1 Hour
2026-03-12,sub-psiog-001,MAC-05,rg-mac-05-compliance-prod,Microsoft.ContainerService/managedClusters,AKS Clusters,Compute,team:Compliance,449.34,INR,65.5,1 Hour
2026-03-12,sub-psiog-001,MAC-05,rg-mac-05-compliance-prod,Microsoft.Storage/storageAccounts,Blob Storage,Storage,team:Compliance,228.54,INR,63.28,1 Hour
2026-03-12,sub-psiog-001,MAC-05,rg-mac-05-compliance-prod,Microsoft.Network/virtualNetworks,Virtual Networks,Networking,team:Compliance,149.18,INR,54.24,1 Hour
2026-03-12,sub-psiog-001,MAC-05,rg-mac-05-compliance-prod,Microsoft.Sql/servers/databases,SQL Database,Data Services,team:Compliance,372.57,INR,26.99,1 Hour
2026-03-12,sub-psiog-001,MAC-06,rg-mac-06-infrastructure-prod,Microsoft.ContainerService/managedClusters,AKS Clusters,Compute,team:Infrastructure,1761.2,INR,83.12,1 Hour
2026-03-12,sub-psiog-001,MAC-06,rg-mac-06-infrastructure-prod,Microsoft.Storage/storageAccounts,Blob Storage,Storage,team:Infrastructure,506.83,INR,95.09,1 Hour
2026-03-12,sub-psiog-001,MAC-06,rg-mac-06-infrastructure-prod,Microsoft.Network/virtualNetworks,Virtual Networks,Networking,team:Infrastructure,388.54,INR,80.84,1 Hour
2026-03-12,sub-psiog-001,MAC-06,rg-mac-06-infrastructure-prod,Microsoft.DocumentDB/databaseAccounts,Cosmos DB,Data Services,team:Infrastructure,457.49,INR,16.36,1 Hour
2026-03-12,sub-psiog-001,MAC-06,rg-mac-06-cloudops-prod,Microsoft.Compute/virtualMachines,Virtual Machines,Compute,team:CloudOps,1419.52,INR,25.7,1 Hour
2026-03-12,sub-psiog-001,MAC-06,rg-mac-06-cloudops-prod,Microsoft.Storage/storageAccounts/fileServices,File Storage,Storage,team:CloudOps,409.83,INR,10.53,1 Hour
2026-03-12,sub-psiog-001,MAC-06,rg-mac-06-cloudops-prod,Microsoft.Network/loadBalancers,Load Balancers,Networking,team:CloudOps,337.3,INR,2.3,1 Hour
2026-03-12,sub-psiog-001,MAC-06,rg-mac-06-cloudops-prod,Microsoft.Sql/servers/databases,SQL Database,Data Services,team:CloudOps,398.9,INR,27.8,1 Hour
2026-03-12,sub-psiog-001,MAC-07,rg-mac-07-ml-prod,Microsoft.ContainerService/managedClusters,AKS Clusters,Compute,team:ML,1905.86,INR,30.25,1 Hour
2026-03-12,sub-psiog-001,MAC-07,rg-mac-07-ml-prod,Microsoft.Storage/storageAccounts,Blob Storage,Storage,team:ML,487.99,INR,64.59,1 Hour
2026-03-12,sub-psiog-001,MAC-07,rg-mac-07-ml-prod,Microsoft.Network/virtualNetworks,Virtual Networks,Networking,team:ML,247.21,INR,85.59,1 Hour
2026-03-12,sub-psiog-001,MAC-07,rg-mac-07-ml-prod,Microsoft.Sql/servers/databases,SQL Database,Data Services,team:ML,900.06,INR,15.94,1 Hour
2026-03-12,sub-psiog-001,MAC-07,rg-mac-07-research-prod,Microsoft.ContainerService/managedClusters,AKS Clusters,Compute,team:Research,882.27,INR,11.33,1 Hour
2026-03-12,sub-psiog-001,MAC-07,rg-mac-07-research-prod,Microsoft.Storage/storageAccounts/fileServices,File Storage,Storage,team:Research,525.77,INR,38.86,1 Hour
2026-03-12,sub-psiog-001,MAC-07,rg-mac-07-research-prod,Microsoft.Network/virtualNetworks,Virtual Networks,Networking,team:Research,193.58,INR,23.93,1 Hour
2026-03-12,sub-psiog-001,MAC-07,rg-mac-07-research-prod,Microsoft.Sql/servers/databases,SQL Database,Data Services,team:Research,747.04,INR,20.98,1 Hour
2026-03-12,sub-psiog-001,MAC-08,rg-mac-08-finance-prod,Microsoft.Compute/virtualMachines,Virtual Machines,Compute,team:Finance,392.44,INR,39.02,1 Hour
2026-03-12,sub-psiog-001,MAC-08,rg-mac-08-finance-prod,Microsoft.Storage/storageAccounts,Blob Storage,Storage,team:Finance,210.76,INR,29.27,1 Hour
2026-03-12,sub-psiog-001,MAC-08,rg-mac-08-finance-prod,Microsoft.Network/loadBalancers,Load Balancers,Networking,team:Finance,123.49,INR,8.67,1 Hour
2026-03-12,sub-psiog-001,MAC-08,rg-mac-08-finance-prod,Microsoft.DocumentDB/databaseAccounts,Cosmos DB,Data Services,team:Finance,499.68,INR,44.08,1 Hour
2026-03-12,sub-psiog-001,MAC-08,rg-mac-08-operations-prod,Microsoft.ContainerService/managedClusters,AKS Clusters,Compute,team:Operations,581.66,INR,53.61,1 Hour
2026-03-12,sub-psiog-001,MAC-08,rg-mac-08-operations-prod,Microsoft.Storage/storageAccounts,Blob Storage,Storage,team:Operations,350.53,INR,50.02,1 Hour
2026-03-12,sub-psiog-001,MAC-08,rg-mac-08-operations-prod,Microsoft.Network/virtualNetworks,Virtual Networks,Networking,team:Operations,149.48,INR,94.99,1 Hour
2026-03-12,sub-psiog-001,MAC-08,rg-mac-08-operations-prod,Microsoft.Sql/servers/databases,SQL Database,Data Services,,400.43,INR,76.31,1 Hour
2026-03-13,sub-psiog-001,MAC-01,rg-mac-01-devops-prod,Microsoft.Compute/virtualMachines,Virtual Machines,Compute,team:DevOps,1222.52,INR,84.07,1 Hour
2026-03-13,sub-psiog-001,MAC-01,rg-mac-01-devops-prod,Microsoft.Storage/storageAccounts/fileServices,File Storage,Storage,team:DevOps,391.68,INR,50.25,1 Hour
2026-03-13,sub-psiog-001,MAC-01,rg-mac-01-devops-prod,Microsoft.Network/loadBalancers,Load Balancers,Networking,team:DevOps,234.25,INR,66.46,1 Hour
2026-03-13,sub-psiog-001,MAC-01,rg-mac-01-devops-prod,Microsoft.Sql/servers/databases,SQL Database,Data Services,team:DevOps,467.57,INR,77.74,1 Hour
2026-03-13,sub-psiog-001,MAC-01,rg-mac-01-platform-prod,Microsoft.ContainerService/managedClusters,AKS Clusters,Compute,team:Platform,1191.07,INR,32.56,1 Hour
2026-03-13,sub-psiog-001,MAC-01,rg-mac-01-platform-prod,Microsoft.Storage/storageAccounts/fileServices,File Storage,Storage,team:Platform,355.02,INR,92.49,1 Hour
2026-03-13,sub-psiog-001,MAC-01,rg-mac-01-platform-prod,Microsoft.Network/virtualNetworks,Virtual Networks,Networking,team:Platform,322.61,INR,79.65,1 Hour
2026-03-13,sub-psiog-001,MAC-01,rg-mac-01-platform-prod,Microsoft.DocumentDB/databaseAccounts,Cosmos DB,Data Services,team:Platform,446.76,INR,49.2,1 Hour
2026-03-13,sub-psiog-001,MAC-02,rg-mac-02-dataengineering-prod,Microsoft.ContainerService/managedClusters,AKS Clusters,Compute,team:DataEngineering,894.8,INR,80.24,1 Hour
2026-03-13,sub-psiog-001,MAC-02,rg-mac-02-dataengineering-prod,Microsoft.Storage/storageAccounts/fileServices,File Storage,Storage,team:DataEngineering,772.4,INR,63.54,1 Hour
2026-03-13,sub-psiog-001,MAC-02,rg-mac-02-dataengineering-prod,Microsoft.Network/virtualNetworks,Virtual Networks,Networking,team:DataEngineering,231.37,INR,95.77,1 Hour
2026-03-13,sub-psiog-001,MAC-02,rg-mac-02-dataengineering-prod,Microsoft.DocumentDB/databaseAccounts,Cosmos DB,Data Services,team:DataEngineering,953.5,INR,97.2,1 Hour
2026-03-13,sub-psiog-001,MAC-02,rg-mac-02-analytics-prod,Microsoft.ContainerService/managedClusters,AKS Clusters,Compute,team:Analytics,979.88,INR,81.57,1 Hour
2026-03-13,sub-psiog-001,MAC-02,rg-mac-02-analytics-prod,Microsoft.Storage/storageAccounts,Blob Storage,Storage,team:Analytics,693.78,INR,66.34,1 Hour
2026-03-13,sub-psiog-001,MAC-02,rg-mac-02-analytics-prod,Microsoft.Network/virtualNetworks,Virtual Networks,Networking,team:Analytics,185.25,INR,49.4,1 Hour
2026-03-13,sub-psiog-001,MAC-02,rg-mac-02-analytics-prod,Microsoft.Sql/servers/databases,SQL Database,Data Services,,909.19,INR,94.16,1 Hour
2026-03-13,sub-psiog-001,MAC-03,rg-mac-03-product-prod,Microsoft.ContainerService/managedClusters,AKS Clusters,Compute,team:Product,764.41,INR,54.92,1 Hour
2026-03-13,sub-psiog-001,MAC-03,rg-mac-03-product-prod,Microsoft.Storage/storageAccounts/fileServices,File Storage,Storage,team:Product,234.59,INR,52.16,1 Hour
2026-03-13,sub-psiog-001,MAC-03,rg-mac-03-product-prod,Microsoft.Network/virtualNetworks,Virtual Networks,Networking,team:Product,129.62,INR,33.67,1 Hour
2026-03-13,sub-psiog-001,MAC-03,rg-mac-03-product-prod,Microsoft.Sql/servers/databases,SQL Database,Data Services,team:Product,314.98,INR,4.17,1 Hour
2026-03-13,sub-psiog-001,MAC-03,rg-mac-03-frontend-prod,Microsoft.Compute/virtualMachines,Virtual Machines,Compute,team:Frontend,495.71,INR,86.99,1 Hour
2026-03-13,sub-psiog-001,MAC-03,rg-mac-03-frontend-prod,Microsoft.Storage/storageAccounts,Blob Storage,Storage,,171.92,INR,31.52,1 Hour
2026-03-13,sub-psiog-001,MAC-03,rg-mac-03-frontend-prod,Microsoft.Network/virtualNetworks,Virtual Networks,Networking,team:Frontend,101.15,INR,69.8,1 Hour
2026-03-13,sub-psiog-001,MAC-03,rg-mac-03-frontend-prod,Microsoft.Sql/servers/databases,SQL Database,Data Services,team:Frontend,220.78,INR,96.09,1 Hour
2026-03-13,sub-psiog-001,MAC-04,rg-mac-04-backend-prod,Microsoft.Compute/virtualMachines,Virtual Machines,Compute,team:Backend,1233.19,INR,81.77,1 Hour
2026-03-13,sub-psiog-001,MAC-04,rg-mac-04-backend-prod,Microsoft.Storage/storageAccounts,Blob Storage,Storage,team:Backend,419.37,INR,54.51,1 Hour
2026-03-13,sub-psiog-001,MAC-04,rg-mac-04-backend-prod,Microsoft.Network/loadBalancers,Load Balancers,Networking,team:Backend,281.02,INR,65.6,1 Hour
2026-03-13,sub-psiog-001,MAC-04,rg-mac-04-backend-prod,Microsoft.Sql/servers/databases,SQL Database,Data Services,team:Backend,604.03,INR,6.29,1 Hour
2026-03-13,sub-psiog-001,MAC-04,rg-mac-04-qa-prod,Microsoft.ContainerService/managedClusters,AKS Clusters,Compute,team:QA,509.24,INR,88.01,1 Hour
2026-03-13,sub-psiog-001,MAC-04,rg-mac-04-qa-prod,Microsoft.Storage/storageAccounts,Blob Storage,Storage,team:QA,216.34,INR,97.45,1 Hour
2026-03-13,sub-psiog-001,MAC-04,rg-mac-04-qa-prod,Microsoft.Network/virtualNetworks,Virtual Networks,Networking,team:QA,116.88,INR,56.6,1 Hour
2026-03-13,sub-psiog-001,MAC-04,rg-mac-04-qa-prod,Microsoft.Sql/servers/databases,SQL Database,Data Services,team:QA,287.48,INR,53.86,1 Hour
2026-03-13,sub-psiog-001,MAC-05,rg-mac-05-security-prod,Microsoft.ContainerService/managedClusters,AKS Clusters,Compute,team:Security,700.78,INR,97.88,1 Hour
2026-03-13,sub-psiog-001,MAC-05,rg-mac-05-security-prod,Microsoft.Storage/storageAccounts/fileServices,File Storage,Storage,team:Security,314.47,INR,26.32,1 Hour
2026-03-13,sub-psiog-001,MAC-05,rg-mac-05-security-prod,Microsoft.Network/loadBalancers,Load Balancers,Networking,team:Security,342.55,INR,8.73,1 Hour
2026-03-13,sub-psiog-001,MAC-05,rg-mac-05-security-prod,Microsoft.DocumentDB/databaseAccounts,Cosmos DB,Data Services,team:Security,374.85,INR,61.75,1 Hour
2026-03-13,sub-psiog-001,MAC-05,rg-mac-05-compliance-prod,Microsoft.ContainerService/managedClusters,AKS Clusters,Compute,,395.17,INR,14.4,1 Hour
2026-03-13,sub-psiog-001,MAC-05,rg-mac-05-compliance-prod,Microsoft.Storage/storageAccounts,Blob Storage,Storage,team:Compliance,222.53,INR,25.52,1 Hour
2026-03-13,sub-psiog-001,MAC-05,rg-mac-05-compliance-prod,Microsoft.Network/virtualNetworks,Virtual Networks,Networking,team:Compliance,196.14,INR,52.57,1 Hour
2026-03-13,sub-psiog-001,MAC-05,rg-mac-05-compliance-prod,Microsoft.Sql/servers/databases,SQL Database,Data Services,team:Compliance,356.4,INR,62.86,1 Hour
2026-03-13,sub-psiog-001,MAC-06,rg-mac-06-infrastructure-prod,Microsoft.Compute/virtualMachines,Virtual Machines,Compute,,1666.85,INR,6.04,1 Hour
2026-03-13,sub-psiog-001,MAC-06,rg-mac-06-infrastructure-prod,Microsoft.Storage/storageAccounts,Blob Storage,Storage,team:Infrastructure,441.34,INR,18.65,1 Hour
2026-03-13,sub-psiog-001,MAC-06,rg-mac-06-infrastructure-prod,Microsoft.Network/loadBalancers,Load Balancers,Networking,,374.23,INR,59.56,1 Hour
2026-03-13,sub-psiog-001,MAC-06,rg-mac-06-infrastructure-prod,Microsoft.Sql/servers/databases,SQL Database,Data Services,,525.28,INR,15.35,1 Hour
2026-03-13,sub-psiog-001,MAC-06,rg-mac-06-cloudops-prod,Microsoft.Compute/virtualMachines,Virtual Machines,Compute,team:CloudOps,1683.76,INR,39.05,1 Hour
2026-03-13,sub-psiog-001,MAC-06,rg-mac-06-cloudops-prod,Microsoft.Storage/storageAccounts/fileServices,File Storage,Storage,team:CloudOps,424.94,INR,78.78,1 Hour
2026-03-13,sub-psiog-001,MAC-06,rg-mac-06-cloudops-prod,Microsoft.Network/virtualNetworks,Virtual Networks,Networking,team:CloudOps,329.11,INR,22.59,1 Hour
2026-03-13,sub-psiog-001,MAC-06,rg-mac-06-cloudops-prod,Microsoft.DocumentDB/databaseAccounts,Cosmos DB,Data Services,team:CloudOps,408.37,INR,11.01,1 Hour
2026-03-13,sub-psiog-001,MAC-07,rg-mac-07-ml-prod,Microsoft.Compute/virtualMachines,Virtual Machines,Compute,team:ML,1975.86,INR,61.55,1 Hour
2026-03-13,sub-psiog-001,MAC-07,rg-mac-07-ml-prod,Microsoft.Storage/storageAccounts,Blob Storage,Storage,team:ML,621.56,INR,76.07,1 Hour
2026-03-13,sub-psiog-001,MAC-07,rg-mac-07-ml-prod,Microsoft.Network/loadBalancers,Load Balancers,Networking,team:ML,207.13,INR,57.94,1 Hour
2026-03-13,sub-psiog-001,MAC-07,rg-mac-07-ml-prod,Microsoft.DocumentDB/databaseAccounts,Cosmos DB,Data Services,,771.88,INR,64.69,1 Hour
2026-03-13,sub-psiog-001,MAC-07,rg-mac-07-research-prod,Microsoft.ContainerService/managedClusters,AKS Clusters,Compute,team:Research,917.46,INR,97.91,1 Hour
2026-03-13,sub-psiog-001,MAC-07,rg-mac-07-research-prod,Microsoft.Storage/storageAccounts,Blob Storage,Storage,team:Research,565.17,INR,88.85,1 Hour
2026-03-13,sub-psiog-001,MAC-07,rg-mac-07-research-prod,Microsoft.Network/loadBalancers,Load Balancers,Networking,team:Research,196.21,INR,3.48,1 Hour
2026-03-13,sub-psiog-001,MAC-07,rg-mac-07-research-prod,Microsoft.DocumentDB/databaseAccounts,Cosmos DB,Data Services,team:Research,688.51,INR,86.69,1 Hour
2026-03-13,sub-psiog-001,MAC-08,rg-mac-08-finance-prod,Microsoft.ContainerService/managedClusters,AKS Clusters,Compute,team:Finance,296.41,INR,35.46,1 Hour
2026-03-13,sub-psiog-001,MAC-08,rg-mac-08-finance-prod,Microsoft.Storage/storageAccounts/fileServices,File Storage,Storage,team:Finance,230.04,INR,72.8,1 Hour
2026-03-13,sub-psiog-001,MAC-08,rg-mac-08-finance-prod,Microsoft.Network/virtualNetworks,Virtual Networks,Networking,team:Finance,99.42,INR,51.59,1 Hour
2026-03-13,sub-psiog-001,MAC-08,rg-mac-08-finance-prod,Microsoft.DocumentDB/databaseAccounts,Cosmos DB,Data Services,team:Finance,504.18,INR,47.52,1 Hour
2026-03-13,sub-psiog-001,MAC-08,rg-mac-08-operations-prod,Microsoft.Compute/virtualMachines,Virtual Machines,Compute,team:Operations,503.59,INR,52.14,1 Hour
2026-03-13,sub-psiog-001,MAC-08,rg-mac-08-operations-prod,Microsoft.Storage/storageAccounts,Blob Storage,Storage,,344.92,INR,38.89,1 Hour
2026-03-13,sub-psiog-001,MAC-08,rg-mac-08-operations-prod,Microsoft.Network/loadBalancers,Load Balancers,Networking,team:Operations,136.57,INR,98.93,1 Hour
2026-03-13,sub-psiog-001,MAC-08,rg-mac-08-operations-prod,Microsoft.DocumentDB/databaseAccounts,Cosmos DB,Data Services,team:Operations,471.36,INR,83.16,1 Hour
2026-03-14,sub-psiog-001,MAC-01,rg-mac-01-devops-prod,Microsoft.ContainerService/managedClusters,AKS Clusters,Compute,team:DevOps,1571.5,INR,63.57,1 Hour
2026-03-14,sub-psiog-001,MAC-01,rg-mac-01-devops-prod,Microsoft.Storage/storageAccounts,Blob Storage,Storage,team:DevOps,310.23,INR,4.79,1 Hour
2026-03-14,sub-psiog-001,MAC-01,rg-mac-01-devops-prod,Microsoft.Network/virtualNetworks,Virtual Networks,Networking,team:DevOps,198.42,INR,79.59,1 Hour
2026-03-14,sub-psiog-001,MAC-01,rg-mac-01-devops-prod,Microsoft.DocumentDB/databaseAccounts,Cosmos DB,Data Services,team:DevOps,426.12,INR,3.56,1 Hour
2026-03-14,sub-psiog-001,MAC-01,rg-mac-01-platform-prod,Microsoft.Compute/virtualMachines,Virtual Machines,Compute,team:Platform,1210.69,INR,68.03,1 Hour
2026-03-14,sub-psiog-001,MAC-01,rg-mac-01-platform-prod,Microsoft.Storage/storageAccounts,Blob Storage,Storage,team:Platform,335.64,INR,84.95,1 Hour
2026-03-14,sub-psiog-001,MAC-01,rg-mac-01-platform-prod,Microsoft.Network/loadBalancers,Load Balancers,Networking,team:Platform,312.81,INR,76.44,1 Hour
2026-03-14,sub-psiog-001,MAC-01,rg-mac-01-platform-prod,Microsoft.DocumentDB/databaseAccounts,Cosmos DB,Data Services,team:Platform,484.19,INR,54.7,1 Hour
2026-03-14,sub-psiog-001,MAC-02,rg-mac-02-dataengineering-prod,Microsoft.ContainerService/managedClusters,AKS Clusters,Compute,team:DataEngineering,1038.76,INR,61.86,1 Hour
2026-03-14,sub-psiog-001,MAC-02,rg-mac-02-dataengineering-prod,Microsoft.Storage/storageAccounts,Blob Storage,Storage,team:DataEngineering,774.1,INR,64.26,1 Hour
2026-03-14,sub-psiog-001,MAC-02,rg-mac-02-dataengineering-prod,Microsoft.Network/loadBalancers,Load Balancers,Networking,team:DataEngineering,193.35,INR,39.74,1 Hour
2026-03-14,sub-psiog-001,MAC-02,rg-mac-02-dataengineering-prod,Microsoft.DocumentDB/databaseAccounts,Cosmos DB,Data Services,team:DataEngineering,1144.06,INR,64.73,1 Hour
2026-03-14,sub-psiog-001,MAC-02,rg-mac-02-analytics-prod,Microsoft.ContainerService/managedClusters,AKS Clusters,Compute,team:Analytics,1086.97,INR,85.93,1 Hour
2026-03-14,sub-psiog-001,MAC-02,rg-mac-02-analytics-prod,Microsoft.Storage/storageAccounts,Blob Storage,Storage,team:Analytics,631.34,INR,94.47,1 Hour
2026-03-14,sub-psiog-001,MAC-02,rg-mac-02-analytics-prod,Microsoft.Network/loadBalancers,Load Balancers,Networking,team:Analytics,187.61,INR,40.96,1 Hour
2026-03-14,sub-psiog-001,MAC-02,rg-mac-02-analytics-prod,Microsoft.DocumentDB/databaseAccounts,Cosmos DB,Data Services,team:Analytics,862.52,INR,91.57,1 Hour
2026-03-14,sub-psiog-001,MAC-03,rg-mac-03-product-prod,Microsoft.ContainerService/managedClusters,AKS Clusters,Compute,team:Product,768.57,INR,22.08,1 Hour
2026-03-14,sub-psiog-001,MAC-03,rg-mac-03-product-prod,Microsoft.Storage/storageAccounts,Blob Storage,Storage,team:Product,200.83,INR,68.44,1 Hour
2026-03-14,sub-psiog-001,MAC-03,rg-mac-03-product-prod,Microsoft.Network/virtualNetworks,Virtual Networks,Networking,team:Product,119.26,INR,61.3,1 Hour
2026-03-14,sub-psiog-001,MAC-03,rg-mac-03-product-prod,Microsoft.Sql/servers/databases,SQL Database,Data Services,team:Product,386.18,INR,29.85,1 Hour
2026-03-14,sub-psiog-001,MAC-03,rg-mac-03-frontend-prod,Microsoft.ContainerService/managedClusters,AKS Clusters,Compute,team:Frontend,514.35,INR,93.14,1 Hour
2026-03-14,sub-psiog-001,MAC-03,rg-mac-03-frontend-prod,Microsoft.Storage/storageAccounts/fileServices,File Storage,Storage,team:Frontend,161.92,INR,98.83,1 Hour
2026-03-14,sub-psiog-001,MAC-03,rg-mac-03-frontend-prod,Microsoft.Network/loadBalancers,Load Balancers,Networking,team:Frontend,130.76,INR,89.29,1 Hour
2026-03-14,sub-psiog-001,MAC-03,rg-mac-03-frontend-prod,Microsoft.DocumentDB/databaseAccounts,Cosmos DB,Data Services,team:Frontend,228.49,INR,48.75,1 Hour
2026-03-14,sub-psiog-001,MAC-04,rg-mac-04-backend-prod,Microsoft.ContainerService/managedClusters,AKS Clusters,Compute,team:Backend,1246.69,INR,41.3,1 Hour
2026-03-14,sub-psiog-001,MAC-04,rg-mac-04-backend-prod,Microsoft.Storage/storageAccounts/fileServices,File Storage,Storage,team:Backend,455.76,INR,1.92,1 Hour
2026-03-14,sub-psiog-001,MAC-04,rg-mac-04-backend-prod,Microsoft.Network/virtualNetworks,Virtual Networks,Networking,team:Backend,247.56,INR,76.05,1 Hour
2026-03-14,sub-psiog-001,MAC-04,rg-mac-04-backend-prod,Microsoft.Sql/servers/databases,SQL Database,Data Services,team:Backend,538.24,INR,73.1,1 Hour
2026-03-14,sub-psiog-001,MAC-04,rg-mac-04-qa-prod,Microsoft.Compute/virtualMachines,Virtual Machines,Compute,team:QA,495.73,INR,59.94,1 Hour
2026-03-14,sub-psiog-001,MAC-04,rg-mac-04-qa-prod,Microsoft.Storage/storageAccounts/fileServices,File Storage,Storage,team:QA,228.88,INR,85.59,1 Hour
2026-03-14,sub-psiog-001,MAC-04,rg-mac-04-qa-prod,Microsoft.Network/virtualNetworks,Virtual Networks,Networking,,113.31,INR,22.4,1 Hour
2026-03-14,sub-psiog-001,MAC-04,rg-mac-04-qa-prod,Microsoft.DocumentDB/databaseAccounts,Cosmos DB,Data Services,team:QA,272.97,INR,71.51,1 Hour
2026-03-14,sub-psiog-001,MAC-05,rg-mac-05-security-prod,Microsoft.ContainerService/managedClusters,AKS Clusters,Compute,team:Security,753.42,INR,26.16,1 Hour
2026-03-14,sub-psiog-001,MAC-05,rg-mac-05-security-prod,Microsoft.Storage/storageAccounts/fileServices,File Storage,Storage,team:Security,301.32,INR,72.81,1 Hour
2026-03-14,sub-psiog-001,MAC-05,rg-mac-05-security-prod,Microsoft.Network/virtualNetworks,Virtual Networks,Networking,team:Security,371.48,INR,32.2,1 Hour
2026-03-14,sub-psiog-001,MAC-05,rg-mac-05-security-prod,Microsoft.Sql/servers/databases,SQL Database,Data Services,team:Security,424.11,INR,88.09,1 Hour
2026-03-14,sub-psiog-001,MAC-05,rg-mac-05-compliance-prod,Microsoft.ContainerService/managedClusters,AKS Clusters,Compute,team:Compliance,430.64,INR,18.63,1 Hour
2026-03-14,sub-psiog-001,MAC-05,rg-mac-05-compliance-prod,Microsoft.Storage/storageAccounts,Blob Storage,Storage,team:Compliance,273.95,INR,78.94,1 Hour
2026-03-14,sub-psiog-001,MAC-05,rg-mac-05-compliance-prod,Microsoft.Network/virtualNetworks,Virtual Networks,Networking,team:Compliance,162.23,INR,37.42,1 Hour
2026-03-14,sub-psiog-001,MAC-05,rg-mac-05-compliance-prod,Microsoft.DocumentDB/databaseAccounts,Cosmos DB,Data Services,team:Compliance,348.4,INR,52.4,1 Hour
2026-03-14,sub-psiog-001,MAC-06,rg-mac-06-infrastructure-prod,Microsoft.Compute/virtualMachines,Virtual Machines,Compute,team:Infrastructure,1724.43,INR,95.26,1 Hour
2026-03-14,sub-psiog-001,MAC-06,rg-mac-06-infrastructure-prod,Microsoft.Storage/storageAccounts/fileServices,File Storage,Storage,team:Infrastructure,431.22,INR,67.97,1 Hour
2026-03-14,sub-psiog-001,MAC-06,rg-mac-06-infrastructure-prod,Microsoft.Network/virtualNetworks,Virtual Networks,Networking,team:Infrastructure,370.24,INR,27.85,1 Hour
2026-03-14,sub-psiog-001,MAC-06,rg-mac-06-infrastructure-prod,Microsoft.Sql/servers/databases,SQL Database,Data Services,team:Infrastructure,533.79,INR,4.19,1 Hour
2026-03-14,sub-psiog-001,MAC-06,rg-mac-06-cloudops-prod,Microsoft.ContainerService/managedClusters,AKS Clusters,Compute,team:CloudOps,1590.93,INR,18.82,1 Hour
2026-03-14,sub-psiog-001,MAC-06,rg-mac-06-cloudops-prod,Microsoft.Storage/storageAccounts/fileServices,File Storage,Storage,team:CloudOps,417.0,INR,82.03,1 Hour
2026-03-14,sub-psiog-001,MAC-06,rg-mac-06-cloudops-prod,Microsoft.Network/loadBalancers,Load Balancers,Networking,team:CloudOps,343.9,INR,60.69,1 Hour
2026-03-14,sub-psiog-001,MAC-06,rg-mac-06-cloudops-prod,Microsoft.DocumentDB/databaseAccounts,Cosmos DB,Data Services,,389.13,INR,81.65,1 Hour
2026-03-14,sub-psiog-001,MAC-07,rg-mac-07-ml-prod,Microsoft.Compute/virtualMachines,Virtual Machines,Compute,team:ML,2037.04,INR,33.86,1 Hour
2026-03-14,sub-psiog-001,MAC-07,rg-mac-07-ml-prod,Microsoft.Storage/storageAccounts/fileServices,File Storage,Storage,team:ML,613.15,INR,17.61,1 Hour
2026-03-14,sub-psiog-001,MAC-07,rg-mac-07-ml-prod,Microsoft.Network/loadBalancers,Load Balancers,Networking,team:ML,246.13,INR,34.23,1 Hour
2026-03-14,sub-psiog-001,MAC-07,rg-mac-07-ml-prod,Microsoft.DocumentDB/databaseAccounts,Cosmos DB,Data Services,team:ML,725.51,INR,13.14,1 Hour
2026-03-14,sub-psiog-001,MAC-07,rg-mac-07-research-prod,Microsoft.ContainerService/managedClusters,AKS Clusters,Compute,team:Research,1002.73,INR,68.26,1 Hour
2026-03-14,sub-psiog-001,MAC-07,rg-mac-07-research-prod,Microsoft.Storage/storageAccounts/fileServices,File Storage,Storage,team:Research,456.16,INR,78.46,1 Hour
2026-03-14,sub-psiog-001,MAC-07,rg-mac-07-research-prod,Microsoft.Network/virtualNetworks,Virtual Networks,Networking,team:Research,176.26,INR,33.26,1 Hour
2026-03-14,sub-psiog-001,MAC-07,rg-mac-07-research-prod,Microsoft.DocumentDB/databaseAccounts,Cosmos DB,Data Services,team:Research,804.0,INR,5.3,1 Hour
2026-03-14,sub-psiog-001,MAC-08,rg-mac-08-finance-prod,Microsoft.ContainerService/managedClusters,AKS Clusters,Compute,,372.21,INR,70.86,1 Hour
2026-03-14,sub-psiog-001,MAC-08,rg-mac-08-finance-prod,Microsoft.Storage/storageAccounts/fileServices,File Storage,Storage,team:Finance,232.22,INR,52.04,1 Hour
2026-03-14,sub-psiog-001,MAC-08,rg-mac-08-finance-prod,Microsoft.Network/loadBalancers,Load Balancers,Networking,team:Finance,97.56,INR,76.64,1 Hour
2026-03-14,sub-psiog-001,MAC-08,rg-mac-08-finance-prod,Microsoft.DocumentDB/databaseAccounts,Cosmos DB,Data Services,team:Finance,512.41,INR,35.43,1 Hour
2026-03-14,sub-psiog-001,MAC-08,rg-mac-08-operations-prod,Microsoft.ContainerService/managedClusters,AKS Clusters,Compute,team:Operations,447.6,INR,6.51,1 Hour
2026-03-14,sub-psiog-001,MAC-08,rg-mac-08-operations-prod,Microsoft.Storage/storageAccounts/fileServices,File Storage,Storage,team:Operations,355.7,INR,65.58,1 Hour
2026-03-14,sub-psiog-001,MAC-08,rg-mac-08-operations-prod,Microsoft.Network/virtualNetworks,Virtual Networks,Networking,team:Operations,127.35,INR,23.91,1 Hour
2026-03-14,sub-psiog-001,MAC-08,rg-mac-08-operations-prod,Microsoft.DocumentDB/databaseAccounts,Cosmos DB,Data Services,,441.23,INR,19.19,1 Hour
2026-03-15,sub-psiog-001,MAC-01,rg-mac-01-devops-prod,Microsoft.Compute/virtualMachines,Virtual Machines,Compute,team:DevOps,1424.32,INR,12.71,1 Hour
2026-03-15,sub-psiog-001,MAC-01,rg-mac-01-devops-prod,Microsoft.Storage/storageAccounts/fileServices,File Storage,Storage,team:DevOps,301.16,INR,68.52,1 Hour
2026-03-15,sub-psiog-001,MAC-01,rg-mac-01-devops-prod,Microsoft.Network/virtualNetworks,Virtual Networks,Networking,team:DevOps,235.52,INR,90.68,1 Hour
2026-03-15,sub-psiog-001,MAC-01,rg-mac-01-devops-prod,Microsoft.DocumentDB/databaseAccounts,Cosmos DB,Data Services,team:DevOps,408.26,INR,7.72,1 Hour
2026-03-15,sub-psiog-001,MAC-01,rg-mac-01-platform-prod,Microsoft.ContainerService/managedClusters,AKS Clusters,Compute,team:Platform,1401.26,INR,84.0,1 Hour
2026-03-15,sub-psiog-001,MAC-01,rg-mac-01-platform-prod,Microsoft.Storage/storageAccounts/fileServices,File Storage,Storage,team:Platform,321.01,INR,63.29,1 Hour
2026-03-15,sub-psiog-001,MAC-01,rg-mac-01-platform-prod,Microsoft.Network/loadBalancers,Load Balancers,Networking,team:Platform,322.5,INR,89.62,1 Hour
2026-03-15,sub-psiog-001,MAC-01,rg-mac-01-platform-prod,Microsoft.DocumentDB/databaseAccounts,Cosmos DB,Data Services,team:Platform,428.09,INR,84.88,1 Hour
2026-03-15,sub-psiog-001,MAC-02,rg-mac-02-dataengineering-prod,Microsoft.ContainerService/managedClusters,AKS Clusters,Compute,team:DataEngineering,896.48,INR,69.8,1 Hour
2026-03-15,sub-psiog-001,MAC-02,rg-mac-02-dataengineering-prod,Microsoft.Storage/storageAccounts,Blob Storage,Storage,team:DataEngineering,620.49,INR,91.65,1 Hour
2026-03-15,sub-psiog-001,MAC-02,rg-mac-02-dataengineering-prod,Microsoft.Network/loadBalancers,Load Balancers,Networking,team:DataEngineering,175.36,INR,65.3,1 Hour
2026-03-15,sub-psiog-001,MAC-02,rg-mac-02-dataengineering-prod,Microsoft.Sql/servers/databases,SQL Database,Data Services,,1068.02,INR,51.63,1 Hour
2026-03-15,sub-psiog-001,MAC-02,rg-mac-02-analytics-prod,Microsoft.Compute/virtualMachines,Virtual Machines,Compute,team:Analytics,1075.42,INR,87.58,1 Hour
2026-03-15,sub-psiog-001,MAC-02,rg-mac-02-analytics-prod,Microsoft.Storage/storageAccounts,Blob Storage,Storage,team:Analytics,562.68,INR,59.7,1 Hour
2026-03-15,sub-psiog-001,MAC-02,rg-mac-02-analytics-prod,Microsoft.Network/loadBalancers,Load Balancers,Networking,team:Analytics,179.09,INR,79.7,1 Hour
2026-03-15,sub-psiog-001,MAC-02,rg-mac-02-analytics-prod,Microsoft.Sql/servers/databases,SQL Database,Data Services,,831.77,INR,91.09,1 Hour
2026-03-15,sub-psiog-001,MAC-03,rg-mac-03-product-prod,Microsoft.ContainerService/managedClusters,AKS Clusters,Compute,team:Product,776.08,INR,70.06,1 Hour
2026-03-15,sub-psiog-001,MAC-03,rg-mac-03-product-prod,Microsoft.Storage/storageAccounts/fileServices,File Storage,Storage,team:Product,219.81,INR,3.96,1 Hour
2026-03-15,sub-psiog-001,MAC-03,rg-mac-03-product-prod,Microsoft.Network/loadBalancers,Load Balancers,Networking,team:Product,155.22,INR,36.33,1 Hour
2026-03-15,sub-psiog-001,MAC-03,rg-mac-03-product-prod,Microsoft.Sql/servers/databases,SQL Database,Data Services,team:Product,387.43,INR,4.46,1 Hour
2026-03-15,sub-psiog-001,MAC-03,rg-mac-03-frontend-prod,Microsoft.ContainerService/managedClusters,AKS Clusters,Compute,team:Frontend,650.29,INR,7.06,1 Hour
2026-03-15,sub-psiog-001,MAC-03,rg-mac-03-frontend-prod,Microsoft.Storage/storageAccounts/fileServices,File Storage,Storage,team:Frontend,146.76,INR,56.64,1 Hour
2026-03-15,sub-psiog-001,MAC-03,rg-mac-03-frontend-prod,Microsoft.Network/virtualNetworks,Virtual Networks,Networking,team:Frontend,123.06,INR,94.39,1 Hour
2026-03-15,sub-psiog-001,MAC-03,rg-mac-03-frontend-prod,Microsoft.Sql/servers/databases,SQL Database,Data Services,team:Frontend,238.57,INR,68.64,1 Hour
2026-03-15,sub-psiog-001,MAC-04,rg-mac-04-backend-prod,Microsoft.Compute/virtualMachines,Virtual Machines,Compute,team:Backend,1059.53,INR,62.07,1 Hour
2026-03-15,sub-psiog-001,MAC-04,rg-mac-04-backend-prod,Microsoft.Storage/storageAccounts/fileServices,File Storage,Storage,team:Backend,394.67,INR,30.96,1 Hour
2026-03-15,sub-psiog-001,MAC-04,rg-mac-04-backend-prod,Microsoft.Network/virtualNetworks,Virtual Networks,Networking,team:Backend,218.14,INR,27.23,1 Hour
2026-03-15,sub-psiog-001,MAC-04,rg-mac-04-backend-prod,Microsoft.DocumentDB/databaseAccounts,Cosmos DB,Data Services,team:Backend,638.35,INR,47.59,1 Hour
2026-03-15,sub-psiog-001,MAC-04,rg-mac-04-qa-prod,Microsoft.Compute/virtualMachines,Virtual Machines,Compute,team:QA,492.89,INR,33.89,1 Hour
2026-03-15,sub-psiog-001,MAC-04,rg-mac-04-qa-prod,Microsoft.Storage/storageAccounts,Blob Storage,Storage,team:QA,219.44,INR,76.97,1 Hour
2026-03-15,sub-psiog-001,MAC-04,rg-mac-04-qa-prod,Microsoft.Network/loadBalancers,Load Balancers,Networking,team:QA,102.52,INR,73.11,1 Hour
2026-03-15,sub-psiog-001,MAC-04,rg-mac-04-qa-prod,Microsoft.DocumentDB/databaseAccounts,Cosmos DB,Data Services,team:QA,298.25,INR,39.34,1 Hour
2026-03-15,sub-psiog-001,MAC-05,rg-mac-05-security-prod,Microsoft.ContainerService/managedClusters,AKS Clusters,Compute,team:Security,862.35,INR,70.54,1 Hour
2026-03-15,sub-psiog-001,MAC-05,rg-mac-05-security-prod,Microsoft.Storage/storageAccounts/fileServices,File Storage,Storage,team:Security,270.22,INR,81.63,1 Hour
2026-03-15,sub-psiog-001,MAC-05,rg-mac-05-security-prod,Microsoft.Network/virtualNetworks,Virtual Networks,Networking,team:Security,334.9,INR,87.89,1 Hour
2026-03-15,sub-psiog-001,MAC-05,rg-mac-05-security-prod,Microsoft.DocumentDB/databaseAccounts,Cosmos DB,Data Services,team:Security,395.68,INR,89.33,1 Hour
2026-03-15,sub-psiog-001,MAC-05,rg-mac-05-compliance-prod,Microsoft.Compute/virtualMachines,Virtual Machines,Compute,,341.61,INR,69.19,1 Hour
2026-03-15,sub-psiog-001,MAC-05,rg-mac-05-compliance-prod,Microsoft.Storage/storageAccounts,Blob Storage,Storage,team:Compliance,278.69,INR,74.95,1 Hour
2026-03-15,sub-psiog-001,MAC-05,rg-mac-05-compliance-prod,Microsoft.Network/loadBalancers,Load Balancers,Networking,team:Compliance,166.37,INR,11.37,1 Hour
2026-03-15,sub-psiog-001,MAC-05,rg-mac-05-compliance-prod,Microsoft.Sql/servers/databases,SQL Database,Data Services,,392.53,INR,79.67,1 Hour
2026-03-15,sub-psiog-001,MAC-06,rg-mac-06-infrastructure-prod,Microsoft.ContainerService/managedClusters,AKS Clusters,Compute,team:Infrastructure,1649.44,INR,65.93,1 Hour
2026-03-15,sub-psiog-001,MAC-06,rg-mac-06-infrastructure-prod,Microsoft.Storage/storageAccounts,Blob Storage,Storage,team:Infrastructure,392.43,INR,42.78,1 Hour
2026-03-15,sub-psiog-001,MAC-06,rg-mac-06-infrastructure-prod,Microsoft.Network/loadBalancers,Load Balancers,Networking,team:Infrastructure,432.76,INR,25.55,1 Hour
2026-03-15,sub-psiog-001,MAC-06,rg-mac-06-infrastructure-prod,Microsoft.Sql/servers/databases,SQL Database,Data Services,team:Infrastructure,432.87,INR,54.3,1 Hour
2026-03-15,sub-psiog-001,MAC-06,rg-mac-06-cloudops-prod,Microsoft.ContainerService/managedClusters,AKS Clusters,Compute,team:CloudOps,1331.85,INR,92.15,1 Hour
2026-03-15,sub-psiog-001,MAC-06,rg-mac-06-cloudops-prod,Microsoft.Storage/storageAccounts/fileServices,File Storage,Storage,team:CloudOps,490.82,INR,5.42,1 Hour
2026-03-15,sub-psiog-001,MAC-06,rg-mac-06-cloudops-prod,Microsoft.Network/virtualNetworks,Virtual Networks,Networking,team:CloudOps,323.24,INR,39.11,1 Hour
2026-03-15,sub-psiog-001,MAC-06,rg-mac-06-cloudops-prod,Microsoft.DocumentDB/databaseAccounts,Cosmos DB,Data Services,team:CloudOps,435.15,INR,58.02,1 Hour
2026-03-15,sub-psiog-001,MAC-07,rg-mac-07-ml-prod,Microsoft.ContainerService/managedClusters,AKS Clusters,Compute,team:ML,1963.29,INR,65.77,1 Hour
2026-03-15,sub-psiog-001,MAC-07,rg-mac-07-ml-prod,Microsoft.Storage/storageAccounts/fileServices,File Storage,Storage,team:ML,600.25,INR,19.73,1 Hour
2026-03-15,sub-psiog-001,MAC-07,rg-mac-07-ml-prod,Microsoft.Network/virtualNetworks,Virtual Networks,Networking,team:ML,251.76,INR,75.0,1 Hour
2026-03-15,sub-psiog-001,MAC-07,rg-mac-07-ml-prod,Microsoft.DocumentDB/databaseAccounts,Cosmos DB,Data Services,team:ML,814.19,INR,76.21,1 Hour
2026-03-15,sub-psiog-001,MAC-07,rg-mac-07-research-prod,Microsoft.ContainerService/managedClusters,AKS Clusters,Compute,team:Research,1038.98,INR,43.83,1 Hour
2026-03-15,sub-psiog-001,MAC-07,rg-mac-07-research-prod,Microsoft.Storage/storageAccounts,Blob Storage,Storage,team:Research,484.97,INR,9.29,1 Hour
2026-03-15,sub-psiog-001,MAC-07,rg-mac-07-research-prod,Microsoft.Network/virtualNetworks,Virtual Networks,Networking,team:Research,197.61,INR,65.65,1 Hour
2026-03-15,sub-psiog-001,MAC-07,rg-mac-07-research-prod,Microsoft.DocumentDB/databaseAccounts,Cosmos DB,Data Services,team:Research,734.17,INR,42.2,1 Hour
2026-03-15,sub-psiog-001,MAC-08,rg-mac-08-finance-prod,Microsoft.Compute/virtualMachines,Virtual Machines,Compute,team:Finance,360.88,INR,92.73,1 Hour
2026-03-15,sub-psiog-001,MAC-08,rg-mac-08-finance-prod,Microsoft.Storage/storageAccounts,Blob Storage,Storage,team:Finance,248.15,INR,15.16,1 Hour
2026-03-15,sub-psiog-001,MAC-08,rg-mac-08-finance-prod,Microsoft.Network/loadBalancers,Load Balancers,Networking,team:Finance,110.45,INR,65.51,1 Hour
2026-03-15,sub-psiog-001,MAC-08,rg-mac-08-finance-prod,Microsoft.Sql/servers/databases,SQL Database,Data Services,team:Finance,569.96,INR,90.99,1 Hour
2026-03-15,sub-psiog-001,MAC-08,rg-mac-08-operations-prod,Microsoft.Compute/virtualMachines,Virtual Machines,Compute,team:Operations,578.56,INR,76.83,1 Hour
2026-03-15,sub-psiog-001,MAC-08,rg-mac-08-operations-prod,Microsoft.Storage/storageAccounts,Blob Storage,Storage,team:Operations,348.93,INR,72.61,1 Hour
2026-03-15,sub-psiog-001,MAC-08,rg-mac-08-operations-prod,Microsoft.Network/loadBalancers,Load Balancers,Networking,team:Operations,145.6,INR,76.9,1 Hour
2026-03-15,sub-psiog-001,MAC-08,rg-mac-08-operations-prod,Microsoft.Sql/servers/databases,SQL Database,Data Services,team:Operations,403.69,INR,4.54,1 Hour
2026-03-16,sub-psiog-001,MAC-01,rg-mac-01-devops-prod,Microsoft.ContainerService/managedClusters,AKS Clusters,Compute,team:DevOps,1366.07,INR,32.56,1 Hour
2026-03-16,sub-psiog-001,MAC-01,rg-mac-01-devops-prod,Microsoft.Storage/storageAccounts,Blob Storage,Storage,team:DevOps,382.23,INR,66.09,1 Hour
2026-03-16,sub-psiog-001,MAC-01,rg-mac-01-devops-prod,Microsoft.Network/virtualNetworks,Virtual Networks,Networking,team:DevOps,239.89,INR,71.0,1 Hour
2026-03-16,sub-psiog-001,MAC-01,rg-mac-01-devops-prod,Microsoft.DocumentDB/databaseAccounts,Cosmos DB,Data Services,team:DevOps,438.25,INR,17.76,1 Hour
2026-03-16,sub-psiog-001,MAC-01,rg-mac-01-platform-prod,Microsoft.Compute/virtualMachines,Virtual Machines,Compute,team:Platform,1297.94,INR,12.52,1 Hour
2026-03-16,sub-psiog-001,MAC-01,rg-mac-01-platform-prod,Microsoft.Storage/storageAccounts,Blob Storage,Storage,team:Platform,350.17,INR,90.5,1 Hour
2026-03-16,sub-psiog-001,MAC-01,rg-mac-01-platform-prod,Microsoft.Network/virtualNetworks,Virtual Networks,Networking,team:Platform,245.98,INR,27.48,1 Hour
2026-03-16,sub-psiog-001,MAC-01,rg-mac-01-platform-prod,Microsoft.DocumentDB/databaseAccounts,Cosmos DB,Data Services,team:Platform,399.2,INR,34.32,1 Hour
2026-03-16,sub-psiog-001,MAC-02,rg-mac-02-dataengineering-prod,Microsoft.Compute/virtualMachines,Virtual Machines,Compute,team:DataEngineering,902.27,INR,34.37,1 Hour
2026-03-16,sub-psiog-001,MAC-02,rg-mac-02-dataengineering-prod,Microsoft.Storage/storageAccounts,Blob Storage,Storage,team:DataEngineering,717.43,INR,40.41,1 Hour
2026-03-16,sub-psiog-001,MAC-02,rg-mac-02-dataengineering-prod,Microsoft.Network/virtualNetworks,Virtual Networks,Networking,team:DataEngineering,234.52,INR,11.3,1 Hour
2026-03-16,sub-psiog-001,MAC-02,rg-mac-02-dataengineering-prod,Microsoft.DocumentDB/databaseAccounts,Cosmos DB,Data Services,team:DataEngineering,950.35,INR,16.73,1 Hour
2026-03-16,sub-psiog-001,MAC-02,rg-mac-02-analytics-prod,Microsoft.ContainerService/managedClusters,AKS Clusters,Compute,,938.41,INR,47.71,1 Hour
2026-03-16,sub-psiog-001,MAC-02,rg-mac-02-analytics-prod,Microsoft.Storage/storageAccounts,Blob Storage,Storage,team:Analytics,635.85,INR,13.5,1 Hour
2026-03-16,sub-psiog-001,MAC-02,rg-mac-02-analytics-prod,Microsoft.Network/virtualNetworks,Virtual Networks,Networking,team:Analytics,181.63,INR,92.61,1 Hour
2026-03-16,sub-psiog-001,MAC-02,rg-mac-02-analytics-prod,Microsoft.DocumentDB/databaseAccounts,Cosmos DB,Data Services,team:Analytics,985.87,INR,9.81,1 Hour
2026-03-16,sub-psiog-001,MAC-03,rg-mac-03-product-prod,Microsoft.ContainerService/managedClusters,AKS Clusters,Compute,team:Product,657.1,INR,78.95,1 Hour
2026-03-16,sub-psiog-001,MAC-03,rg-mac-03-product-prod,Microsoft.Storage/storageAccounts/fileServices,File Storage,Storage,team:Product,258.67,INR,9.86,1 Hour
2026-03-16,sub-psiog-001,MAC-03,rg-mac-03-product-prod,Microsoft.Network/virtualNetworks,Virtual Networks,Networking,team:Product,126.63,INR,66.54,1 Hour
2026-03-16,sub-psiog-001,MAC-03,rg-mac-03-product-prod,Microsoft.DocumentDB/databaseAccounts,Cosmos DB,Data Services,team:Product,300.64,INR,44.76,1 Hour
2026-03-16,sub-psiog-001,MAC-03,rg-mac-03-frontend-prod,Microsoft.Compute/virtualMachines,Virtual Machines,Compute,team:Frontend,491.35,INR,89.55,1 Hour
2026-03-16,sub-psiog-001,MAC-03,rg-mac-03-frontend-prod,Microsoft.Storage/storageAccounts,Blob Storage,Storage,team:Frontend,175.87,INR,79.22,1 Hour
2026-03-16,sub-psiog-001,MAC-03,rg-mac-03-frontend-prod,Microsoft.Network/loadBalancers,Load Balancers,Networking,team:Frontend,115.06,INR,32.97,1 Hour
2026-03-16,sub-psiog-001,MAC-03,rg-mac-03-frontend-prod,Microsoft.Sql/servers/databases,SQL Database,Data Services,team:Frontend,209.11,INR,48.44,1 Hour
2026-03-16,sub-psiog-001,MAC-04,rg-mac-04-backend-prod,Microsoft.ContainerService/managedClusters,AKS Clusters,Compute,team:Backend,1010.42,INR,81.41,1 Hour
2026-03-16,sub-psiog-001,MAC-04,rg-mac-04-backend-prod,Microsoft.Storage/storageAccounts/fileServices,File Storage,Storage,team:Backend,392.57,INR,14.23,1 Hour
2026-03-16,sub-psiog-001,MAC-04,rg-mac-04-backend-prod,Microsoft.Network/virtualNetworks,Virtual Networks,Networking,team:Backend,281.53,INR,92.2,1 Hour
2026-03-16,sub-psiog-001,MAC-04,rg-mac-04-backend-prod,Microsoft.Sql/servers/databases,SQL Database,Data Services,team:Backend,628.97,INR,20.66,1 Hour
2026-03-16,sub-psiog-001,MAC-04,rg-mac-04-qa-prod,Microsoft.Compute/virtualMachines,Virtual Machines,Compute,team:QA,492.78,INR,83.37,1 Hour
2026-03-16,sub-psiog-001,MAC-04,rg-mac-04-qa-prod,Microsoft.Storage/storageAccounts,Blob Storage,Storage,team:QA,188.43,INR,2.24,1 Hour
2026-03-16,sub-psiog-001,MAC-04,rg-mac-04-qa-prod,Microsoft.Network/virtualNetworks,Virtual Networks,Networking,team:QA,117.88,INR,12.52,1 Hour
2026-03-16,sub-psiog-001,MAC-04,rg-mac-04-qa-prod,Microsoft.DocumentDB/databaseAccounts,Cosmos DB,Data Services,team:QA,317.28,INR,28.12,1 Hour
2026-03-16,sub-psiog-001,MAC-05,rg-mac-05-security-prod,Microsoft.Compute/virtualMachines,Virtual Machines,Compute,team:Security,905.4,INR,58.05,1 Hour
2026-03-16,sub-psiog-001,MAC-05,rg-mac-05-security-prod,Microsoft.Storage/storageAccounts,Blob Storage,Storage,,309.36,INR,86.74,1 Hour
2026-03-16,sub-psiog-001,MAC-05,rg-mac-05-security-prod,Microsoft.Network/virtualNetworks,Virtual Networks,Networking,team:Security,370.91,INR,36.18,1 Hour
2026-03-16,sub-psiog-001,MAC-05,rg-mac-05-security-prod,Microsoft.DocumentDB/databaseAccounts,Cosmos DB,Data Services,team:Security,357.64,INR,20.44,1 Hour
2026-03-16,sub-psiog-001,MAC-05,rg-mac-05-compliance-prod,Microsoft.Compute/virtualMachines,Virtual Machines,Compute,team:Compliance,395.47,INR,59.45,1 Hour
2026-03-16,sub-psiog-001,MAC-05,rg-mac-05-compliance-prod,Microsoft.Storage/storageAccounts/fileServices,File Storage,Storage,team:Compliance,229.29,INR,25.55,1 Hour
2026-03-16,sub-psiog-001,MAC-05,rg-mac-05-compliance-prod,Microsoft.Network/loadBalancers,Load Balancers,Networking,team:Compliance,164.54,INR,89.33,1 Hour
2026-03-16,sub-psiog-001,MAC-05,rg-mac-05-compliance-prod,Microsoft.DocumentDB/databaseAccounts,Cosmos DB,Data Services,team:Compliance,338.04,INR,37.24,1 Hour
2026-03-16,sub-psiog-001,MAC-06,rg-mac-06-infrastructure-prod,Microsoft.Compute/virtualMachines,Virtual Machines,Compute,team:Infrastructure,1708.6,INR,12.27,1 Hour
2026-03-16,sub-psiog-001,MAC-06,rg-mac-06-infrastructure-prod,Microsoft.Storage/storageAccounts,Blob Storage,Storage,team:Infrastructure,508.7,INR,94.58,1 Hour
2026-03-16,sub-psiog-001,MAC-06,rg-mac-06-infrastructure-prod,Microsoft.Network/virtualNetworks,Virtual Networks,Networking,team:Infrastructure,392.99,INR,80.67,1 Hour
2026-03-16,sub-psiog-001,MAC-06,rg-mac-06-infrastructure-prod,Microsoft.Sql/servers/databases,SQL Database,Data Services,team:Infrastructure,467.74,INR,90.23,1 Hour
2026-03-16,sub-psiog-001,MAC-06,rg-mac-06-cloudops-prod,Microsoft.ContainerService/managedClusters,AKS Clusters,Compute,team:CloudOps,1581.25,INR,83.43,1 Hour
2026-03-16,sub-psiog-001,MAC-06,rg-mac-06-cloudops-prod,Microsoft.Storage/storageAccounts/fileServices,File Storage,Storage,,455.31,INR,30.55,1 Hour
2026-03-16,sub-psiog-001,MAC-06,rg-mac-06-cloudops-prod,Microsoft.Network/loadBalancers,Load Balancers,Networking,team:CloudOps,339.74,INR,25.03,1 Hour
2026-03-16,sub-psiog-001,MAC-06,rg-mac-06-cloudops-prod,Microsoft.Sql/servers/databases,SQL Database,Data Services,team:CloudOps,495.51,INR,24.27,1 Hour
2026-03-16,sub-psiog-001,MAC-07,rg-mac-07-ml-prod,Microsoft.ContainerService/managedClusters,AKS Clusters,Compute,team:ML,1963.44,INR,67.04,1 Hour
2026-03-16,sub-psiog-001,MAC-07,rg-mac-07-ml-prod,Microsoft.Storage/storageAccounts,Blob Storage,Storage,team:ML,517.73,INR,24.81,1 Hour
2026-03-16,sub-psiog-001,MAC-07,rg-mac-07-ml-prod,Microsoft.Network/loadBalancers,Load Balancers,Networking,team:ML,238.95,INR,48.6,1 Hour
2026-03-16,sub-psiog-001,MAC-07,rg-mac-07-ml-prod,Microsoft.Sql/servers/databases,SQL Database,Data Services,team:ML,686.68,INR,42.84,1 Hour
2026-03-16,sub-psiog-001,MAC-07,rg-mac-07-research-prod,Microsoft.Compute/virtualMachines,Virtual Machines,Compute,team:Research,1049.24,INR,10.7,1 Hour
2026-03-16,sub-psiog-001,MAC-07,rg-mac-07-research-prod,Microsoft.Storage/storageAccounts/fileServices,File Storage,Storage,team:Research,524.96,INR,82.71,1 Hour
2026-03-16,sub-psiog-001,MAC-07,rg-mac-07-research-prod,Microsoft.Network/loadBalancers,Load Balancers,Networking,,203.33,INR,29.82,1 Hour
2026-03-16,sub-psiog-001,MAC-07,rg-mac-07-research-prod,Microsoft.Sql/servers/databases,SQL Database,Data Services,team:Research,755.02,INR,61.31,1 Hour
2026-03-16,sub-psiog-001,MAC-08,rg-mac-08-finance-prod,Microsoft.ContainerService/managedClusters,AKS Clusters,Compute,team:Finance,313.68,INR,70.41,1 Hour
2026-03-16,sub-psiog-001,MAC-08,rg-mac-08-finance-prod,Microsoft.Storage/storageAccounts/fileServices,File Storage,Storage,team:Finance,233.6,INR,8.42,1 Hour
2026-03-16,sub-psiog-001,MAC-08,rg-mac-08-finance-prod,Microsoft.Network/virtualNetworks,Virtual Networks,Networking,,104.91,INR,35.37,1 Hour
2026-03-16,sub-psiog-001,MAC-08,rg-mac-08-finance-prod,Microsoft.DocumentDB/databaseAccounts,Cosmos DB,Data Services,team:Finance,485.65,INR,23.88,1 Hour
2026-03-16,sub-psiog-001,MAC-08,rg-mac-08-operations-prod,Microsoft.ContainerService/managedClusters,AKS Clusters,Compute,team:Operations,541.5,INR,10.64,1 Hour
2026-03-16,sub-psiog-001,MAC-08,rg-mac-08-operations-prod,Microsoft.Storage/storageAccounts/fileServices,File Storage,Storage,team:Operations,350.14,INR,21.1,1 Hour
2026-03-16,sub-psiog-001,MAC-08,rg-mac-08-operations-prod,Microsoft.Network/virtualNetworks,Virtual Networks,Networking,team:Operations,170.07,INR,64.13,1 Hour
2026-03-16,sub-psiog-001,MAC-08,rg-mac-08-operations-prod,Microsoft.Sql/servers/databases,SQL Database,Data Services,team:Operations,377.58,INR,81.8,1 Hour
2026-03-17,sub-psiog-001,MAC-01,rg-mac-01-devops-prod,Microsoft.ContainerService/managedClusters,AKS Clusters,Compute,,1539.77,INR,46.29,1 Hour
2026-03-17,sub-psiog-001,MAC-01,rg-mac-01-devops-prod,Microsoft.Storage/storageAccounts/fileServices,File Storage,Storage,team:DevOps,294.97,INR,33.77,1 Hour
2026-03-17,sub-psiog-001,MAC-01,rg-mac-01-devops-prod,Microsoft.Network/loadBalancers,Load Balancers,Networking,team:DevOps,221.91,INR,10.32,1 Hour
2026-03-17,sub-psiog-001,MAC-01,rg-mac-01-devops-prod,Microsoft.DocumentDB/databaseAccounts,Cosmos DB,Data Services,team:DevOps,506.81,INR,68.86,1 Hour
2026-03-17,sub-psiog-001,MAC-01,rg-mac-01-platform-prod,Microsoft.ContainerService/managedClusters,AKS Clusters,Compute,team:Platform,1434.58,INR,53.74,1 Hour
2026-03-17,sub-psiog-001,MAC-01,rg-mac-01-platform-prod,Microsoft.Storage/storageAccounts,Blob Storage,Storage,team:Platform,344.37,INR,72.67,1 Hour
2026-03-17,sub-psiog-001,MAC-01,rg-mac-01-platform-prod,Microsoft.Network/virtualNetworks,Virtual Networks,Networking,team:Platform,304.01,INR,83.6,1 Hour
2026-03-17,sub-psiog-001,MAC-01,rg-mac-01-platform-prod,Microsoft.Sql/servers/databases,SQL Database,Data Services,team:Platform,380.85,INR,28.26,1 Hour
2026-03-17,sub-psiog-001,MAC-02,rg-mac-02-dataengineering-prod,Microsoft.Compute/virtualMachines,Virtual Machines,Compute,team:DataEngineering,995.83,INR,18.05,1 Hour
2026-03-17,sub-psiog-001,MAC-02,rg-mac-02-dataengineering-prod,Microsoft.Storage/storageAccounts/fileServices,File Storage,Storage,team:DataEngineering,697.72,INR,65.73,1 Hour
2026-03-17,sub-psiog-001,MAC-02,rg-mac-02-dataengineering-prod,Microsoft.Network/virtualNetworks,Virtual Networks,Networking,team:DataEngineering,211.79,INR,47.54,1 Hour
2026-03-17,sub-psiog-001,MAC-02,rg-mac-02-dataengineering-prod,Microsoft.Sql/servers/databases,SQL Database,Data Services,team:DataEngineering,1100.24,INR,48.54,1 Hour
2026-03-17,sub-psiog-001,MAC-02,rg-mac-02-analytics-prod,Microsoft.ContainerService/managedClusters,AKS Clusters,Compute,team:Analytics,1113.33,INR,25.27,1 Hour
2026-03-17,sub-psiog-001,MAC-02,rg-mac-02-analytics-prod,Microsoft.Storage/storageAccounts/fileServices,File Storage,Storage,team:Analytics,665.64,INR,81.9,1 Hour
2026-03-17,sub-psiog-001,MAC-02,rg-mac-02-analytics-prod,Microsoft.Network/loadBalancers,Load Balancers,Networking,team:Analytics,172.24,INR,91.98,1 Hour
2026-03-17,sub-psiog-001,MAC-02,rg-mac-02-analytics-prod,Microsoft.Sql/servers/databases,SQL Database,Data Services,team:Analytics,1022.37,INR,4.89,1 Hour
2026-03-17,sub-psiog-001,MAC-03,rg-mac-03-product-prod,Microsoft.ContainerService/managedClusters,AKS Clusters,Compute,,789.65,INR,64.63,1 Hour
2026-03-17,sub-psiog-001,MAC-03,rg-mac-03-product-prod,Microsoft.Storage/storageAccounts/fileServices,File Storage,Storage,,251.26,INR,5.14,1 Hour
2026-03-17,sub-psiog-001,MAC-03,rg-mac-03-product-prod,Microsoft.Network/virtualNetworks,Virtual Networks,Networking,team:Product,132.15,INR,94.89,1 Hour
2026-03-17,sub-psiog-001,MAC-03,rg-mac-03-product-prod,Microsoft.Sql/servers/databases,SQL Database,Data Services,team:Product,385.46,INR,69.59,1 Hour
2026-03-17,sub-psiog-001,MAC-03,rg-mac-03-frontend-prod,Microsoft.ContainerService/managedClusters,AKS Clusters,Compute,team:Frontend,622.22,INR,19.46,1 Hour
2026-03-17,sub-psiog-001,MAC-03,rg-mac-03-frontend-prod,Microsoft.Storage/storageAccounts,Blob Storage,Storage,team:Frontend,151.27,INR,29.83,1 Hour
2026-03-17,sub-psiog-001,MAC-03,rg-mac-03-frontend-prod,Microsoft.Network/loadBalancers,Load Balancers,Networking,team:Frontend,123.15,INR,82.69,1 Hour
2026-03-17,sub-psiog-001,MAC-03,rg-mac-03-frontend-prod,Microsoft.DocumentDB/databaseAccounts,Cosmos DB,Data Services,team:Frontend,198.98,INR,9.46,1 Hour
2026-03-17,sub-psiog-001,MAC-04,rg-mac-04-backend-prod,Microsoft.ContainerService/managedClusters,AKS Clusters,Compute,team:Backend,1123.98,INR,69.31,1 Hour
2026-03-17,sub-psiog-001,MAC-04,rg-mac-04-backend-prod,Microsoft.Storage/storageAccounts,Blob Storage,Storage,team:Backend,383.03,INR,3.99,1 Hour
2026-03-17,sub-psiog-001,MAC-04,rg-mac-04-backend-prod,Microsoft.Network/loadBalancers,Load Balancers,Networking,team:Backend,285.97,INR,23.66,1 Hour
2026-03-17,sub-psiog-001,MAC-04,rg-mac-04-backend-prod,Microsoft.DocumentDB/databaseAccounts,Cosmos DB,Data Services,team:Backend,492.11,INR,34.12,1 Hour
2026-03-17,sub-psiog-001,MAC-04,rg-mac-04-qa-prod,Microsoft.Compute/virtualMachines,Virtual Machines,Compute,team:QA,440.37,INR,9.74,1 Hour
2026-03-17,sub-psiog-001,MAC-04,rg-mac-04-qa-prod,Microsoft.Storage/storageAccounts,Blob Storage,Storage,,190.14,INR,57.12,1 Hour
2026-03-17,sub-psiog-001,MAC-04,rg-mac-04-qa-prod,Microsoft.Network/virtualNetworks,Virtual Networks,Networking,team:QA,117.57,INR,47.16,1 Hour
2026-03-17,sub-psiog-001,MAC-04,rg-mac-04-qa-prod,Microsoft.DocumentDB/databaseAccounts,Cosmos DB,Data Services,team:QA,271.21,INR,96.69,1 Hour
2026-03-17,sub-psiog-001,MAC-05,rg-mac-05-security-prod,Microsoft.ContainerService/managedClusters,AKS Clusters,Compute,team:Security,907.22,INR,36.41,1 Hour
2026-03-17,sub-psiog-001,MAC-05,rg-mac-05-security-prod,Microsoft.Storage/storageAccounts,Blob Storage,Storage,team:Security,328.02,INR,29.87,1 Hour
2026-03-17,sub-psiog-001,MAC-05,rg-mac-05-security-prod,Microsoft.Network/loadBalancers,Load Balancers,Networking,team:Security,371.89,INR,29.8,1 Hour
2026-03-17,sub-psiog-001,MAC-05,rg-mac-05-security-prod,Microsoft.Sql/servers/databases,SQL Database,Data Services,team:Security,383.44,INR,27.56,1 Hour
2026-03-17,sub-psiog-001,MAC-05,rg-mac-05-compliance-prod,Microsoft.ContainerService/managedClusters,AKS Clusters,Compute,team:Compliance,430.15,INR,60.49,1 Hour
2026-03-17,sub-psiog-001,MAC-05,rg-mac-05-compliance-prod,Microsoft.Storage/storageAccounts/fileServices,File Storage,Storage,team:Compliance,258.03,INR,72.45,1 Hour
2026-03-17,sub-psiog-001,MAC-05,rg-mac-05-compliance-prod,Microsoft.Network/loadBalancers,Load Balancers,Networking,team:Compliance,147.68,INR,67.96,1 Hour
2026-03-17,sub-psiog-001,MAC-05,rg-mac-05-compliance-prod,Microsoft.Sql/servers/databases,SQL Database,Data Services,team:Compliance,334.28,INR,16.63,1 Hour
2026-03-17,sub-psiog-001,MAC-06,rg-mac-06-infrastructure-prod,Microsoft.Compute/virtualMachines,Virtual Machines,Compute,team:Infrastructure,1801.66,INR,61.34,1 Hour
2026-03-17,sub-psiog-001,MAC-06,rg-mac-06-infrastructure-prod,Microsoft.Storage/storageAccounts,Blob Storage,Storage,team:Infrastructure,508.77,INR,61.54,1 Hour
2026-03-17,sub-psiog-001,MAC-06,rg-mac-06-infrastructure-prod,Microsoft.Network/virtualNetworks,Virtual Networks,Networking,team:Infrastructure,411.39,INR,24.84,1 Hour
2026-03-17,sub-psiog-001,MAC-06,rg-mac-06-infrastructure-prod,Microsoft.Sql/servers/databases,SQL Database,Data Services,team:Infrastructure,424.85,INR,17.25,1 Hour
2026-03-17,sub-psiog-001,MAC-06,rg-mac-06-cloudops-prod,Microsoft.Compute/virtualMachines,Virtual Machines,Compute,team:CloudOps,1383.28,INR,56.59,1 Hour
2026-03-17,sub-psiog-001,MAC-06,rg-mac-06-cloudops-prod,Microsoft.Storage/storageAccounts,Blob Storage,Storage,team:CloudOps,498.68,INR,22.8,1 Hour
2026-03-17,sub-psiog-001,MAC-06,rg-mac-06-cloudops-prod,Microsoft.Network/loadBalancers,Load Balancers,Networking,team:CloudOps,402.11,INR,86.39,1 Hour
2026-03-17,sub-psiog-001,MAC-06,rg-mac-06-cloudops-prod,Microsoft.Sql/servers/databases,SQL Database,Data Services,team:CloudOps,497.55,INR,89.07,1 Hour
2026-03-17,sub-psiog-001,MAC-07,rg-mac-07-ml-prod,Microsoft.Compute/virtualMachines,Virtual Machines,Compute,team:ML,1701.02,INR,78.41,1 Hour
2026-03-17,sub-psiog-001,MAC-07,rg-mac-07-ml-prod,Microsoft.Storage/storageAccounts/fileServices,File Storage,Storage,team:ML,632.48,INR,1.1,1 Hour
2026-03-17,sub-psiog-001,MAC-07,rg-mac-07-ml-prod,Microsoft.Network/loadBalancers,Load Balancers,Networking,team:ML,239.36,INR,84.71,1 Hour
2026-03-17,sub-psiog-001,MAC-07,rg-mac-07-ml-prod,Microsoft.DocumentDB/databaseAccounts,Cosmos DB,Data Services,,713.98,INR,47.29,1 Hour
2026-03-17,sub-psiog-001,MAC-07,rg-mac-07-research-prod,Microsoft.Compute/virtualMachines,Virtual Machines,Compute,team:Research,955.25,INR,65.46,1 Hour
2026-03-17,sub-psiog-001,MAC-07,rg-mac-07-research-prod,Microsoft.Storage/storageAccounts,Blob Storage,Storage,team:Research,523.29,INR,92.48,1 Hour
2026-03-17,sub-psiog-001,MAC-07,rg-mac-07-research-prod,Microsoft.Network/virtualNetworks,Virtual Networks,Networking,team:Research,197.61,INR,9.84,1 Hour
2026-03-17,sub-psiog-001,MAC-07,rg-mac-07-research-prod,Microsoft.DocumentDB/databaseAccounts,Cosmos DB,Data Services,,773.66,INR,30.07,1 Hour
2026-03-17,sub-psiog-001,MAC-08,rg-mac-08-finance-prod,Microsoft.Compute/virtualMachines,Virtual Machines,Compute,team:Finance,332.76,INR,66.52,1 Hour
2026-03-17,sub-psiog-001,MAC-08,rg-mac-08-finance-prod,Microsoft.Storage/storageAccounts/fileServices,File Storage,Storage,team:Finance,260.8,INR,31.62,1 Hour
2026-03-17,sub-psiog-001,MAC-08,rg-mac-08-finance-prod,Microsoft.Network/loadBalancers,Load Balancers,Networking,,111.95,INR,40.07,1 Hour
2026-03-17,sub-psiog-001,MAC-08,rg-mac-08-finance-prod,Microsoft.DocumentDB/databaseAccounts,Cosmos DB,Data Services,team:Finance,573.31,INR,43.15,1 Hour
2026-03-17,sub-psiog-001,MAC-08,rg-mac-08-operations-prod,Microsoft.ContainerService/managedClusters,AKS Clusters,Compute,team:Operations,460.39,INR,71.1,1 Hour
2026-03-17,sub-psiog-001,MAC-08,rg-mac-08-operations-prod,Microsoft.Storage/storageAccounts,Blob Storage,Storage,,327.87,INR,69.98,1 Hour
2026-03-17,sub-psiog-001,MAC-08,rg-mac-08-operations-prod,Microsoft.Network/virtualNetworks,Virtual Networks,Networking,team:Operations,151.16,INR,17.02,1 Hour
2026-03-17,sub-psiog-001,MAC-08,rg-mac-08-operations-prod,Microsoft.DocumentDB/databaseAccounts,Cosmos DB,Data Services,team:Operations,469.99,INR,75.46,1 Hour
2026-03-18,sub-psiog-001,MAC-01,rg-mac-01-devops-prod,Microsoft.ContainerService/managedClusters,AKS Clusters,Compute,team:DevOps,1499.8,INR,71.91,1 Hour
2026-03-18,sub-psiog-001,MAC-01,rg-mac-01-devops-prod,Microsoft.Storage/storageAccounts,Blob Storage,Storage,team:DevOps,385.07,INR,83.2,1 Hour
2026-03-18,sub-psiog-001,MAC-01,rg-mac-01-devops-prod,Microsoft.Network/loadBalancers,Load Balancers,Networking,team:DevOps,226.65,INR,63.67,1 Hour
2026-03-18,sub-psiog-001,MAC-01,rg-mac-01-devops-prod,Microsoft.DocumentDB/databaseAccounts,Cosmos DB,Data Services,team:DevOps,425.6,INR,38.12,1 Hour
2026-03-18,sub-psiog-001,MAC-01,rg-mac-01-platform-prod,Microsoft.ContainerService/managedClusters,AKS Clusters,Compute,team:Platform,1409.99,INR,35.43,1 Hour
2026-03-18,sub-psiog-001,MAC-01,rg-mac-01-platform-prod,Microsoft.Storage/storageAccounts/fileServices,File Storage,Storage,team:Platform,368.55,INR,80.45,1 Hour
2026-03-18,sub-psiog-001,MAC-01,rg-mac-01-platform-prod,Microsoft.Network/loadBalancers,Load Balancers,Networking,team:Platform,255.09,INR,46.13,1 Hour
2026-03-18,sub-psiog-001,MAC-01,rg-mac-01-platform-prod,Microsoft.Sql/servers/databases,SQL Database,Data Services,team:Platform,490.83,INR,59.5,1 Hour
2026-03-18,sub-psiog-001,MAC-02,rg-mac-02-dataengineering-prod,Microsoft.ContainerService/managedClusters,AKS Clusters,Compute,team:DataEngineering,991.46,INR,96.36,1 Hour
2026-03-18,sub-psiog-001,MAC-02,rg-mac-02-dataengineering-prod,Microsoft.Storage/storageAccounts,Blob Storage,Storage,,637.12,INR,70.07,1 Hour
2026-03-18,sub-psiog-001,MAC-02,rg-mac-02-dataengineering-prod,Microsoft.Network/virtualNetworks,Virtual Networks,Networking,team:DataEngineering,184.0,INR,68.14,1 Hour
2026-03-18,sub-psiog-001,MAC-02,rg-mac-02-dataengineering-prod,Microsoft.Sql/servers/databases,SQL Database,Data Services,,1179.53,INR,54.44,1 Hour
2026-03-18,sub-psiog-001,MAC-02,rg-mac-02-analytics-prod,Microsoft.ContainerService/managedClusters,AKS Clusters,Compute,team:Analytics,929.58,INR,69.04,1 Hour
2026-03-18,sub-psiog-001,MAC-02,rg-mac-02-analytics-prod,Microsoft.Storage/storageAccounts,Blob Storage,Storage,team:Analytics,602.07,INR,3.55,1 Hour
2026-03-18,sub-psiog-001,MAC-02,rg-mac-02-analytics-prod,Microsoft.Network/loadBalancers,Load Balancers,Networking,team:Analytics,168.72,INR,40.12,1 Hour
2026-03-18,sub-psiog-001,MAC-02,rg-mac-02-analytics-prod,Microsoft.DocumentDB/databaseAccounts,Cosmos DB,Data Services,team:Analytics,837.23,INR,42.0,1 Hour
2026-03-18,sub-psiog-001,MAC-03,rg-mac-03-product-prod,Microsoft.ContainerService/managedClusters,AKS Clusters,Compute,team:Product,727.43,INR,10.49,1 Hour
2026-03-18,sub-psiog-001,MAC-03,rg-mac-03-product-prod,Microsoft.Storage/storageAccounts,Blob Storage,Storage,team:Product,261.41,INR,15.49,1 Hour
2026-03-18,sub-psiog-001,MAC-03,rg-mac-03-product-prod,Microsoft.Network/loadBalancers,Load Balancers,Networking,team:Product,135.19,INR,97.4,1 Hour
2026-03-18,sub-psiog-001,MAC-03,rg-mac-03-product-prod,Microsoft.Sql/servers/databases,SQL Database,Data Services,team:Product,361.64,INR,74.22,1 Hour
2026-03-18,sub-psiog-001,MAC-03,rg-mac-03-frontend-prod,Microsoft.ContainerService/managedClusters,AKS Clusters,Compute,team:Frontend,585.64,INR,51.25,1 Hour
2026-03-18,sub-psiog-001,MAC-03,rg-mac-03-frontend-prod,Microsoft.Storage/storageAccounts/fileServices,File Storage,Storage,team:Frontend,193.1,INR,80.49,1 Hour
2026-03-18,sub-psiog-001,MAC-03,rg-mac-03-frontend-prod,Microsoft.Network/loadBalancers,Load Balancers,Networking,team:Frontend,132.47,INR,55.57,1 Hour
2026-03-18,sub-psiog-001,MAC-03,rg-mac-03-frontend-prod,Microsoft.DocumentDB/databaseAccounts,Cosmos DB,Data Services,team:Frontend,229.01,INR,13.01,1 Hour
2026-03-18,sub-psiog-001,MAC-04,rg-mac-04-backend-prod,Microsoft.ContainerService/managedClusters,AKS Clusters,Compute,team:Backend,1118.76,INR,69.59,1 Hour
2026-03-18,sub-psiog-001,MAC-04,rg-mac-04-backend-prod,Microsoft.Storage/storageAccounts,Blob Storage,Storage,team:Backend,403.99,INR,70.15,1 Hour
2026-03-18,sub-psiog-001,MAC-04,rg-mac-04-backend-prod,Microsoft.Network/virtualNetworks,Virtual Networks,Networking,team:Backend,258.87,INR,48.07,1 Hour
2026-03-18,sub-psiog-001,MAC-04,rg-mac-04-backend-prod,Microsoft.Sql/servers/databases,SQL Database,Data Services,team:Backend,661.19,INR,29.14,1 Hour
2026-03-18,sub-psiog-001,MAC-04,rg-mac-04-qa-prod,Microsoft.Compute/virtualMachines,Virtual Machines,Compute,team:QA,414.56,INR,6.08,1 Hour
2026-03-18,sub-psiog-001,MAC-04,rg-mac-04-qa-prod,Microsoft.Storage/storageAccounts,Blob Storage,Storage,team:QA,235.98,INR,47.55,1 Hour
2026-03-18,sub-psiog-001,MAC-04,rg-mac-04-qa-prod,Microsoft.Network/virtualNetworks,Virtual Networks,Networking,team:QA,105.03,INR,4.01,1 Hour
2026-03-18,sub-psiog-001,MAC-04,rg-mac-04-qa-prod,Microsoft.Sql/servers/databases,SQL Database,Data Services,team:QA,254.51,INR,10.07,1 Hour
2026-03-18,sub-psiog-001,MAC-05,rg-mac-05-security-prod,Microsoft.Compute/virtualMachines,Virtual Machines,Compute,team:Security,854.91,INR,29.76,1 Hour
2026-03-18,sub-psiog-001,MAC-05,rg-mac-05-security-prod,Microsoft.Storage/storageAccounts/fileServices,File Storage,Storage,team:Security,308.55,INR,26.95,1 Hour
2026-03-18,sub-psiog-001,MAC-05,rg-mac-05-security-prod,Microsoft.Network/loadBalancers,Load Balancers,Networking,team:Security,320.64,INR,44.38,1 Hour
2026-03-18,sub-psiog-001,MAC-05,rg-mac-05-security-prod,Microsoft.DocumentDB/databaseAccounts,Cosmos DB,Data Services,team:Security,442.99,INR,92.9,1 Hour
2026-03-18,sub-psiog-001,MAC-05,rg-mac-05-compliance-prod,Microsoft.ContainerService/managedClusters,AKS Clusters,Compute,team:Compliance,361.65,INR,34.42,1 Hour
2026-03-18,sub-psiog-001,MAC-05,rg-mac-05-compliance-prod,Microsoft.Storage/storageAccounts/fileServices,File Storage,Storage,team:Compliance,280.66,INR,23.72,1 Hour
2026-03-18,sub-psiog-001,MAC-05,rg-mac-05-compliance-prod,Microsoft.Network/virtualNetworks,Virtual Networks,Networking,team:Compliance,177.98,INR,75.78,1 Hour
2026-03-18,sub-psiog-001,MAC-05,rg-mac-05-compliance-prod,Microsoft.DocumentDB/databaseAccounts,Cosmos DB,Data Services,,308.95,INR,33.0,1 Hour
2026-03-18,sub-psiog-001,MAC-06,rg-mac-06-infrastructure-prod,Microsoft.ContainerService/managedClusters,AKS Clusters,Compute,team:Infrastructure,1622.11,INR,52.96,1 Hour
2026-03-18,sub-psiog-001,MAC-06,rg-mac-06-infrastructure-prod,Microsoft.Storage/storageAccounts,Blob Storage,Storage,team:Infrastructure,451.59,INR,93.4,1 Hour
2026-03-18,sub-psiog-001,MAC-06,rg-mac-06-infrastructure-prod,Microsoft.Network/loadBalancers,Load Balancers,Networking,team:Infrastructure,425.84,INR,26.89,1 Hour
2026-03-18,sub-psiog-001,MAC-06,rg-mac-06-infrastructure-prod,Microsoft.DocumentDB/databaseAccounts,Cosmos DB,Data Services,team:Infrastructure,442.11,INR,18.71,1 Hour
2026-03-18,sub-psiog-001,MAC-06,rg-mac-06-cloudops-prod,Microsoft.Compute/virtualMachines,Virtual Machines,Compute,team:CloudOps,1473.52,INR,61.57,1 Hour
2026-03-18,sub-psiog-001,MAC-06,rg-mac-06-cloudops-prod,Microsoft.Storage/storageAccounts/fileServices,File Storage,Storage,team:CloudOps,380.01,INR,79.61,1 Hour
2026-03-18,sub-psiog-001,MAC-06,rg-mac-06-cloudops-prod,Microsoft.Network/virtualNetworks,Virtual Networks,Networking,team:CloudOps,391.92,INR,57.95,1 Hour
2026-03-18,sub-psiog-001,MAC-06,rg-mac-06-cloudops-prod,Microsoft.Sql/servers/databases,SQL Database,Data Services,team:CloudOps,523.15,INR,14.82,1 Hour
2026-03-18,sub-psiog-001,MAC-07,rg-mac-07-ml-prod,Microsoft.ContainerService/managedClusters,AKS Clusters,Compute,team:ML,1593.06,INR,60.55,1 Hour
2026-03-18,sub-psiog-001,MAC-07,rg-mac-07-ml-prod,Microsoft.Storage/storageAccounts/fileServices,File Storage,Storage,team:ML,603.96,INR,11.55,1 Hour
2026-03-18,sub-psiog-001,MAC-07,rg-mac-07-ml-prod,Microsoft.Network/virtualNetworks,Virtual Networks,Networking,team:ML,232.72,INR,94.53,1 Hour
2026-03-18,sub-psiog-001,MAC-07,rg-mac-07-ml-prod,Microsoft.DocumentDB/databaseAccounts,Cosmos DB,Data Services,team:ML,707.4,INR,83.98,1 Hour
2026-03-18,sub-psiog-001,MAC-07,rg-mac-07-research-prod,Microsoft.ContainerService/managedClusters,AKS Clusters,Compute,team:Research,930.47,INR,83.32,1 Hour
2026-03-18,sub-psiog-001,MAC-07,rg-mac-07-research-prod,Microsoft.Storage/storageAccounts,Blob Storage,Storage,team:Research,562.44,INR,4.53,1 Hour
2026-03-18,sub-psiog-001,MAC-07,rg-mac-07-research-prod,Microsoft.Network/loadBalancers,Load Balancers,Networking,team:Research,219.27,INR,31.05,1 Hour
2026-03-18,sub-psiog-001,MAC-07,rg-mac-07-research-prod,Microsoft.DocumentDB/databaseAccounts,Cosmos DB,Data Services,team:Research,711.81,INR,80.39,1 Hour
2026-03-18,sub-psiog-001,MAC-08,rg-mac-08-finance-prod,Microsoft.Compute/virtualMachines,Virtual Machines,Compute,team:Finance,382.43,INR,18.47,1 Hour
2026-03-18,sub-psiog-001,MAC-08,rg-mac-08-finance-prod,Microsoft.Storage/storageAccounts,Blob Storage,Storage,team:Finance,202.76,INR,95.41,1 Hour
2026-03-18,sub-psiog-001,MAC-08,rg-mac-08-finance-prod,Microsoft.Network/virtualNetworks,Virtual Networks,Networking,team:Finance,117.04,INR,69.78,1 Hour
2026-03-18,sub-psiog-001,MAC-08,rg-mac-08-finance-prod,Microsoft.Sql/servers/databases,SQL Database,Data Services,team:Finance,485.45,INR,3.86,1 Hour
2026-03-18,sub-psiog-001,MAC-08,rg-mac-08-operations-prod,Microsoft.ContainerService/managedClusters,AKS Clusters,Compute,team:Operations,536.55,INR,9.53,1 Hour
2026-03-18,sub-psiog-001,MAC-08,rg-mac-08-operations-prod,Microsoft.Storage/storageAccounts,Blob Storage,Storage,team:Operations,352.9,INR,19.87,1 Hour
2026-03-18,sub-psiog-001,MAC-08,rg-mac-08-operations-prod,Microsoft.Network/loadBalancers,Load Balancers,Networking,team:Operations,144.31,INR,19.48,1 Hour
2026-03-18,sub-psiog-001,MAC-08,rg-mac-08-operations-prod,Microsoft.DocumentDB/databaseAccounts,Cosmos DB,Data Services,team:Operations,491.84,INR,54.37,1 Hour
2026-03-19,sub-psiog-001,MAC-01,rg-mac-01-devops-prod,Microsoft.ContainerService/managedClusters,AKS Clusters,Compute,team:DevOps,1207.27,INR,43.15,1 Hour
2026-03-19,sub-psiog-001,MAC-01,rg-mac-01-devops-prod,Microsoft.Storage/storageAccounts,Blob Storage,Storage,team:DevOps,308.63,INR,72.11,1 Hour
2026-03-19,sub-psiog-001,MAC-01,rg-mac-01-devops-prod,Microsoft.Network/virtualNetworks,Virtual Networks,Networking,team:DevOps,221.11,INR,52.49,1 Hour
2026-03-19,sub-psiog-001,MAC-01,rg-mac-01-devops-prod,Microsoft.DocumentDB/databaseAccounts,Cosmos DB,Data Services,,514.87,INR,1.3,1 Hour
2026-03-19,sub-psiog-001,MAC-01,rg-mac-01-platform-prod,Microsoft.Compute/virtualMachines,Virtual Machines,Compute,team:Platform,1400.4,INR,92.44,1 Hour
2026-03-19,sub-psiog-001,MAC-01,rg-mac-01-platform-prod,Microsoft.Storage/storageAccounts,Blob Storage,Storage,,358.74,INR,22.14,1 Hour
2026-03-19,sub-psiog-001,MAC-01,rg-mac-01-platform-prod,Microsoft.Network/virtualNetworks,Virtual Networks,Networking,team:Platform,286.83,INR,37.01,1 Hour
2026-03-19,sub-psiog-001,MAC-01,rg-mac-01-platform-prod,Microsoft.DocumentDB/databaseAccounts,Cosmos DB,Data Services,team:Platform,399.58,INR,97.69,1 Hour
2026-03-19,sub-psiog-001,MAC-02,rg-mac-02-dataengineering-prod,Microsoft.Compute/virtualMachines,Virtual Machines,Compute,team:DataEngineering,1180.68,INR,7.41,1 Hour
2026-03-19,sub-psiog-001,MAC-02,rg-mac-02-dataengineering-prod,Microsoft.Storage/storageAccounts,Blob Storage,Storage,team:DataEngineering,697.51,INR,62.55,1 Hour
2026-03-19,sub-psiog-001,MAC-02,rg-mac-02-dataengineering-prod,Microsoft.Network/loadBalancers,Load Balancers,Networking,team:DataEngineering,224.22,INR,60.04,1 Hour
2026-03-19,sub-psiog-001,MAC-02,rg-mac-02-dataengineering-prod,Microsoft.Sql/servers/databases,SQL Database,Data Services,team:DataEngineering,1023.72,INR,48.55,1 Hour
2026-03-19,sub-psiog-001,MAC-02,rg-mac-02-analytics-prod,Microsoft.ContainerService/managedClusters,AKS Clusters,Compute,team:Analytics,1050.83,INR,38.09,1 Hour
2026-03-19,sub-psiog-001,MAC-02,rg-mac-02-analytics-prod,Microsoft.Storage/storageAccounts/fileServices,File Storage,Storage,team:Analytics,571.55,INR,11.93,1 Hour
2026-03-19,sub-psiog-001,MAC-02,rg-mac-02-analytics-prod,Microsoft.Network/loadBalancers,Load Balancers,Networking,team:Analytics,177.93,INR,48.17,1 Hour
2026-03-19,sub-psiog-001,MAC-02,rg-mac-02-analytics-prod,Microsoft.Sql/servers/databases,SQL Database,Data Services,team:Analytics,1036.29,INR,60.51,1 Hour
2026-03-19,sub-psiog-001,MAC-03,rg-mac-03-product-prod,Microsoft.ContainerService/managedClusters,AKS Clusters,Compute,,788.17,INR,35.04,1 Hour
2026-03-19,sub-psiog-001,MAC-03,rg-mac-03-product-prod,Microsoft.Storage/storageAccounts/fileServices,File Storage,Storage,team:Product,234.11,INR,87.3,1 Hour
2026-03-19,sub-psiog-001,MAC-03,rg-mac-03-product-prod,Microsoft.Network/loadBalancers,Load Balancers,Networking,team:Product,157.19,INR,73.41,1 Hour
2026-03-19,sub-psiog-001,MAC-03,rg-mac-03-product-prod,Microsoft.Sql/servers/databases,SQL Database,Data Services,team:Product,330.35,INR,77.84,1 Hour
2026-03-19,sub-psiog-001,MAC-03,rg-mac-03-frontend-prod,Microsoft.ContainerService/managedClusters,AKS Clusters,Compute,team:Frontend,647.92,INR,52.99,1 Hour
2026-03-19,sub-psiog-001,MAC-03,rg-mac-03-frontend-prod,Microsoft.Storage/storageAccounts/fileServices,File Storage,Storage,team:Frontend,159.47,INR,35.25,1 Hour
2026-03-19,sub-psiog-001,MAC-03,rg-mac-03-frontend-prod,Microsoft.Network/loadBalancers,Load Balancers,Networking,team:Frontend,125.14,INR,29.87,1 Hour
2026-03-19,sub-psiog-001,MAC-03,rg-mac-03-frontend-prod,Microsoft.DocumentDB/databaseAccounts,Cosmos DB,Data Services,team:Frontend,206.12,INR,63.51,1 Hour
2026-03-19,sub-psiog-001,MAC-04,rg-mac-04-backend-prod,Microsoft.ContainerService/managedClusters,AKS Clusters,Compute,team:Backend,1173.41,INR,45.6,1 Hour
2026-03-19,sub-psiog-001,MAC-04,rg-mac-04-backend-prod,Microsoft.Storage/storageAccounts/fileServices,File Storage,Storage,team:Backend,386.25,INR,90.85,1 Hour
2026-03-19,sub-psiog-001,MAC-04,rg-mac-04-backend-prod,Microsoft.Network/virtualNetworks,Virtual Networks,Networking,team:Backend,280.96,INR,17.9,1 Hour
2026-03-19,sub-psiog-001,MAC-04,rg-mac-04-backend-prod,Microsoft.Sql/servers/databases,SQL Database,Data Services,team:Backend,610.85,INR,87.93,1 Hour
2026-03-19,sub-psiog-001,MAC-04,rg-mac-04-qa-prod,Microsoft.Compute/virtualMachines,Virtual Machines,Compute,team:QA,447.33,INR,49.93,1 Hour
2026-03-19,sub-psiog-001,MAC-04,rg-mac-04-qa-prod,Microsoft.Storage/storageAccounts/fileServices,File Storage,Storage,team:QA,220.42,INR,36.58,1 Hour
2026-03-19,sub-psiog-001,MAC-04,rg-mac-04-qa-prod,Microsoft.Network/virtualNetworks,Virtual Networks,Networking,team:QA,88.96,INR,76.1,1 Hour
2026-03-19,sub-psiog-001,MAC-04,rg-mac-04-qa-prod,Microsoft.Sql/servers/databases,SQL Database,Data Services,team:QA,248.7,INR,43.29,1 Hour
2026-03-19,sub-psiog-001,MAC-05,rg-mac-05-security-prod,Microsoft.Compute/virtualMachines,Virtual Machines,Compute,team:Security,713.23,INR,85.63,1 Hour
2026-03-19,sub-psiog-001,MAC-05,rg-mac-05-security-prod,Microsoft.Storage/storageAccounts/fileServices,File Storage,Storage,,318.03,INR,2.91,1 Hour
2026-03-19,sub-psiog-001,MAC-05,rg-mac-05-security-prod,Microsoft.Network/virtualNetworks,Virtual Networks,Networking,,316.17,INR,50.75,1 Hour
2026-03-19,sub-psiog-001,MAC-05,rg-mac-05-security-prod,Microsoft.DocumentDB/databaseAccounts,Cosmos DB,Data Services,team:Security,427.96,INR,73.98,1 Hour
2026-03-19,sub-psiog-001,MAC-05,rg-mac-05-compliance-prod,Microsoft.ContainerService/managedClusters,AKS Clusters,Compute,team:Compliance,385.41,INR,95.02,1 Hour
2026-03-19,sub-psiog-001,MAC-05,rg-mac-05-compliance-prod,Microsoft.Storage/storageAccounts,Blob Storage,Storage,team:Compliance,238.81,INR,72.34,1 Hour
2026-03-19,sub-psiog-001,MAC-05,rg-mac-05-compliance-prod,Microsoft.Network/loadBalancers,Load Balancers,Networking,team:Compliance,183.82,INR,84.96,1 Hour
2026-03-19,sub-psiog-001,MAC-05,rg-mac-05-compliance-prod,Microsoft.Sql/servers/databases,SQL Database,Data Services,team:Compliance,382.17,INR,25.68,1 Hour
2026-03-19,sub-psiog-001,MAC-06,rg-mac-06-infrastructure-prod,Microsoft.ContainerService/managedClusters,AKS Clusters,Compute,team:Infrastructure,1554.77,INR,68.36,1 Hour
2026-03-19,sub-psiog-001,MAC-06,rg-mac-06-infrastructure-prod,Microsoft.Storage/storageAccounts/fileServices,File Storage,Storage,team:Infrastructure,495.32,INR,83.55,1 Hour
2026-03-19,sub-psiog-001,MAC-06,rg-mac-06-infrastructure-prod,Microsoft.Network/virtualNetworks,Virtual Networks,Networking,team:Infrastructure,354.28,INR,57.6,1 Hour
2026-03-19,sub-psiog-001,MAC-06,rg-mac-06-infrastructure-prod,Microsoft.Sql/servers/databases,SQL Database,Data Services,team:Infrastructure,442.22,INR,72.43,1 Hour
2026-03-19,sub-psiog-001,MAC-06,rg-mac-06-cloudops-prod,Microsoft.ContainerService/managedClusters,AKS Clusters,Compute,team:CloudOps,1685.62,INR,13.01,1 Hour
2026-03-19,sub-psiog-001,MAC-06,rg-mac-06-cloudops-prod,Microsoft.Storage/storageAccounts,Blob Storage,Storage,,492.11,INR,77.72,1 Hour
2026-03-19,sub-psiog-001,MAC-06,rg-mac-06-cloudops-prod,Microsoft.Network/loadBalancers,Load Balancers,Networking,team:CloudOps,364.36,INR,11.4,1 Hour
2026-03-19,sub-psiog-001,MAC-06,rg-mac-06-cloudops-prod,Microsoft.Sql/servers/databases,SQL Database,Data Services,team:CloudOps,422.76,INR,19.63,1 Hour
2026-03-19,sub-psiog-001,MAC-07,rg-mac-07-ml-prod,Microsoft.ContainerService/managedClusters,AKS Clusters,Compute,team:ML,2006.3,INR,14.05,1 Hour
2026-03-19,sub-psiog-001,MAC-07,rg-mac-07-ml-prod,Microsoft.Storage/storageAccounts,Blob Storage,Storage,team:ML,505.95,INR,85.74,1 Hour
2026-03-19,sub-psiog-001,MAC-07,rg-mac-07-ml-prod,Microsoft.Network/virtualNetworks,Virtual Networks,Networking,,219.55,INR,64.33,1 Hour
2026-03-19,sub-psiog-001,MAC-07,rg-mac-07-ml-prod,Microsoft.DocumentDB/databaseAccounts,Cosmos DB,Data Services,team:ML,852.62,INR,71.32,1 Hour
2026-03-19,sub-psiog-001,MAC-07,rg-mac-07-research-prod,Microsoft.Compute/virtualMachines,Virtual Machines,Compute,,906.96,INR,63.25,1 Hour
2026-03-19,sub-psiog-001,MAC-07,rg-mac-07-research-prod,Microsoft.Storage/storageAccounts,Blob Storage,Storage,team:Research,493.56,INR,13.67,1 Hour
2026-03-19,sub-psiog-001,MAC-07,rg-mac-07-research-prod,Microsoft.Network/virtualNetworks,Virtual Networks,Networking,team:Research,181.8,INR,72.59,1 Hour
2026-03-19,sub-psiog-001,MAC-07,rg-mac-07-research-prod,Microsoft.Sql/servers/databases,SQL Database,Data Services,team:Research,805.32,INR,54.36,1 Hour
2026-03-19,sub-psiog-001,MAC-08,rg-mac-08-finance-prod,Microsoft.ContainerService/managedClusters,AKS Clusters,Compute,team:Finance,306.79,INR,91.31,1 Hour
2026-03-19,sub-psiog-001,MAC-08,rg-mac-08-finance-prod,Microsoft.Storage/storageAccounts/fileServices,File Storage,Storage,team:Finance,220.48,INR,77.45,1 Hour
2026-03-19,sub-psiog-001,MAC-08,rg-mac-08-finance-prod,Microsoft.Network/loadBalancers,Load Balancers,Networking,,120.63,INR,85.44,1 Hour
2026-03-19,sub-psiog-001,MAC-08,rg-mac-08-finance-prod,Microsoft.Sql/servers/databases,SQL Database,Data Services,team:Finance,589.95,INR,5.13,1 Hour
2026-03-19,sub-psiog-001,MAC-08,rg-mac-08-operations-prod,Microsoft.ContainerService/managedClusters,AKS Clusters,Compute,team:Operations,444.14,INR,15.13,1 Hour
2026-03-19,sub-psiog-001,MAC-08,rg-mac-08-operations-prod,Microsoft.Storage/storageAccounts,Blob Storage,Storage,team:Operations,321.39,INR,51.01,1 Hour
2026-03-19,sub-psiog-001,MAC-08,rg-mac-08-operations-prod,Microsoft.Network/loadBalancers,Load Balancers,Networking,team:Operations,149.32,INR,25.63,1 Hour
2026-03-19,sub-psiog-001,MAC-08,rg-mac-08-operations-prod,Microsoft.DocumentDB/databaseAccounts,Cosmos DB,Data Services,team:Operations,397.61,INR,10.82,1 Hour
2026-03-20,sub-psiog-001,MAC-01,rg-mac-01-devops-prod,Microsoft.Compute/virtualMachines,Virtual Machines,Compute,team:DevOps,1541.44,INR,79.09,1 Hour
2026-03-20,sub-psiog-001,MAC-01,rg-mac-01-devops-prod,Microsoft.Storage/storageAccounts/fileServices,File Storage,Storage,team:DevOps,325.63,INR,20.97,1 Hour
2026-03-20,sub-psiog-001,MAC-01,rg-mac-01-devops-prod,Microsoft.Network/loadBalancers,Load Balancers,Networking,team:DevOps,215.53,INR,17.18,1 Hour
2026-03-20,sub-psiog-001,MAC-01,rg-mac-01-devops-prod,Microsoft.Sql/servers/databases,SQL Database,Data Services,team:DevOps,475.37,INR,38.22,1 Hour
2026-03-20,sub-psiog-001,MAC-01,rg-mac-01-platform-prod,Microsoft.Compute/virtualMachines,Virtual Machines,Compute,team:Platform,1179.26,INR,17.22,1 Hour
2026-03-20,sub-psiog-001,MAC-01,rg-mac-01-platform-prod,Microsoft.Storage/storageAccounts/fileServices,File Storage,Storage,team:Platform,276.7,INR,27.9,1 Hour
2026-03-20,sub-psiog-001,MAC-01,rg-mac-01-platform-prod,Microsoft.Network/virtualNetworks,Virtual Networks,Networking,team:Platform,256.96,INR,29.23,1 Hour
2026-03-20,sub-psiog-001,MAC-01,rg-mac-01-platform-prod,Microsoft.DocumentDB/databaseAccounts,Cosmos DB,Data Services,team:Platform,502.16,INR,45.31,1 Hour
2026-03-20,sub-psiog-001,MAC-02,rg-mac-02-dataengineering-prod,Microsoft.Compute/virtualMachines,Virtual Machines,Compute,,1055.78,INR,52.88,1 Hour
2026-03-20,sub-psiog-001,MAC-02,rg-mac-02-dataengineering-prod,Microsoft.Storage/storageAccounts,Blob Storage,Storage,,744.61,INR,9.16,1 Hour
2026-03-20,sub-psiog-001,MAC-02,rg-mac-02-dataengineering-prod,Microsoft.Network/loadBalancers,Load Balancers,Networking,team:DataEngineering,211.04,INR,18.44,1 Hour
2026-03-20,sub-psiog-001,MAC-02,rg-mac-02-dataengineering-prod,Microsoft.Sql/servers/databases,SQL Database,Data Services,team:DataEngineering,1015.17,INR,54.03,1 Hour
2026-03-20,sub-psiog-001,MAC-02,rg-mac-02-analytics-prod,Microsoft.Compute/virtualMachines,Virtual Machines,Compute,team:Analytics,1123.3,INR,84.83,1 Hour
2026-03-20,sub-psiog-001,MAC-02,rg-mac-02-analytics-prod,Microsoft.Storage/storageAccounts,Blob Storage,Storage,team:Analytics,643.36,INR,10.59,1 Hour
2026-03-20,sub-psiog-001,MAC-02,rg-mac-02-analytics-prod,Microsoft.Network/loadBalancers,Load Balancers,Networking,team:Analytics,211.57,INR,19.26,1 Hour
2026-03-20,sub-psiog-001,MAC-02,rg-mac-02-analytics-prod,Microsoft.Sql/servers/databases,SQL Database,Data Services,team:Analytics,973.48,INR,13.34,1 Hour
2026-03-20,sub-psiog-001,MAC-03,rg-mac-03-product-prod,Microsoft.ContainerService/managedClusters,AKS Clusters,Compute,team:Product,733.62,INR,46.65,1 Hour
2026-03-20,sub-psiog-001,MAC-03,rg-mac-03-product-prod,Microsoft.Storage/storageAccounts,Blob Storage,Storage,team:Product,223.86,INR,40.28,1 Hour
2026-03-20,sub-psiog-001,MAC-03,rg-mac-03-product-prod,Microsoft.Network/loadBalancers,Load Balancers,Networking,team:Product,145.7,INR,69.85,1 Hour
2026-03-20,sub-psiog-001,MAC-03,rg-mac-03-product-prod,Microsoft.Sql/servers/databases,SQL Database,Data Services,team:Product,394.22,INR,68.27,1 Hour
2026-03-20,sub-psiog-001,MAC-03,rg-mac-03-frontend-prod,Microsoft.Compute/virtualMachines,Virtual Machines,Compute,team:Frontend,558.11,INR,30.2,1 Hour
2026-03-20,sub-psiog-001,MAC-03,rg-mac-03-frontend-prod,Microsoft.Storage/storageAccounts,Blob Storage,Storage,team:Frontend,167.03,INR,59.51,1 Hour
2026-03-20,sub-psiog-001,MAC-03,rg-mac-03-frontend-prod,Microsoft.Network/loadBalancers,Load Balancers,Networking,team:Frontend,102.86,INR,9.55,1 Hour
2026-03-20,sub-psiog-001,MAC-03,rg-mac-03-frontend-prod,Microsoft.DocumentDB/databaseAccounts,Cosmos DB,Data Services,team:Frontend,259.15,INR,36.22,1 Hour
2026-03-20,sub-psiog-001,MAC-04,rg-mac-04-backend-prod,Microsoft.ContainerService/managedClusters,AKS Clusters,Compute,team:Backend,1068.19,INR,21.11,1 Hour
2026-03-20,sub-psiog-001,MAC-04,rg-mac-04-backend-prod,Microsoft.Storage/storageAccounts,Blob Storage,Storage,team:Backend,383.2,INR,50.39,1 Hour
2026-03-20,sub-psiog-001,MAC-04,rg-mac-04-backend-prod,Microsoft.Network/virtualNetworks,Virtual Networks,Networking,team:Backend,236.76,INR,47.42,1 Hour
2026-03-20,sub-psiog-001,MAC-04,rg-mac-04-backend-prod,Microsoft.Sql/servers/databases,SQL Database,Data Services,team:Backend,556.56,INR,15.62,1 Hour
2026-03-20,sub-psiog-001,MAC-04,rg-mac-04-qa-prod,Microsoft.Compute/virtualMachines,Virtual Machines,Compute,team:QA,462.32,INR,29.55,1 Hour
2026-03-20,sub-psiog-001,MAC-04,rg-mac-04-qa-prod,Microsoft.Storage/storageAccounts/fileServices,File Storage,Storage,team:QA,222.35,INR,50.97,1 Hour
2026-03-20,sub-psiog-001,MAC-04,rg-mac-04-qa-prod,Microsoft.Network/loadBalancers,Load Balancers,Networking,,114.95,INR,40.37,1 Hour
2026-03-20,sub-psiog-001,MAC-04,rg-mac-04-qa-prod,Microsoft.Sql/servers/databases,SQL Database,Data Services,team:QA,258.04,INR,10.2,1 Hour
2026-03-20,sub-psiog-001,MAC-05,rg-mac-05-security-prod,Microsoft.ContainerService/managedClusters,AKS Clusters,Compute,team:Security,878.83,INR,59.69,1 Hour
2026-03-20,sub-psiog-001,MAC-05,rg-mac-05-security-prod,Microsoft.Storage/storageAccounts/fileServices,File Storage,Storage,team:Security,262.31,INR,85.31,1 Hour
2026-03-20,sub-psiog-001,MAC-05,rg-mac-05-security-prod,Microsoft.Network/virtualNetworks,Virtual Networks,Networking,team:Security,367.49,INR,7.27,1 Hour
2026-03-20,sub-psiog-001,MAC-05,rg-mac-05-security-prod,Microsoft.Sql/servers/databases,SQL Database,Data Services,team:Security,386.97,INR,75.07,1 Hour
2026-03-20,sub-psiog-001,MAC-05,rg-mac-05-compliance-prod,Microsoft.ContainerService/managedClusters,AKS Clusters,Compute,team:Compliance,445.71,INR,10.65,1 Hour
2026-03-20,sub-psiog-001,MAC-05,rg-mac-05-compliance-prod,Microsoft.Storage/storageAccounts/fileServices,File Storage,Storage,team:Compliance,243.64,INR,43.5,1 Hour
2026-03-20,sub-psiog-001,MAC-05,rg-mac-05-compliance-prod,Microsoft.Network/virtualNetworks,Virtual Networks,Networking,team:Compliance,185.64,INR,73.7,1 Hour
2026-03-20,sub-psiog-001,MAC-05,rg-mac-05-compliance-prod,Microsoft.Sql/servers/databases,SQL Database,Data Services,team:Compliance,396.01,INR,12.76,1 Hour
2026-03-20,sub-psiog-001,MAC-06,rg-mac-06-infrastructure-prod,Microsoft.ContainerService/managedClusters,AKS Clusters,Compute,team:Infrastructure,1789.28,INR,60.02,1 Hour
2026-03-20,sub-psiog-001,MAC-06,rg-mac-06-infrastructure-prod,Microsoft.Storage/storageAccounts,Blob Storage,Storage,,440.32,INR,87.38,1 Hour
2026-03-20,sub-psiog-001,MAC-06,rg-mac-06-infrastructure-prod,Microsoft.Network/loadBalancers,Load Balancers,Networking,team:Infrastructure,383.83,INR,60.96,1 Hour
2026-03-20,sub-psiog-001,MAC-06,rg-mac-06-infrastructure-prod,Microsoft.DocumentDB/databaseAccounts,Cosmos DB,Data Services,team:Infrastructure,522.78,INR,81.43,1 Hour
2026-03-20,sub-psiog-001,MAC-06,rg-mac-06-cloudops-prod,Microsoft.ContainerService/managedClusters,AKS Clusters,Compute,team:CloudOps,1571.56,INR,61.32,1 Hour
2026-03-20,sub-psiog-001,MAC-06,rg-mac-06-cloudops-prod,Microsoft.Storage/storageAccounts,Blob Storage,Storage,team:CloudOps,411.99,INR,77.29,1 Hour
2026-03-20,sub-psiog-001,MAC-06,rg-mac-06-cloudops-prod,Microsoft.Network/loadBalancers,Load Balancers,Networking,,382.19,INR,44.86,1 Hour
2026-03-20,sub-psiog-001,MAC-06,rg-mac-06-cloudops-prod,Microsoft.DocumentDB/databaseAccounts,Cosmos DB,Data Services,,528.87,INR,79.29,1 Hour
2026-03-20,sub-psiog-001,MAC-07,rg-mac-07-ml-prod,Microsoft.ContainerService/managedClusters,AKS Clusters,Compute,,1717.62,INR,43.01,1 Hour
2026-03-20,sub-psiog-001,MAC-07,rg-mac-07-ml-prod,Microsoft.Storage/storageAccounts,Blob Storage,Storage,team:ML,628.95,INR,86.51,1 Hour
2026-03-20,sub-psiog-001,MAC-07,rg-mac-07-ml-prod,Microsoft.Network/loadBalancers,Load Balancers,Networking,team:ML,213.97,INR,13.59,1 Hour
2026-03-20,sub-psiog-001,MAC-07,rg-mac-07-ml-prod,Microsoft.DocumentDB/databaseAccounts,Cosmos DB,Data Services,team:ML,795.55,INR,56.95,1 Hour
2026-03-20,sub-psiog-001,MAC-07,rg-mac-07-research-prod,Microsoft.ContainerService/managedClusters,AKS Clusters,Compute,team:Research,1017.67,INR,26.14,1 Hour
2026-03-20,sub-psiog-001,MAC-07,rg-mac-07-research-prod,Microsoft.Storage/storageAccounts,Blob Storage,Storage,team:Research,542.32,INR,79.07,1 Hour
2026-03-20,sub-psiog-001,MAC-07,rg-mac-07-research-prod,Microsoft.Network/loadBalancers,Load Balancers,Networking,team:Research,187.23,INR,76.79,1 Hour
2026-03-20,sub-psiog-001,MAC-07,rg-mac-07-research-prod,Microsoft.Sql/servers/databases,SQL Database,Data Services,team:Research,845.36,INR,79.04,1 Hour
2026-03-20,sub-psiog-001,MAC-08,rg-mac-08-finance-prod,Microsoft.ContainerService/managedClusters,AKS Clusters,Compute,team:Finance,353.16,INR,43.45,1 Hour
2026-03-20,sub-psiog-001,MAC-08,rg-mac-08-finance-prod,Microsoft.Storage/storageAccounts,Blob Storage,Storage,team:Finance,200.91,INR,58.21,1 Hour
2026-03-20,sub-psiog-001,MAC-08,rg-mac-08-finance-prod,Microsoft.Network/loadBalancers,Load Balancers,Networking,team:Finance,111.38,INR,72.97,1 Hour
2026-03-20,sub-psiog-001,MAC-08,rg-mac-08-finance-prod,Microsoft.DocumentDB/databaseAccounts,Cosmos DB,Data Services,team:Finance,473.15,INR,87.6,1 Hour
2026-03-20,sub-psiog-001,MAC-08,rg-mac-08-operations-prod,Microsoft.Compute/virtualMachines,Virtual Machines,Compute,team:Operations,546.77,INR,99.02,1 Hour
2026-03-20,sub-psiog-001,MAC-08,rg-mac-08-operations-prod,Microsoft.Storage/storageAccounts,Blob Storage,Storage,team:Operations,363.96,INR,71.95,1 Hour
2026-03-20,sub-psiog-001,MAC-08,rg-mac-08-operations-prod,Microsoft.Network/loadBalancers,Load Balancers,Networking,,148.11,INR,64.4,1 Hour
2026-03-20,sub-psiog-001,MAC-08,rg-mac-08-operations-prod,Microsoft.DocumentDB/databaseAccounts,Cosmos DB,Data Services,team:Operations,383.1,INR,49.14,1 Hour
2026-03-21,sub-psiog-001,MAC-01,rg-mac-01-devops-prod,Microsoft.Compute/virtualMachines,Virtual Machines,Compute,team:DevOps,1394.2,INR,78.15,1 Hour
2026-03-21,sub-psiog-001,MAC-01,rg-mac-01-devops-prod,Microsoft.Storage/storageAccounts,Blob Storage,Storage,team:DevOps,369.17,INR,35.14,1 Hour
2026-03-21,sub-psiog-001,MAC-01,rg-mac-01-devops-prod,Microsoft.Network/loadBalancers,Load Balancers,Networking,team:DevOps,262.76,INR,68.96,1 Hour
2026-03-21,sub-psiog-001,MAC-01,rg-mac-01-devops-prod,Microsoft.DocumentDB/databaseAccounts,Cosmos DB,Data Services,team:DevOps,497.4,INR,10.2,1 Hour
2026-03-21,sub-psiog-001,MAC-01,rg-mac-01-platform-prod,Microsoft.ContainerService/managedClusters,AKS Clusters,Compute,team:Platform,1205.44,INR,79.35,1 Hour
2026-03-21,sub-psiog-001,MAC-01,rg-mac-01-platform-prod,Microsoft.Storage/storageAccounts/fileServices,File Storage,Storage,team:Platform,372.01,INR,36.84,1 Hour
2026-03-21,sub-psiog-001,MAC-01,rg-mac-01-platform-prod,Microsoft.Network/virtualNetworks,Virtual Networks,Networking,,248.49,INR,74.39,1 Hour
2026-03-21,sub-psiog-001,MAC-01,rg-mac-01-platform-prod,Microsoft.DocumentDB/databaseAccounts,Cosmos DB,Data Services,team:Platform,427.04,INR,83.92,1 Hour
2026-03-21,sub-psiog-001,MAC-02,rg-mac-02-dataengineering-prod,Microsoft.ContainerService/managedClusters,AKS Clusters,Compute,team:DataEngineering,993.78,INR,28.13,1 Hour
2026-03-21,sub-psiog-001,MAC-02,rg-mac-02-dataengineering-prod,Microsoft.Storage/storageAccounts/fileServices,File Storage,Storage,team:DataEngineering,635.22,INR,38.78,1 Hour
2026-03-21,sub-psiog-001,MAC-02,rg-mac-02-dataengineering-prod,Microsoft.Network/loadBalancers,Load Balancers,Networking,team:DataEngineering,214.68,INR,98.43,1 Hour
2026-03-21,sub-psiog-001,MAC-02,rg-mac-02-dataengineering-prod,Microsoft.Sql/servers/databases,SQL Database,Data Services,team:DataEngineering,1005.33,INR,90.6,1 Hour
2026-03-21,sub-psiog-001,MAC-02,rg-mac-02-analytics-prod,Microsoft.Compute/virtualMachines,Virtual Machines,Compute,team:Analytics,1071.27,INR,61.38,1 Hour
2026-03-21,sub-psiog-001,MAC-02,rg-mac-02-analytics-prod,Microsoft.Storage/storageAccounts,Blob Storage,Storage,team:Analytics,584.84,INR,66.29,1 Hour
2026-03-21,sub-psiog-001,MAC-02,rg-mac-02-analytics-prod,Microsoft.Network/virtualNetworks,Virtual Networks,Networking,team:Analytics,194.2,INR,62.3,1 Hour
2026-03-21,sub-psiog-001,MAC-02,rg-mac-02-analytics-prod,Microsoft.Sql/servers/databases,SQL Database,Data Services,team:Analytics,836.91,INR,6.97,1 Hour
2026-03-21,sub-psiog-001,MAC-03,rg-mac-03-product-prod,Microsoft.Compute/virtualMachines,Virtual Machines,Compute,,755.5,INR,21.62,1 Hour
2026-03-21,sub-psiog-001,MAC-03,rg-mac-03-product-prod,Microsoft.Storage/storageAccounts/fileServices,File Storage,Storage,team:Product,244.52,INR,16.93,1 Hour
2026-03-21,sub-psiog-001,MAC-03,rg-mac-03-product-prod,Microsoft.Network/loadBalancers,Load Balancers,Networking,team:Product,155.62,INR,26.25,1 Hour
2026-03-21,sub-psiog-001,MAC-03,rg-mac-03-product-prod,Microsoft.Sql/servers/databases,SQL Database,Data Services,team:Product,317.88,INR,91.57,1 Hour
2026-03-21,sub-psiog-001,MAC-03,rg-mac-03-frontend-prod,Microsoft.Compute/virtualMachines,Virtual Machines,Compute,team:Frontend,561.1,INR,87.86,1 Hour
2026-03-21,sub-psiog-001,MAC-03,rg-mac-03-frontend-prod,Microsoft.Storage/storageAccounts,Blob Storage,Storage,team:Frontend,153.24,INR,87.39,1 Hour
2026-03-21,sub-psiog-001,MAC-03,rg-mac-03-frontend-prod,Microsoft.Network/loadBalancers,Load Balancers,Networking,team:Frontend,112.7,INR,29.64,1 Hour
2026-03-21,sub-psiog-001,MAC-03,rg-mac-03-frontend-prod,Microsoft.DocumentDB/databaseAccounts,Cosmos DB,Data Services,team:Frontend,266.23,INR,37.6,1 Hour
2026-03-21,sub-psiog-001,MAC-04,rg-mac-04-backend-prod,Microsoft.ContainerService/managedClusters,AKS Clusters,Compute,team:Backend,1263.98,INR,67.63,1 Hour
2026-03-21,sub-psiog-001,MAC-04,rg-mac-04-backend-prod,Microsoft.Storage/storageAccounts/fileServices,File Storage,Storage,team:Backend,442.47,INR,32.16,1 Hour
2026-03-21,sub-psiog-001,MAC-04,rg-mac-04-backend-prod,Microsoft.Network/virtualNetworks,Virtual Networks,Networking,team:Backend,284.11,INR,36.82,1 Hour
2026-03-21,sub-psiog-001,MAC-04,rg-mac-04-backend-prod,Microsoft.Sql/servers/databases,SQL Database,Data Services,team:Backend,596.83,INR,97.25,1 Hour
2026-03-21,sub-psiog-001,MAC-04,rg-mac-04-qa-prod,Microsoft.Compute/virtualMachines,Virtual Machines,Compute,team:QA,418.09,INR,51.81,1 Hour
2026-03-21,sub-psiog-001,MAC-04,rg-mac-04-qa-prod,Microsoft.Storage/storageAccounts,Blob Storage,Storage,team:QA,219.51,INR,20.62,1 Hour
2026-03-21,sub-psiog-001,MAC-04,rg-mac-04-qa-prod,Microsoft.Network/virtualNetworks,Virtual Networks,Networking,team:QA,92.89,INR,84.65,1 Hour
2026-03-21,sub-psiog-001,MAC-04,rg-mac-04-qa-prod,Microsoft.DocumentDB/databaseAccounts,Cosmos DB,Data Services,,318.82,INR,78.05,1 Hour
2026-03-21,sub-psiog-001,MAC-05,rg-mac-05-security-prod,Microsoft.Compute/virtualMachines,Virtual Machines,Compute,team:Security,701.69,INR,46.29,1 Hour
2026-03-21,sub-psiog-001,MAC-05,rg-mac-05-security-prod,Microsoft.Storage/storageAccounts,Blob Storage,Storage,team:Security,321.8,INR,92.42,1 Hour
2026-03-21,sub-psiog-001,MAC-05,rg-mac-05-security-prod,Microsoft.Network/loadBalancers,Load Balancers,Networking,,306.7,INR,34.18,1 Hour
2026-03-21,sub-psiog-001,MAC-05,rg-mac-05-security-prod,Microsoft.Sql/servers/databases,SQL Database,Data Services,team:Security,406.22,INR,90.15,1 Hour
2026-03-21,sub-psiog-001,MAC-05,rg-mac-05-compliance-prod,Microsoft.Compute/virtualMachines,Virtual Machines,Compute,team:Compliance,373.25,INR,87.07,1 Hour
2026-03-21,sub-psiog-001,MAC-05,rg-mac-05-compliance-prod,Microsoft.Storage/storageAccounts/fileServices,File Storage,Storage,team:Compliance,244.0,INR,46.86,1 Hour
2026-03-21,sub-psiog-001,MAC-05,rg-mac-05-compliance-prod,Microsoft.Network/loadBalancers,Load Balancers,Networking,team:Compliance,151.65,INR,51.46,1 Hour
2026-03-21,sub-psiog-001,MAC-05,rg-mac-05-compliance-prod,Microsoft.DocumentDB/databaseAccounts,Cosmos DB,Data Services,team:Compliance,373.81,INR,15.17,1 Hour
2026-03-21,sub-psiog-001,MAC-06,rg-mac-06-infrastructure-prod,Microsoft.ContainerService/managedClusters,AKS Clusters,Compute,team:Infrastructure,1837.8,INR,47.98,1 Hour
2026-03-21,sub-psiog-001,MAC-06,rg-mac-06-infrastructure-prod,Microsoft.Storage/storageAccounts,Blob Storage,Storage,team:Infrastructure,439.79,INR,82.28,1 Hour
2026-03-21,sub-psiog-001,MAC-06,rg-mac-06-infrastructure-prod,Microsoft.Network/virtualNetworks,Virtual Networks,Networking,team:Infrastructure,442.77,INR,80.3,1 Hour
2026-03-21,sub-psiog-001,MAC-06,rg-mac-06-infrastructure-prod,Microsoft.Sql/servers/databases,SQL Database,Data Services,team:Infrastructure,508.72,INR,51.16,1 Hour
2026-03-21,sub-psiog-001,MAC-06,rg-mac-06-cloudops-prod,Microsoft.Compute/virtualMachines,Virtual Machines,Compute,team:CloudOps,1565.49,INR,61.89,1 Hour
2026-03-21,sub-psiog-001,MAC-06,rg-mac-06-cloudops-prod,Microsoft.Storage/storageAccounts,Blob Storage,Storage,,399.01,INR,99.71,1 Hour
2026-03-21,sub-psiog-001,MAC-06,rg-mac-06-cloudops-prod,Microsoft.Network/virtualNetworks,Virtual Networks,Networking,team:CloudOps,319.42,INR,59.13,1 Hour
2026-03-21,sub-psiog-001,MAC-06,rg-mac-06-cloudops-prod,Microsoft.Sql/servers/databases,SQL Database,Data Services,team:CloudOps,504.08,INR,99.46,1 Hour
2026-03-21,sub-psiog-001,MAC-07,rg-mac-07-ml-prod,Microsoft.ContainerService/managedClusters,AKS Clusters,Compute,team:ML,1811.48,INR,50.14,1 Hour
2026-03-21,sub-psiog-001,MAC-07,rg-mac-07-ml-prod,Microsoft.Storage/storageAccounts/fileServices,File Storage,Storage,team:ML,655.94,INR,58.0,1 Hour
2026-03-21,sub-psiog-001,MAC-07,rg-mac-07-ml-prod,Microsoft.Network/loadBalancers,Load Balancers,Networking,team:ML,208.82,INR,16.88,1 Hour
2026-03-21,sub-psiog-001,MAC-07,rg-mac-07-ml-prod,Microsoft.DocumentDB/databaseAccounts,Cosmos DB,Data Services,team:ML,820.86,INR,3.97,1 Hour
2026-03-21,sub-psiog-001,MAC-07,rg-mac-07-research-prod,Microsoft.Compute/virtualMachines,Virtual Machines,Compute,team:Research,976.05,INR,96.14,1 Hour
2026-03-21,sub-psiog-001,MAC-07,rg-mac-07-research-prod,Microsoft.Storage/storageAccounts,Blob Storage,Storage,team:Research,548.8,INR,50.35,1 Hour
2026-03-21,sub-psiog-001,MAC-07,rg-mac-07-research-prod,Microsoft.Network/loadBalancers,Load Balancers,Networking,team:Research,230.91,INR,73.24,1 Hour
2026-03-21,sub-psiog-001,MAC-07,rg-mac-07-research-prod,Microsoft.Sql/servers/databases,SQL Database,Data Services,team:Research,721.78,INR,99.29,1 Hour
2026-03-21,sub-psiog-001,MAC-08,rg-mac-08-finance-prod,Microsoft.ContainerService/managedClusters,AKS Clusters,Compute,,328.72,INR,15.93,1 Hour
2026-03-21,sub-psiog-001,MAC-08,rg-mac-08-finance-prod,Microsoft.Storage/storageAccounts/fileServices,File Storage,Storage,team:Finance,249.49,INR,95.34,1 Hour
2026-03-21,sub-psiog-001,MAC-08,rg-mac-08-finance-prod,Microsoft.Network/loadBalancers,Load Balancers,Networking,,105.6,INR,11.5,1 Hour
2026-03-21,sub-psiog-001,MAC-08,rg-mac-08-finance-prod,Microsoft.DocumentDB/databaseAccounts,Cosmos DB,Data Services,team:Finance,483.28,INR,26.44,1 Hour
2026-03-21,sub-psiog-001,MAC-08,rg-mac-08-operations-prod,Microsoft.ContainerService/managedClusters,AKS Clusters,Compute,team:Operations,523.24,INR,86.08,1 Hour
2026-03-21,sub-psiog-001,MAC-08,rg-mac-08-operations-prod,Microsoft.Storage/storageAccounts/fileServices,File Storage,Storage,team:Operations,352.81,INR,46.55,1 Hour
2026-03-21,sub-psiog-001,MAC-08,rg-mac-08-operations-prod,Microsoft.Network/loadBalancers,Load Balancers,Networking,,143.04,INR,40.1,1 Hour
2026-03-21,sub-psiog-001,MAC-08,rg-mac-08-operations-prod,Microsoft.DocumentDB/databaseAccounts,Cosmos DB,Data Services,team:Operations,377.18,INR,99.58,1 Hour
2026-03-22,sub-psiog-001,MAC-01,rg-mac-01-devops-prod,Microsoft.ContainerService/managedClusters,AKS Clusters,Compute,,1224.45,INR,55.21,1 Hour
2026-03-22,sub-psiog-001,MAC-01,rg-mac-01-devops-prod,Microsoft.Storage/storageAccounts/fileServices,File Storage,Storage,team:DevOps,340.83,INR,38.5,1 Hour
2026-03-22,sub-psiog-001,MAC-01,rg-mac-01-devops-prod,Microsoft.Network/loadBalancers,Load Balancers,Networking,team:DevOps,213.18,INR,15.78,1 Hour
2026-03-22,sub-psiog-001,MAC-01,rg-mac-01-devops-prod,Microsoft.DocumentDB/databaseAccounts,Cosmos DB,Data Services,team:DevOps,440.91,INR,26.85,1 Hour
2026-03-22,sub-psiog-001,MAC-01,rg-mac-01-platform-prod,Microsoft.Compute/virtualMachines,Virtual Machines,Compute,team:Platform,1436.95,INR,50.46,1 Hour
2026-03-22,sub-psiog-001,MAC-01,rg-mac-01-platform-prod,Microsoft.Storage/storageAccounts/fileServices,File Storage,Storage,team:Platform,302.19,INR,38.24,1 Hour
2026-03-22,sub-psiog-001,MAC-01,rg-mac-01-platform-prod,Microsoft.Network/loadBalancers,Load Balancers,Networking,team:Platform,267.57,INR,96.7,1 Hour
2026-03-22,sub-psiog-001,MAC-01,rg-mac-01-platform-prod,Microsoft.Sql/servers/databases,SQL Database,Data Services,team:Platform,378.15,INR,57.55,1 Hour
2026-03-22,sub-psiog-001,MAC-02,rg-mac-02-dataengineering-prod,Microsoft.Compute/virtualMachines,Virtual Machines,Compute,team:DataEngineering,1020.54,INR,63.04,1 Hour
2026-03-22,sub-psiog-001,MAC-02,rg-mac-02-dataengineering-prod,Microsoft.Storage/storageAccounts/fileServices,File Storage,Storage,team:DataEngineering,694.13,INR,82.49,1 Hour
2026-03-22,sub-psiog-001,MAC-02,rg-mac-02-dataengineering-prod,Microsoft.Network/virtualNetworks,Virtual Networks,Networking,team:DataEngineering,187.56,INR,74.51,1 Hour
2026-03-22,sub-psiog-001,MAC-02,rg-mac-02-dataengineering-prod,Microsoft.Sql/servers/databases,SQL Database,Data Services,team:DataEngineering,1153.94,INR,49.2,1 Hour
2026-03-22,sub-psiog-001,MAC-02,rg-mac-02-analytics-prod,Microsoft.ContainerService/managedClusters,AKS Clusters,Compute,team:Analytics,1058.14,INR,69.83,1 Hour
2026-03-22,sub-psiog-001,MAC-02,rg-mac-02-analytics-prod,Microsoft.Storage/storageAccounts/fileServices,File Storage,Storage,team:Analytics,560.56,INR,11.18,1 Hour
2026-03-22,sub-psiog-001,MAC-02,rg-mac-02-analytics-prod,Microsoft.Network/virtualNetworks,Virtual Networks,Networking,team:Analytics,195.52,INR,84.84,1 Hour
2026-03-22,sub-psiog-001,MAC-02,rg-mac-02-analytics-prod,Microsoft.Sql/servers/databases,SQL Database,Data Services,team:Analytics,1128.47,INR,8.78,1 Hour
2026-03-22,sub-psiog-001,MAC-03,rg-mac-03-product-prod,Microsoft.Compute/virtualMachines,Virtual Machines,Compute,team:Product,784.12,INR,78.5,1 Hour
2026-03-22,sub-psiog-001,MAC-03,rg-mac-03-product-prod,Microsoft.Storage/storageAccounts,Blob Storage,Storage,team:Product,208.47,INR,99.43,1 Hour
2026-03-22,sub-psiog-001,MAC-03,rg-mac-03-product-prod,Microsoft.Network/loadBalancers,Load Balancers,Networking,team:Product,125.85,INR,2.73,1 Hour
2026-03-22,sub-psiog-001,MAC-03,rg-mac-03-product-prod,Microsoft.DocumentDB/databaseAccounts,Cosmos DB,Data Services,team:Product,397.73,INR,42.66,1 Hour
2026-03-22,sub-psiog-001,MAC-03,rg-mac-03-frontend-prod,Microsoft.ContainerService/managedClusters,AKS Clusters,Compute,team:Frontend,596.32,INR,57.37,1 Hour
2026-03-22,sub-psiog-001,MAC-03,rg-mac-03-frontend-prod,Microsoft.Storage/storageAccounts,Blob Storage,Storage,team:Frontend,199.88,INR,64.67,1 Hour
2026-03-22,sub-psiog-001,MAC-03,rg-mac-03-frontend-prod,Microsoft.Network/virtualNetworks,Virtual Networks,Networking,team:Frontend,127.48,INR,92.02,1 Hour
2026-03-22,sub-psiog-001,MAC-03,rg-mac-03-frontend-prod,Microsoft.DocumentDB/databaseAccounts,Cosmos DB,Data Services,team:Frontend,197.56,INR,35.97,1 Hour
2026-03-22,sub-psiog-001,MAC-04,rg-mac-04-backend-prod,Microsoft.Compute/virtualMachines,Virtual Machines,Compute,team:Backend,1091.74,INR,16.05,1 Hour
2026-03-22,sub-psiog-001,MAC-04,rg-mac-04-backend-prod,Microsoft.Storage/storageAccounts/fileServices,File Storage,Storage,team:Backend,365.68,INR,27.15,1 Hour
2026-03-22,sub-psiog-001,MAC-04,rg-mac-04-backend-prod,Microsoft.Network/loadBalancers,Load Balancers,Networking,team:Backend,257.66,INR,8.86,1 Hour
2026-03-22,sub-psiog-001,MAC-04,rg-mac-04-backend-prod,Microsoft.Sql/servers/databases,SQL Database,Data Services,team:Backend,527.96,INR,82.45,1 Hour
2026-03-22,sub-psiog-001,MAC-04,rg-mac-04-qa-prod,Microsoft.ContainerService/managedClusters,AKS Clusters,Compute,team:QA,398.2,INR,25.92,1 Hour
2026-03-22,sub-psiog-001,MAC-04,rg-mac-04-qa-prod,Microsoft.Storage/storageAccounts/fileServices,File Storage,Storage,team:QA,237.24,INR,1.6,1 Hour
2026-03-22,sub-psiog-001,MAC-04,rg-mac-04-qa-prod,Microsoft.Network/virtualNetworks,Virtual Networks,Networking,team:QA,90.98,INR,90.16,1 Hour
2026-03-22,sub-psiog-001,MAC-04,rg-mac-04-qa-prod,Microsoft.DocumentDB/databaseAccounts,Cosmos DB,Data Services,team:QA,266.14,INR,60.1,1 Hour
2026-03-22,sub-psiog-001,MAC-05,rg-mac-05-security-prod,Microsoft.Compute/virtualMachines,Virtual Machines,Compute,team:Security,715.95,INR,98.4,1 Hour
2026-03-22,sub-psiog-001,MAC-05,rg-mac-05-security-prod,Microsoft.Storage/storageAccounts,Blob Storage,Storage,team:Security,272.93,INR,1.44,1 Hour
2026-03-22,sub-psiog-001,MAC-05,rg-mac-05-security-prod,Microsoft.Network/virtualNetworks,Virtual Networks,Networking,team:Security,385.74,INR,55.29,1 Hour
2026-03-22,sub-psiog-001,MAC-05,rg-mac-05-security-prod,Microsoft.Sql/servers/databases,SQL Database,Data Services,team:Security,390.64,INR,71.2,1 Hour
2026-03-22,sub-psiog-001,MAC-05,rg-mac-05-compliance-prod,Microsoft.Compute/virtualMachines,Virtual Machines,Compute,team:Compliance,350.41,INR,72.05,1 Hour
2026-03-22,sub-psiog-001,MAC-05,rg-mac-05-compliance-prod,Microsoft.Storage/storageAccounts,Blob Storage,Storage,team:Compliance,272.97,INR,85.2,1 Hour
2026-03-22,sub-psiog-001,MAC-05,rg-mac-05-compliance-prod,Microsoft.Network/virtualNetworks,Virtual Networks,Networking,team:Compliance,158.91,INR,17.17,1 Hour
2026-03-22,sub-psiog-001,MAC-05,rg-mac-05-compliance-prod,Microsoft.Sql/servers/databases,SQL Database,Data Services,team:Compliance,353.24,INR,37.77,1 Hour
2026-03-22,sub-psiog-001,MAC-06,rg-mac-06-infrastructure-prod,Microsoft.ContainerService/managedClusters,AKS Clusters,Compute,team:Infrastructure,1812.27,INR,14.66,1 Hour
2026-03-22,sub-psiog-001,MAC-06,rg-mac-06-infrastructure-prod,Microsoft.Storage/storageAccounts/fileServices,File Storage,Storage,team:Infrastructure,461.92,INR,41.64,1 Hour
2026-03-22,sub-psiog-001,MAC-06,rg-mac-06-infrastructure-prod,Microsoft.Network/virtualNetworks,Virtual Networks,Networking,team:Infrastructure,400.14,INR,39.78,1 Hour
2026-03-22,sub-psiog-001,MAC-06,rg-mac-06-infrastructure-prod,Microsoft.DocumentDB/databaseAccounts,Cosmos DB,Data Services,team:Infrastructure,449.31,INR,66.46,1 Hour
2026-03-22,sub-psiog-001,MAC-06,rg-mac-06-cloudops-prod,Microsoft.ContainerService/managedClusters,AKS Clusters,Compute,team:CloudOps,1565.11,INR,68.86,1 Hour
2026-03-22,sub-psiog-001,MAC-06,rg-mac-06-cloudops-prod,Microsoft.Storage/storageAccounts/fileServices,File Storage,Storage,team:CloudOps,403.09,INR,49.97,1 Hour
2026-03-22,sub-psiog-001,MAC-06,rg-mac-06-cloudops-prod,Microsoft.Network/virtualNetworks,Virtual Networks,Networking,team:CloudOps,330.66,INR,68.44,1 Hour
2026-03-22,sub-psiog-001,MAC-06,rg-mac-06-cloudops-prod,Microsoft.Sql/servers/databases,SQL Database,Data Services,team:CloudOps,483.25,INR,90.49,1 Hour
2026-03-22,sub-psiog-001,MAC-07,rg-mac-07-ml-prod,Microsoft.ContainerService/managedClusters,AKS Clusters,Compute,team:ML,2115.74,INR,88.52,1 Hour
2026-03-22,sub-psiog-001,MAC-07,rg-mac-07-ml-prod,Microsoft.Storage/storageAccounts,Blob Storage,Storage,team:ML,559.59,INR,81.96,1 Hour
2026-03-22,sub-psiog-001,MAC-07,rg-mac-07-ml-prod,Microsoft.Network/loadBalancers,Load Balancers,Networking,team:ML,235.12,INR,51.22,1 Hour
2026-03-22,sub-psiog-001,MAC-07,rg-mac-07-ml-prod,Microsoft.DocumentDB/databaseAccounts,Cosmos DB,Data Services,team:ML,881.07,INR,18.34,1 Hour
2026-03-22,sub-psiog-001,MAC-07,rg-mac-07-research-prod,Microsoft.Compute/virtualMachines,Virtual Machines,Compute,team:Research,884.65,INR,75.65,1 Hour
2026-03-22,sub-psiog-001,MAC-07,rg-mac-07-research-prod,Microsoft.Storage/storageAccounts,Blob Storage,Storage,team:Research,450.71,INR,10.06,1 Hour
2026-03-22,sub-psiog-001,MAC-07,rg-mac-07-research-prod,Microsoft.Network/virtualNetworks,Virtual Networks,Networking,team:Research,178.58,INR,38.66,1 Hour
2026-03-22,sub-psiog-001,MAC-07,rg-mac-07-research-prod,Microsoft.DocumentDB/databaseAccounts,Cosmos DB,Data Services,team:Research,707.91,INR,23.35,1 Hour
2026-03-22,sub-psiog-001,MAC-08,rg-mac-08-finance-prod,Microsoft.Compute/virtualMachines,Virtual Machines,Compute,team:Finance,337.11,INR,1.61,1 Hour
2026-03-22,sub-psiog-001,MAC-08,rg-mac-08-finance-prod,Microsoft.Storage/storageAccounts,Blob Storage,Storage,team:Finance,251.81,INR,53.35,1 Hour
2026-03-22,sub-psiog-001,MAC-08,rg-mac-08-finance-prod,Microsoft.Network/loadBalancers,Load Balancers,Networking,team:Finance,119.5,INR,16.54,1 Hour
2026-03-22,sub-psiog-001,MAC-08,rg-mac-08-finance-prod,Microsoft.Sql/servers/databases,SQL Database,Data Services,team:Finance,454.41,INR,59.07,1 Hour
2026-03-22,sub-psiog-001,MAC-08,rg-mac-08-operations-prod,Microsoft.ContainerService/managedClusters,AKS Clusters,Compute,team:Operations,512.96,INR,39.42,1 Hour
2026-03-22,sub-psiog-001,MAC-08,rg-mac-08-operations-prod,Microsoft.Storage/storageAccounts,Blob Storage,Storage,team:Operations,357.19,INR,56.93,1 Hour
2026-03-22,sub-psiog-001,MAC-08,rg-mac-08-operations-prod,Microsoft.Network/loadBalancers,Load Balancers,Networking,team:Operations,159.44,INR,77.43,1 Hour
2026-03-22,sub-psiog-001,MAC-08,rg-mac-08-operations-prod,Microsoft.Sql/servers/databases,SQL Database,Data Services,team:Operations,421.74,INR,10.05,1 Hour
2026-03-23,sub-psiog-001,MAC-01,rg-mac-01-devops-prod,Microsoft.Compute/virtualMachines,Virtual Machines,Compute,team:DevOps,1552.63,INR,6.4,1 Hour
2026-03-23,sub-psiog-001,MAC-01,rg-mac-01-devops-prod,Microsoft.Storage/storageAccounts/fileServices,File Storage,Storage,team:DevOps,333.97,INR,35.26,1 Hour
2026-03-23,sub-psiog-001,MAC-01,rg-mac-01-devops-prod,Microsoft.Network/loadBalancers,Load Balancers,Networking,team:DevOps,233.71,INR,9.78,1 Hour
2026-03-23,sub-psiog-001,MAC-01,rg-mac-01-devops-prod,Microsoft.Sql/servers/databases,SQL Database,Data Services,team:DevOps,463.49,INR,18.72,1 Hour
2026-03-23,sub-psiog-001,MAC-01,rg-mac-01-platform-prod,Microsoft.Compute/virtualMachines,Virtual Machines,Compute,team:Platform,1230.85,INR,13.01,1 Hour
2026-03-23,sub-psiog-001,MAC-01,rg-mac-01-platform-prod,Microsoft.Storage/storageAccounts,Blob Storage,Storage,team:Platform,356.95,INR,28.58,1 Hour
2026-03-23,sub-psiog-001,MAC-01,rg-mac-01-platform-prod,Microsoft.Network/loadBalancers,Load Balancers,Networking,,249.54,INR,60.88,1 Hour
2026-03-23,sub-psiog-001,MAC-01,rg-mac-01-platform-prod,Microsoft.Sql/servers/databases,SQL Database,Data Services,team:Platform,481.56,INR,82.98,1 Hour
2026-03-23,sub-psiog-001,MAC-02,rg-mac-02-dataengineering-prod,Microsoft.Compute/virtualMachines,Virtual Machines,Compute,team:DataEngineering,1172.11,INR,69.4,1 Hour
2026-03-23,sub-psiog-001,MAC-02,rg-mac-02-dataengineering-prod,Microsoft.Storage/storageAccounts,Blob Storage,Storage,team:DataEngineering,655.81,INR,78.45,1 Hour
2026-03-23,sub-psiog-001,MAC-02,rg-mac-02-dataengineering-prod,Microsoft.Network/loadBalancers,Load Balancers,Networking,team:DataEngineering,191.66,INR,14.47,1 Hour
2026-03-23,sub-psiog-001,MAC-02,rg-mac-02-dataengineering-prod,Microsoft.Sql/servers/databases,SQL Database,Data Services,,1189.68,INR,96.86,1 Hour
2026-03-23,sub-psiog-001,MAC-02,rg-mac-02-analytics-prod,Microsoft.Compute/virtualMachines,Virtual Machines,Compute,team:Analytics,878.45,INR,59.55,1 Hour
2026-03-23,sub-psiog-001,MAC-02,rg-mac-02-analytics-prod,Microsoft.Storage/storageAccounts/fileServices,File Storage,Storage,team:Analytics,622.32,INR,90.64,1 Hour
2026-03-23,sub-psiog-001,MAC-02,rg-mac-02-analytics-prod,Microsoft.Network/virtualNetworks,Virtual Networks,Networking,team:Analytics,204.19,INR,58.67,1 Hour
2026-03-23,sub-psiog-001,MAC-02,rg-mac-02-analytics-prod,Microsoft.DocumentDB/databaseAccounts,Cosmos DB,Data Services,team:Analytics,893.24,INR,3.63,1 Hour
2026-03-23,sub-psiog-001,MAC-03,rg-mac-03-product-prod,Microsoft.ContainerService/managedClusters,AKS Clusters,Compute,team:Product,798.59,INR,60.73,1 Hour
2026-03-23,sub-psiog-001,MAC-03,rg-mac-03-product-prod,Microsoft.Storage/storageAccounts,Blob Storage,Storage,team:Product,208.2,INR,60.55,1 Hour
2026-03-23,sub-psiog-001,MAC-03,rg-mac-03-product-prod,Microsoft.Network/loadBalancers,Load Balancers,Networking,team:Product,133.21,INR,22.33,1 Hour
2026-03-23,sub-psiog-001,MAC-03,rg-mac-03-product-prod,Microsoft.Sql/servers/databases,SQL Database,Data Services,team:Product,399.78,INR,34.79,1 Hour
2026-03-23,sub-psiog-001,MAC-03,rg-mac-03-frontend-prod,Microsoft.Compute/virtualMachines,Virtual Machines,Compute,team:Frontend,524.28,INR,2.29,1 Hour
2026-03-23,sub-psiog-001,MAC-03,rg-mac-03-frontend-prod,Microsoft.Storage/storageAccounts/fileServices,File Storage,Storage,team:Frontend,173.84,INR,23.54,1 Hour
2026-03-23,sub-psiog-001,MAC-03,rg-mac-03-frontend-prod,Microsoft.Network/virtualNetworks,Virtual Networks,Networking,team:Frontend,111.66,INR,86.61,1 Hour
2026-03-23,sub-psiog-001,MAC-03,rg-mac-03-frontend-prod,Microsoft.DocumentDB/databaseAccounts,Cosmos DB,Data Services,team:Frontend,204.25,INR,29.54,1 Hour
2026-03-23,sub-psiog-001,MAC-04,rg-mac-04-backend-prod,Microsoft.Compute/virtualMachines,Virtual Machines,Compute,team:Backend,1112.4,INR,20.65,1 Hour
2026-03-23,sub-psiog-001,MAC-04,rg-mac-04-backend-prod,Microsoft.Storage/storageAccounts/fileServices,File Storage,Storage,team:Backend,376.96,INR,33.37,1 Hour
2026-03-23,sub-psiog-001,MAC-04,rg-mac-04-backend-prod,Microsoft.Network/loadBalancers,Load Balancers,Networking,team:Backend,245.31,INR,94.32,1 Hour
2026-03-23,sub-psiog-001,MAC-04,rg-mac-04-backend-prod,Microsoft.DocumentDB/databaseAccounts,Cosmos DB,Data Services,team:Backend,511.13,INR,60.08,1 Hour
2026-03-23,sub-psiog-001,MAC-04,rg-mac-04-qa-prod,Microsoft.ContainerService/managedClusters,AKS Clusters,Compute,team:QA,424.19,INR,8.73,1 Hour
2026-03-23,sub-psiog-001,MAC-04,rg-mac-04-qa-prod,Microsoft.Storage/storageAccounts/fileServices,File Storage,Storage,team:QA,210.05,INR,21.16,1 Hour
2026-03-23,sub-psiog-001,MAC-04,rg-mac-04-qa-prod,Microsoft.Network/loadBalancers,Load Balancers,Networking,team:QA,118.99,INR,38.53,1 Hour
2026-03-23,sub-psiog-001,MAC-04,rg-mac-04-qa-prod,Microsoft.DocumentDB/databaseAccounts,Cosmos DB,Data Services,team:QA,283.58,INR,47.53,1 Hour
2026-03-23,sub-psiog-001,MAC-05,rg-mac-05-security-prod,Microsoft.ContainerService/managedClusters,AKS Clusters,Compute,team:Security,807.09,INR,70.35,1 Hour
2026-03-23,sub-psiog-001,MAC-05,rg-mac-05-security-prod,Microsoft.Storage/storageAccounts/fileServices,File Storage,Storage,team:Security,274.7,INR,71.91,1 Hour
2026-03-23,sub-psiog-001,MAC-05,rg-mac-05-security-prod,Microsoft.Network/virtualNetworks,Virtual Networks,Networking,team:Security,307.94,INR,62.85,1 Hour
2026-03-23,sub-psiog-001,MAC-05,rg-mac-05-security-prod,Microsoft.DocumentDB/databaseAccounts,Cosmos DB,Data Services,team:Security,424.68,INR,78.66,1 Hour
2026-03-23,sub-psiog-001,MAC-05,rg-mac-05-compliance-prod,Microsoft.Compute/virtualMachines,Virtual Machines,Compute,team:Compliance,443.88,INR,32.35,1 Hour
2026-03-23,sub-psiog-001,MAC-05,rg-mac-05-compliance-prod,Microsoft.Storage/storageAccounts,Blob Storage,Storage,team:Compliance,236.69,INR,46.8,1 Hour
2026-03-23,sub-psiog-001,MAC-05,rg-mac-05-compliance-prod,Microsoft.Network/virtualNetworks,Virtual Networks,Networking,team:Compliance,151.4,INR,49.13,1 Hour
2026-03-23,sub-psiog-001,MAC-05,rg-mac-05-compliance-prod,Microsoft.DocumentDB/databaseAccounts,Cosmos DB,Data Services,team:Compliance,362.55,INR,60.77,1 Hour
2026-03-23,sub-psiog-001,MAC-06,rg-mac-06-infrastructure-prod,Microsoft.Compute/virtualMachines,Virtual Machines,Compute,team:Infrastructure,1414.64,INR,62.16,1 Hour
2026-03-23,sub-psiog-001,MAC-06,rg-mac-06-infrastructure-prod,Microsoft.Storage/storageAccounts,Blob Storage,Storage,,490.87,INR,8.85,1 Hour
2026-03-23,sub-psiog-001,MAC-06,rg-mac-06-infrastructure-prod,Microsoft.Network/loadBalancers,Load Balancers,Networking,team:Infrastructure,360.26,INR,95.2,1 Hour
2026-03-23,sub-psiog-001,MAC-06,rg-mac-06-infrastructure-prod,Microsoft.DocumentDB/databaseAccounts,Cosmos DB,Data Services,team:Infrastructure,458.73,INR,38.18,1 Hour
2026-03-23,sub-psiog-001,MAC-06,rg-mac-06-cloudops-prod,Microsoft.ContainerService/managedClusters,AKS Clusters,Compute,team:CloudOps,1661.93,INR,13.09,1 Hour
2026-03-23,sub-psiog-001,MAC-06,rg-mac-06-cloudops-prod,Microsoft.Storage/storageAccounts,Blob Storage,Storage,team:CloudOps,491.2,INR,48.28,1 Hour
2026-03-23,sub-psiog-001,MAC-06,rg-mac-06-cloudops-prod,Microsoft.Network/virtualNetworks,Virtual Networks,Networking,team:CloudOps,374.69,INR,22.64,1 Hour
2026-03-23,sub-psiog-001,MAC-06,rg-mac-06-cloudops-prod,Microsoft.DocumentDB/databaseAccounts,Cosmos DB,Data Services,team:CloudOps,516.23,INR,96.06,1 Hour
2026-03-23,sub-psiog-001,MAC-07,rg-mac-07-ml-prod,Microsoft.ContainerService/managedClusters,AKS Clusters,Compute,team:ML,1848.76,INR,92.68,1 Hour
2026-03-23,sub-psiog-001,MAC-07,rg-mac-07-ml-prod,Microsoft.Storage/storageAccounts/fileServices,File Storage,Storage,team:ML,652.22,INR,58.58,1 Hour
2026-03-23,sub-psiog-001,MAC-07,rg-mac-07-ml-prod,Microsoft.Network/loadBalancers,Load Balancers,Networking,team:ML,224.14,INR,65.67,1 Hour
2026-03-23,sub-psiog-001,MAC-07,rg-mac-07-ml-prod,Microsoft.DocumentDB/databaseAccounts,Cosmos DB,Data Services,team:ML,806.38,INR,44.5,1 Hour
2026-03-23,sub-psiog-001,MAC-07,rg-mac-07-research-prod,Microsoft.Compute/virtualMachines,Virtual Machines,Compute,team:Research,912.8,INR,73.84,1 Hour
2026-03-23,sub-psiog-001,MAC-07,rg-mac-07-research-prod,Microsoft.Storage/storageAccounts/fileServices,File Storage,Storage,team:Research,570.3,INR,80.93,1 Hour
2026-03-23,sub-psiog-001,MAC-07,rg-mac-07-research-prod,Microsoft.Network/virtualNetworks,Virtual Networks,Networking,team:Research,184.82,INR,43.51,1 Hour
2026-03-23,sub-psiog-001,MAC-07,rg-mac-07-research-prod,Microsoft.DocumentDB/databaseAccounts,Cosmos DB,Data Services,team:Research,741.13,INR,96.88,1 Hour
2026-03-23,sub-psiog-001,MAC-08,rg-mac-08-finance-prod,Microsoft.ContainerService/managedClusters,AKS Clusters,Compute,team:Finance,379.52,INR,92.98,1 Hour
2026-03-23,sub-psiog-001,MAC-08,rg-mac-08-finance-prod,Microsoft.Storage/storageAccounts/fileServices,File Storage,Storage,team:Finance,225.26,INR,58.2,1 Hour
2026-03-23,sub-psiog-001,MAC-08,rg-mac-08-finance-prod,Microsoft.Network/virtualNetworks,Virtual Networks,Networking,team:Finance,127.94,INR,64.56,1 Hour
2026-03-23,sub-psiog-001,MAC-08,rg-mac-08-finance-prod,Microsoft.DocumentDB/databaseAccounts,Cosmos DB,Data Services,team:Finance,505.85,INR,7.7,1 Hour
2026-03-23,sub-psiog-001,MAC-08,rg-mac-08-operations-prod,Microsoft.Compute/virtualMachines,Virtual Machines,Compute,team:Operations,586.28,INR,64.35,1 Hour
2026-03-23,sub-psiog-001,MAC-08,rg-mac-08-operations-prod,Microsoft.Storage/storageAccounts/fileServices,File Storage,Storage,team:Operations,312.79,INR,34.39,1 Hour
2026-03-23,sub-psiog-001,MAC-08,rg-mac-08-operations-prod,Microsoft.Network/virtualNetworks,Virtual Networks,Networking,team:Operations,173.19,INR,11.83,1 Hour
2026-03-23,sub-psiog-001,MAC-08,rg-mac-08-operations-prod,Microsoft.Sql/servers/databases,SQL Database,Data Services,team:Operations,395.04,INR,34.88,1 Hour
2026-03-24,sub-psiog-001,MAC-01,rg-mac-01-devops-prod,Microsoft.ContainerService/managedClusters,AKS Clusters,Compute,team:DevOps,1345.76,INR,58.85,1 Hour
2026-03-24,sub-psiog-001,MAC-01,rg-mac-01-devops-prod,Microsoft.Storage/storageAccounts,Blob Storage,Storage,team:DevOps,362.03,INR,30.27,1 Hour
2026-03-24,sub-psiog-001,MAC-01,rg-mac-01-devops-prod,Microsoft.Network/loadBalancers,Load Balancers,Networking,team:DevOps,200.62,INR,98.94,1 Hour
2026-03-24,sub-psiog-001,MAC-01,rg-mac-01-devops-prod,Microsoft.Sql/servers/databases,SQL Database,Data Services,,509.98,INR,36.56,1 Hour
2026-03-24,sub-psiog-001,MAC-01,rg-mac-01-platform-prod,Microsoft.ContainerService/managedClusters,AKS Clusters,Compute,team:Platform,1127.55,INR,62.36,1 Hour
2026-03-24,sub-psiog-001,MAC-01,rg-mac-01-platform-prod,Microsoft.Storage/storageAccounts/fileServices,File Storage,Storage,team:Platform,354.95,INR,26.39,1 Hour
2026-03-24,sub-psiog-001,MAC-01,rg-mac-01-platform-prod,Microsoft.Network/virtualNetworks,Virtual Networks,Networking,team:Platform,325.5,INR,19.02,1 Hour
2026-03-24,sub-psiog-001,MAC-01,rg-mac-01-platform-prod,Microsoft.DocumentDB/databaseAccounts,Cosmos DB,Data Services,team:Platform,427.05,INR,7.24,1 Hour
2026-03-24,sub-psiog-001,MAC-02,rg-mac-02-dataengineering-prod,Microsoft.ContainerService/managedClusters,AKS Clusters,Compute,team:DataEngineering,939.77,INR,86.35,1 Hour
2026-03-24,sub-psiog-001,MAC-02,rg-mac-02-dataengineering-prod,Microsoft.Storage/storageAccounts,Blob Storage,Storage,team:DataEngineering,633.55,INR,70.0,1 Hour
2026-03-24,sub-psiog-001,MAC-02,rg-mac-02-dataengineering-prod,Microsoft.Network/loadBalancers,Load Balancers,Networking,team:DataEngineering,191.74,INR,95.56,1 Hour
2026-03-24,sub-psiog-001,MAC-02,rg-mac-02-dataengineering-prod,Microsoft.Sql/servers/databases,SQL Database,Data Services,team:DataEngineering,951.91,INR,78.23,1 Hour
2026-03-24,sub-psiog-001,MAC-02,rg-mac-02-analytics-prod,Microsoft.ContainerService/managedClusters,AKS Clusters,Compute,team:Analytics,987.29,INR,45.0,1 Hour
2026-03-24,sub-psiog-001,MAC-02,rg-mac-02-analytics-prod,Microsoft.Storage/storageAccounts,Blob Storage,Storage,team:Analytics,646.12,INR,67.22,1 Hour
2026-03-24,sub-psiog-001,MAC-02,rg-mac-02-analytics-prod,Microsoft.Network/loadBalancers,Load Balancers,Networking,team:Analytics,202.69,INR,13.78,1 Hour
2026-03-24,sub-psiog-001,MAC-02,rg-mac-02-analytics-prod,Microsoft.DocumentDB/databaseAccounts,Cosmos DB,Data Services,team:Analytics,963.19,INR,21.91,1 Hour
2026-03-24,sub-psiog-001,MAC-03,rg-mac-03-product-prod,Microsoft.ContainerService/managedClusters,AKS Clusters,Compute,team:Product,688.71,INR,57.55,1 Hour
2026-03-24,sub-psiog-001,MAC-03,rg-mac-03-product-prod,Microsoft.Storage/storageAccounts/fileServices,File Storage,Storage,team:Product,198.08,INR,46.54,1 Hour
2026-03-24,sub-psiog-001,MAC-03,rg-mac-03-product-prod,Microsoft.Network/loadBalancers,Load Balancers,Networking,team:Product,124.47,INR,4.62,1 Hour
2026-03-24,sub-psiog-001,MAC-03,rg-mac-03-product-prod,Microsoft.DocumentDB/databaseAccounts,Cosmos DB,Data Services,team:Product,396.06,INR,58.79,1 Hour
2026-03-24,sub-psiog-001,MAC-03,rg-mac-03-frontend-prod,Microsoft.Compute/virtualMachines,Virtual Machines,Compute,team:Frontend,588.38,INR,86.26,1 Hour
2026-03-24,sub-psiog-001,MAC-03,rg-mac-03-frontend-prod,Microsoft.Storage/storageAccounts/fileServices,File Storage,Storage,team:Frontend,161.33,INR,30.76,1 Hour
2026-03-24,sub-psiog-001,MAC-03,rg-mac-03-frontend-prod,Microsoft.Network/loadBalancers,Load Balancers,Networking,team:Frontend,122.25,INR,36.47,1 Hour
2026-03-24,sub-psiog-001,MAC-03,rg-mac-03-frontend-prod,Microsoft.Sql/servers/databases,SQL Database,Data Services,team:Frontend,230.68,INR,13.68,1 Hour
2026-03-24,sub-psiog-001,MAC-04,rg-mac-04-backend-prod,Microsoft.Compute/virtualMachines,Virtual Machines,Compute,,1249.31,INR,92.7,1 Hour
2026-03-24,sub-psiog-001,MAC-04,rg-mac-04-backend-prod,Microsoft.Storage/storageAccounts,Blob Storage,Storage,team:Backend,417.65,INR,18.04,1 Hour
2026-03-24,sub-psiog-001,MAC-04,rg-mac-04-backend-prod,Microsoft.Network/virtualNetworks,Virtual Networks,Networking,team:Backend,273.57,INR,83.17,1 Hour
2026-03-24,sub-psiog-001,MAC-04,rg-mac-04-backend-prod,Microsoft.Sql/servers/databases,SQL Database,Data Services,team:Backend,516.63,INR,2.72,1 Hour
2026-03-24,sub-psiog-001,MAC-04,rg-mac-04-qa-prod,Microsoft.Compute/virtualMachines,Virtual Machines,Compute,team:QA,401.2,INR,88.33,1 Hour
2026-03-24,sub-psiog-001,MAC-04,rg-mac-04-qa-prod,Microsoft.Storage/storageAccounts,Blob Storage,Storage,team:QA,231.8,INR,64.46,1 Hour
2026-03-24,sub-psiog-001,MAC-04,rg-mac-04-qa-prod,Microsoft.Network/virtualNetworks,Virtual Networks,Networking,team:QA,99.51,INR,14.45,1 Hour
2026-03-24,sub-psiog-001,MAC-04,rg-mac-04-qa-prod,Microsoft.DocumentDB/databaseAccounts,Cosmos DB,Data Services,team:QA,326.26,INR,77.75,1 Hour
2026-03-24,sub-psiog-001,MAC-05,rg-mac-05-security-prod,Microsoft.Compute/virtualMachines,Virtual Machines,Compute,team:Security,915.72,INR,36.36,1 Hour
2026-03-24,sub-psiog-001,MAC-05,rg-mac-05-security-prod,Microsoft.Storage/storageAccounts,Blob Storage,Storage,team:Security,333.44,INR,17.7,1 Hour
2026-03-24,sub-psiog-001,MAC-05,rg-mac-05-security-prod,Microsoft.Network/virtualNetworks,Virtual Networks,Networking,team:Security,375.76,INR,43.36,1 Hour
2026-03-24,sub-psiog-001,MAC-05,rg-mac-05-security-prod,Microsoft.DocumentDB/databaseAccounts,Cosmos DB,Data Services,team:Security,375.2,INR,50.98,1 Hour
2026-03-24,sub-psiog-001,MAC-05,rg-mac-05-compliance-prod,Microsoft.ContainerService/managedClusters,AKS Clusters,Compute,team:Compliance,382.16,INR,47.86,1 Hour
2026-03-24,sub-psiog-001,MAC-05,rg-mac-05-compliance-prod,Microsoft.Storage/storageAccounts/fileServices,File Storage,Storage,team:Compliance,282.7,INR,55.66,1 Hour
2026-03-24,sub-psiog-001,MAC-05,rg-mac-05-compliance-prod,Microsoft.Network/virtualNetworks,Virtual Networks,Networking,team:Compliance,168.17,INR,56.15,1 Hour
2026-03-24,sub-psiog-001,MAC-05,rg-mac-05-compliance-prod,Microsoft.Sql/servers/databases,SQL Database,Data Services,team:Compliance,303.73,INR,12.9,1 Hour
2026-03-24,sub-psiog-001,MAC-06,rg-mac-06-infrastructure-prod,Microsoft.Compute/virtualMachines,Virtual Machines,Compute,team:Infrastructure,1600.68,INR,37.3,1 Hour
2026-03-24,sub-psiog-001,MAC-06,rg-mac-06-infrastructure-prod,Microsoft.Storage/storageAccounts,Blob Storage,Storage,team:Infrastructure,450.99,INR,47.54,1 Hour
2026-03-24,sub-psiog-001,MAC-06,rg-mac-06-infrastructure-prod,Microsoft.Network/loadBalancers,Load Balancers,Networking,team:Infrastructure,364.81,INR,56.08,1 Hour
2026-03-24,sub-psiog-001,MAC-06,rg-mac-06-infrastructure-prod,Microsoft.Sql/servers/databases,SQL Database,Data Services,team:Infrastructure,475.21,INR,2.09,1 Hour
2026-03-24,sub-psiog-001,MAC-06,rg-mac-06-cloudops-prod,Microsoft.Compute/virtualMachines,Virtual Machines,Compute,team:CloudOps,1297.66,INR,14.49,1 Hour
2026-03-24,sub-psiog-001,MAC-06,rg-mac-06-cloudops-prod,Microsoft.Storage/storageAccounts/fileServices,File Storage,Storage,team:CloudOps,393.99,INR,36.54,1 Hour
2026-03-24,sub-psiog-001,MAC-06,rg-mac-06-cloudops-prod,Microsoft.Network/virtualNetworks,Virtual Networks,Networking,team:CloudOps,344.44,INR,14.8,1 Hour
2026-03-24,sub-psiog-001,MAC-06,rg-mac-06-cloudops-prod,Microsoft.Sql/servers/databases,SQL Database,Data Services,team:CloudOps,407.88,INR,78.68,1 Hour
2026-03-24,sub-psiog-001,MAC-07,rg-mac-07-ml-prod,Microsoft.Compute/virtualMachines,Virtual Machines,Compute,team:ML,1804.07,INR,93.17,1 Hour
2026-03-24,sub-psiog-001,MAC-07,rg-mac-07-ml-prod,Microsoft.Storage/storageAccounts/fileServices,File Storage,Storage,team:ML,576.35,INR,76.84,1 Hour
2026-03-24,sub-psiog-001,MAC-07,rg-mac-07-ml-prod,Microsoft.Network/loadBalancers,Load Balancers,Networking,team:ML,248.61,INR,22.44,1 Hour
2026-03-24,sub-psiog-001,MAC-07,rg-mac-07-ml-prod,Microsoft.DocumentDB/databaseAccounts,Cosmos DB,Data Services,team:ML,907.71,INR,4.88,1 Hour
2026-03-24,sub-psiog-001,MAC-07,rg-mac-07-research-prod,Microsoft.Compute/virtualMachines,Virtual Machines,Compute,team:Research,993.55,INR,62.59,1 Hour
2026-03-24,sub-psiog-001,MAC-07,rg-mac-07-research-prod,Microsoft.Storage/storageAccounts,Blob Storage,Storage,,522.6,INR,57.31,1 Hour
2026-03-24,sub-psiog-001,MAC-07,rg-mac-07-research-prod,Microsoft.Network/loadBalancers,Load Balancers,Networking,team:Research,218.07,INR,79.17,1 Hour
2026-03-24,sub-psiog-001,MAC-07,rg-mac-07-research-prod,Microsoft.Sql/servers/databases,SQL Database,Data Services,team:Research,702.88,INR,55.14,1 Hour
2026-03-24,sub-psiog-001,MAC-08,rg-mac-08-finance-prod,Microsoft.Compute/virtualMachines,Virtual Machines,Compute,team:Finance,310.2,INR,62.25,1 Hour
2026-03-24,sub-psiog-001,MAC-08,rg-mac-08-finance-prod,Microsoft.Storage/storageAccounts,Blob Storage,Storage,team:Finance,233.36,INR,74.25,1 Hour
2026-03-24,sub-psiog-001,MAC-08,rg-mac-08-finance-prod,Microsoft.Network/loadBalancers,Load Balancers,Networking,team:Finance,115.85,INR,69.62,1 Hour
2026-03-24,sub-psiog-001,MAC-08,rg-mac-08-finance-prod,Microsoft.DocumentDB/databaseAccounts,Cosmos DB,Data Services,team:Finance,501.66,INR,77.55,1 Hour
2026-03-24,sub-psiog-001,MAC-08,rg-mac-08-operations-prod,Microsoft.ContainerService/managedClusters,AKS Clusters,Compute,team:Operations,571.65,INR,6.03,1 Hour
2026-03-24,sub-psiog-001,MAC-08,rg-mac-08-operations-prod,Microsoft.Storage/storageAccounts,Blob Storage,Storage,team:Operations,344.71,INR,18.11,1 Hour
2026-03-24,sub-psiog-001,MAC-08,rg-mac-08-operations-prod,Microsoft.Network/virtualNetworks,Virtual Networks,Networking,team:Operations,133.85,INR,59.18,1 Hour
2026-03-24,sub-psiog-001,MAC-08,rg-mac-08-operations-prod,Microsoft.Sql/servers/databases,SQL Database,Data Services,team:Operations,475.47,INR,72.48,1 Hour
2026-03-25,sub-psiog-001,MAC-01,rg-mac-01-devops-prod,Microsoft.ContainerService/managedClusters,AKS Clusters,Compute,team:DevOps,1502.91,INR,36.64,1 Hour
2026-03-25,sub-psiog-001,MAC-01,rg-mac-01-devops-prod,Microsoft.Storage/storageAccounts,Blob Storage,Storage,team:DevOps,364.86,INR,26.85,1 Hour
2026-03-25,sub-psiog-001,MAC-01,rg-mac-01-devops-prod,Microsoft.Network/virtualNetworks,Virtual Networks,Networking,team:DevOps,216.65,INR,36.15,1 Hour
2026-03-25,sub-psiog-001,MAC-01,rg-mac-01-devops-prod,Microsoft.DocumentDB/databaseAccounts,Cosmos DB,Data Services,team:DevOps,402.63,INR,50.7,1 Hour
2026-03-25,sub-psiog-001,MAC-01,rg-mac-01-platform-prod,Microsoft.ContainerService/managedClusters,AKS Clusters,Compute,team:Platform,1198.46,INR,91.08,1 Hour
2026-03-25,sub-psiog-001,MAC-01,rg-mac-01-platform-prod,Microsoft.Storage/storageAccounts,Blob Storage,Storage,team:Platform,343.7,INR,95.29,1 Hour
2026-03-25,sub-psiog-001,MAC-01,rg-mac-01-platform-prod,Microsoft.Network/loadBalancers,Load Balancers,Networking,team:Platform,272.27,INR,85.3,1 Hour
2026-03-25,sub-psiog-001,MAC-01,rg-mac-01-platform-prod,Microsoft.DocumentDB/databaseAccounts,Cosmos DB,Data Services,team:Platform,441.71,INR,69.29,1 Hour
2026-03-25,sub-psiog-001,MAC-02,rg-mac-02-dataengineering-prod,Microsoft.Compute/virtualMachines,Virtual Machines,Compute,team:DataEngineering,1114.17,INR,33.27,1 Hour
2026-03-25,sub-psiog-001,MAC-02,rg-mac-02-dataengineering-prod,Microsoft.Storage/storageAccounts,Blob Storage,Storage,team:DataEngineering,610.1,INR,64.58,1 Hour
2026-03-25,sub-psiog-001,MAC-02,rg-mac-02-dataengineering-prod,Microsoft.Network/virtualNetworks,Virtual Networks,Networking,team:DataEngineering,231.61,INR,28.89,1 Hour
2026-03-25,sub-psiog-001,MAC-02,rg-mac-02-dataengineering-prod,Microsoft.DocumentDB/databaseAccounts,Cosmos DB,Data Services,team:DataEngineering,1094.61,INR,47.62,1 Hour
2026-03-25,sub-psiog-001,MAC-02,rg-mac-02-analytics-prod,Microsoft.Compute/virtualMachines,Virtual Machines,Compute,,1028.45,INR,33.22,1 Hour
2026-03-25,sub-psiog-001,MAC-02,rg-mac-02-analytics-prod,Microsoft.Storage/storageAccounts,Blob Storage,Storage,team:Analytics,668.73,INR,78.84,1 Hour
2026-03-25,sub-psiog-001,MAC-02,rg-mac-02-analytics-prod,Microsoft.Network/loadBalancers,Load Balancers,Networking,team:Analytics,203.04,INR,1.95,1 Hour
2026-03-25,sub-psiog-001,MAC-02,rg-mac-02-analytics-prod,Microsoft.Sql/servers/databases,SQL Database,Data Services,team:Analytics,1139.48,INR,15.24,1 Hour
2026-03-25,sub-psiog-001,MAC-03,rg-mac-03-product-prod,Microsoft.ContainerService/managedClusters,AKS Clusters,Compute,team:Product,719.51,INR,23.68,1 Hour
2026-03-25,sub-psiog-001,MAC-03,rg-mac-03-product-prod,Microsoft.Storage/storageAccounts,Blob Storage,Storage,team:Product,214.57,INR,62.07,1 Hour
2026-03-25,sub-psiog-001,MAC-03,rg-mac-03-product-prod,Microsoft.Network/virtualNetworks,Virtual Networks,Networking,team:Product,150.62,INR,75.23,1 Hour
2026-03-25,sub-psiog-001,MAC-03,rg-mac-03-product-prod,Microsoft.Sql/servers/databases,SQL Database,Data Services,team:Product,311.86,INR,67.95,1 Hour
2026-03-25,sub-psiog-001,MAC-03,rg-mac-03-frontend-prod,Microsoft.ContainerService/managedClusters,AKS Clusters,Compute,team:Frontend,572.27,INR,12.92,1 Hour
2026-03-25,sub-psiog-001,MAC-03,rg-mac-03-frontend-prod,Microsoft.Storage/storageAccounts,Blob Storage,Storage,,169.77,INR,90.73,1 Hour
2026-03-25,sub-psiog-001,MAC-03,rg-mac-03-frontend-prod,Microsoft.Network/virtualNetworks,Virtual Networks,Networking,team:Frontend,108.55,INR,65.35,1 Hour
2026-03-25,sub-psiog-001,MAC-03,rg-mac-03-frontend-prod,Microsoft.DocumentDB/databaseAccounts,Cosmos DB,Data Services,team:Frontend,225.97,INR,46.54,1 Hour
2026-03-25,sub-psiog-001,MAC-04,rg-mac-04-backend-prod,Microsoft.ContainerService/managedClusters,AKS Clusters,Compute,team:Backend,1127.57,INR,31.9,1 Hour
2026-03-25,sub-psiog-001,MAC-04,rg-mac-04-backend-prod,Microsoft.Storage/storageAccounts/fileServices,File Storage,Storage,team:Backend,414.94,INR,89.91,1 Hour
2026-03-25,sub-psiog-001,MAC-04,rg-mac-04-backend-prod,Microsoft.Network/loadBalancers,Load Balancers,Networking,team:Backend,250.61,INR,69.68,1 Hour
2026-03-25,sub-psiog-001,MAC-04,rg-mac-04-backend-prod,Microsoft.Sql/servers/databases,SQL Database,Data Services,team:Backend,561.66,INR,79.57,1 Hour
2026-03-25,sub-psiog-001,MAC-04,rg-mac-04-qa-prod,Microsoft.ContainerService/managedClusters,AKS Clusters,Compute,team:QA,447.76,INR,89.67,1 Hour
2026-03-25,sub-psiog-001,MAC-04,rg-mac-04-qa-prod,Microsoft.Storage/storageAccounts,Blob Storage,Storage,team:QA,179.51,INR,5.6,1 Hour
2026-03-25,sub-psiog-001,MAC-04,rg-mac-04-qa-prod,Microsoft.Network/virtualNetworks,Virtual Networks,Networking,team:QA,95.66,INR,6.45,1 Hour
2026-03-25,sub-psiog-001,MAC-04,rg-mac-04-qa-prod,Microsoft.DocumentDB/databaseAccounts,Cosmos DB,Data Services,team:QA,248.41,INR,99.92,1 Hour
2026-03-25,sub-psiog-001,MAC-05,rg-mac-05-security-prod,Microsoft.ContainerService/managedClusters,AKS Clusters,Compute,team:Security,696.39,INR,49.21,1 Hour
2026-03-25,sub-psiog-001,MAC-05,rg-mac-05-security-prod,Microsoft.Storage/storageAccounts,Blob Storage,Storage,team:Security,310.71,INR,95.43,1 Hour
2026-03-25,sub-psiog-001,MAC-05,rg-mac-05-security-prod,Microsoft.Network/loadBalancers,Load Balancers,Networking,team:Security,314.16,INR,8.92,1 Hour
2026-03-25,sub-psiog-001,MAC-05,rg-mac-05-security-prod,Microsoft.DocumentDB/databaseAccounts,Cosmos DB,Data Services,team:Security,407.54,INR,40.64,1 Hour
2026-03-25,sub-psiog-001,MAC-05,rg-mac-05-compliance-prod,Microsoft.Compute/virtualMachines,Virtual Machines,Compute,team:Compliance,431.6,INR,22.8,1 Hour
2026-03-25,sub-psiog-001,MAC-05,rg-mac-05-compliance-prod,Microsoft.Storage/storageAccounts/fileServices,File Storage,Storage,team:Compliance,270.94,INR,89.19,1 Hour
2026-03-25,sub-psiog-001,MAC-05,rg-mac-05-compliance-prod,Microsoft.Network/loadBalancers,Load Balancers,Networking,team:Compliance,156.49,INR,72.94,1 Hour
2026-03-25,sub-psiog-001,MAC-05,rg-mac-05-compliance-prod,Microsoft.Sql/servers/databases,SQL Database,Data Services,team:Compliance,311.74,INR,52.43,1 Hour
2026-03-25,sub-psiog-001,MAC-06,rg-mac-06-infrastructure-prod,Microsoft.Compute/virtualMachines,Virtual Machines,Compute,team:Infrastructure,1862.89,INR,72.76,1 Hour
2026-03-25,sub-psiog-001,MAC-06,rg-mac-06-infrastructure-prod,Microsoft.Storage/storageAccounts,Blob Storage,Storage,,482.79,INR,52.74,1 Hour
2026-03-25,sub-psiog-001,MAC-06,rg-mac-06-infrastructure-prod,Microsoft.Network/loadBalancers,Load Balancers,Networking,team:Infrastructure,380.18,INR,3.04,1 Hour
2026-03-25,sub-psiog-001,MAC-06,rg-mac-06-infrastructure-prod,Microsoft.DocumentDB/databaseAccounts,Cosmos DB,Data Services,team:Infrastructure,472.82,INR,89.62,1 Hour
2026-03-25,sub-psiog-001,MAC-06,rg-mac-06-cloudops-prod,Microsoft.Compute/virtualMachines,Virtual Machines,Compute,team:CloudOps,1548.2,INR,3.04,1 Hour
2026-03-25,sub-psiog-001,MAC-06,rg-mac-06-cloudops-prod,Microsoft.Storage/storageAccounts,Blob Storage,Storage,team:CloudOps,492.35,INR,41.01,1 Hour
2026-03-25,sub-psiog-001,MAC-06,rg-mac-06-cloudops-prod,Microsoft.Network/virtualNetworks,Virtual Networks,Networking,team:CloudOps,395.42,INR,61.03,1 Hour
2026-03-25,sub-psiog-001,MAC-06,rg-mac-06-cloudops-prod,Microsoft.DocumentDB/databaseAccounts,Cosmos DB,Data Services,team:CloudOps,446.99,INR,85.2,1 Hour
2026-03-25,sub-psiog-001,MAC-07,rg-mac-07-ml-prod,Microsoft.ContainerService/managedClusters,AKS Clusters,Compute,team:ML,1705.44,INR,1.32,1 Hour
2026-03-25,sub-psiog-001,MAC-07,rg-mac-07-ml-prod,Microsoft.Storage/storageAccounts/fileServices,File Storage,Storage,team:ML,580.36,INR,40.38,1 Hour
2026-03-25,sub-psiog-001,MAC-07,rg-mac-07-ml-prod,Microsoft.Network/loadBalancers,Load Balancers,Networking,team:ML,225.07,INR,88.91,1 Hour
2026-03-25,sub-psiog-001,MAC-07,rg-mac-07-ml-prod,Microsoft.DocumentDB/databaseAccounts,Cosmos DB,Data Services,team:ML,866.09,INR,7.33,1 Hour
2026-03-25,sub-psiog-001,MAC-07,rg-mac-07-research-prod,Microsoft.ContainerService/managedClusters,AKS Clusters,Compute,team:Research,885.35,INR,70.84,1 Hour
2026-03-25,sub-psiog-001,MAC-07,rg-mac-07-research-prod,Microsoft.Storage/storageAccounts,Blob Storage,Storage,team:Research,602.75,INR,24.44,1 Hour
2026-03-25,sub-psiog-001,MAC-07,rg-mac-07-research-prod,Microsoft.Network/loadBalancers,Load Balancers,Networking,team:Research,207.45,INR,66.38,1 Hour
2026-03-25,sub-psiog-001,MAC-07,rg-mac-07-research-prod,Microsoft.DocumentDB/databaseAccounts,Cosmos DB,Data Services,,819.32,INR,86.67,1 Hour
2026-03-25,sub-psiog-001,MAC-08,rg-mac-08-finance-prod,Microsoft.Compute/virtualMachines,Virtual Machines,Compute,team:Finance,396.4,INR,18.15,1 Hour
2026-03-25,sub-psiog-001,MAC-08,rg-mac-08-finance-prod,Microsoft.Storage/storageAccounts,Blob Storage,Storage,,254.09,INR,8.26,1 Hour
2026-03-25,sub-psiog-001,MAC-08,rg-mac-08-finance-prod,Microsoft.Network/virtualNetworks,Virtual Networks,Networking,team:Finance,117.06,INR,94.95,1 Hour
2026-03-25,sub-psiog-001,MAC-08,rg-mac-08-finance-prod,Microsoft.Sql/servers/databases,SQL Database,Data Services,team:Finance,568.91,INR,36.25,1 Hour
2026-03-25,sub-psiog-001,MAC-08,rg-mac-08-operations-prod,Microsoft.Compute/virtualMachines,Virtual Machines,Compute,team:Operations,518.59,INR,27.02,1 Hour
2026-03-25,sub-psiog-001,MAC-08,rg-mac-08-operations-prod,Microsoft.Storage/storageAccounts,Blob Storage,Storage,team:Operations,339.47,INR,60.75,1 Hour
2026-03-25,sub-psiog-001,MAC-08,rg-mac-08-operations-prod,Microsoft.Network/virtualNetworks,Virtual Networks,Networking,,153.46,INR,93.14,1 Hour
2026-03-25,sub-psiog-001,MAC-08,rg-mac-08-operations-prod,Microsoft.DocumentDB/databaseAccounts,Cosmos DB,Data Services,team:Operations,434.85,INR,98.63,1 Hour
2026-03-26,sub-psiog-001,MAC-01,rg-mac-01-devops-prod,Microsoft.Compute/virtualMachines,Virtual Machines,Compute,,1531.0,INR,30.0,1 Hour
2026-03-26,sub-psiog-001,MAC-01,rg-mac-01-devops-prod,Microsoft.Storage/storageAccounts,Blob Storage,Storage,team:DevOps,371.99,INR,13.44,1 Hour
2026-03-26,sub-psiog-001,MAC-01,rg-mac-01-devops-prod,Microsoft.Network/loadBalancers,Load Balancers,Networking,,215.09,INR,92.12,1 Hour
2026-03-26,sub-psiog-001,MAC-01,rg-mac-01-devops-prod,Microsoft.DocumentDB/databaseAccounts,Cosmos DB,Data Services,team:DevOps,508.23,INR,7.8,1 Hour
2026-03-26,sub-psiog-001,MAC-01,rg-mac-01-platform-prod,Microsoft.Compute/virtualMachines,Virtual Machines,Compute,team:Platform,1159.96,INR,2.54,1 Hour
2026-03-26,sub-psiog-001,MAC-01,rg-mac-01-platform-prod,Microsoft.Storage/storageAccounts,Blob Storage,Storage,team:Platform,348.0,INR,87.37,1 Hour
2026-03-26,sub-psiog-001,MAC-01,rg-mac-01-platform-prod,Microsoft.Network/loadBalancers,Load Balancers,Networking,team:Platform,252.76,INR,83.61,1 Hour
2026-03-26,sub-psiog-001,MAC-01,rg-mac-01-platform-prod,Microsoft.DocumentDB/databaseAccounts,Cosmos DB,Data Services,team:Platform,503.56,INR,18.15,1 Hour
2026-03-26,sub-psiog-001,MAC-02,rg-mac-02-dataengineering-prod,Microsoft.ContainerService/managedClusters,AKS Clusters,Compute,,981.36,INR,76.19,1 Hour
2026-03-26,sub-psiog-001,MAC-02,rg-mac-02-dataengineering-prod,Microsoft.Storage/storageAccounts/fileServices,File Storage,Storage,team:DataEngineering,783.87,INR,2.5,1 Hour
2026-03-26,sub-psiog-001,MAC-02,rg-mac-02-dataengineering-prod,Microsoft.Network/loadBalancers,Load Balancers,Networking,team:DataEngineering,233.51,INR,10.87,1 Hour
2026-03-26,sub-psiog-001,MAC-02,rg-mac-02-dataengineering-prod,Microsoft.DocumentDB/databaseAccounts,Cosmos DB,Data Services,team:DataEngineering,1073.29,INR,15.34,1 Hour
2026-03-26,sub-psiog-001,MAC-02,rg-mac-02-analytics-prod,Microsoft.Compute/virtualMachines,Virtual Machines,Compute,team:Analytics,999.78,INR,88.88,1 Hour
2026-03-26,sub-psiog-001,MAC-02,rg-mac-02-analytics-prod,Microsoft.Storage/storageAccounts/fileServices,File Storage,Storage,,626.29,INR,83.49,1 Hour
2026-03-26,sub-psiog-001,MAC-02,rg-mac-02-analytics-prod,Microsoft.Network/virtualNetworks,Virtual Networks,Networking,team:Analytics,174.77,INR,32.81,1 Hour
2026-03-26,sub-psiog-001,MAC-02,rg-mac-02-analytics-prod,Microsoft.Sql/servers/databases,SQL Database,Data Services,team:Analytics,905.67,INR,37.02,1 Hour
2026-03-26,sub-psiog-001,MAC-03,rg-mac-03-product-prod,Microsoft.ContainerService/managedClusters,AKS Clusters,Compute,team:Product,651.3,INR,41.7,1 Hour
2026-03-26,sub-psiog-001,MAC-03,rg-mac-03-product-prod,Microsoft.Storage/storageAccounts,Blob Storage,Storage,team:Product,263.25,INR,4.53,1 Hour
2026-03-26,sub-psiog-001,MAC-03,rg-mac-03-product-prod,Microsoft.Network/loadBalancers,Load Balancers,Networking,team:Product,141.06,INR,2.49,1 Hour
2026-03-26,sub-psiog-001,MAC-03,rg-mac-03-product-prod,Microsoft.Sql/servers/databases,SQL Database,Data Services,team:Product,351.51,INR,54.16,1 Hour
2026-03-26,sub-psiog-001,MAC-03,rg-mac-03-frontend-prod,Microsoft.Compute/virtualMachines,Virtual Machines,Compute,team:Frontend,496.43,INR,85.99,1 Hour
2026-03-26,sub-psiog-001,MAC-03,rg-mac-03-frontend-prod,Microsoft.Storage/storageAccounts/fileServices,File Storage,Storage,team:Frontend,173.38,INR,28.77,1 Hour
2026-03-26,sub-psiog-001,MAC-03,rg-mac-03-frontend-prod,Microsoft.Network/virtualNetworks,Virtual Networks,Networking,team:Frontend,114.49,INR,14.15,1 Hour
2026-03-26,sub-psiog-001,MAC-03,rg-mac-03-frontend-prod,Microsoft.Sql/servers/databases,SQL Database,Data Services,team:Frontend,215.15,INR,57.49,1 Hour
2026-03-26,sub-psiog-001,MAC-04,rg-mac-04-backend-prod,Microsoft.Compute/virtualMachines,Virtual Machines,Compute,team:Backend,990.74,INR,41.43,1 Hour
2026-03-26,sub-psiog-001,MAC-04,rg-mac-04-backend-prod,Microsoft.Storage/storageAccounts/fileServices,File Storage,Storage,team:Backend,365.5,INR,3.32,1 Hour
2026-03-26,sub-psiog-001,MAC-04,rg-mac-04-backend-prod,Microsoft.Network/virtualNetworks,Virtual Networks,Networking,team:Backend,252.85,INR,48.5,1 Hour
2026-03-26,sub-psiog-001,MAC-04,rg-mac-04-backend-prod,Microsoft.DocumentDB/databaseAccounts,Cosmos DB,Data Services,team:Backend,600.18,INR,89.24,1 Hour
2026-03-26,sub-psiog-001,MAC-04,rg-mac-04-qa-prod,Microsoft.ContainerService/managedClusters,AKS Clusters,Compute,team:QA,401.01,INR,44.17,1 Hour
2026-03-26,sub-psiog-001,MAC-04,rg-mac-04-qa-prod,Microsoft.Storage/storageAccounts/fileServices,File Storage,Storage,team:QA,240.8,INR,27.3,1 Hour
2026-03-26,sub-psiog-001,MAC-04,rg-mac-04-qa-prod,Microsoft.Network/virtualNetworks,Virtual Networks,Networking,team:QA,103.17,INR,53.67,1 Hour
2026-03-26,sub-psiog-001,MAC-04,rg-mac-04-qa-prod,Microsoft.Sql/servers/databases,SQL Database,Data Services,team:QA,271.73,INR,16.65,1 Hour
2026-03-26,sub-psiog-001,MAC-05,rg-mac-05-security-prod,Microsoft.ContainerService/managedClusters,AKS Clusters,Compute,team:Security,875.92,INR,4.29,1 Hour
2026-03-26,sub-psiog-001,MAC-05,rg-mac-05-security-prod,Microsoft.Storage/storageAccounts,Blob Storage,Storage,team:Security,317.55,INR,6.26,1 Hour
2026-03-26,sub-psiog-001,MAC-05,rg-mac-05-security-prod,Microsoft.Network/loadBalancers,Load Balancers,Networking,team:Security,401.45,INR,6.08,1 Hour
2026-03-26,sub-psiog-001,MAC-05,rg-mac-05-security-prod,Microsoft.DocumentDB/databaseAccounts,Cosmos DB,Data Services,team:Security,352.46,INR,34.39,1 Hour
2026-03-26,sub-psiog-001,MAC-05,rg-mac-05-compliance-prod,Microsoft.Compute/virtualMachines,Virtual Machines,Compute,team:Compliance,386.97,INR,32.43,1 Hour
2026-03-26,sub-psiog-001,MAC-05,rg-mac-05-compliance-prod,Microsoft.Storage/storageAccounts,Blob Storage,Storage,team:Compliance,273.31,INR,62.55,1 Hour
2026-03-26,sub-psiog-001,MAC-05,rg-mac-05-compliance-prod,Microsoft.Network/loadBalancers,Load Balancers,Networking,,182.23,INR,5.7,1 Hour
2026-03-26,sub-psiog-001,MAC-05,rg-mac-05-compliance-prod,Microsoft.Sql/servers/databases,SQL Database,Data Services,team:Compliance,308.26,INR,76.3,1 Hour
2026-03-26,sub-psiog-001,MAC-06,rg-mac-06-infrastructure-prod,Microsoft.ContainerService/managedClusters,AKS Clusters,Compute,team:Infrastructure,1460.62,INR,90.54,1 Hour
2026-03-26,sub-psiog-001,MAC-06,rg-mac-06-infrastructure-prod,Microsoft.Storage/storageAccounts,Blob Storage,Storage,team:Infrastructure,437.18,INR,5.56,1 Hour
2026-03-26,sub-psiog-001,MAC-06,rg-mac-06-infrastructure-prod,Microsoft.Network/virtualNetworks,Virtual Networks,Networking,team:Infrastructure,425.18,INR,31.71,1 Hour
2026-03-26,sub-psiog-001,MAC-06,rg-mac-06-infrastructure-prod,Microsoft.Sql/servers/databases,SQL Database,Data Services,team:Infrastructure,509.34,INR,17.23,1 Hour
2026-03-26,sub-psiog-001,MAC-06,rg-mac-06-cloudops-prod,Microsoft.Compute/virtualMachines,Virtual Machines,Compute,team:CloudOps,1583.06,INR,34.81,1 Hour
2026-03-26,sub-psiog-001,MAC-06,rg-mac-06-cloudops-prod,Microsoft.Storage/storageAccounts/fileServices,File Storage,Storage,team:CloudOps,394.0,INR,46.39,1 Hour
2026-03-26,sub-psiog-001,MAC-06,rg-mac-06-cloudops-prod,Microsoft.Network/virtualNetworks,Virtual Networks,Networking,team:CloudOps,319.68,INR,95.24,1 Hour
2026-03-26,sub-psiog-001,MAC-06,rg-mac-06-cloudops-prod,Microsoft.Sql/servers/databases,SQL Database,Data Services,,533.9,INR,84.44,1 Hour
2026-03-26,sub-psiog-001,MAC-07,rg-mac-07-ml-prod,Microsoft.Compute/virtualMachines,Virtual Machines,Compute,team:ML,1789.32,INR,84.93,1 Hour
2026-03-26,sub-psiog-001,MAC-07,rg-mac-07-ml-prod,Microsoft.Storage/storageAccounts,Blob Storage,Storage,team:ML,629.38,INR,88.27,1 Hour
2026-03-26,sub-psiog-001,MAC-07,rg-mac-07-ml-prod,Microsoft.Network/virtualNetworks,Virtual Networks,Networking,team:ML,235.78,INR,52.42,1 Hour
2026-03-26,sub-psiog-001,MAC-07,rg-mac-07-ml-prod,Microsoft.DocumentDB/databaseAccounts,Cosmos DB,Data Services,team:ML,729.24,INR,7.21,1 Hour
2026-03-26,sub-psiog-001,MAC-07,rg-mac-07-research-prod,Microsoft.Compute/virtualMachines,Virtual Machines,Compute,team:Research,969.64,INR,82.16,1 Hour
2026-03-26,sub-psiog-001,MAC-07,rg-mac-07-research-prod,Microsoft.Storage/storageAccounts/fileServices,File Storage,Storage,team:Research,459.64,INR,22.57,1 Hour
2026-03-26,sub-psiog-001,MAC-07,rg-mac-07-research-prod,Microsoft.Network/virtualNetworks,Virtual Networks,Networking,team:Research,187.64,INR,9.16,1 Hour
2026-03-26,sub-psiog-001,MAC-07,rg-mac-07-research-prod,Microsoft.Sql/servers/databases,SQL Database,Data Services,team:Research,803.86,INR,36.67,1 Hour
2026-03-26,sub-psiog-001,MAC-08,rg-mac-08-finance-prod,Microsoft.Compute/virtualMachines,Virtual Machines,Compute,team:Finance,359.48,INR,20.35,1 Hour
2026-03-26,sub-psiog-001,MAC-08,rg-mac-08-finance-prod,Microsoft.Storage/storageAccounts,Blob Storage,Storage,team:Finance,266.33,INR,1.94,1 Hour
2026-03-26,sub-psiog-001,MAC-08,rg-mac-08-finance-prod,Microsoft.Network/loadBalancers,Load Balancers,Networking,team:Finance,106.94,INR,25.29,1 Hour
2026-03-26,sub-psiog-001,MAC-08,rg-mac-08-finance-prod,Microsoft.DocumentDB/databaseAccounts,Cosmos DB,Data Services,team:Finance,453.83,INR,38.65,1 Hour
2026-03-26,sub-psiog-001,MAC-08,rg-mac-08-operations-prod,Microsoft.Compute/virtualMachines,Virtual Machines,Compute,,486.87,INR,76.09,1 Hour
2026-03-26,sub-psiog-001,MAC-08,rg-mac-08-operations-prod,Microsoft.Storage/storageAccounts,Blob Storage,Storage,team:Operations,390.83,INR,34.08,1 Hour
2026-03-26,sub-psiog-001,MAC-08,rg-mac-08-operations-prod,Microsoft.Network/loadBalancers,Load Balancers,Networking,team:Operations,170.52,INR,57.17,1 Hour
2026-03-26,sub-psiog-001,MAC-08,rg-mac-08-operations-prod,Microsoft.Sql/servers/databases,SQL Database,Data Services,team:Operations,389.16,INR,93.33,1 Hour
2026-03-27,sub-psiog-001,MAC-01,rg-mac-01-devops-prod,Microsoft.Compute/virtualMachines,Virtual Machines,Compute,team:DevOps,1400.9,INR,55.71,1 Hour
2026-03-27,sub-psiog-001,MAC-01,rg-mac-01-devops-prod,Microsoft.Storage/storageAccounts,Blob Storage,Storage,team:DevOps,372.58,INR,72.63,1 Hour
2026-03-27,sub-psiog-001,MAC-01,rg-mac-01-devops-prod,Microsoft.Network/loadBalancers,Load Balancers,Networking,team:DevOps,237.07,INR,43.84,1 Hour
2026-03-27,sub-psiog-001,MAC-01,rg-mac-01-devops-prod,Microsoft.Sql/servers/databases,SQL Database,Data Services,team:DevOps,527.92,INR,42.11,1 Hour
2026-03-27,sub-psiog-001,MAC-01,rg-mac-01-platform-prod,Microsoft.Compute/virtualMachines,Virtual Machines,Compute,team:Platform,1268.52,INR,92.67,1 Hour
2026-03-27,sub-psiog-001,MAC-01,rg-mac-01-platform-prod,Microsoft.Storage/storageAccounts/fileServices,File Storage,Storage,team:Platform,342.48,INR,62.28,1 Hour
2026-03-27,sub-psiog-001,MAC-01,rg-mac-01-platform-prod,Microsoft.Network/virtualNetworks,Virtual Networks,Networking,team:Platform,251.14,INR,5.03,1 Hour
2026-03-27,sub-psiog-001,MAC-01,rg-mac-01-platform-prod,Microsoft.Sql/servers/databases,SQL Database,Data Services,team:Platform,459.96,INR,52.18,1 Hour
2026-03-27,sub-psiog-001,MAC-02,rg-mac-02-dataengineering-prod,Microsoft.ContainerService/managedClusters,AKS Clusters,Compute,team:DataEngineering,1130.85,INR,23.64,1 Hour
2026-03-27,sub-psiog-001,MAC-02,rg-mac-02-dataengineering-prod,Microsoft.Storage/storageAccounts,Blob Storage,Storage,team:DataEngineering,678.36,INR,9.24,1 Hour
2026-03-27,sub-psiog-001,MAC-02,rg-mac-02-dataengineering-prod,Microsoft.Network/loadBalancers,Load Balancers,Networking,team:DataEngineering,225.57,INR,58.28,1 Hour
2026-03-27,sub-psiog-001,MAC-02,rg-mac-02-dataengineering-prod,Microsoft.DocumentDB/databaseAccounts,Cosmos DB,Data Services,team:DataEngineering,926.23,INR,24.97,1 Hour
2026-03-27,sub-psiog-001,MAC-02,rg-mac-02-analytics-prod,Microsoft.ContainerService/managedClusters,AKS Clusters,Compute,,1084.94,INR,82.15,1 Hour
2026-03-27,sub-psiog-001,MAC-02,rg-mac-02-analytics-prod,Microsoft.Storage/storageAccounts/fileServices,File Storage,Storage,team:Analytics,729.77,INR,8.18,1 Hour
2026-03-27,sub-psiog-001,MAC-02,rg-mac-02-analytics-prod,Microsoft.Network/loadBalancers,Load Balancers,Networking,,212.75,INR,81.05,1 Hour
2026-03-27,sub-psiog-001,MAC-02,rg-mac-02-analytics-prod,Microsoft.DocumentDB/databaseAccounts,Cosmos DB,Data Services,team:Analytics,885.94,INR,24.61,1 Hour
2026-03-27,sub-psiog-001,MAC-03,rg-mac-03-product-prod,Microsoft.ContainerService/managedClusters,AKS Clusters,Compute,team:Product,601.33,INR,88.98,1 Hour
2026-03-27,sub-psiog-001,MAC-03,rg-mac-03-product-prod,Microsoft.Storage/storageAccounts,Blob Storage,Storage,,268.25,INR,53.47,1 Hour
2026-03-27,sub-psiog-001,MAC-03,rg-mac-03-product-prod,Microsoft.Network/virtualNetworks,Virtual Networks,Networking,team:Product,154.76,INR,77.66,1 Hour
2026-03-27,sub-psiog-001,MAC-03,rg-mac-03-product-prod,Microsoft.Sql/servers/databases,SQL Database,Data Services,,311.99,INR,51.77,1 Hour
2026-03-27,sub-psiog-001,MAC-03,rg-mac-03-frontend-prod,Microsoft.ContainerService/managedClusters,AKS Clusters,Compute,team:Frontend,593.12,INR,12.68,1 Hour
2026-03-27,sub-psiog-001,MAC-03,rg-mac-03-frontend-prod,Microsoft.Storage/storageAccounts,Blob Storage,Storage,team:Frontend,152.6,INR,13.52,1 Hour
2026-03-27,sub-psiog-001,MAC-03,rg-mac-03-frontend-prod,Microsoft.Network/virtualNetworks,Virtual Networks,Networking,team:Frontend,111.61,INR,96.69,1 Hour
2026-03-27,sub-psiog-001,MAC-03,rg-mac-03-frontend-prod,Microsoft.Sql/servers/databases,SQL Database,Data Services,team:Frontend,213.89,INR,97.58,1 Hour
2026-03-27,sub-psiog-001,MAC-04,rg-mac-04-backend-prod,Microsoft.Compute/virtualMachines,Virtual Machines,Compute,team:Backend,1102.1,INR,98.97,1 Hour
2026-03-27,sub-psiog-001,MAC-04,rg-mac-04-backend-prod,Microsoft.Storage/storageAccounts/fileServices,File Storage,Storage,,382.97,INR,52.8,1 Hour
2026-03-27,sub-psiog-001,MAC-04,rg-mac-04-backend-prod,Microsoft.Network/loadBalancers,Load Balancers,Networking,team:Backend,254.25,INR,97.02,1 Hour
2026-03-27,sub-psiog-001,MAC-04,rg-mac-04-backend-prod,Microsoft.DocumentDB/databaseAccounts,Cosmos DB,Data Services,,666.92,INR,61.84,1 Hour
2026-03-27,sub-psiog-001,MAC-04,rg-mac-04-qa-prod,Microsoft.ContainerService/managedClusters,AKS Clusters,Compute,,525.95,INR,92.45,1 Hour
2026-03-27,sub-psiog-001,MAC-04,rg-mac-04-qa-prod,Microsoft.Storage/storageAccounts/fileServices,File Storage,Storage,team:QA,221.67,INR,61.87,1 Hour
2026-03-27,sub-psiog-001,MAC-04,rg-mac-04-qa-prod,Microsoft.Network/loadBalancers,Load Balancers,Networking,team:QA,115.56,INR,69.69,1 Hour
2026-03-27,sub-psiog-001,MAC-04,rg-mac-04-qa-prod,Microsoft.DocumentDB/databaseAccounts,Cosmos DB,Data Services,team:QA,259.69,INR,80.47,1 Hour
2026-03-27,sub-psiog-001,MAC-05,rg-mac-05-security-prod,Microsoft.Compute/virtualMachines,Virtual Machines,Compute,team:Security,771.12,INR,52.5,1 Hour
2026-03-27,sub-psiog-001,MAC-05,rg-mac-05-security-prod,Microsoft.Storage/storageAccounts/fileServices,File Storage,Storage,team:Security,281.55,INR,42.27,1 Hour
2026-03-27,sub-psiog-001,MAC-05,rg-mac-05-security-prod,Microsoft.Network/virtualNetworks,Virtual Networks,Networking,team:Security,360.63,INR,90.74,1 Hour
2026-03-27,sub-psiog-001,MAC-05,rg-mac-05-security-prod,Microsoft.DocumentDB/databaseAccounts,Cosmos DB,Data Services,team:Security,380.2,INR,41.02,1 Hour
2026-03-27,sub-psiog-001,MAC-05,rg-mac-05-compliance-prod,Microsoft.ContainerService/managedClusters,AKS Clusters,Compute,team:Compliance,434.35,INR,97.3,1 Hour
2026-03-27,sub-psiog-001,MAC-05,rg-mac-05-compliance-prod,Microsoft.Storage/storageAccounts,Blob Storage,Storage,team:Compliance,287.29,INR,15.62,1 Hour
2026-03-27,sub-psiog-001,MAC-05,rg-mac-05-compliance-prod,Microsoft.Network/loadBalancers,Load Balancers,Networking,,158.74,INR,11.25,1 Hour
2026-03-27,sub-psiog-001,MAC-05,rg-mac-05-compliance-prod,Microsoft.DocumentDB/databaseAccounts,Cosmos DB,Data Services,team:Compliance,355.26,INR,79.31,1 Hour
2026-03-27,sub-psiog-001,MAC-06,rg-mac-06-infrastructure-prod,Microsoft.Compute/virtualMachines,Virtual Machines,Compute,team:Infrastructure,1396.51,INR,59.13,1 Hour
2026-03-27,sub-psiog-001,MAC-06,rg-mac-06-infrastructure-prod,Microsoft.Storage/storageAccounts,Blob Storage,Storage,team:Infrastructure,504.36,INR,3.44,1 Hour
2026-03-27,sub-psiog-001,MAC-06,rg-mac-06-infrastructure-prod,Microsoft.Network/virtualNetworks,Virtual Networks,Networking,team:Infrastructure,427.81,INR,13.93,1 Hour
2026-03-27,sub-psiog-001,MAC-06,rg-mac-06-infrastructure-prod,Microsoft.Sql/servers/databases,SQL Database,Data Services,team:Infrastructure,451.1,INR,48.93,1 Hour
2026-03-27,sub-psiog-001,MAC-06,rg-mac-06-cloudops-prod,Microsoft.ContainerService/managedClusters,AKS Clusters,Compute,team:CloudOps,1524.45,INR,9.64,1 Hour
2026-03-27,sub-psiog-001,MAC-06,rg-mac-06-cloudops-prod,Microsoft.Storage/storageAccounts,Blob Storage,Storage,team:CloudOps,485.54,INR,81.08,1 Hour
2026-03-27,sub-psiog-001,MAC-06,rg-mac-06-cloudops-prod,Microsoft.Network/virtualNetworks,Virtual Networks,Networking,team:CloudOps,362.01,INR,99.5,1 Hour
2026-03-27,sub-psiog-001,MAC-06,rg-mac-06-cloudops-prod,Microsoft.DocumentDB/databaseAccounts,Cosmos DB,Data Services,team:CloudOps,438.86,INR,42.39,1 Hour
2026-03-27,sub-psiog-001,MAC-07,rg-mac-07-ml-prod,Microsoft.Compute/virtualMachines,Virtual Machines,Compute,team:ML,1598.69,INR,48.64,1 Hour
2026-03-27,sub-psiog-001,MAC-07,rg-mac-07-ml-prod,Microsoft.Storage/storageAccounts/fileServices,File Storage,Storage,,646.36,INR,62.14,1 Hour
2026-03-27,sub-psiog-001,MAC-07,rg-mac-07-ml-prod,Microsoft.Network/loadBalancers,Load Balancers,Networking,team:ML,218.98,INR,48.88,1 Hour
2026-03-27,sub-psiog-001,MAC-07,rg-mac-07-ml-prod,Microsoft.DocumentDB/databaseAccounts,Cosmos DB,Data Services,team:ML,878.52,INR,42.27,1 Hour
2026-03-27,sub-psiog-001,MAC-07,rg-mac-07-research-prod,Microsoft.Compute/virtualMachines,Virtual Machines,Compute,team:Research,1035.4,INR,3.64,1 Hour
2026-03-27,sub-psiog-001,MAC-07,rg-mac-07-research-prod,Microsoft.Storage/storageAccounts,Blob Storage,Storage,,548.09,INR,4.38,1 Hour
2026-03-27,sub-psiog-001,MAC-07,rg-mac-07-research-prod,Microsoft.Network/virtualNetworks,Virtual Networks,Networking,team:Research,195.77,INR,53.56,1 Hour
2026-03-27,sub-psiog-001,MAC-07,rg-mac-07-research-prod,Microsoft.DocumentDB/databaseAccounts,Cosmos DB,Data Services,team:Research,766.0,INR,17.37,1 Hour
2026-03-27,sub-psiog-001,MAC-08,rg-mac-08-finance-prod,Microsoft.ContainerService/managedClusters,AKS Clusters,Compute,team:Finance,330.56,INR,98.93,1 Hour
2026-03-27,sub-psiog-001,MAC-08,rg-mac-08-finance-prod,Microsoft.Storage/storageAccounts,Blob Storage,Storage,team:Finance,209.04,INR,53.97,1 Hour
2026-03-27,sub-psiog-001,MAC-08,rg-mac-08-finance-prod,Microsoft.Network/loadBalancers,Load Balancers,Networking,team:Finance,128.92,INR,79.04,1 Hour
2026-03-27,sub-psiog-001,MAC-08,rg-mac-08-finance-prod,Microsoft.DocumentDB/databaseAccounts,Cosmos DB,Data Services,team:Finance,480.01,INR,34.6,1 Hour
2026-03-27,sub-psiog-001,MAC-08,rg-mac-08-operations-prod,Microsoft.ContainerService/managedClusters,AKS Clusters,Compute,,487.44,INR,56.47,1 Hour
2026-03-27,sub-psiog-001,MAC-08,rg-mac-08-operations-prod,Microsoft.Storage/storageAccounts,Blob Storage,Storage,team:Operations,313.97,INR,1.79,1 Hour
2026-03-27,sub-psiog-001,MAC-08,rg-mac-08-operations-prod,Microsoft.Network/virtualNetworks,Virtual Networks,Networking,team:Operations,145.29,INR,52.71,1 Hour
2026-03-27,sub-psiog-001,MAC-08,rg-mac-08-operations-prod,Microsoft.DocumentDB/databaseAccounts,Cosmos DB,Data Services,team:Operations,408.34,INR,13.83,1 Hour
2026-03-28,sub-psiog-001,MAC-01,rg-mac-01-devops-prod,Microsoft.Compute/virtualMachines,Virtual Machines,Compute,team:DevOps,1508.41,INR,30.16,1 Hour
2026-03-28,sub-psiog-001,MAC-01,rg-mac-01-devops-prod,Microsoft.Storage/storageAccounts,Blob Storage,Storage,team:DevOps,401.34,INR,8.9,1 Hour
2026-03-28,sub-psiog-001,MAC-01,rg-mac-01-devops-prod,Microsoft.Network/virtualNetworks,Virtual Networks,Networking,team:DevOps,225.93,INR,62.44,1 Hour
2026-03-28,sub-psiog-001,MAC-01,rg-mac-01-devops-prod,Microsoft.Sql/servers/databases,SQL Database,Data Services,team:DevOps,492.57,INR,79.25,1 Hour
2026-03-28,sub-psiog-001,MAC-01,rg-mac-01-platform-prod,Microsoft.ContainerService/managedClusters,AKS Clusters,Compute,team:Platform,1301.62,INR,95.57,1 Hour
2026-03-28,sub-psiog-001,MAC-01,rg-mac-01-platform-prod,Microsoft.Storage/storageAccounts,Blob Storage,Storage,team:Platform,333.8,INR,48.97,1 Hour
2026-03-28,sub-psiog-001,MAC-01,rg-mac-01-platform-prod,Microsoft.Network/loadBalancers,Load Balancers,Networking,team:Platform,321.35,INR,37.78,1 Hour
2026-03-28,sub-psiog-001,MAC-01,rg-mac-01-platform-prod,Microsoft.DocumentDB/databaseAccounts,Cosmos DB,Data Services,,507.87,INR,49.43,1 Hour
2026-03-28,sub-psiog-001,MAC-02,rg-mac-02-dataengineering-prod,Microsoft.ContainerService/managedClusters,AKS Clusters,Compute,,1161.07,INR,16.99,1 Hour
2026-03-28,sub-psiog-001,MAC-02,rg-mac-02-dataengineering-prod,Microsoft.Storage/storageAccounts/fileServices,File Storage,Storage,team:DataEngineering,750.29,INR,49.87,1 Hour
2026-03-28,sub-psiog-001,MAC-02,rg-mac-02-dataengineering-prod,Microsoft.Network/virtualNetworks,Virtual Networks,Networking,,236.75,INR,17.23,1 Hour
2026-03-28,sub-psiog-001,MAC-02,rg-mac-02-dataengineering-prod,Microsoft.Sql/servers/databases,SQL Database,Data Services,team:DataEngineering,966.82,INR,9.69,1 Hour
2026-03-28,sub-psiog-001,MAC-02,rg-mac-02-analytics-prod,Microsoft.ContainerService/managedClusters,AKS Clusters,Compute,team:Analytics,876.39,INR,55.07,1 Hour
2026-03-28,sub-psiog-001,MAC-02,rg-mac-02-analytics-prod,Microsoft.Storage/storageAccounts/fileServices,File Storage,Storage,team:Analytics,648.92,INR,59.46,1 Hour
2026-03-28,sub-psiog-001,MAC-02,rg-mac-02-analytics-prod,Microsoft.Network/virtualNetworks,Virtual Networks,Networking,team:Analytics,210.74,INR,86.82,1 Hour
2026-03-28,sub-psiog-001,MAC-02,rg-mac-02-analytics-prod,Microsoft.Sql/servers/databases,SQL Database,Data Services,team:Analytics,1109.59,INR,44.47,1 Hour
2026-03-28,sub-psiog-001,MAC-03,rg-mac-03-product-prod,Microsoft.Compute/virtualMachines,Virtual Machines,Compute,team:Product,715.77,INR,37.38,1 Hour
2026-03-28,sub-psiog-001,MAC-03,rg-mac-03-product-prod,Microsoft.Storage/storageAccounts,Blob Storage,Storage,,249.93,INR,48.52,1 Hour
2026-03-28,sub-psiog-001,MAC-03,rg-mac-03-product-prod,Microsoft.Network/loadBalancers,Load Balancers,Networking,team:Product,144.11,INR,92.16,1 Hour
2026-03-28,sub-psiog-001,MAC-03,rg-mac-03-product-prod,Microsoft.DocumentDB/databaseAccounts,Cosmos DB,Data Services,team:Product,372.17,INR,95.09,1 Hour
2026-03-28,sub-psiog-001,MAC-03,rg-mac-03-frontend-prod,Microsoft.ContainerService/managedClusters,AKS Clusters,Compute,,559.29,INR,98.97,1 Hour
2026-03-28,sub-psiog-001,MAC-03,rg-mac-03-frontend-prod,Microsoft.Storage/storageAccounts/fileServices,File Storage,Storage,team:Frontend,178.95,INR,95.79,1 Hour
2026-03-28,sub-psiog-001,MAC-03,rg-mac-03-frontend-prod,Microsoft.Network/loadBalancers,Load Balancers,Networking,team:Frontend,132.89,INR,49.14,1 Hour
2026-03-28,sub-psiog-001,MAC-03,rg-mac-03-frontend-prod,Microsoft.Sql/servers/databases,SQL Database,Data Services,team:Frontend,203.02,INR,11.88,1 Hour
2026-03-28,sub-psiog-001,MAC-04,rg-mac-04-backend-prod,Microsoft.ContainerService/managedClusters,AKS Clusters,Compute,team:Backend,1144.79,INR,32.77,1 Hour
2026-03-28,sub-psiog-001,MAC-04,rg-mac-04-backend-prod,Microsoft.Storage/storageAccounts,Blob Storage,Storage,team:Backend,425.55,INR,43.85,1 Hour
2026-03-28,sub-psiog-001,MAC-04,rg-mac-04-backend-prod,Microsoft.Network/loadBalancers,Load Balancers,Networking,team:Backend,287.35,INR,90.27,1 Hour
2026-03-28,sub-psiog-001,MAC-04,rg-mac-04-backend-prod,Microsoft.DocumentDB/databaseAccounts,Cosmos DB,Data Services,team:Backend,587.93,INR,74.13,1 Hour
2026-03-28,sub-psiog-001,MAC-04,rg-mac-04-qa-prod,Microsoft.ContainerService/managedClusters,AKS Clusters,Compute,team:QA,418.8,INR,98.72,1 Hour
2026-03-28,sub-psiog-001,MAC-04,rg-mac-04-qa-prod,Microsoft.Storage/storageAccounts/fileServices,File Storage,Storage,team:QA,186.87,INR,29.57,1 Hour
2026-03-28,sub-psiog-001,MAC-04,rg-mac-04-qa-prod,Microsoft.Network/loadBalancers,Load Balancers,Networking,team:QA,92.94,INR,67.54,1 Hour
2026-03-28,sub-psiog-001,MAC-04,rg-mac-04-qa-prod,Microsoft.Sql/servers/databases,SQL Database,Data Services,team:QA,273.83,INR,22.96,1 Hour
2026-03-28,sub-psiog-001,MAC-05,rg-mac-05-security-prod,Microsoft.ContainerService/managedClusters,AKS Clusters,Compute,,862.33,INR,58.88,1 Hour
2026-03-28,sub-psiog-001,MAC-05,rg-mac-05-security-prod,Microsoft.Storage/storageAccounts,Blob Storage,Storage,,329.08,INR,88.51,1 Hour
2026-03-28,sub-psiog-001,MAC-05,rg-mac-05-security-prod,Microsoft.Network/loadBalancers,Load Balancers,Networking,team:Security,341.95,INR,12.28,1 Hour
2026-03-28,sub-psiog-001,MAC-05,rg-mac-05-security-prod,Microsoft.Sql/servers/databases,SQL Database,Data Services,team:Security,361.55,INR,99.3,1 Hour
2026-03-28,sub-psiog-001,MAC-05,rg-mac-05-compliance-prod,Microsoft.ContainerService/managedClusters,AKS Clusters,Compute,team:Compliance,403.62,INR,50.32,1 Hour
2026-03-28,sub-psiog-001,MAC-05,rg-mac-05-compliance-prod,Microsoft.Storage/storageAccounts,Blob Storage,Storage,team:Compliance,232.1,INR,33.77,1 Hour
2026-03-28,sub-psiog-001,MAC-05,rg-mac-05-compliance-prod,Microsoft.Network/virtualNetworks,Virtual Networks,Networking,team:Compliance,154.87,INR,97.82,1 Hour
2026-03-28,sub-psiog-001,MAC-05,rg-mac-05-compliance-prod,Microsoft.Sql/servers/databases,SQL Database,Data Services,team:Compliance,353.73,INR,32.11,1 Hour
2026-03-28,sub-psiog-001,MAC-06,rg-mac-06-infrastructure-prod,Microsoft.ContainerService/managedClusters,AKS Clusters,Compute,team:Infrastructure,1789.79,INR,4.29,1 Hour
2026-03-28,sub-psiog-001,MAC-06,rg-mac-06-infrastructure-prod,Microsoft.Storage/storageAccounts/fileServices,File Storage,Storage,team:Infrastructure,428.03,INR,86.57,1 Hour
2026-03-28,sub-psiog-001,MAC-06,rg-mac-06-infrastructure-prod,Microsoft.Network/virtualNetworks,Virtual Networks,Networking,team:Infrastructure,448.26,INR,18.79,1 Hour
2026-03-28,sub-psiog-001,MAC-06,rg-mac-06-infrastructure-prod,Microsoft.Sql/servers/databases,SQL Database,Data Services,team:Infrastructure,501.5,INR,89.34,1 Hour
2026-03-28,sub-psiog-001,MAC-06,rg-mac-06-cloudops-prod,Microsoft.ContainerService/managedClusters,AKS Clusters,Compute,team:CloudOps,1443.29,INR,14.26,1 Hour
2026-03-28,sub-psiog-001,MAC-06,rg-mac-06-cloudops-prod,Microsoft.Storage/storageAccounts/fileServices,File Storage,Storage,team:CloudOps,505.28,INR,48.68,1 Hour
2026-03-28,sub-psiog-001,MAC-06,rg-mac-06-cloudops-prod,Microsoft.Network/virtualNetworks,Virtual Networks,Networking,team:CloudOps,429.91,INR,61.11,1 Hour
2026-03-28,sub-psiog-001,MAC-06,rg-mac-06-cloudops-prod,Microsoft.Sql/servers/databases,SQL Database,Data Services,team:CloudOps,487.95,INR,32.07,1 Hour
2026-03-28,sub-psiog-001,MAC-07,rg-mac-07-ml-prod,Microsoft.ContainerService/managedClusters,AKS Clusters,Compute,team:ML,1891.11,INR,11.81,1 Hour
2026-03-28,sub-psiog-001,MAC-07,rg-mac-07-ml-prod,Microsoft.Storage/storageAccounts/fileServices,File Storage,Storage,team:ML,514.46,INR,40.16,1 Hour
2026-03-28,sub-psiog-001,MAC-07,rg-mac-07-ml-prod,Microsoft.Network/loadBalancers,Load Balancers,Networking,team:ML,222.19,INR,64.52,1 Hour
2026-03-28,sub-psiog-001,MAC-07,rg-mac-07-ml-prod,Microsoft.Sql/servers/databases,SQL Database,Data Services,,930.46,INR,15.98,1 Hour
2026-03-28,sub-psiog-001,MAC-07,rg-mac-07-research-prod,Microsoft.Compute/virtualMachines,Virtual Machines,Compute,team:Research,1020.62,INR,66.59,1 Hour
2026-03-28,sub-psiog-001,MAC-07,rg-mac-07-research-prod,Microsoft.Storage/storageAccounts/fileServices,File Storage,Storage,team:Research,451.92,INR,43.01,1 Hour
2026-03-28,sub-psiog-001,MAC-07,rg-mac-07-research-prod,Microsoft.Network/virtualNetworks,Virtual Networks,Networking,,214.98,INR,38.32,1 Hour
2026-03-28,sub-psiog-001,MAC-07,rg-mac-07-research-prod,Microsoft.Sql/servers/databases,SQL Database,Data Services,team:Research,759.95,INR,63.35,1 Hour
2026-03-28,sub-psiog-001,MAC-08,rg-mac-08-finance-prod,Microsoft.Compute/virtualMachines,Virtual Machines,Compute,team:Finance,385.09,INR,83.11,1 Hour
2026-03-28,sub-psiog-001,MAC-08,rg-mac-08-finance-prod,Microsoft.Storage/storageAccounts/fileServices,File Storage,Storage,team:Finance,257.92,INR,6.95,1 Hour
2026-03-28,sub-psiog-001,MAC-08,rg-mac-08-finance-prod,Microsoft.Network/virtualNetworks,Virtual Networks,Networking,team:Finance,128.57,INR,55.21,1 Hour
2026-03-28,sub-psiog-001,MAC-08,rg-mac-08-finance-prod,Microsoft.DocumentDB/databaseAccounts,Cosmos DB,Data Services,team:Finance,599.89,INR,77.54,1 Hour
2026-03-28,sub-psiog-001,MAC-08,rg-mac-08-operations-prod,Microsoft.ContainerService/managedClusters,AKS Clusters,Compute,team:Operations,540.66,INR,62.74,1 Hour
2026-03-28,sub-psiog-001,MAC-08,rg-mac-08-operations-prod,Microsoft.Storage/storageAccounts/fileServices,File Storage,Storage,team:Operations,397.19,INR,28.48,1 Hour
2026-03-28,sub-psiog-001,MAC-08,rg-mac-08-operations-prod,Microsoft.Network/loadBalancers,Load Balancers,Networking,team:Operations,171.55,INR,55.64,1 Hour
2026-03-28,sub-psiog-001,MAC-08,rg-mac-08-operations-prod,Microsoft.DocumentDB/databaseAccounts,Cosmos DB,Data Services,team:Operations,489.05,INR,62.94,1 Hour
2026-03-29,sub-psiog-001,MAC-01,rg-mac-01-devops-prod,Microsoft.ContainerService/managedClusters,AKS Clusters,Compute,team:DevOps,1351.78,INR,19.87,1 Hour
2026-03-29,sub-psiog-001,MAC-01,rg-mac-01-devops-prod,Microsoft.Storage/storageAccounts,Blob Storage,Storage,,336.17,INR,71.08,1 Hour
2026-03-29,sub-psiog-001,MAC-01,rg-mac-01-devops-prod,Microsoft.Network/loadBalancers,Load Balancers,Networking,team:DevOps,206.98,INR,52.32,1 Hour
2026-03-29,sub-psiog-001,MAC-01,rg-mac-01-devops-prod,Microsoft.Sql/servers/databases,SQL Database,Data Services,team:DevOps,521.59,INR,89.43,1 Hour
2026-03-29,sub-psiog-001,MAC-01,rg-mac-01-platform-prod,Microsoft.ContainerService/managedClusters,AKS Clusters,Compute,team:Platform,1272.77,INR,18.88,1 Hour
2026-03-29,sub-psiog-001,MAC-01,rg-mac-01-platform-prod,Microsoft.Storage/storageAccounts,Blob Storage,Storage,team:Platform,313.61,INR,96.75,1 Hour
2026-03-29,sub-psiog-001,MAC-01,rg-mac-01-platform-prod,Microsoft.Network/loadBalancers,Load Balancers,Networking,,309.55,INR,14.75,1 Hour
2026-03-29,sub-psiog-001,MAC-01,rg-mac-01-platform-prod,Microsoft.DocumentDB/databaseAccounts,Cosmos DB,Data Services,team:Platform,437.17,INR,59.53,1 Hour
2026-03-29,sub-psiog-001,MAC-02,rg-mac-02-dataengineering-prod,Microsoft.ContainerService/managedClusters,AKS Clusters,Compute,team:DataEngineering,1154.95,INR,18.53,1 Hour
2026-03-29,sub-psiog-001,MAC-02,rg-mac-02-dataengineering-prod,Microsoft.Storage/storageAccounts,Blob Storage,Storage,team:DataEngineering,808.91,INR,57.01,1 Hour
2026-03-29,sub-psiog-001,MAC-02,rg-mac-02-dataengineering-prod,Microsoft.Network/virtualNetworks,Virtual Networks,Networking,,206.83,INR,69.13,1 Hour
2026-03-29,sub-psiog-001,MAC-02,rg-mac-02-dataengineering-prod,Microsoft.DocumentDB/databaseAccounts,Cosmos DB,Data Services,team:DataEngineering,1138.49,INR,23.3,1 Hour
2026-03-29,sub-psiog-001,MAC-02,rg-mac-02-analytics-prod,Microsoft.ContainerService/managedClusters,AKS Clusters,Compute,team:Analytics,1085.04,INR,91.53,1 Hour
2026-03-29,sub-psiog-001,MAC-02,rg-mac-02-analytics-prod,Microsoft.Storage/storageAccounts/fileServices,File Storage,Storage,team:Analytics,667.17,INR,39.63,1 Hour
2026-03-29,sub-psiog-001,MAC-02,rg-mac-02-analytics-prod,Microsoft.Network/loadBalancers,Load Balancers,Networking,team:Analytics,169.47,INR,82.46,1 Hour
2026-03-29,sub-psiog-001,MAC-02,rg-mac-02-analytics-prod,Microsoft.Sql/servers/databases,SQL Database,Data Services,team:Analytics,1030.26,INR,81.37,1 Hour
2026-03-29,sub-psiog-001,MAC-03,rg-mac-03-product-prod,Microsoft.Compute/virtualMachines,Virtual Machines,Compute,,606.19,INR,48.53,1 Hour
2026-03-29,sub-psiog-001,MAC-03,rg-mac-03-product-prod,Microsoft.Storage/storageAccounts/fileServices,File Storage,Storage,team:Product,245.18,INR,18.92,1 Hour
2026-03-29,sub-psiog-001,MAC-03,rg-mac-03-product-prod,Microsoft.Network/loadBalancers,Load Balancers,Networking,team:Product,137.87,INR,71.97,1 Hour
2026-03-29,sub-psiog-001,MAC-03,rg-mac-03-product-prod,Microsoft.Sql/servers/databases,SQL Database,Data Services,team:Product,331.96,INR,35.62,1 Hour
2026-03-29,sub-psiog-001,MAC-03,rg-mac-03-frontend-prod,Microsoft.Compute/virtualMachines,Virtual Machines,Compute,team:Frontend,629.28,INR,74.32,1 Hour
2026-03-29,sub-psiog-001,MAC-03,rg-mac-03-frontend-prod,Microsoft.Storage/storageAccounts/fileServices,File Storage,Storage,team:Frontend,159.2,INR,29.76,1 Hour
2026-03-29,sub-psiog-001,MAC-03,rg-mac-03-frontend-prod,Microsoft.Network/virtualNetworks,Virtual Networks,Networking,team:Frontend,120.14,INR,72.6,1 Hour
2026-03-29,sub-psiog-001,MAC-03,rg-mac-03-frontend-prod,Microsoft.Sql/servers/databases,SQL Database,Data Services,team:Frontend,218.31,INR,70.26,1 Hour
2026-03-29,sub-psiog-001,MAC-04,rg-mac-04-backend-prod,Microsoft.ContainerService/managedClusters,AKS Clusters,Compute,team:Backend,1231.97,INR,31.79,1 Hour
2026-03-29,sub-psiog-001,MAC-04,rg-mac-04-backend-prod,Microsoft.Storage/storageAccounts/fileServices,File Storage,Storage,team:Backend,439.68,INR,38.35,1 Hour
2026-03-29,sub-psiog-001,MAC-04,rg-mac-04-backend-prod,Microsoft.Network/loadBalancers,Load Balancers,Networking,team:Backend,249.33,INR,23.68,1 Hour
2026-03-29,sub-psiog-001,MAC-04,rg-mac-04-backend-prod,Microsoft.Sql/servers/databases,SQL Database,Data Services,team:Backend,576.44,INR,75.29,1 Hour
2026-03-29,sub-psiog-001,MAC-04,rg-mac-04-qa-prod,Microsoft.Compute/virtualMachines,Virtual Machines,Compute,team:QA,537.54,INR,25.14,1 Hour
2026-03-29,sub-psiog-001,MAC-04,rg-mac-04-qa-prod,Microsoft.Storage/storageAccounts/fileServices,File Storage,Storage,team:QA,213.82,INR,56.0,1 Hour
2026-03-29,sub-psiog-001,MAC-04,rg-mac-04-qa-prod,Microsoft.Network/loadBalancers,Load Balancers,Networking,team:QA,108.32,INR,4.1,1 Hour
2026-03-29,sub-psiog-001,MAC-04,rg-mac-04-qa-prod,Microsoft.Sql/servers/databases,SQL Database,Data Services,team:QA,286.42,INR,70.73,1 Hour
2026-03-29,sub-psiog-001,MAC-05,rg-mac-05-security-prod,Microsoft.ContainerService/managedClusters,AKS Clusters,Compute,team:Security,700.38,INR,70.97,1 Hour
2026-03-29,sub-psiog-001,MAC-05,rg-mac-05-security-prod,Microsoft.Storage/storageAccounts,Blob Storage,Storage,team:Security,301.85,INR,84.07,1 Hour
2026-03-29,sub-psiog-001,MAC-05,rg-mac-05-security-prod,Microsoft.Network/loadBalancers,Load Balancers,Networking,,396.71,INR,33.64,1 Hour
2026-03-29,sub-psiog-001,MAC-05,rg-mac-05-security-prod,Microsoft.DocumentDB/databaseAccounts,Cosmos DB,Data Services,team:Security,442.07,INR,33.56,1 Hour
2026-03-29,sub-psiog-001,MAC-05,rg-mac-05-compliance-prod,Microsoft.ContainerService/managedClusters,AKS Clusters,Compute,team:Compliance,423.26,INR,49.64,1 Hour
2026-03-29,sub-psiog-001,MAC-05,rg-mac-05-compliance-prod,Microsoft.Storage/storageAccounts/fileServices,File Storage,Storage,team:Compliance,273.96,INR,15.51,1 Hour
2026-03-29,sub-psiog-001,MAC-05,rg-mac-05-compliance-prod,Microsoft.Network/virtualNetworks,Virtual Networks,Networking,team:Compliance,182.35,INR,88.48,1 Hour
2026-03-29,sub-psiog-001,MAC-05,rg-mac-05-compliance-prod,Microsoft.Sql/servers/databases,SQL Database,Data Services,team:Compliance,332.73,INR,23.84,1 Hour
2026-03-29,sub-psiog-001,MAC-06,rg-mac-06-infrastructure-prod,Microsoft.ContainerService/managedClusters,AKS Clusters,Compute,team:Infrastructure,1715.75,INR,96.39,1 Hour
2026-03-29,sub-psiog-001,MAC-06,rg-mac-06-infrastructure-prod,Microsoft.Storage/storageAccounts/fileServices,File Storage,Storage,team:Infrastructure,471.76,INR,13.87,1 Hour
2026-03-29,sub-psiog-001,MAC-06,rg-mac-06-infrastructure-prod,Microsoft.Network/loadBalancers,Load Balancers,Networking,,434.65,INR,61.01,1 Hour
2026-03-29,sub-psiog-001,MAC-06,rg-mac-06-infrastructure-prod,Microsoft.Sql/servers/databases,SQL Database,Data Services,team:Infrastructure,463.33,INR,90.07,1 Hour
2026-03-29,sub-psiog-001,MAC-06,rg-mac-06-cloudops-prod,Microsoft.Compute/virtualMachines,Virtual Machines,Compute,team:CloudOps,1582.2,INR,57.06,1 Hour
2026-03-29,sub-psiog-001,MAC-06,rg-mac-06-cloudops-prod,Microsoft.Storage/storageAccounts,Blob Storage,Storage,team:CloudOps,394.17,INR,20.41,1 Hour
2026-03-29,sub-psiog-001,MAC-06,rg-mac-06-cloudops-prod,Microsoft.Network/virtualNetworks,Virtual Networks,Networking,team:CloudOps,359.17,INR,71.75,1 Hour
2026-03-29,sub-psiog-001,MAC-06,rg-mac-06-cloudops-prod,Microsoft.Sql/servers/databases,SQL Database,Data Services,team:CloudOps,418.98,INR,9.44,1 Hour
2026-03-29,sub-psiog-001,MAC-07,rg-mac-07-ml-prod,Microsoft.Compute/virtualMachines,Virtual Machines,Compute,team:ML,1639.4,INR,2.72,1 Hour
2026-03-29,sub-psiog-001,MAC-07,rg-mac-07-ml-prod,Microsoft.Storage/storageAccounts,Blob Storage,Storage,team:ML,523.96,INR,86.19,1 Hour
2026-03-29,sub-psiog-001,MAC-07,rg-mac-07-ml-prod,Microsoft.Network/loadBalancers,Load Balancers,Networking,,252.32,INR,88.95,1 Hour
2026-03-29,sub-psiog-001,MAC-07,rg-mac-07-ml-prod,Microsoft.DocumentDB/databaseAccounts,Cosmos DB,Data Services,team:ML,717.78,INR,30.04,1 Hour
2026-03-29,sub-psiog-001,MAC-07,rg-mac-07-research-prod,Microsoft.Compute/virtualMachines,Virtual Machines,Compute,team:Research,897.91,INR,99.33,1 Hour
2026-03-29,sub-psiog-001,MAC-07,rg-mac-07-research-prod,Microsoft.Storage/storageAccounts/fileServices,File Storage,Storage,team:Research,462.15,INR,65.93,1 Hour
2026-03-29,sub-psiog-001,MAC-07,rg-mac-07-research-prod,Microsoft.Network/virtualNetworks,Virtual Networks,Networking,team:Research,240.2,INR,32.06,1 Hour
2026-03-29,sub-psiog-001,MAC-07,rg-mac-07-research-prod,Microsoft.DocumentDB/databaseAccounts,Cosmos DB,Data Services,,749.27,INR,40.8,1 Hour
2026-03-29,sub-psiog-001,MAC-08,rg-mac-08-finance-prod,Microsoft.ContainerService/managedClusters,AKS Clusters,Compute,team:Finance,333.73,INR,62.75,1 Hour
2026-03-29,sub-psiog-001,MAC-08,rg-mac-08-finance-prod,Microsoft.Storage/storageAccounts,Blob Storage,Storage,team:Finance,240.29,INR,72.09,1 Hour
2026-03-29,sub-psiog-001,MAC-08,rg-mac-08-finance-prod,Microsoft.Network/loadBalancers,Load Balancers,Networking,team:Finance,103.36,INR,32.26,1 Hour
2026-03-29,sub-psiog-001,MAC-08,rg-mac-08-finance-prod,Microsoft.Sql/servers/databases,SQL Database,Data Services,team:Finance,558.38,INR,63.2,1 Hour
2026-03-29,sub-psiog-001,MAC-08,rg-mac-08-operations-prod,Microsoft.ContainerService/managedClusters,AKS Clusters,Compute,team:Operations,514.89,INR,58.05,1 Hour
2026-03-29,sub-psiog-001,MAC-08,rg-mac-08-operations-prod,Microsoft.Storage/storageAccounts,Blob Storage,Storage,team:Operations,321.16,INR,81.05,1 Hour
2026-03-29,sub-psiog-001,MAC-08,rg-mac-08-operations-prod,Microsoft.Network/virtualNetworks,Virtual Networks,Networking,team:Operations,146.2,INR,58.7,1 Hour
2026-03-29,sub-psiog-001,MAC-08,rg-mac-08-operations-prod,Microsoft.DocumentDB/databaseAccounts,Cosmos DB,Data Services,team:Operations,470.94,INR,58.32,1 Hour
2026-03-30,sub-psiog-001,MAC-01,rg-mac-01-devops-prod,Microsoft.Compute/virtualMachines,Virtual Machines,Compute,team:DevOps,1376.1,INR,1.95,1 Hour
2026-03-30,sub-psiog-001,MAC-01,rg-mac-01-devops-prod,Microsoft.Storage/storageAccounts,Blob Storage,Storage,team:DevOps,316.36,INR,95.78,1 Hour
2026-03-30,sub-psiog-001,MAC-01,rg-mac-01-devops-prod,Microsoft.Network/loadBalancers,Load Balancers,Networking,,266.28,INR,97.36,1 Hour
2026-03-30,sub-psiog-001,MAC-01,rg-mac-01-devops-prod,Microsoft.DocumentDB/databaseAccounts,Cosmos DB,Data Services,team:DevOps,460.68,INR,97.94,1 Hour
2026-03-30,sub-psiog-001,MAC-01,rg-mac-01-platform-prod,Microsoft.Compute/virtualMachines,Virtual Machines,Compute,team:Platform,1337.64,INR,18.71,1 Hour
2026-03-30,sub-psiog-001,MAC-01,rg-mac-01-platform-prod,Microsoft.Storage/storageAccounts,Blob Storage,Storage,team:Platform,329.31,INR,27.08,1 Hour
2026-03-30,sub-psiog-001,MAC-01,rg-mac-01-platform-prod,Microsoft.Network/loadBalancers,Load Balancers,Networking,team:Platform,269.97,INR,23.04,1 Hour
2026-03-30,sub-psiog-001,MAC-01,rg-mac-01-platform-prod,Microsoft.Sql/servers/databases,SQL Database,Data Services,team:Platform,494.12,INR,66.55,1 Hour
2026-03-30,sub-psiog-001,MAC-02,rg-mac-02-dataengineering-prod,Microsoft.Compute/virtualMachines,Virtual Machines,Compute,team:DataEngineering,1180.67,INR,33.06,1 Hour
2026-03-30,sub-psiog-001,MAC-02,rg-mac-02-dataengineering-prod,Microsoft.Storage/storageAccounts,Blob Storage,Storage,team:DataEngineering,805.43,INR,84.01,1 Hour
2026-03-30,sub-psiog-001,MAC-02,rg-mac-02-dataengineering-prod,Microsoft.Network/loadBalancers,Load Balancers,Networking,,232.06,INR,97.56,1 Hour
2026-03-30,sub-psiog-001,MAC-02,rg-mac-02-dataengineering-prod,Microsoft.Sql/servers/databases,SQL Database,Data Services,team:DataEngineering,1104.17,INR,6.52,1 Hour
2026-03-30,sub-psiog-001,MAC-02,rg-mac-02-analytics-prod,Microsoft.ContainerService/managedClusters,AKS Clusters,Compute,team:Analytics,894.05,INR,97.41,1 Hour
2026-03-30,sub-psiog-001,MAC-02,rg-mac-02-analytics-prod,Microsoft.Storage/storageAccounts,Blob Storage,Storage,team:Analytics,738.77,INR,36.07,1 Hour
2026-03-30,sub-psiog-001,MAC-02,rg-mac-02-analytics-prod,Microsoft.Network/virtualNetworks,Virtual Networks,Networking,team:Analytics,191.39,INR,77.94,1 Hour
2026-03-30,sub-psiog-001,MAC-02,rg-mac-02-analytics-prod,Microsoft.Sql/servers/databases,SQL Database,Data Services,team:Analytics,856.49,INR,56.41,1 Hour
2026-03-30,sub-psiog-001,MAC-03,rg-mac-03-product-prod,Microsoft.ContainerService/managedClusters,AKS Clusters,Compute,team:Product,727.83,INR,46.93,1 Hour
2026-03-30,sub-psiog-001,MAC-03,rg-mac-03-product-prod,Microsoft.Storage/storageAccounts,Blob Storage,Storage,team:Product,215.07,INR,59.86,1 Hour
2026-03-30,sub-psiog-001,MAC-03,rg-mac-03-product-prod,Microsoft.Network/loadBalancers,Load Balancers,Networking,team:Product,151.16,INR,78.96,1 Hour
2026-03-30,sub-psiog-001,MAC-03,rg-mac-03-product-prod,Microsoft.Sql/servers/databases,SQL Database,Data Services,team:Product,350.98,INR,53.36,1 Hour
2026-03-30,sub-psiog-001,MAC-03,rg-mac-03-frontend-prod,Microsoft.Compute/virtualMachines,Virtual Machines,Compute,team:Frontend,516.42,INR,80.06,1 Hour
2026-03-30,sub-psiog-001,MAC-03,rg-mac-03-frontend-prod,Microsoft.Storage/storageAccounts,Blob Storage,Storage,team:Frontend,181.14,INR,60.8,1 Hour
2026-03-30,sub-psiog-001,MAC-03,rg-mac-03-frontend-prod,Microsoft.Network/virtualNetworks,Virtual Networks,Networking,team:Frontend,119.34,INR,79.15,1 Hour
2026-03-30,sub-psiog-001,MAC-03,rg-mac-03-frontend-prod,Microsoft.DocumentDB/databaseAccounts,Cosmos DB,Data Services,team:Frontend,215.1,INR,1.92,1 Hour
2026-03-30,sub-psiog-001,MAC-04,rg-mac-04-backend-prod,Microsoft.Compute/virtualMachines,Virtual Machines,Compute,team:Backend,1017.97,INR,22.39,1 Hour
2026-03-30,sub-psiog-001,MAC-04,rg-mac-04-backend-prod,Microsoft.Storage/storageAccounts/fileServices,File Storage,Storage,team:Backend,457.79,INR,99.83,1 Hour
2026-03-30,sub-psiog-001,MAC-04,rg-mac-04-backend-prod,Microsoft.Network/virtualNetworks,Virtual Networks,Networking,team:Backend,284.72,INR,32.4,1 Hour
2026-03-30,sub-psiog-001,MAC-04,rg-mac-04-backend-prod,Microsoft.Sql/servers/databases,SQL Database,Data Services,team:Backend,503.92,INR,66.24,1 Hour
2026-03-30,sub-psiog-001,MAC-04,rg-mac-04-qa-prod,Microsoft.ContainerService/managedClusters,AKS Clusters,Compute,team:QA,450.66,INR,19.13,1 Hour
2026-03-30,sub-psiog-001,MAC-04,rg-mac-04-qa-prod,Microsoft.Storage/storageAccounts,Blob Storage,Storage,,214.19,INR,93.24,1 Hour
2026-03-30,sub-psiog-001,MAC-04,rg-mac-04-qa-prod,Microsoft.Network/virtualNetworks,Virtual Networks,Networking,,119.1,INR,81.09,1 Hour
2026-03-30,sub-psiog-001,MAC-04,rg-mac-04-qa-prod,Microsoft.DocumentDB/databaseAccounts,Cosmos DB,Data Services,team:QA,303.75,INR,29.74,1 Hour
2026-03-30,sub-psiog-001,MAC-05,rg-mac-05-security-prod,Microsoft.ContainerService/managedClusters,AKS Clusters,Compute,team:Security,896.25,INR,85.43,1 Hour
2026-03-30,sub-psiog-001,MAC-05,rg-mac-05-security-prod,Microsoft.Storage/storageAccounts,Blob Storage,Storage,team:Security,310.75,INR,5.36,1 Hour
2026-03-30,sub-psiog-001,MAC-05,rg-mac-05-security-prod,Microsoft.Network/loadBalancers,Load Balancers,Networking,team:Security,313.81,INR,85.02,1 Hour
2026-03-30,sub-psiog-001,MAC-05,rg-mac-05-security-prod,Microsoft.DocumentDB/databaseAccounts,Cosmos DB,Data Services,team:Security,421.64,INR,29.18,1 Hour
2026-03-30,sub-psiog-001,MAC-05,rg-mac-05-compliance-prod,Microsoft.ContainerService/managedClusters,AKS Clusters,Compute,team:Compliance,382.81,INR,62.73,1 Hour
2026-03-30,sub-psiog-001,MAC-05,rg-mac-05-compliance-prod,Microsoft.Storage/storageAccounts/fileServices,File Storage,Storage,team:Compliance,291.84,INR,55.11,1 Hour
2026-03-30,sub-psiog-001,MAC-05,rg-mac-05-compliance-prod,Microsoft.Network/loadBalancers,Load Balancers,Networking,,167.81,INR,78.61,1 Hour
2026-03-30,sub-psiog-001,MAC-05,rg-mac-05-compliance-prod,Microsoft.DocumentDB/databaseAccounts,Cosmos DB,Data Services,team:Compliance,314.16,INR,19.79,1 Hour
2026-03-30,sub-psiog-001,MAC-06,rg-mac-06-infrastructure-prod,Microsoft.ContainerService/managedClusters,AKS Clusters,Compute,team:Infrastructure,1740.78,INR,30.82,1 Hour
2026-03-30,sub-psiog-001,MAC-06,rg-mac-06-infrastructure-prod,Microsoft.Storage/storageAccounts/fileServices,File Storage,Storage,team:Infrastructure,465.97,INR,74.38,1 Hour
2026-03-30,sub-psiog-001,MAC-06,rg-mac-06-infrastructure-prod,Microsoft.Network/virtualNetworks,Virtual Networks,Networking,team:Infrastructure,459.97,INR,43.83,1 Hour
2026-03-30,sub-psiog-001,MAC-06,rg-mac-06-infrastructure-prod,Microsoft.DocumentDB/databaseAccounts,Cosmos DB,Data Services,team:Infrastructure,550.91,INR,45.35,1 Hour
2026-03-30,sub-psiog-001,MAC-06,rg-mac-06-cloudops-prod,Microsoft.ContainerService/managedClusters,AKS Clusters,Compute,team:CloudOps,1508.15,INR,31.86,1 Hour
2026-03-30,sub-psiog-001,MAC-06,rg-mac-06-cloudops-prod,Microsoft.Storage/storageAccounts/fileServices,File Storage,Storage,team:CloudOps,442.95,INR,18.3,1 Hour
2026-03-30,sub-psiog-001,MAC-06,rg-mac-06-cloudops-prod,Microsoft.Network/virtualNetworks,Virtual Networks,Networking,team:CloudOps,428.28,INR,73.23,1 Hour
2026-03-30,sub-psiog-001,MAC-06,rg-mac-06-cloudops-prod,Microsoft.DocumentDB/databaseAccounts,Cosmos DB,Data Services,team:CloudOps,418.62,INR,20.58,1 Hour
2026-03-30,sub-psiog-001,MAC-07,rg-mac-07-ml-prod,Microsoft.Compute/virtualMachines,Virtual Machines,Compute,,1959.89,INR,90.05,1 Hour
2026-03-30,sub-psiog-001,MAC-07,rg-mac-07-ml-prod,Microsoft.Storage/storageAccounts,Blob Storage,Storage,team:ML,584.2,INR,98.48,1 Hour
2026-03-30,sub-psiog-001,MAC-07,rg-mac-07-ml-prod,Microsoft.Network/virtualNetworks,Virtual Networks,Networking,team:ML,240.88,INR,48.67,1 Hour
2026-03-30,sub-psiog-001,MAC-07,rg-mac-07-ml-prod,Microsoft.DocumentDB/databaseAccounts,Cosmos DB,Data Services,team:ML,838.65,INR,13.13,1 Hour
2026-03-30,sub-psiog-001,MAC-07,rg-mac-07-research-prod,Microsoft.ContainerService/managedClusters,AKS Clusters,Compute,,1038.2,INR,48.24,1 Hour
2026-03-30,sub-psiog-001,MAC-07,rg-mac-07-research-prod,Microsoft.Storage/storageAccounts/fileServices,File Storage,Storage,team:Research,501.15,INR,55.28,1 Hour
2026-03-30,sub-psiog-001,MAC-07,rg-mac-07-research-prod,Microsoft.Network/loadBalancers,Load Balancers,Networking,team:Research,211.72,INR,43.46,1 Hour
2026-03-30,sub-psiog-001,MAC-07,rg-mac-07-research-prod,Microsoft.Sql/servers/databases,SQL Database,Data Services,team:Research,859.37,INR,50.56,1 Hour
2026-03-30,sub-psiog-001,MAC-08,rg-mac-08-finance-prod,Microsoft.Compute/virtualMachines,Virtual Machines,Compute,team:Finance,355.45,INR,51.2,1 Hour
2026-03-30,sub-psiog-001,MAC-08,rg-mac-08-finance-prod,Microsoft.Storage/storageAccounts/fileServices,File Storage,Storage,team:Finance,229.03,INR,56.52,1 Hour
2026-03-30,sub-psiog-001,MAC-08,rg-mac-08-finance-prod,Microsoft.Network/virtualNetworks,Virtual Networks,Networking,team:Finance,102.01,INR,11.5,1 Hour
2026-03-30,sub-psiog-001,MAC-08,rg-mac-08-finance-prod,Microsoft.Sql/servers/databases,SQL Database,Data Services,team:Finance,458.0,INR,90.67,1 Hour
2026-03-30,sub-psiog-001,MAC-08,rg-mac-08-operations-prod,Microsoft.ContainerService/managedClusters,AKS Clusters,Compute,team:Operations,496.05,INR,28.35,1 Hour
2026-03-30,sub-psiog-001,MAC-08,rg-mac-08-operations-prod,Microsoft.Storage/storageAccounts,Blob Storage,Storage,team:Operations,309.53,INR,40.08,1 Hour
2026-03-30,sub-psiog-001,MAC-08,rg-mac-08-operations-prod,Microsoft.Network/virtualNetworks,Virtual Networks,Networking,team:Operations,169.59,INR,20.24,1 Hour
2026-03-30,sub-psiog-001,MAC-08,rg-mac-08-operations-prod,Microsoft.Sql/servers/databases,SQL Database,Data Services,team:Operations,427.91,INR,3.92,1 Hour
2026-03-31,sub-psiog-001,MAC-01,rg-mac-01-devops-prod,Microsoft.Compute/virtualMachines,Virtual Machines,Compute,team:DevOps,1557.19,INR,22.92,1 Hour
2026-03-31,sub-psiog-001,MAC-01,rg-mac-01-devops-prod,Microsoft.Storage/storageAccounts,Blob Storage,Storage,,316.14,INR,12.23,1 Hour
2026-03-31,sub-psiog-001,MAC-01,rg-mac-01-devops-prod,Microsoft.Network/loadBalancers,Load Balancers,Networking,team:DevOps,267.97,INR,29.97,1 Hour
2026-03-31,sub-psiog-001,MAC-01,rg-mac-01-devops-prod,Microsoft.Sql/servers/databases,SQL Database,Data Services,,538.96,INR,13.9,1 Hour
2026-03-31,sub-psiog-001,MAC-01,rg-mac-01-platform-prod,Microsoft.Compute/virtualMachines,Virtual Machines,Compute,team:Platform,1416.17,INR,49.28,1 Hour
2026-03-31,sub-psiog-001,MAC-01,rg-mac-01-platform-prod,Microsoft.Storage/storageAccounts/fileServices,File Storage,Storage,team:Platform,332.78,INR,48.75,1 Hour
2026-03-31,sub-psiog-001,MAC-01,rg-mac-01-platform-prod,Microsoft.Network/loadBalancers,Load Balancers,Networking,team:Platform,268.37,INR,2.09,1 Hour
2026-03-31,sub-psiog-001,MAC-01,rg-mac-01-platform-prod,Microsoft.Sql/servers/databases,SQL Database,Data Services,team:Platform,392.67,INR,4.87,1 Hour
2026-03-31,sub-psiog-001,MAC-02,rg-mac-02-dataengineering-prod,Microsoft.Compute/virtualMachines,Virtual Machines,Compute,team:DataEngineering,1187.3,INR,42.59,1 Hour
2026-03-31,sub-psiog-001,MAC-02,rg-mac-02-dataengineering-prod,Microsoft.Storage/storageAccounts/fileServices,File Storage,Storage,team:DataEngineering,792.74,INR,53.58,1 Hour
2026-03-31,sub-psiog-001,MAC-02,rg-mac-02-dataengineering-prod,Microsoft.Network/loadBalancers,Load Balancers,Networking,team:DataEngineering,231.06,INR,10.36,1 Hour
2026-03-31,sub-psiog-001,MAC-02,rg-mac-02-dataengineering-prod,Microsoft.DocumentDB/databaseAccounts,Cosmos DB,Data Services,team:DataEngineering,1133.75,INR,9.15,1 Hour
2026-03-31,sub-psiog-001,MAC-02,rg-mac-02-analytics-prod,Microsoft.Compute/virtualMachines,Virtual Machines,Compute,team:Analytics,998.27,INR,54.53,1 Hour
2026-03-31,sub-psiog-001,MAC-02,rg-mac-02-analytics-prod,Microsoft.Storage/storageAccounts/fileServices,File Storage,Storage,team:Analytics,661.96,INR,13.11,1 Hour
2026-03-31,sub-psiog-001,MAC-02,rg-mac-02-analytics-prod,Microsoft.Network/virtualNetworks,Virtual Networks,Networking,team:Analytics,165.11,INR,99.72,1 Hour
2026-03-31,sub-psiog-001,MAC-02,rg-mac-02-analytics-prod,Microsoft.DocumentDB/databaseAccounts,Cosmos DB,Data Services,team:Analytics,881.45,INR,13.38,1 Hour
2026-03-31,sub-psiog-001,MAC-03,rg-mac-03-product-prod,Microsoft.ContainerService/managedClusters,AKS Clusters,Compute,team:Product,698.46,INR,73.53,1 Hour
2026-03-31,sub-psiog-001,MAC-03,rg-mac-03-product-prod,Microsoft.Storage/storageAccounts,Blob Storage,Storage,team:Product,238.57,INR,21.72,1 Hour
2026-03-31,sub-psiog-001,MAC-03,rg-mac-03-product-prod,Microsoft.Network/virtualNetworks,Virtual Networks,Networking,team:Product,151.78,INR,81.68,1 Hour
2026-03-31,sub-psiog-001,MAC-03,rg-mac-03-product-prod,Microsoft.Sql/servers/databases,SQL Database,Data Services,,355.62,INR,24.74,1 Hour
2026-03-31,sub-psiog-001,MAC-03,rg-mac-03-frontend-prod,Microsoft.Compute/virtualMachines,Virtual Machines,Compute,,519.34,INR,68.18,1 Hour
2026-03-31,sub-psiog-001,MAC-03,rg-mac-03-frontend-prod,Microsoft.Storage/storageAccounts/fileServices,File Storage,Storage,team:Frontend,185.03,INR,68.05,1 Hour
2026-03-31,sub-psiog-001,MAC-03,rg-mac-03-frontend-prod,Microsoft.Network/loadBalancers,Load Balancers,Networking,team:Frontend,101.79,INR,38.18,1 Hour
2026-03-31,sub-psiog-001,MAC-03,rg-mac-03-frontend-prod,Microsoft.Sql/servers/databases,SQL Database,Data Services,team:Frontend,264.47,INR,76.47,1 Hour
2026-03-31,sub-psiog-001,MAC-04,rg-mac-04-backend-prod,Microsoft.Compute/virtualMachines,Virtual Machines,Compute,team:Backend,1280.76,INR,83.06,1 Hour
2026-03-31,sub-psiog-001,MAC-04,rg-mac-04-backend-prod,Microsoft.Storage/storageAccounts/fileServices,File Storage,Storage,team:Backend,417.32,INR,46.93,1 Hour
2026-03-31,sub-psiog-001,MAC-04,rg-mac-04-backend-prod,Microsoft.Network/loadBalancers,Load Balancers,Networking,team:Backend,290.19,INR,90.07,1 Hour
2026-03-31,sub-psiog-001,MAC-04,rg-mac-04-backend-prod,Microsoft.DocumentDB/databaseAccounts,Cosmos DB,Data Services,team:Backend,566.82,INR,11.76,1 Hour
2026-03-31,sub-psiog-001,MAC-04,rg-mac-04-qa-prod,Microsoft.Compute/virtualMachines,Virtual Machines,Compute,team:QA,427.2,INR,81.85,1 Hour
2026-03-31,sub-psiog-001,MAC-04,rg-mac-04-qa-prod,Microsoft.Storage/storageAccounts/fileServices,File Storage,Storage,team:QA,199.98,INR,54.58,1 Hour
2026-03-31,sub-psiog-001,MAC-04,rg-mac-04-qa-prod,Microsoft.Network/virtualNetworks,Virtual Networks,Networking,,121.51,INR,85.7,1 Hour
2026-03-31,sub-psiog-001,MAC-04,rg-mac-04-qa-prod,Microsoft.DocumentDB/databaseAccounts,Cosmos DB,Data Services,team:QA,294.55,INR,59.21,1 Hour
2026-03-31,sub-psiog-001,MAC-05,rg-mac-05-security-prod,Microsoft.Compute/virtualMachines,Virtual Machines,Compute,team:Security,858.85,INR,43.77,1 Hour
2026-03-31,sub-psiog-001,MAC-05,rg-mac-05-security-prod,Microsoft.Storage/storageAccounts/fileServices,File Storage,Storage,team:Security,332.21,INR,60.98,1 Hour
2026-03-31,sub-psiog-001,MAC-05,rg-mac-05-security-prod,Microsoft.Network/loadBalancers,Load Balancers,Networking,team:Security,311.96,INR,96.49,1 Hour
2026-03-31,sub-psiog-001,MAC-05,rg-mac-05-security-prod,Microsoft.DocumentDB/databaseAccounts,Cosmos DB,Data Services,team:Security,352.48,INR,96.1,1 Hour
2026-03-31,sub-psiog-001,MAC-05,rg-mac-05-compliance-prod,Microsoft.ContainerService/managedClusters,AKS Clusters,Compute,team:Compliance,361.38,INR,73.93,1 Hour
2026-03-31,sub-psiog-001,MAC-05,rg-mac-05-compliance-prod,Microsoft.Storage/storageAccounts,Blob Storage,Storage,team:Compliance,290.76,INR,60.63,1 Hour
2026-03-31,sub-psiog-001,MAC-05,rg-mac-05-compliance-prod,Microsoft.Network/virtualNetworks,Virtual Networks,Networking,team:Compliance,179.07,INR,25.04,1 Hour
2026-03-31,sub-psiog-001,MAC-05,rg-mac-05-compliance-prod,Microsoft.DocumentDB/databaseAccounts,Cosmos DB,Data Services,team:Compliance,376.68,INR,39.48,1 Hour
2026-03-31,sub-psiog-001,MAC-06,rg-mac-06-infrastructure-prod,Microsoft.Compute/virtualMachines,Virtual Machines,Compute,team:Infrastructure,1577.87,INR,81.87,1 Hour
2026-03-31,sub-psiog-001,MAC-06,rg-mac-06-infrastructure-prod,Microsoft.Storage/storageAccounts/fileServices,File Storage,Storage,team:Infrastructure,416.91,INR,50.51,1 Hour
2026-03-31,sub-psiog-001,MAC-06,rg-mac-06-infrastructure-prod,Microsoft.Network/virtualNetworks,Virtual Networks,Networking,team:Infrastructure,383.44,INR,19.11,1 Hour
2026-03-31,sub-psiog-001,MAC-06,rg-mac-06-infrastructure-prod,Microsoft.Sql/servers/databases,SQL Database,Data Services,team:Infrastructure,423.99,INR,92.31,1 Hour
2026-03-31,sub-psiog-001,MAC-06,rg-mac-06-cloudops-prod,Microsoft.ContainerService/managedClusters,AKS Clusters,Compute,team:CloudOps,1433.83,INR,59.13,1 Hour
2026-03-31,sub-psiog-001,MAC-06,rg-mac-06-cloudops-prod,Microsoft.Storage/storageAccounts/fileServices,File Storage,Storage,team:CloudOps,456.12,INR,79.16,1 Hour
2026-03-31,sub-psiog-001,MAC-06,rg-mac-06-cloudops-prod,Microsoft.Network/loadBalancers,Load Balancers,Networking,team:CloudOps,401.33,INR,98.82,1 Hour
2026-03-31,sub-psiog-001,MAC-06,rg-mac-06-cloudops-prod,Microsoft.Sql/servers/databases,SQL Database,Data Services,,434.17,INR,84.96,1 Hour
2026-03-31,sub-psiog-001,MAC-07,rg-mac-07-ml-prod,Microsoft.ContainerService/managedClusters,AKS Clusters,Compute,team:ML,1646.79,INR,42.4,1 Hour
2026-03-31,sub-psiog-001,MAC-07,rg-mac-07-ml-prod,Microsoft.Storage/storageAccounts/fileServices,File Storage,Storage,team:ML,586.64,INR,51.0,1 Hour
2026-03-31,sub-psiog-001,MAC-07,rg-mac-07-ml-prod,Microsoft.Network/loadBalancers,Load Balancers,Networking,team:ML,262.46,INR,94.08,1 Hour
2026-03-31,sub-psiog-001,MAC-07,rg-mac-07-ml-prod,Microsoft.DocumentDB/databaseAccounts,Cosmos DB,Data Services,team:ML,771.2,INR,38.94,1 Hour
2026-03-31,sub-psiog-001,MAC-07,rg-mac-07-research-prod,Microsoft.Compute/virtualMachines,Virtual Machines,Compute,team:Research,851.2,INR,16.87,1 Hour
2026-03-31,sub-psiog-001,MAC-07,rg-mac-07-research-prod,Microsoft.Storage/storageAccounts,Blob Storage,Storage,team:Research,598.08,INR,84.21,1 Hour
2026-03-31,sub-psiog-001,MAC-07,rg-mac-07-research-prod,Microsoft.Network/virtualNetworks,Virtual Networks,Networking,team:Research,217.35,INR,49.27,1 Hour
2026-03-31,sub-psiog-001,MAC-07,rg-mac-07-research-prod,Microsoft.DocumentDB/databaseAccounts,Cosmos DB,Data Services,team:Research,702.49,INR,89.76,1 Hour
2026-03-31,sub-psiog-001,MAC-08,rg-mac-08-finance-prod,Microsoft.ContainerService/managedClusters,AKS Clusters,Compute,team:Finance,366.01,INR,42.77,1 Hour
2026-03-31,sub-psiog-001,MAC-08,rg-mac-08-finance-prod,Microsoft.Storage/storageAccounts/fileServices,File Storage,Storage,team:Finance,234.18,INR,44.47,1 Hour
2026-03-31,sub-psiog-001,MAC-08,rg-mac-08-finance-prod,Microsoft.Network/loadBalancers,Load Balancers,Networking,team:Finance,108.47,INR,52.45,1 Hour
2026-03-31,sub-psiog-001,MAC-08,rg-mac-08-finance-prod,Microsoft.Sql/servers/databases,SQL Database,Data Services,team:Finance,537.98,INR,94.76,1 Hour
2026-03-31,sub-psiog-001,MAC-08,rg-mac-08-operations-prod,Microsoft.ContainerService/managedClusters,AKS Clusters,Compute,team:Operations,517.73,INR,37.72,1 Hour
2026-03-31,sub-psiog-001,MAC-08,rg-mac-08-operations-prod,Microsoft.Storage/storageAccounts/fileServices,File Storage,Storage,,362.2,INR,75.14,1 Hour
2026-03-31,sub-psiog-001,MAC-08,rg-mac-08-operations-prod,Microsoft.Network/loadBalancers,Load Balancers,Networking,team:Operations,165.03,INR,4.8,1 Hour
2026-03-31,sub-psiog-001,MAC-08,rg-mac-08-operations-prod,Microsoft.DocumentDB/databaseAccounts,Cosmos DB,Data Services,team:Operations,401.1,INR,86.46,1 Hour
