usage_date,subscription_id,mac_id,resource_group,resource_type,service_name,meter_category,team_tag,cost_inr,currency,quantity,unit_of_measure
2026-01-01,sub-psiog-001,MAC-01,rg-mac-01-devops-prod,Microsoft.ContainerService/managedClusters,AKS Clusters,Compute,team:DevOps,1244.3,INR,75.1,1 Hour
2026-01-01,sub-psiog-001,MAC-01,rg-mac-01-devops-prod,Microsoft.Storage/storageAccounts/fileServices,File Storage,Storage,team:DevOps,294.27,INR,19.52,1 Hour
2026-01-01,sub-psiog-001,MAC-01,rg-mac-01-devops-prod,Microsoft.Network/loadBalancers,Load Balancers,Networking,team:DevOps,224.37,INR,62.6,1 Hour
2026-01-01,sub-psiog-001,MAC-01,rg-mac-01-devops-prod,Microsoft.DocumentDB/databaseAccounts,Cosmos DB,Data Services,team:DevOps,434.57,INR,21.91,1 Hour
2026-01-01,sub-psiog-001,MAC-01,rg-mac-01-platform-prod,Microsoft.Compute/virtualMachines,Virtual Machines,Compute,team:Platform,1011.24,INR,52.92,1 Hour
2026-01-01,sub-psiog-001,MAC-01,rg-mac-01-platform-prod,Microsoft.Storage/storageAccounts,Blob Storage,Storage,team:Platform,267.61,INR,5.43,1 Hour
2026-01-01,sub-psiog-001,MAC-01,rg-mac-01-platform-prod,Microsoft.Network/virtualNetworks,Virtual Networks,Networking,team:Platform,254.71,INR,50.0,1 Hour
2026-01-01,sub-psiog-001,MAC-01,rg-mac-01-platform-prod,Microsoft.Sql/servers/databases,SQL Database,Data Services,team:Platform,418.79,INR,13.35,1 Hour
2026-01-01,sub-psiog-001,MAC-02,rg-mac-02-dataengineering-prod,Microsoft.Compute/virtualMachines,Virtual Machines,Compute,team:DataEngineering,809.69,INR,95.73,1 Hour
2026-01-01,sub-psiog-001,MAC-02,rg-mac-02-dataengineering-prod,Microsoft.Storage/storageAccounts,Blob Storage,Storage,team:DataEngineering,635.12,INR,24.73,1 Hour
2026-01-01,sub-psiog-001,MAC-02,rg-mac-02-dataengineering-prod,Microsoft.Network/virtualNetworks,Virtual Networks,Networking,team:DataEngineering,169.75,INR,31.6,1 Hour
2026-01-01,sub-psiog-001,MAC-02,rg-mac-02-dataengineering-prod,Microsoft.Sql/servers/databases,SQL Database,Data Services,team:DataEngineering,834.64,INR,66.89,1 Hour
2026-01-01,sub-psiog-001,MAC-02,rg-mac-02-analytics-prod,Microsoft.ContainerService/managedClusters,AKS Clusters,Compute,team:Analytics,787.29,INR,9.13,1 Hour
2026-01-01,sub-psiog-001,MAC-02,rg-mac-02-analytics-prod,Microsoft.Storage/storageAccounts/fileServices,File Storage,Storage,team:Analytics,615.02,INR,71.61,1 Hour
2026-01-01,sub-psiog-001,MAC-02,rg-mac-02-analytics-prod,Microsoft.Network/virtualNetworks,Virtual Networks,Networking,team:Analytics,174.67,INR,44.67,1 Hour
2026-01-01,sub-psiog-001,MAC-02,rg-mac-02-analytics-prod,Microsoft.DocumentDB/databaseAccounts,Cosmos DB,Data Services,team:Analytics,846.17,INR,45.46,1 Hour
2026-01-01,sub-psiog-001,MAC-03,rg-mac-03-product-prod,Microsoft.ContainerService/managedClusters,AKS Clusters,Compute,team:Product,543.12,INR,79.02,1 Hour
2026-01-01,sub-psiog-001,MAC-03,rg-mac-03-product-prod,Microsoft.Storage/storageAccounts,Blob Storage,Storage,team:Product,193.3,INR,31.81,1 Hour
2026-01-01,sub-psiog-001,MAC-03,rg-mac-03-product-prod,Microsoft.Network/virtualNetworks,Virtual Networks,Networking,team:Product,126.78,INR,75.6,1 Hour
2026-01-01,sub-psiog-001,MAC-03,rg-mac-03-product-prod,Microsoft.DocumentDB/databaseAccounts,Cosmos DB,Data Services,team:Product,327.5,INR,74.59,1 Hour
2026-01-01,sub-psiog-001,MAC-03,rg-mac-03-frontend-prod,Microsoft.Compute/virtualMachines,Virtual Machines,Compute,team:Frontend,460.49,INR,66.4,1 Hour
2026-01-01,sub-psiog-001,MAC-03,rg-mac-03-frontend-prod,Microsoft.Storage/storageAccounts/fileServices,File Storage,Storage,team:Frontend,148.31,INR,33.77,1 Hour
2026-01-01,sub-psiog-001,MAC-03,rg-mac-03-frontend-prod,Microsoft.Network/virtualNetworks,Virtual Networks,Networking,team:Frontend,107.92,INR,32.74,1 Hour
2026-01-01,sub-psiog-001,MAC-03,rg-mac-03-frontend-prod,Microsoft.DocumentDB/databaseAccounts,Cosmos DB,Data Services,team:Frontend,183.8,INR,79.13,1 Hour
2026-01-01,sub-psiog-001,MAC-04,rg-mac-04-backend-prod,Microsoft.Compute/virtualMachines,Virtual Machines,Compute,team:Backend,1000.86,INR,11.91,1 Hour
2026-01-01,sub-psiog-001,MAC-04,rg-mac-04-backend-prod,Microsoft.Storage/storageAccounts/fileServices,File Storage,Storage,team:Backend,386.72,INR,23.05,1 Hour
2026-01-01,sub-psiog-001,MAC-04,rg-mac-04-backend-prod,Microsoft.Network/virtualNetworks,Virtual Networks,Networking,team:Backend,232.4,INR,75.19,1 Hour
2026-01-01,sub-psiog-001,MAC-04,rg-mac-04-backend-prod,Microsoft.Sql/servers/databases,SQL Database,Data Services,team:Backend,536.77,INR,6.13,1 Hour
2026-01-01,sub-psiog-001,MAC-04,rg-mac-04-qa-prod,Microsoft.Compute/virtualMachines,Virtual Machines,Compute,team:QA,438.91,INR,20.82,1 Hour
2026-01-01,sub-psiog-001,MAC-04,rg-mac-04-qa-prod,Microsoft.Storage/storageAccounts,Blob Storage,Storage,team:QA,203.45,INR,54.56,1 Hour
2026-01-01,sub-psiog-001,MAC-04,rg-mac-04-qa-prod,Microsoft.Network/virtualNetworks,Virtual Networks,Networking,team:QA,87.64,INR,27.73,1 Hour
2026-01-01,sub-psiog-001,MAC-04,rg-mac-04-qa-prod,Microsoft.Sql/servers/databases,SQL Database,Data Services,team:QA,236.46,INR,15.06,1 Hour
2026-01-01,sub-psiog-001,MAC-05,rg-mac-05-security-prod,Microsoft.ContainerService/managedClusters,AKS Clusters,Compute,team:Security,632.51,INR,68.38,1 Hour
2026-01-01,sub-psiog-001,MAC-05,rg-mac-05-security-prod,Microsoft.Storage/storageAccounts,Blob Storage,Storage,team:Security,267.55,INR,24.4,1 Hour
2026-01-01,sub-psiog-001,MAC-05,rg-mac-05-security-prod,Microsoft.Network/loadBalancers,Load Balancers,Networking,team:Security,314.78,INR,24.08,1 Hour
2026-01-01,sub-psiog-001,MAC-05,rg-mac-05-security-prod,Microsoft.DocumentDB/databaseAccounts,Cosmos DB,Data Services,team:Security,376.22,INR,20.36,1 Hour
2026-01-01,sub-psiog-001,MAC-05,rg-mac-05-compliance-prod,Microsoft.ContainerService/managedClusters,AKS Clusters,Compute,team:Compliance,379.13,INR,27.85,1 Hour
2026-01-01,sub-psiog-001,MAC-05,rg-mac-05-compliance-prod,Microsoft.Storage/storageAccounts/fileServices,File Storage,Storage,team:Compliance,252.27,INR,28.89,1 Hour
2026-01-01,sub-psiog-001,MAC-05,rg-mac-05-compliance-prod,Microsoft.Network/virtualNetworks,Virtual Networks,Networking,team:Compliance,141.82,INR,50.98,1 Hour
2026-01-01,sub-psiog-001,MAC-05,rg-mac-05-compliance-prod,Microsoft.Sql/servers/databases,SQL Database,Data Services,team:Compliance,319.51,INR,63.22,1 Hour
2026-01-01,sub-psiog-001,MAC-06,rg-mac-06-infrastructure-prod,Microsoft.Compute/virtualMachines,Virtual Machines,Compute,team:Infrastructure,1229.36,INR,44.4,1 Hour
2026-01-01,sub-psiog-001,MAC-06,rg-mac-06-infrastructure-prod,Microsoft.Storage/storageAccounts/fileServices,File Storage,Storage,team:Infrastructure,403.44,INR,10.56,1 Hour
2026-01-01,sub-psiog-001,MAC-06,rg-mac-06-infrastructure-prod,Microsoft.Network/loadBalancers,Load Balancers,Networking,team:Infrastructure,347.36,INR,24.7,1 Hour
2026-01-01,sub-psiog-001,MAC-06,rg-mac-06-infrastructure-prod,Microsoft.DocumentDB/databaseAccounts,Cosmos DB,Data Services,team:Infrastructure,384.87,INR,84.12,1 Hour
2026-01-01,sub-psiog-001,MAC-06,rg-mac-06-cloudops-prod,Microsoft.ContainerService/managedClusters,AKS Clusters,Compute,team:CloudOps,1451.32,INR,58.56,1 Hour
2026-01-01,sub-psiog-001,MAC-06,rg-mac-06-cloudops-prod,Microsoft.Storage/storageAccounts/fileServices,File Storage,Storage,team:CloudOps,430.42,INR,82.09,1 Hour
2026-01-01,sub-psiog-001,MAC-06,rg-mac-06-cloudops-prod,Microsoft.Network/virtualNetworks,Virtual Networks,Networking,team:CloudOps,317.26,INR,30.72,1 Hour
2026-01-01,sub-psiog-001,MAC-06,rg-mac-06-cloudops-prod,Microsoft.Sql/servers/databases,SQL Database,Data Services,team:CloudOps,341.15,INR,65.17,1 Hour
2026-01-01,sub-psiog-001,MAC-07,rg-mac-07-ml-prod,Microsoft.Compute/virtualMachines,Virtual Machines,Compute,team:ML,1477.32,INR,46.87,1 Hour
2026-01-01,sub-psiog-001,MAC-07,rg-mac-07-ml-prod,Microsoft.Storage/storageAccounts,Blob Storage,Storage,team:ML,565.49,INR,27.34,1 Hour
2026-01-01,sub-psiog-001,MAC-07,rg-mac-07-ml-prod,Microsoft.Network/virtualNetworks,Virtual Networks,Networking,team:ML,228.2,INR,15.25,1 Hour
2026-01-01,sub-psiog-001,MAC-07,rg-mac-07-ml-prod,Microsoft.Sql/servers/databases,SQL Database,Data Services,team:ML,804.09,INR,24.09,1 Hour
2026-01-01,sub-psiog-001,MAC-07,rg-mac-07-research-prod,Microsoft.Compute/virtualMachines,Virtual Machines,Compute,team:Research,916.33,INR,56.32,1 Hour
2026-01-01,sub-psiog-001,MAC-07,rg-mac-07-research-prod,Microsoft.Storage/storageAccounts,Blob Storage,Storage,team:Research,393.38,INR,55.32,1 Hour
2026-01-01,sub-psiog-001,MAC-07,rg-mac-07-research-prod,Microsoft.Network/virtualNetworks,Virtual Networks,Networking,team:Research,163.7,INR,34.92,1 Hour
2026-01-01,sub-psiog-001,MAC-07,rg-mac-07-research-prod,Microsoft.Sql/servers/databases,SQL Database,Data Services,team:Research,585.65,INR,7.69,1 Hour
2026-01-01,sub-psiog-001,MAC-08,rg-mac-08-finance-prod,Microsoft.Compute/virtualMachines,Virtual Machines,Compute,team:Finance,313.83,INR,77.24,1 Hour
2026-01-01,sub-psiog-001,MAC-08,rg-mac-08-finance-prod,Microsoft.Storage/storageAccounts,Blob Storage,Storage,team:Finance,196.03,INR,14.8,1 Hour
2026-01-01,sub-psiog-001,MAC-08,rg-mac-08-finance-prod,Microsoft.Network/loadBalancers,Load Balancers,Networking,team:Finance,112.49,INR,33.75,1 Hour
2026-01-01,sub-psiog-001,MAC-08,rg-mac-08-finance-prod,Microsoft.Sql/servers/databases,SQL Database,Data Services,team:Finance,459.42,INR,92.87,1 Hour
2026-01-01,sub-psiog-001,MAC-08,rg-mac-08-operations-prod,Microsoft.Compute/virtualMachines,Virtual Machines,Compute,team:Operations,487.92,INR,26.39,1 Hour
2026-01-01,sub-psiog-001,MAC-08,rg-mac-08-operations-prod,Microsoft.Storage/storageAccounts/fileServices,File Storage,Storage,team:Operations,329.33,INR,60.28,1 Hour
2026-01-01,sub-psiog-001,MAC-08,rg-mac-08-operations-prod,Microsoft.Network/virtualNetworks,Virtual Networks,Networking,team:Operations,116.04,INR,13.75,1 Hour
2026-01-01,sub-psiog-001,MAC-08,rg-mac-08-operations-prod,Microsoft.DocumentDB/databaseAccounts,Cosmos DB,Data Services,team:Operations,376.32,INR,65.2,1 Hour
2026-01-02,sub-psiog-001,MAC-01,rg-mac-01-devops-prod,Microsoft.ContainerService/managedClusters,AKS Clusters,Compute,team:DevOps,1256.43,INR,4.27,1 Hour
2026-01-02,sub-psiog-001,MAC-01,rg-mac-01-devops-prod,Microsoft.Storage/storageAccounts,Blob Storage,Storage,team:DevOps,258.51,INR,52.6,1 Hour
2026-01-02,sub-psiog-001,MAC-01,rg-mac-01-devops-prod,Microsoft.Network/virtualNetworks,Virtual Networks,Networking,team:DevOps,202.02,INR,46.99,1 Hour
2026-01-02,sub-psiog-001,MAC-01,rg-mac-01-devops-prod,Microsoft.DocumentDB/databaseAccounts,Cosmos DB,Data Services,team:DevOps,386.86,INR,63.71,1 Hour
2026-01-02,sub-psiog-001,MAC-01,rg-mac-01-platform-prod,Microsoft.Compute/virtualMachines,Virtual Machines,Compute,team:Platform,987.74,INR,9.35,1 Hour
2026-01-02,sub-psiog-001,MAC-01,rg-mac-01-platform-prod,Microsoft.Storage/storageAccounts,Blob Storage,Storage,team:Platform,255.02,INR,42.87,1 Hour
2026-01-02,sub-psiog-001,MAC-01,rg-mac-01-platform-prod,Microsoft.Network/loadBalancers,Load Balancers,Networking,team:Platform,246.38,INR,55.18,1 Hour
2026-01-02,sub-psiog-001,MAC-01,rg-mac-01-platform-prod,Microsoft.Sql/servers/databases,SQL Database,Data Services,team:Platform,405.49,INR,1.14,1 Hour
2026-01-02,sub-psiog-001,MAC-02,rg-mac-02-dataengineering-prod,Microsoft.Compute/virtualMachines,Virtual Machines,Compute,team:DataEngineering,771.23,INR,45.58,1 Hour
2026-01-02,sub-psiog-001,MAC-02,rg-mac-02-dataengineering-prod,Microsoft.Storage/storageAccounts/fileServices,File Storage,Storage,team:DataEngineering,645.42,INR,12.49,1 Hour
2026-01-02,sub-psiog-001,MAC-02,rg-mac-02-dataengineering-prod,Microsoft.Network/virtualNetworks,Virtual Networks,Networking,team:DataEngineering,196.74,INR,69.26,1 Hour
2026-01-02,sub-psiog-001,MAC-02,rg-mac-02-dataengineering-prod,Microsoft.DocumentDB/databaseAccounts,Cosmos DB,Data Services,team:DataEngineering,844.37,INR,71.24,1 Hour
2026-01-02,sub-psiog-001,MAC-02,rg-mac-02-analytics-prod,Microsoft.ContainerService/managedClusters,AKS Clusters,Compute,team:Analytics,769.36,INR,12.58,1 Hour
2026-01-02,sub-psiog-001,MAC-02,rg-mac-02-analytics-prod,Microsoft.Storage/storageAccounts,Blob Storage,Storage,team:Analytics,524.59,INR,95.21,1 Hour
2026-01-02,sub-psiog-001,MAC-02,rg-mac-02-analytics-prod,Microsoft.Network/virtualNetworks,Virtual Networks,Networking,team:Analytics,163.81,INR,54.74,1 Hour
2026-01-02,sub-psiog-001,MAC-02,rg-mac-02-analytics-prod,Microsoft.Sql/servers/databases,SQL Database,Data Services,team:Analytics,899.58,INR,78.85,1 Hour
2026-01-02,sub-psiog-001,MAC-03,rg-mac-03-product-prod,Microsoft.ContainerService/managedClusters,AKS Clusters,Compute,team:Product,542.31,INR,87.71,1 Hour
2026-01-02,sub-psiog-001,MAC-03,rg-mac-03-product-prod,Microsoft.Storage/storageAccounts,Blob Storage,Storage,team:Product,221.49,INR,15.86,1 Hour
2026-01-02,sub-psiog-001,MAC-03,rg-mac-03-product-prod,Microsoft.Network/virtualNetworks,Virtual Networks,Networking,team:Product,116.4,INR,44.33,1 Hour
2026-01-02,sub-psiog-001,MAC-03,rg-mac-03-product-prod,Microsoft.DocumentDB/databaseAccounts,Cosmos DB,Data Services,team:Product,292.23,INR,1.15,1 Hour
2026-01-02,sub-psiog-001,MAC-03,rg-mac-03-frontend-prod,Microsoft.Compute/virtualMachines,Virtual Machines,Compute,team:Frontend,425.93,INR,72.09,1 Hour
2026-01-02,sub-psiog-001,MAC-03,rg-mac-03-frontend-prod,Microsoft.Storage/storageAccounts,Blob Storage,Storage,team:Frontend,148.26,INR,54.62,1 Hour
2026-01-02,sub-psiog-001,MAC-03,rg-mac-03-frontend-prod,Microsoft.Network/virtualNetworks,Virtual Networks,Networking,team:Frontend,109.73,INR,83.32,1 Hour
2026-01-02,sub-psiog-001,MAC-03,rg-mac-03-frontend-prod,Microsoft.Sql/servers/databases,SQL Database,Data Services,team:Frontend,223.81,INR,10.09,1 Hour
2026-01-02,sub-psiog-001,MAC-04,rg-mac-04-backend-prod,Microsoft.Compute/virtualMachines,Virtual Machines,Compute,team:Backend,1011.82,INR,18.49,1 Hour
2026-01-02,sub-psiog-001,MAC-04,rg-mac-04-backend-prod,Microsoft.Storage/storageAccounts,Blob Storage,Storage,team:Backend,330.28,INR,8.78,1 Hour
2026-01-02,sub-psiog-001,MAC-04,rg-mac-04-backend-prod,Microsoft.Network/virtualNetworks,Virtual Networks,Networking,team:Backend,192.35,INR,11.66,1 Hour
2026-01-02,sub-psiog-001,MAC-04,rg-mac-04-backend-prod,Microsoft.DocumentDB/databaseAccounts,Cosmos DB,Data Services,team:Backend,529.64,INR,95.54,1 Hour
2026-01-02,sub-psiog-001,MAC-04,rg-mac-04-qa-prod,Microsoft.ContainerService/managedClusters,AKS Clusters,Compute,team:QA,369.57,INR,55.74,1 Hour
2026-01-02,sub-psiog-001,MAC-04,rg-mac-04-qa-prod,Microsoft.Storage/storageAccounts/fileServices,File Storage,Storage,team:QA,180.52,INR,40.33,1 Hour
2026-01-02,sub-psiog-001,MAC-04,rg-mac-04-qa-prod,Microsoft.Network/virtualNetworks,Virtual Networks,Networking,team:QA,102.1,INR,49.67,1 Hour
2026-01-02,sub-psiog-001,MAC-04,rg-mac-04-qa-prod,Microsoft.Sql/servers/databases,SQL Database,Data Services,team:QA,249.7,INR,40.99,1 Hour
2026-01-02,sub-psiog-001,MAC-05,rg-mac-05-security-prod,Microsoft.ContainerService/managedClusters,AKS Clusters,Compute,team:Security,745.48,INR,5.94,1 Hour
2026-01-02,sub-psiog-001,MAC-05,rg-mac-05-security-prod,Microsoft.Storage/storageAccounts/fileServices,File Storage,Storage,team:Security,254.71,INR,99.27,1 Hour
2026-01-02,sub-psiog-001,MAC-05,rg-mac-05-security-prod,Microsoft.Network/loadBalancers,Load Balancers,Networking,team:Security,314.72,INR,25.4,1 Hour
2026-01-02,sub-psiog-001,MAC-05,rg-mac-05-security-prod,Microsoft.DocumentDB/databaseAccounts,Cosmos DB,Data Services,team:Security,386.92,INR,38.38,1 Hour
2026-01-02,sub-psiog-001,MAC-05,rg-mac-05-compliance-prod,Microsoft.ContainerService/managedClusters,AKS Clusters,Compute,team:Compliance,389.61,INR,17.78,1 Hour
2026-01-02,sub-psiog-001,MAC-05,rg-mac-05-compliance-prod,Microsoft.Storage/storageAccounts/fileServices,File Storage,Storage,team:Compliance,196.89,INR,59.43,1 Hour
2026-01-02,sub-psiog-001,MAC-05,rg-mac-05-compliance-prod,Microsoft.Network/loadBalancers,Load Balancers,Networking,team:Compliance,132.15,INR,8.21,1 Hour
2026-01-02,sub-psiog-001,MAC-05,rg-mac-05-compliance-prod,Microsoft.Sql/servers/databases,SQL Database,Data Services,team:Compliance,327.66,INR,7.36,1 Hour
2026-01-02,sub-psiog-001,MAC-06,rg-mac-06-infrastructure-prod,Microsoft.ContainerService/managedClusters,AKS Clusters,Compute,team:Infrastructure,1256.42,INR,42.9,1 Hour
2026-01-02,sub-psiog-001,MAC-06,rg-mac-06-infrastructure-prod,Microsoft.Storage/storageAccounts/fileServices,File Storage,Storage,team:Infrastructure,350.76,INR,17.03,1 Hour
2026-01-02,sub-psiog-001,MAC-06,rg-mac-06-infrastructure-prod,Microsoft.Network/loadBalancers,Load Balancers,Networking,team:Infrastructure,363.24,INR,40.4,1 Hour
2026-01-02,sub-psiog-001,MAC-06,rg-mac-06-infrastructure-prod,Microsoft.Sql/servers/databases,SQL Database,Data Services,team:Infrastructure,389.44,INR,97.79,1 Hour
2026-01-02,sub-psiog-001,MAC-06,rg-mac-06-cloudops-prod,Microsoft.ContainerService/managedClusters,AKS Clusters,Compute,team:CloudOps,1148.36,INR,45.69,1 Hour
2026-01-02,sub-psiog-001,MAC-06,rg-mac-06-cloudops-prod,Microsoft.Storage/storageAccounts,Blob Storage,Storage,team:CloudOps,406.23,INR,20.32,1 Hour
2026-01-02,sub-psiog-001,MAC-06,rg-mac-06-cloudops-prod,Microsoft.Network/virtualNetworks,Virtual Networks,Networking,team:CloudOps,294.44,INR,10.57,1 Hour
2026-01-02,sub-psiog-001,MAC-06,rg-mac-06-cloudops-prod,Microsoft.Sql/servers/databases,SQL Database,Data Services,team:CloudOps,408.63,INR,40.61,1 Hour
2026-01-02,sub-psiog-001,MAC-07,rg-mac-07-ml-prod,Microsoft.ContainerService/managedClusters,AKS Clusters,Compute,team:ML,1430.88,INR,76.46,1 Hour
2026-01-02,sub-psiog-001,MAC-07,rg-mac-07-ml-prod,Microsoft.Storage/storageAccounts,Blob Storage,Storage,team:ML,458.62,INR,67.51,1 Hour
2026-01-02,sub-psiog-001,MAC-07,rg-mac-07-ml-prod,Microsoft.Network/loadBalancers,Load Balancers,Networking,team:ML,185.55,INR,96.2,1 Hour
2026-01-02,sub-psiog-001,MAC-07,rg-mac-07-ml-prod,Microsoft.DocumentDB/databaseAccounts,Cosmos DB,Data Services,team:ML,627.09,INR,77.03,1 Hour
2026-01-02,sub-psiog-001,MAC-07,rg-mac-07-research-prod,Microsoft.Compute/virtualMachines,Virtual Machines,Compute,team:Research,737.16,INR,75.83,1 Hour
2026-01-02,sub-psiog-001,MAC-07,rg-mac-07-research-prod,Microsoft.Storage/storageAccounts,Blob Storage,Storage,team:Research,422.17,INR,45.59,1 Hour
2026-01-02,sub-psiog-001,MAC-07,rg-mac-07-research-prod,Microsoft.Network/loadBalancers,Load Balancers,Networking,team:Research,190.75,INR,69.39,1 Hour
2026-01-02,sub-psiog-001,MAC-07,rg-mac-07-research-prod,Microsoft.Sql/servers/databases,SQL Database,Data Services,team:Research,745.37,INR,81.75,1 Hour
2026-01-02,sub-psiog-001,MAC-08,rg-mac-08-finance-prod,Microsoft.Compute/virtualMachines,Virtual Machines,Compute,team:Finance,309.65,INR,91.81,1 Hour
2026-01-02,sub-psiog-001,MAC-08,rg-mac-08-finance-prod,Microsoft.Storage/storageAccounts,Blob Storage,Storage,team:Finance,185.98,INR,15.22,1 Hour
2026-01-02,sub-psiog-001,MAC-08,rg-mac-08-finance-prod,Microsoft.Network/virtualNetworks,Virtual Networks,Networking,team:Finance,97.4,INR,15.41,1 Hour
2026-01-02,sub-psiog-001,MAC-08,rg-mac-08-finance-prod,Microsoft.Sql/servers/databases,SQL Database,Data Services,team:Finance,488.72,INR,84.59,1 Hour
2026-01-02,sub-psiog-001,MAC-08,rg-mac-08-operations-prod,Microsoft.Compute/virtualMachines,Virtual Machines,Compute,team:Operations,401.17,INR,67.7,1 Hour
2026-01-02,sub-psiog-001,MAC-08,rg-mac-08-operations-prod,Microsoft.Storage/storageAccounts,Blob Storage,Storage,team:Operations,342.45,INR,61.64,1 Hour
2026-01-02,sub-psiog-001,MAC-08,rg-mac-08-operations-prod,Microsoft.Network/loadBalancers,Load Balancers,Networking,team:Operations,111.14,INR,35.29,1 Hour
2026-01-02,sub-psiog-001,MAC-08,rg-mac-08-operations-prod,Microsoft.Sql/servers/databases,SQL Database,Data Services,team:Operations,335.22,INR,25.8,1 Hour
2026-01-03,sub-psiog-001,MAC-01,rg-mac-01-devops-prod,Microsoft.Compute/virtualMachines,Virtual Machines,Compute,team:DevOps,1290.85,INR,57.53,1 Hour
2026-01-03,sub-psiog-001,MAC-01,rg-mac-01-devops-prod,Microsoft.Storage/storageAccounts,Blob Storage,Storage,team:DevOps,329.89,INR,63.07,1 Hour
2026-01-03,sub-psiog-001,MAC-01,rg-mac-01-devops-prod,Microsoft.Network/loadBalancers,Load Balancers,Networking,team:DevOps,222.21,INR,66.61,1 Hour
2026-01-03,sub-psiog-001,MAC-01,rg-mac-01-devops-prod,Microsoft.Sql/servers/databases,SQL Database,Data Services,team:DevOps,395.41,INR,33.76,1 Hour
2026-01-03,sub-psiog-001,MAC-01,rg-mac-01-platform-prod,Microsoft.ContainerService/managedClusters,AKS Clusters,Compute,team:Platform,1113.96,INR,85.56,1 Hour
2026-01-03,sub-psiog-001,MAC-01,rg-mac-01-platform-prod,Microsoft.Storage/storageAccounts/fileServices,File Storage,Storage,team:Platform,261.58,INR,11.02,1 Hour
2026-01-03,sub-psiog-001,MAC-01,rg-mac-01-platform-prod,Microsoft.Network/loadBalancers,Load Balancers,Networking,team:Platform,220.92,INR,53.69,1 Hour
2026-01-03,sub-psiog-001,MAC-01,rg-mac-01-platform-prod,Microsoft.DocumentDB/databaseAccounts,Cosmos DB,Data Services,team:Platform,372.72,INR,48.28,1 Hour
2026-01-03,sub-psiog-001,MAC-02,rg-mac-02-dataengineering-prod,Microsoft.Compute/virtualMachines,Virtual Machines,Compute,team:DataEngineering,838.86,INR,35.2,1 Hour
2026-01-03,sub-psiog-001,MAC-02,rg-mac-02-dataengineering-prod,Microsoft.Storage/storageAccounts,Blob Storage,Storage,team:DataEngineering,549.92,INR,21.63,1 Hour
2026-01-03,sub-psiog-001,MAC-02,rg-mac-02-dataengineering-prod,Microsoft.Network/virtualNetworks,Virtual Networks,Networking,team:DataEngineering,201.66,INR,41.2,1 Hour
2026-01-03,sub-psiog-001,MAC-02,rg-mac-02-dataengineering-prod,Microsoft.Sql/servers/databases,SQL Database,Data Services,team:DataEngineering,815.54,INR,52.36,1 Hour
2026-01-03,sub-psiog-001,MAC-02,rg-mac-02-analytics-prod,Microsoft.Compute/virtualMachines,Virtual Machines,Compute,team:Analytics,725.84,INR,46.51,1 Hour
2026-01-03,sub-psiog-001,MAC-02,rg-mac-02-analytics-prod,Microsoft.Storage/storageAccounts,Blob Storage,Storage,team:Analytics,557.32,INR,26.68,1 Hour
2026-01-03,sub-psiog-001,MAC-02,rg-mac-02-analytics-prod,Microsoft.Network/virtualNetworks,Virtual Networks,Networking,team:Analytics,137.81,INR,16.15,1 Hour
2026-01-03,sub-psiog-001,MAC-02,rg-mac-02-analytics-prod,Microsoft.DocumentDB/databaseAccounts,Cosmos DB,Data Services,team:Analytics,974.94,INR,39.51,1 Hour
2026-01-03,sub-psiog-001,MAC-03,rg-mac-03-product-prod,Microsoft.ContainerService/managedClusters,AKS Clusters,Compute,team:Product,678.32,INR,39.14,1 Hour
2026-01-03,sub-psiog-001,MAC-03,rg-mac-03-product-prod,Microsoft.Storage/storageAccounts,Blob Storage,Storage,team:Product,210.59,INR,75.3,1 Hour
2026-01-03,sub-psiog-001,MAC-03,rg-mac-03-product-prod,Microsoft.Network/virtualNetworks,Virtual Networks,Networking,team:Product,103.7,INR,17.99,1 Hour
2026-01-03,sub-psiog-001,MAC-03,rg-mac-03-product-prod,Microsoft.DocumentDB/databaseAccounts,Cosmos DB,Data Services,team:Product,343.31,INR,11.62,1 Hour
2026-01-03,sub-psiog-001,MAC-03,rg-mac-03-frontend-prod,Microsoft.ContainerService/managedClusters,AKS Clusters,Compute,team:Frontend,526.84,INR,34.76,1 Hour
2026-01-03,sub-psiog-001,MAC-03,rg-mac-03-frontend-prod,Microsoft.Storage/storageAccounts/fileServices,File Storage,Storage,team:Frontend,155.28,INR,49.72,1 Hour
2026-01-03,sub-psiog-001,MAC-03,rg-mac-03-frontend-prod,Microsoft.Network/loadBalancers,Load Balancers,Networking,team:Frontend,110.45,INR,89.5,1 Hour
2026-01-03,sub-psiog-001,MAC-03,rg-mac-03-frontend-prod,Microsoft.DocumentDB/databaseAccounts,Cosmos DB,Data Services,team:Frontend,197.03,INR,2.14,1 Hour
2026-01-03,sub-psiog-001,MAC-04,rg-mac-04-backend-prod,Microsoft.ContainerService/managedClusters,AKS Clusters,Compute,team:Backend,941.74,INR,87.37,1 Hour
2026-01-03,sub-psiog-001,MAC-04,rg-mac-04-backend-prod,Microsoft.Storage/storageAccounts/fileServices,File Storage,Storage,team:Backend,403.37,INR,54.42,1 Hour
2026-01-03,sub-psiog-001,MAC-04,rg-mac-04-backend-prod,Microsoft.Network/loadBalancers,Load Balancers,Networking,team:Backend,226.36,INR,88.87,1 Hour
2026-01-03,sub-psiog-001,MAC-04,rg-mac-04-backend-prod,Microsoft.DocumentDB/databaseAccounts,Cosmos DB,Data Services,team:Backend,459.32,INR,11.17,1 Hour
2026-01-03,sub-psiog-001,MAC-04,rg-mac-04-qa-prod,Microsoft.ContainerService/managedClusters,AKS Clusters,Compute,team:QA,341.6,INR,57.73,1 Hour
2026-01-03,sub-psiog-001,MAC-04,rg-mac-04-qa-prod,Microsoft.Storage/storageAccounts,Blob Storage,Storage,team:QA,193.57,INR,83.27,1 Hour
2026-01-03,sub-psiog-001,MAC-04,rg-mac-04-qa-prod,Microsoft.Network/loadBalancers,Load Balancers,Networking,team:QA,77.92,INR,98.45,1 Hour
2026-01-03,sub-psiog-001,MAC-04,rg-mac-04-qa-prod,Microsoft.Sql/servers/databases,SQL Database,Data Services,team:QA,269.39,INR,26.84,1 Hour
2026-01-03,sub-psiog-001,MAC-05,rg-mac-05-security-prod,Microsoft.ContainerService/managedClusters,AKS Clusters,Compute,team:Security,806.81,INR,4.78,1 Hour
2026-01-03,sub-psiog-001,MAC-05,rg-mac-05-security-prod,Microsoft.Storage/storageAccounts/fileServices,File Storage,Storage,team:Security,272.41,INR,91.82,1 Hour
2026-01-03,sub-psiog-001,MAC-05,rg-mac-05-security-prod,Microsoft.Network/loadBalancers,Load Balancers,Networking,team:Security,277.54,INR,81.5,1 Hour
2026-01-03,sub-psiog-001,MAC-05,rg-mac-05-security-prod,Microsoft.Sql/servers/databases,SQL Database,Data Services,team:Security,382.3,INR,61.64,1 Hour
2026-01-03,sub-psiog-001,MAC-05,rg-mac-05-compliance-prod,Microsoft.ContainerService/managedClusters,AKS Clusters,Compute,team:Compliance,396.53,INR,46.21,1 Hour
2026-01-03,sub-psiog-001,MAC-05,rg-mac-05-compliance-prod,Microsoft.Storage/storageAccounts,Blob Storage,Storage,team:Compliance,218.6,INR,97.03,1 Hour
2026-01-03,sub-psiog-001,MAC-05,rg-mac-05-compliance-prod,Microsoft.Network/virtualNetworks,Virtual Networks,Networking,team:Compliance,155.29,INR,55.9,1 Hour
2026-01-03,sub-psiog-001,MAC-05,rg-mac-05-compliance-prod,Microsoft.DocumentDB/databaseAccounts,Cosmos DB,Data Services,team:Compliance,304.6,INR,92.51,1 Hour
2026-01-03,sub-psiog-001,MAC-06,rg-mac-06-infrastructure-prod,Microsoft.Compute/virtualMachines,Virtual Machines,Compute,team:Infrastructure,1378.07,INR,17.15,1 Hour
2026-01-03,sub-psiog-001,MAC-06,rg-mac-06-infrastructure-prod,Microsoft.Storage/storageAccounts,Blob Storage,Storage,team:Infrastructure,420.12,INR,53.85,1 Hour
2026-01-03,sub-psiog-001,MAC-06,rg-mac-06-infrastructure-prod,Microsoft.Network/virtualNetworks,Virtual Networks,Networking,team:Infrastructure,364.36,INR,37.1,1 Hour
2026-01-03,sub-psiog-001,MAC-06,rg-mac-06-infrastructure-prod,Microsoft.DocumentDB/databaseAccounts,Cosmos DB,Data Services,team:Infrastructure,482.46,INR,98.76,1 Hour
2026-01-03,sub-psiog-001,MAC-06,rg-mac-06-cloudops-prod,Microsoft.Compute/virtualMachines,Virtual Machines,Compute,team:CloudOps,1304.59,INR,89.61,1 Hour
2026-01-03,sub-psiog-001,MAC-06,rg-mac-06-cloudops-prod,Microsoft.Storage/storageAccounts/fileServices,File Storage,Storage,team:CloudOps,376.43,INR,87.26,1 Hour
2026-01-03,sub-psiog-001,MAC-06,rg-mac-06-cloudops-prod,Microsoft.Network/loadBalancers,Load Balancers,Networking,team:CloudOps,362.27,INR,51.82,1 Hour
2026-01-03,sub-psiog-001,MAC-06,rg-mac-06-cloudops-prod,Microsoft.Sql/servers/databases,SQL Database,Data Services,team:CloudOps,356.3,INR,8.45,1 Hour
2026-01-03,sub-psiog-001,MAC-07,rg-mac-07-ml-prod,Microsoft.Compute/virtualMachines,Virtual Machines,Compute,team:ML,1685.24,INR,17.45,1 Hour
2026-01-03,sub-psiog-001,MAC-07,rg-mac-07-ml-prod,Microsoft.Storage/storageAccounts,Blob Storage,Storage,team:ML,567.94,INR,50.0,1 Hour
2026-01-03,sub-psiog-001,MAC-07,rg-mac-07-ml-prod,Microsoft.Network/loadBalancers,Load Balancers,Networking,team:ML,192.15,INR,87.83,1 Hour
2026-01-03,sub-psiog-001,MAC-07,rg-mac-07-ml-prod,Microsoft.Sql/servers/databases,SQL Database,Data Services,team:ML,719.88,INR,62.77,1 Hour
2026-01-03,sub-psiog-001,MAC-07,rg-mac-07-research-prod,Microsoft.ContainerService/managedClusters,AKS Clusters,Compute,team:Research,690.65,INR,9.18,1 Hour
2026-01-03,sub-psiog-001,MAC-07,rg-mac-07-research-prod,Microsoft.Storage/storageAccounts/fileServices,File Storage,Storage,team:Research,398.7,INR,37.19,1 Hour
2026-01-03,sub-psiog-001,MAC-07,rg-mac-07-research-prod,Microsoft.Network/loadBalancers,Load Balancers,Networking,team:Research,184.47,INR,16.79,1 Hour
2026-01-03,sub-psiog-001,MAC-07,rg-mac-07-research-prod,Microsoft.Sql/servers/databases,SQL Database,Data Services,team:Research,656.69,INR,7.78,1 Hour
2026-01-03,sub-psiog-001,MAC-08,rg-mac-08-finance-prod,Microsoft.ContainerService/managedClusters,AKS Clusters,Compute,team:Finance,272.58,INR,86.73,1 Hour
2026-01-03,sub-psiog-001,MAC-08,rg-mac-08-finance-prod,Microsoft.Storage/storageAccounts/fileServices,File Storage,Storage,team:Finance,183.75,INR,91.73,1 Hour
2026-01-03,sub-psiog-001,MAC-08,rg-mac-08-finance-prod,Microsoft.Network/loadBalancers,Load Balancers,Networking,team:Finance,86.03,INR,52.45,1 Hour
2026-01-03,sub-psiog-001,MAC-08,rg-mac-08-finance-prod,Microsoft.Sql/servers/databases,SQL Database,Data Services,team:Finance,497.03,INR,74.1,1 Hour
2026-01-03,sub-psiog-001,MAC-08,rg-mac-08-operations-prod,Microsoft.ContainerService/managedClusters,AKS Clusters,Compute,team:Operations,485.56,INR,88.49,1 Hour
2026-01-03,sub-psiog-001,MAC-08,rg-mac-08-operations-prod,Microsoft.Storage/storageAccounts,Blob Storage,Storage,team:Operations,283.35,INR,12.29,1 Hour
2026-01-03,sub-psiog-001,MAC-08,rg-mac-08-operations-prod,Microsoft.Network/virtualNetworks,Virtual Networks,Networking,team:Operations,131.16,INR,85.3,1 Hour
2026-01-03,sub-psiog-001,MAC-08,rg-mac-08-operations-prod,Microsoft.DocumentDB/databaseAccounts,Cosmos DB,Data Services,team:Operations,420.6,INR,75.56,1 Hour
2026-01-04,sub-psiog-001,MAC-01,rg-mac-01-devops-prod,Microsoft.ContainerService/managedClusters,AKS Clusters,Compute,team:DevOps,1028.71,INR,64.21,1 Hour
2026-01-04,sub-psiog-001,MAC-01,rg-mac-01-devops-prod,Microsoft.Storage/storageAccounts/fileServices,File Storage,Storage,team:DevOps,282.6,INR,36.39,1 Hour
2026-01-04,sub-psiog-001,MAC-01,rg-mac-01-devops-prod,Microsoft.Network/loadBalancers,Load Balancers,Networking,team:DevOps,215.63,INR,52.96,1 Hour
2026-01-04,sub-psiog-001,MAC-01,rg-mac-01-devops-prod,Microsoft.DocumentDB/databaseAccounts,Cosmos DB,Data Services,team:DevOps,349.52,INR,90.05,1 Hour
2026-01-04,sub-psiog-001,MAC-01,rg-mac-01-platform-prod,Microsoft.Compute/virtualMachines,Virtual Machines,Compute,team:Platform,1234.74,INR,62.38,1 Hour
2026-01-04,sub-psiog-001,MAC-01,rg-mac-01-platform-prod,Microsoft.Storage/storageAccounts/fileServices,File Storage,Storage,team:Platform,320.15,INR,10.1,1 Hour
2026-01-04,sub-psiog-001,MAC-01,rg-mac-01-platform-prod,Microsoft.Network/loadBalancers,Load Balancers,Networking,team:Platform,216.14,INR,95.12,1 Hour
2026-01-04,sub-psiog-001,MAC-01,rg-mac-01-platform-prod,Microsoft.DocumentDB/databaseAccounts,Cosmos DB,Data Services,team:Platform,355.95,INR,73.27,1 Hour
2026-01-04,sub-psiog-001,MAC-02,rg-mac-02-dataengineering-prod,Microsoft.ContainerService/managedClusters,AKS Clusters,Compute,team:DataEngineering,900.82,INR,90.94,1 Hour
2026-01-04,sub-psiog-001,MAC-02,rg-mac-02-dataengineering-prod,Microsoft.Storage/storageAccounts/fileServices,File Storage,Storage,team:DataEngineering,637.88,INR,80.4,1 Hour
2026-01-04,sub-psiog-001,MAC-02,rg-mac-02-dataengineering-prod,Microsoft.Network/loadBalancers,Load Balancers,Networking,team:DataEngineering,190.4,INR,59.94,1 Hour
2026-01-04,sub-psiog-001,MAC-02,rg-mac-02-dataengineering-prod,Microsoft.DocumentDB/databaseAccounts,Cosmos DB,Data Services,team:DataEngineering,845.87,INR,36.84,1 Hour
2026-01-04,sub-psiog-001,MAC-02,rg-mac-02-analytics-prod,Microsoft.Compute/virtualMachines,Virtual Machines,Compute,team:Analytics,846.81,INR,41.67,1 Hour
2026-01-04,sub-psiog-001,MAC-02,rg-mac-02-analytics-prod,Microsoft.Storage/storageAccounts,Blob Storage,Storage,team:Analytics,587.59,INR,52.35,1 Hour
2026-01-04,sub-psiog-001,MAC-02,rg-mac-02-analytics-prod,Microsoft.Network/loadBalancers,Load Balancers,Networking,team:Analytics,183.54,INR,11.57,1 Hour
2026-01-04,sub-psiog-001,MAC-02,rg-mac-02-analytics-prod,Microsoft.DocumentDB/databaseAccounts,Cosmos DB,Data Services,team:Analytics,896.45,INR,97.03,1 Hour
2026-01-04,sub-psiog-001,MAC-03,rg-mac-03-product-prod,Microsoft.ContainerService/managedClusters,AKS Clusters,Compute,team:Product,693.51,INR,73.39,1 Hour
2026-01-04,sub-psiog-001,MAC-03,rg-mac-03-product-prod,Microsoft.Storage/storageAccounts/fileServices,File Storage,Storage,team:Product,212.98,INR,68.21,1 Hour
2026-01-04,sub-psiog-001,MAC-03,rg-mac-03-product-prod,Microsoft.Network/loadBalancers,Load Balancers,Networking,team:Product,127.39,INR,62.44,1 Hour
2026-01-04,sub-psiog-001,MAC-03,rg-mac-03-product-prod,Microsoft.DocumentDB/databaseAccounts,Cosmos DB,Data Services,team:Product,311.8,INR,58.59,1 Hour
2026-01-04,sub-psiog-001,MAC-03,rg-mac-03-frontend-prod,Microsoft.Compute/virtualMachines,Virtual Machines,Compute,team:Frontend,493.72,INR,46.75,1 Hour
2026-01-04,sub-psiog-001,MAC-03,rg-mac-03-frontend-prod,Microsoft.Storage/storageAccounts/fileServices,File Storage,Storage,team:Frontend,141.4,INR,9.99,1 Hour
2026-01-04,sub-psiog-001,MAC-03,rg-mac-03-frontend-prod,Microsoft.Network/loadBalancers,Load Balancers,Networking,team:Frontend,99.23,INR,55.91,1 Hour
2026-01-04,sub-psiog-001,MAC-03,rg-mac-03-frontend-prod,Microsoft.Sql/servers/databases,SQL Database,Data Services,team:Frontend,204.57,INR,4.44,1 Hour
2026-01-04,sub-psiog-001,MAC-04,rg-mac-04-backend-prod,Microsoft.ContainerService/managedClusters,AKS Clusters,Compute,team:Backend,873.71,INR,96.74,1 Hour
2026-01-04,sub-psiog-001,MAC-04,rg-mac-04-backend-prod,Microsoft.Storage/storageAccounts/fileServices,File Storage,Storage,team:Backend,315.94,INR,26.98,1 Hour
2026-01-04,sub-psiog-001,MAC-04,rg-mac-04-backend-prod,Microsoft.Network/virtualNetworks,Virtual Networks,Networking,team:Backend,202.73,INR,39.94,1 Hour
2026-01-04,sub-psiog-001,MAC-04,rg-mac-04-backend-prod,Microsoft.DocumentDB/databaseAccounts,Cosmos DB,Data Services,team:Backend,461.09,INR,61.78,1 Hour
2026-01-04,sub-psiog-001,MAC-04,rg-mac-04-qa-prod,Microsoft.Compute/virtualMachines,Virtual Machines,Compute,team:QA,386.38,INR,67.29,1 Hour
2026-01-04,sub-psiog-001,MAC-04,rg-mac-04-qa-prod,Microsoft.Storage/storageAccounts,Blob Storage,Storage,team:QA,173.32,INR,40.83,1 Hour
2026-01-04,sub-psiog-001,MAC-04,rg-mac-04-qa-prod,Microsoft.Network/virtualNetworks,Virtual Networks,Networking,team:QA,99.37,INR,11.68,1 Hour
2026-01-04,sub-psiog-001,MAC-04,rg-mac-04-qa-prod,Microsoft.DocumentDB/databaseAccounts,Cosmos DB,Data Services,team:QA,278.91,INR,94.81,1 Hour
2026-01-04,sub-psiog-001,MAC-05,rg-mac-05-security-prod,Microsoft.Compute/virtualMachines,Virtual Machines,Compute,team:Security,746.75,INR,79.39,1 Hour
2026-01-04,sub-psiog-001,MAC-05,rg-mac-05-security-prod,Microsoft.Storage/storageAccounts,Blob Storage,Storage,team:Security,268.06,INR,72.0,1 Hour
2026-01-04,sub-psiog-001,MAC-05,rg-mac-05-security-prod,Microsoft.Network/loadBalancers,Load Balancers,Networking,team:Security,325.43,INR,33.22,1 Hour
2026-01-04,sub-psiog-001,MAC-05,rg-mac-05-security-prod,Microsoft.DocumentDB/databaseAccounts,Cosmos DB,Data Services,team:Security,302.47,INR,55.24,1 Hour
2026-01-04,sub-psiog-001,MAC-05,rg-mac-05-compliance-prod,Microsoft.ContainerService/managedClusters,AKS Clusters,Compute,team:Compliance,401.48,INR,86.54,1 Hour
2026-01-04,sub-psiog-001,MAC-05,rg-mac-05-compliance-prod,Microsoft.Storage/storageAccounts/fileServices,File Storage,Storage,team:Compliance,251.64,INR,86.35,1 Hour
2026-01-04,sub-psiog-001,MAC-05,rg-mac-05-compliance-prod,Microsoft.Network/loadBalancers,Load Balancers,Networking,team:Compliance,169.78,INR,79.96,1 Hour
2026-01-04,sub-psiog-001,MAC-05,rg-mac-05-compliance-prod,Microsoft.Sql/servers/databases,SQL Database,Data Services,team:Compliance,307.81,INR,57.69,1 Hour
2026-01-04,sub-psiog-001,MAC-06,rg-mac-06-infrastructure-prod,Microsoft.ContainerService/managedClusters,AKS Clusters,Compute,team:Infrastructure,1456.36,INR,81.51,1 Hour
2026-01-04,sub-psiog-001,MAC-06,rg-mac-06-infrastructure-prod,Microsoft.Storage/storageAccounts,Blob Storage,Storage,team:Infrastructure,389.24,INR,16.05,1 Hour
2026-01-04,sub-psiog-001,MAC-06,rg-mac-06-infrastructure-prod,Microsoft.Network/loadBalancers,Load Balancers,Networking,team:Infrastructure,356.19,INR,59.98,1 Hour
2026-01-04,sub-psiog-001,MAC-06,rg-mac-06-infrastructure-prod,Microsoft.DocumentDB/databaseAccounts,Cosmos DB,Data Services,team:Infrastructure,388.19,INR,68.4,1 Hour
2026-01-04,sub-psiog-001,MAC-06,rg-mac-06-cloudops-prod,Microsoft.Compute/virtualMachines,Virtual Machines,Compute,team:CloudOps,1115.53,INR,83.92,1 Hour
2026-01-04,sub-psiog-001,MAC-06,rg-mac-06-cloudops-prod,Microsoft.Storage/storageAccounts,Blob Storage,Storage,team:CloudOps,401.22,INR,57.18,1 Hour
2026-01-04,sub-psiog-001,MAC-06,rg-mac-06-cloudops-prod,Microsoft.Network/virtualNetworks,Virtual Networks,Networking,team:CloudOps,320.41,INR,58.8,1 Hour
2026-01-04,sub-psiog-001,MAC-06,rg-mac-06-cloudops-prod,Microsoft.Sql/servers/databases,SQL Database,Data Services,team:CloudOps,405.45,INR,25.3,1 Hour
2026-01-04,sub-psiog-001,MAC-07,rg-mac-07-ml-prod,Microsoft.Compute/virtualMachines,Virtual Machines,Compute,team:ML,1518.74,INR,39.39,1 Hour
2026-01-04,sub-psiog-001,MAC-07,rg-mac-07-ml-prod,Microsoft.Storage/storageAccounts/fileServices,File Storage,Storage,team:ML,439.04,INR,58.24,1 Hour
2026-01-04,sub-psiog-001,MAC-07,rg-mac-07-ml-prod,Microsoft.Network/loadBalancers,Load Balancers,Networking,team:ML,229.66,INR,97.98,1 Hour
2026-01-04,sub-psiog-001,MAC-07,rg-mac-07-ml-prod,Microsoft.Sql/servers/databases,SQL Database,Data Services,team:ML,664.89,INR,82.06,1 Hour
2026-01-04,sub-psiog-001,MAC-07,rg-mac-07-research-prod,Microsoft.ContainerService/managedClusters,AKS Clusters,Compute,team:Research,921.74,INR,51.31,1 Hour
2026-01-04,sub-psiog-001,MAC-07,rg-mac-07-research-prod,Microsoft.Storage/storageAccounts/fileServices,File Storage,Storage,team:Research,451.54,INR,98.95,1 Hour
2026-01-04,sub-psiog-001,MAC-07,rg-mac-07-research-prod,Microsoft.Network/virtualNetworks,Virtual Networks,Networking,team:Research,176.27,INR,17.27,1 Hour
2026-01-04,sub-psiog-001,MAC-07,rg-mac-07-research-prod,Microsoft.DocumentDB/databaseAccounts,Cosmos DB,Data Services,team:Research,634.55,INR,55.81,1 Hour
2026-01-04,sub-psiog-001,MAC-08,rg-mac-08-finance-prod,Microsoft.Compute/virtualMachines,Virtual Machines,Compute,team:Finance,326.59,INR,84.0,1 Hour
2026-01-04,sub-psiog-001,MAC-08,rg-mac-08-finance-prod,Microsoft.Storage/storageAccounts,Blob Storage,Storage,team:Finance,183.77,INR,7.32,1 Hour
2026-01-04,sub-psiog-001,MAC-08,rg-mac-08-finance-prod,Microsoft.Network/virtualNetworks,Virtual Networks,Networking,team:Finance,97.32,INR,72.46,1 Hour
2026-01-04,sub-psiog-001,MAC-08,rg-mac-08-finance-prod,Microsoft.DocumentDB/databaseAccounts,Cosmos DB,Data Services,team:Finance,485.44,INR,80.89,1 Hour
2026-01-04,sub-psiog-001,MAC-08,rg-mac-08-operations-prod,Microsoft.Compute/virtualMachines,Virtual Machines,Compute,team:Operations,481.55,INR,10.03,1 Hour
2026-01-04,sub-psiog-001,MAC-08,rg-mac-08-operations-prod,Microsoft.Storage/storageAccounts/fileServices,File Storage,Storage,team:Operations,282.27,INR,9.06,1 Hour
2026-01-04,sub-psiog-001,MAC-08,rg-mac-08-operations-prod,Microsoft.Network/loadBalancers,Load Balancers,Networking,team:Operations,134.69,INR,77.16,1 Hour
2026-01-04,sub-psiog-001,MAC-08,rg-mac-08-operations-prod,Microsoft.Sql/servers/databases,SQL Database,Data Services,team:Operations,335.41,INR,13.45,1 Hour
2026-01-05,sub-psiog-001,MAC-01,rg-mac-01-devops-prod,Microsoft.ContainerService/managedClusters,AKS Clusters,Compute,team:DevOps,1211.62,INR,84.41,1 Hour
2026-01-05,sub-psiog-001,MAC-01,rg-mac-01-devops-prod,Microsoft.Storage/storageAccounts,Blob Storage,Storage,team:DevOps,306.98,INR,35.06,1 Hour
2026-01-05,sub-psiog-001,MAC-01,rg-mac-01-devops-prod,Microsoft.Network/virtualNetworks,Virtual Networks,Networking,team:DevOps,184.01,INR,16.87,1 Hour
2026-01-05,sub-psiog-001,MAC-01,rg-mac-01-devops-prod,Microsoft.DocumentDB/databaseAccounts,Cosmos DB,Data Services,team:DevOps,366.53,INR,68.64,1 Hour
2026-01-05,sub-psiog-001,MAC-01,rg-mac-01-platform-prod,Microsoft.Compute/virtualMachines,Virtual Machines,Compute,team:Platform,1242.19,INR,7.04,1 Hour
2026-01-05,sub-psiog-001,MAC-01,rg-mac-01-platform-prod,Microsoft.Storage/storageAccounts,Blob Storage,Storage,team:Platform,319.62,INR,44.64,1 Hour
2026-01-05,sub-psiog-001,MAC-01,rg-mac-01-platform-prod,Microsoft.Network/virtualNetworks,Virtual Networks,Networking,team:Platform,286.26,INR,70.14,1 Hour
2026-01-05,sub-psiog-001,MAC-01,rg-mac-01-platform-prod,Microsoft.DocumentDB/databaseAccounts,Cosmos DB,Data Services,team:Platform,348.49,INR,60.96,1 Hour
2026-01-05,sub-psiog-001,MAC-02,rg-mac-02-dataengineering-prod,Microsoft.ContainerService/managedClusters,AKS Clusters,Compute,team:DataEngineering,799.55,INR,14.82,1 Hour
2026-01-05,sub-psiog-001,MAC-02,rg-mac-02-dataengineering-prod,Microsoft.Storage/storageAccounts,Blob Storage,Storage,team:DataEngineering,597.8,INR,60.18,1 Hour
2026-01-05,sub-psiog-001,MAC-02,rg-mac-02-dataengineering-prod,Microsoft.Network/loadBalancers,Load Balancers,Networking,team:DataEngineering,177.1,INR,47.85,1 Hour
2026-01-05,sub-psiog-001,MAC-02,rg-mac-02-dataengineering-prod,Microsoft.Sql/servers/databases,SQL Database,Data Services,team:DataEngineering,989.84,INR,96.18,1 Hour
2026-01-05,sub-psiog-001,MAC-02,rg-mac-02-analytics-prod,Microsoft.Compute/virtualMachines,Virtual Machines,Compute,team:Analytics,846.9,INR,75.83,1 Hour
2026-01-05,sub-psiog-001,MAC-02,rg-mac-02-analytics-prod,Microsoft.Storage/storageAccounts/fileServices,File Storage,Storage,team:Analytics,536.76,INR,61.11,1 Hour
2026-01-05,sub-psiog-001,MAC-02,rg-mac-02-analytics-prod,Microsoft.Network/loadBalancers,Load Balancers,Networking,team:Analytics,179.11,INR,63.14,1 Hour
2026-01-05,sub-psiog-001,MAC-02,rg-mac-02-analytics-prod,Microsoft.Sql/servers/databases,SQL Database,Data Services,team:Analytics,927.69,INR,59.01,1 Hour
2026-01-05,sub-psiog-001,MAC-03,rg-mac-03-product-prod,Microsoft.ContainerService/managedClusters,AKS Clusters,Compute,team:Product,520.04,INR,55.22,1 Hour
2026-01-05,sub-psiog-001,MAC-03,rg-mac-03-product-prod,Microsoft.Storage/storageAccounts,Blob Storage,Storage,team:Product,212.79,INR,76.39,1 Hour
2026-01-05,sub-psiog-001,MAC-03,rg-mac-03-product-prod,Microsoft.Network/virtualNetworks,Virtual Networks,Networking,team:Product,114.9,INR,82.43,1 Hour
2026-01-05,sub-psiog-001,MAC-03,rg-mac-03-product-prod,Microsoft.DocumentDB/databaseAccounts,Cosmos DB,Data Services,team:Product,342.5,INR,64.53,1 Hour
2026-01-05,sub-psiog-001,MAC-03,rg-mac-03-frontend-prod,Microsoft.Compute/virtualMachines,Virtual Machines,Compute,team:Frontend,484.47,INR,21.49,1 Hour
2026-01-05,sub-psiog-001,MAC-03,rg-mac-03-frontend-prod,Microsoft.Storage/storageAccounts/fileServices,File Storage,Storage,team:Frontend,152.69,INR,77.43,1 Hour
2026-01-05,sub-psiog-001,MAC-03,rg-mac-03-frontend-prod,Microsoft.Network/loadBalancers,Load Balancers,Networking,team:Frontend,105.39,INR,42.35,1 Hour
2026-01-05,sub-psiog-001,MAC-03,rg-mac-03-frontend-prod,Microsoft.Sql/servers/databases,SQL Database,Data Services,team:Frontend,203.49,INR,3.55,1 Hour
2026-01-05,sub-psiog-001,MAC-04,rg-mac-04-backend-prod,Microsoft.ContainerService/managedClusters,AKS Clusters,Compute,team:Backend,1082.73,INR,67.99,1 Hour
2026-01-05,sub-psiog-001,MAC-04,rg-mac-04-backend-prod,Microsoft.Storage/storageAccounts/fileServices,File Storage,Storage,team:Backend,378.42,INR,9.97,1 Hour
2026-01-05,sub-psiog-001,MAC-04,rg-mac-04-backend-prod,Microsoft.Network/loadBalancers,Load Balancers,Networking,team:Backend,226.6,INR,38.87,1 Hour
2026-01-05,sub-psiog-001,MAC-04,rg-mac-04-backend-prod,Microsoft.Sql/servers/databases,SQL Database,Data Services,team:Backend,564.58,INR,51.06,1 Hour
2026-01-05,sub-psiog-001,MAC-04,rg-mac-04-qa-prod,Microsoft.Compute/virtualMachines,Virtual Machines,Compute,team:QA,380.46,INR,85.63,1 Hour
2026-01-05,sub-psiog-001,MAC-04,rg-mac-04-qa-prod,Microsoft.Storage/storageAccounts,Blob Storage,Storage,team:QA,190.69,INR,49.51,1 Hour
2026-01-05,sub-psiog-001,MAC-04,rg-mac-04-qa-prod,Microsoft.Network/loadBalancers,Load Balancers,Networking,team:QA,99.73,INR,78.9,1 Hour
2026-01-05,sub-psiog-001,MAC-04,rg-mac-04-qa-prod,Microsoft.Sql/servers/databases,SQL Database,Data Services,team:QA,240.09,INR,21.12,1 Hour
2026-01-05,sub-psiog-001,MAC-05,rg-mac-05-security-prod,Microsoft.ContainerService/managedClusters,AKS Clusters,Compute,team:Security,746.9,INR,91.79,1 Hour
2026-01-05,sub-psiog-001,MAC-05,rg-mac-05-security-prod,Microsoft.Storage/storageAccounts/fileServices,File Storage,Storage,team:Security,240.11,INR,92.97,1 Hour
2026-01-05,sub-psiog-001,MAC-05,rg-mac-05-security-prod,Microsoft.Network/virtualNetworks,Virtual Networks,Networking,team:Security,274.83,INR,90.11,1 Hour
2026-01-05,sub-psiog-001,MAC-05,rg-mac-05-security-prod,Microsoft.DocumentDB/databaseAccounts,Cosmos DB,Data Services,team:Security,405.07,INR,78.34,1 Hour
2026-01-05,sub-psiog-001,MAC-05,rg-mac-05-compliance-prod,Microsoft.ContainerService/managedClusters,AKS Clusters,Compute,team:Compliance,358.43,INR,16.56,1 Hour
2026-01-05,sub-psiog-001,MAC-05,rg-mac-05-compliance-prod,Microsoft.Storage/storageAccounts,Blob Storage,Storage,team:Compliance,218.02,INR,80.89,1 Hour
2026-01-05,sub-psiog-001,MAC-05,rg-mac-05-compliance-prod,Microsoft.Network/loadBalancers,Load Balancers,Networking,team:Compliance,142.09,INR,5.72,1 Hour
2026-01-05,sub-psiog-001,MAC-05,rg-mac-05-compliance-prod,Microsoft.Sql/servers/databases,SQL Database,Data Services,team:Compliance,283.19,INR,92.64,1 Hour
2026-01-05,sub-psiog-001,MAC-06,rg-mac-06-infrastructure-prod,Microsoft.ContainerService/managedClusters,AKS Clusters,Compute,team:Infrastructure,1272.3,INR,17.3,1 Hour
2026-01-05,sub-psiog-001,MAC-06,rg-mac-06-infrastructure-prod,Microsoft.Storage/storageAccounts,Blob Storage,Storage,team:Infrastructure,387.18,INR,96.46,1 Hour
2026-01-05,sub-psiog-001,MAC-06,rg-mac-06-infrastructure-prod,Microsoft.Network/virtualNetworks,Virtual Networks,Networking,team:Infrastructure,392.59,INR,94.13,1 Hour
2026-01-05,sub-psiog-001,MAC-06,rg-mac-06-infrastructure-prod,Microsoft.DocumentDB/databaseAccounts,Cosmos DB,Data Services,team:Infrastructure,480.84,INR,63.66,1 Hour
2026-01-05,sub-psiog-001,MAC-06,rg-mac-06-cloudops-prod,Microsoft.Compute/virtualMachines,Virtual Machines,Compute,team:CloudOps,1200.7,INR,36.71,1 Hour
2026-01-05,sub-psiog-001,MAC-06,rg-mac-06-cloudops-prod,Microsoft.Storage/storageAccounts,Blob Storage,Storage,team:CloudOps,378.77,INR,41.26,1 Hour
2026-01-05,sub-psiog-001,MAC-06,rg-mac-06-cloudops-prod,Microsoft.Network/loadBalancers,Load Balancers,Networking,team:CloudOps,299.09,INR,34.36,1 Hour
2026-01-05,sub-psiog-001,MAC-06,rg-mac-06-cloudops-prod,Microsoft.Sql/servers/databases,SQL Database,Data Services,team:CloudOps,402.9,INR,73.08,1 Hour
2026-01-05,sub-psiog-001,MAC-07,rg-mac-07-ml-prod,Microsoft.Compute/virtualMachines,Virtual Machines,Compute,team:ML,1757.12,INR,98.02,1 Hour
2026-01-05,sub-psiog-001,MAC-07,rg-mac-07-ml-prod,Microsoft.Storage/storageAccounts,Blob Storage,Storage,team:ML,549.63,INR,51.9,1 Hour
2026-01-05,sub-psiog-001,MAC-07,rg-mac-07-ml-prod,Microsoft.Network/virtualNetworks,Virtual Networks,Networking,team:ML,178.66,INR,91.34,1 Hour
2026-01-05,sub-psiog-001,MAC-07,rg-mac-07-ml-prod,Microsoft.DocumentDB/databaseAccounts,Cosmos DB,Data Services,team:ML,671.16,INR,60.53,1 Hour
2026-01-05,sub-psiog-001,MAC-07,rg-mac-07-research-prod,Microsoft.Compute/virtualMachines,Virtual Machines,Compute,team:Research,713.76,INR,87.9,1 Hour
2026-01-05,sub-psiog-001,MAC-07,rg-mac-07-research-prod,Microsoft.Storage/storageAccounts/fileServices,File Storage,Storage,team:Research,412.38,INR,44.57,1 Hour
2026-01-05,sub-psiog-001,MAC-07,rg-mac-07-research-prod,Microsoft.Network/virtualNetworks,Virtual Networks,Networking,team:Research,181.63,INR,84.0,1 Hour
2026-01-05,sub-psiog-001,MAC-07,rg-mac-07-research-prod,Microsoft.DocumentDB/databaseAccounts,Cosmos DB,Data Services,team:Research,695.48,INR,7.46,1 Hour
2026-01-05,sub-psiog-001,MAC-08,rg-mac-08-finance-prod,Microsoft.ContainerService/managedClusters,AKS Clusters,Compute,team:Finance,318.8,INR,39.08,1 Hour
2026-01-05,sub-psiog-001,MAC-08,rg-mac-08-finance-prod,Microsoft.Storage/storageAccounts/fileServices,File Storage,Storage,team:Finance,184.71,INR,20.15,1 Hour
2026-01-05,sub-psiog-001,MAC-08,rg-mac-08-finance-prod,Microsoft.Network/loadBalancers,Load Balancers,Networking,team:Finance,113.84,INR,46.25,1 Hour
2026-01-05,sub-psiog-001,MAC-08,rg-mac-08-finance-prod,Microsoft.Sql/servers/databases,SQL Database,Data Services,team:Finance,434.22,INR,88.39,1 Hour
2026-01-05,sub-psiog-001,MAC-08,rg-mac-08-operations-prod,Microsoft.ContainerService/managedClusters,AKS Clusters,Compute,team:Operations,398.98,INR,68.39,1 Hour
2026-01-05,sub-psiog-001,MAC-08,rg-mac-08-operations-prod,Microsoft.Storage/storageAccounts,Blob Storage,Storage,team:Operations,282.6,INR,29.06,1 Hour
2026-01-05,sub-psiog-001,MAC-08,rg-mac-08-operations-prod,Microsoft.Network/virtualNetworks,Virtual Networks,Networking,team:Operations,147.78,INR,32.98,1 Hour
2026-01-05,sub-psiog-001,MAC-08,rg-mac-08-operations-prod,Microsoft.Sql/servers/databases,SQL Database,Data Services,team:Operations,352.58,INR,80.09,1 Hour
2026-01-06,sub-psiog-001,MAC-01,rg-mac-01-devops-prod,Microsoft.ContainerService/managedClusters,AKS Clusters,Compute,team:DevOps,1040.37,INR,11.34,1 Hour
2026-01-06,sub-psiog-001,MAC-01,rg-mac-01-devops-prod,Microsoft.Storage/storageAccounts,Blob Storage,Storage,team:DevOps,269.11,INR,69.99,1 Hour
2026-01-06,sub-psiog-001,MAC-01,rg-mac-01-devops-prod,Microsoft.Network/loadBalancers,Load Balancers,Networking,team:DevOps,195.64,INR,78.16,1 Hour
2026-01-06,sub-psiog-001,MAC-01,rg-mac-01-devops-prod,Microsoft.DocumentDB/databaseAccounts,Cosmos DB,Data Services,team:DevOps,358.67,INR,15.72,1 Hour
2026-01-06,sub-psiog-001,MAC-01,rg-mac-01-platform-prod,Microsoft.Compute/virtualMachines,Virtual Machines,Compute,team:Platform,952.91,INR,32.6,1 Hour
2026-01-06,sub-psiog-001,MAC-01,rg-mac-01-platform-prod,Microsoft.Storage/storageAccounts/fileServices,File Storage,Storage,team:Platform,301.46,INR,20.82,1 Hour
2026-01-06,sub-psiog-001,MAC-01,rg-mac-01-platform-prod,Microsoft.Network/virtualNetworks,Virtual Networks,Networking,team:Platform,221.04,INR,64.66,1 Hour
2026-01-06,sub-psiog-001,MAC-01,rg-mac-01-platform-prod,Microsoft.Sql/servers/databases,SQL Database,Data Services,team:Platform,430.18,INR,32.73,1 Hour
2026-01-06,sub-psiog-001,MAC-02,rg-mac-02-dataengineering-prod,Microsoft.ContainerService/managedClusters,AKS Clusters,Compute,team:DataEngineering,807.74,INR,54.11,1 Hour
2026-01-06,sub-psiog-001,MAC-02,rg-mac-02-dataengineering-prod,Microsoft.Storage/storageAccounts,Blob Storage,Storage,team:DataEngineering,539.29,INR,70.1,1 Hour
2026-01-06,sub-psiog-001,MAC-02,rg-mac-02-dataengineering-prod,Microsoft.Network/virtualNetworks,Virtual Networks,Networking,team:DataEngineering,193.71,INR,82.47,1 Hour
2026-01-06,sub-psiog-001,MAC-02,rg-mac-02-dataengineering-prod,Microsoft.Sql/servers/databases,SQL Database,Data Services,team:DataEngineering,793.84,INR,61.26,1 Hour
2026-01-06,sub-psiog-001,MAC-02,rg-mac-02-analytics-prod,Microsoft.ContainerService/managedClusters,AKS Clusters,Compute,team:Analytics,764.89,INR,71.0,1 Hour
2026-01-06,sub-psiog-001,MAC-02,rg-mac-02-analytics-prod,Microsoft.Storage/storageAccounts,Blob Storage,Storage,team:Analytics,543.49,INR,89.25,1 Hour
2026-01-06,sub-psiog-001,MAC-02,rg-mac-02-analytics-prod,Microsoft.Network/loadBalancers,Load Balancers,Networking,team:Analytics,142.85,INR,83.65,1 Hour
2026-01-06,sub-psiog-001,MAC-02,rg-mac-02-analytics-prod,Microsoft.DocumentDB/databaseAccounts,Cosmos DB,Data Services,team:Analytics,987.26,INR,42.57,1 Hour
2026-01-06,sub-psiog-001,MAC-03,rg-mac-03-product-prod,Microsoft.Compute/virtualMachines,Virtual Machines,Compute,team:Product,593.06,INR,37.65,1 Hour
2026-01-06,sub-psiog-001,MAC-03,rg-mac-03-product-prod,Microsoft.Storage/storageAccounts/fileServices,File Storage,Storage,team:Product,225.14,INR,83.63,1 Hour
2026-01-06,sub-psiog-001,MAC-03,rg-mac-03-product-prod,Microsoft.Network/virtualNetworks,Virtual Networks,Networking,team:Product,136.48,INR,64.85,1 Hour
2026-01-06,sub-psiog-001,MAC-03,rg-mac-03-product-prod,Microsoft.Sql/servers/databases,SQL Database,Data Services,team:Product,304.22,INR,15.25,1 Hour
2026-01-06,sub-psiog-001,MAC-03,rg-mac-03-frontend-prod,Microsoft.ContainerService/managedClusters,AKS Clusters,Compute,team:Frontend,551.9,INR,82.04,1 Hour
2026-01-06,sub-psiog-001,MAC-03,rg-mac-03-frontend-prod,Microsoft.Storage/storageAccounts/fileServices,File Storage,Storage,team:Frontend,139.26,INR,10.55,1 Hour
2026-01-06,sub-psiog-001,MAC-03,rg-mac-03-frontend-prod,Microsoft.Network/virtualNetworks,Virtual Networks,Networking,team:Frontend,112.83,INR,41.67,1 Hour
2026-01-06,sub-psiog-001,MAC-03,rg-mac-03-frontend-prod,Microsoft.Sql/servers/databases,SQL Database,Data Services,team:Frontend,197.32,INR,70.93,1 Hour
2026-01-06,sub-psiog-001,MAC-04,rg-mac-04-backend-prod,Microsoft.Compute/virtualMachines,Virtual Machines,Compute,team:Backend,931.8,INR,25.65,1 Hour
2026-01-06,sub-psiog-001,MAC-04,rg-mac-04-backend-prod,Microsoft.Storage/storageAccounts/fileServices,File Storage,Storage,team:Backend,322.47,INR,35.76,1 Hour
2026-01-06,sub-psiog-001,MAC-04,rg-mac-04-backend-prod,Microsoft.Network/virtualNetworks,Virtual Networks,Networking,team:Backend,200.78,INR,63.92,1 Hour
2026-01-06,sub-psiog-001,MAC-04,rg-mac-04-backend-prod,Microsoft.DocumentDB/databaseAccounts,Cosmos DB,Data Services,team:Backend,555.44,INR,85.94,1 Hour
2026-01-06,sub-psiog-001,MAC-04,rg-mac-04-qa-prod,Microsoft.Compute/virtualMachines,Virtual Machines,Compute,team:QA,390.66,INR,83.06,1 Hour
2026-01-06,sub-psiog-001,MAC-04,rg-mac-04-qa-prod,Microsoft.Storage/storageAccounts,Blob Storage,Storage,team:QA,160.56,INR,61.83,1 Hour
2026-01-06,sub-psiog-001,MAC-04,rg-mac-04-qa-prod,Microsoft.Network/loadBalancers,Load Balancers,Networking,team:QA,102.6,INR,83.1,1 Hour
2026-01-06,sub-psiog-001,MAC-04,rg-mac-04-qa-prod,Microsoft.DocumentDB/databaseAccounts,Cosmos DB,Data Services,team:QA,239.33,INR,86.68,1 Hour
2026-01-06,sub-psiog-001,MAC-05,rg-mac-05-security-prod,Microsoft.ContainerService/managedClusters,AKS Clusters,Compute,team:Security,652.5,INR,66.24,1 Hour
2026-01-06,sub-psiog-001,MAC-05,rg-mac-05-security-prod,Microsoft.Storage/storageAccounts,Blob Storage,Storage,team:Security,255.66,INR,62.28,1 Hour
2026-01-06,sub-psiog-001,MAC-05,rg-mac-05-security-prod,Microsoft.Network/virtualNetworks,Virtual Networks,Networking,team:Security,266.9,INR,68.76,1 Hour
2026-01-06,sub-psiog-001,MAC-05,rg-mac-05-security-prod,Microsoft.DocumentDB/databaseAccounts,Cosmos DB,Data Services,team:Security,367.19,INR,47.65,1 Hour
2026-01-06,sub-psiog-001,MAC-05,rg-mac-05-compliance-prod,Microsoft.ContainerService/managedClusters,AKS Clusters,Compute,team:Compliance,368.48,INR,46.12,1 Hour
2026-01-06,sub-psiog-001,MAC-05,rg-mac-05-compliance-prod,Microsoft.Storage/storageAccounts,Blob Storage,Storage,team:Compliance,218.21,INR,90.1,1 Hour
2026-01-06,sub-psiog-001,MAC-05,rg-mac-05-compliance-prod,Microsoft.Network/loadBalancers,Load Balancers,Networking,team:Compliance,146.04,INR,24.47,1 Hour
2026-01-06,sub-psiog-001,MAC-05,rg-mac-05-compliance-prod,Microsoft.Sql/servers/databases,SQL Database,Data Services,team:Compliance,265.45,INR,84.25,1 Hour
2026-01-06,sub-psiog-001,MAC-06,rg-mac-06-infrastructure-prod,Microsoft.ContainerService/managedClusters,AKS Clusters,Compute,team:Infrastructure,1525.96,INR,75.06,1 Hour
2026-01-06,sub-psiog-001,MAC-06,rg-mac-06-infrastructure-prod,Microsoft.Storage/storageAccounts,Blob Storage,Storage,team:Infrastructure,376.23,INR,94.23,1 Hour
2026-01-06,sub-psiog-001,MAC-06,rg-mac-06-infrastructure-prod,Microsoft.Network/loadBalancers,Load Balancers,Networking,team:Infrastructure,343.86,INR,55.33,1 Hour
2026-01-06,sub-psiog-001,MAC-06,rg-mac-06-infrastructure-prod,Microsoft.DocumentDB/databaseAccounts,Cosmos DB,Data Services,team:Infrastructure,438.76,INR,70.09,1 Hour
2026-01-06,sub-psiog-001,MAC-06,rg-mac-06-cloudops-prod,Microsoft.Compute/virtualMachines,Virtual Machines,Compute,team:CloudOps,1146.24,INR,3.15,1 Hour
2026-01-06,sub-psiog-001,MAC-06,rg-mac-06-cloudops-prod,Microsoft.Storage/storageAccounts/fileServices,File Storage,Storage,team:CloudOps,370.0,INR,93.41,1 Hour
2026-01-06,sub-psiog-001,MAC-06,rg-mac-06-cloudops-prod,Microsoft.Network/loadBalancers,Load Balancers,Networking,team:CloudOps,324.08,INR,75.91,1 Hour
2026-01-06,sub-psiog-001,MAC-06,rg-mac-06-cloudops-prod,Microsoft.Sql/servers/databases,SQL Database,Data Services,team:CloudOps,428.73,INR,17.78,1 Hour
2026-01-06,sub-psiog-001,MAC-07,rg-mac-07-ml-prod,Microsoft.ContainerService/managedClusters,AKS Clusters,Compute,team:ML,1505.38,INR,58.81,1 Hour
2026-01-06,sub-psiog-001,MAC-07,rg-mac-07-ml-prod,Microsoft.Storage/storageAccounts,Blob Storage,Storage,team:ML,480.61,INR,54.06,1 Hour
2026-01-06,sub-psiog-001,MAC-07,rg-mac-07-ml-prod,Microsoft.Network/loadBalancers,Load Balancers,Networking,team:ML,219.5,INR,42.68,1 Hour
2026-01-06,sub-psiog-001,MAC-07,rg-mac-07-ml-prod,Microsoft.Sql/servers/databases,SQL Database,Data Services,team:ML,777.19,INR,81.49,1 Hour
2026-01-06,sub-psiog-001,MAC-07,rg-mac-07-research-prod,Microsoft.ContainerService/managedClusters,AKS Clusters,Compute,team:Research,864.38,INR,25.39,1 Hour
2026-01-06,sub-psiog-001,MAC-07,rg-mac-07-research-prod,Microsoft.Storage/storageAccounts,Blob Storage,Storage,team:Research,434.21,INR,62.84,1 Hour
2026-01-06,sub-psiog-001,MAC-07,rg-mac-07-research-prod,Microsoft.Network/loadBalancers,Load Balancers,Networking,team:Research,167.62,INR,9.0,1 Hour
2026-01-06,sub-psiog-001,MAC-07,rg-mac-07-research-prod,Microsoft.Sql/servers/databases,SQL Database,Data Services,team:Research,749.7,INR,70.4,1 Hour
2026-01-06,sub-psiog-001,MAC-08,rg-mac-08-finance-prod,Microsoft.Compute/virtualMachines,Virtual Machines,Compute,team:Finance,302.09,INR,92.06,1 Hour
2026-01-06,sub-psiog-001,MAC-08,rg-mac-08-finance-prod,Microsoft.Storage/storageAccounts/fileServices,File Storage,Storage,team:Finance,213.74,INR,94.6,1 Hour
2026-01-06,sub-psiog-001,MAC-08,rg-mac-08-finance-prod,Microsoft.Network/loadBalancers,Load Balancers,Networking,team:Finance,96.77,INR,98.97,1 Hour
2026-01-06,sub-psiog-001,MAC-08,rg-mac-08-finance-prod,Microsoft.Sql/servers/databases,SQL Database,Data Services,team:Finance,477.94,INR,81.74,1 Hour
2026-01-06,sub-psiog-001,MAC-08,rg-mac-08-operations-prod,Microsoft.Compute/virtualMachines,Virtual Machines,Compute,team:Operations,497.72,INR,19.98,1 Hour
2026-01-06,sub-psiog-001,MAC-08,rg-mac-08-operations-prod,Microsoft.Storage/storageAccounts/fileServices,File Storage,Storage,team:Operations,334.67,INR,23.97,1 Hour
2026-01-06,sub-psiog-001,MAC-08,rg-mac-08-operations-prod,Microsoft.Network/virtualNetworks,Virtual Networks,Networking,team:Operations,148.82,INR,90.9,1 Hour
2026-01-06,sub-psiog-001,MAC-08,rg-mac-08-operations-prod,Microsoft.DocumentDB/databaseAccounts,Cosmos DB,Data Services,team:Operations,387.11,INR,19.37,1 Hour
2026-01-07,sub-psiog-001,MAC-01,rg-mac-01-devops-prod,Microsoft.Compute/virtualMachines,Virtual Machines,Compute,team:DevOps,1040.05,INR,17.36,1 Hour
2026-01-07,sub-psiog-001,MAC-01,rg-mac-01-devops-prod,Microsoft.Storage/storageAccounts/fileServices,File Storage,Storage,team:DevOps,285.98,INR,37.06,1 Hour
2026-01-07,sub-psiog-001,MAC-01,rg-mac-01-devops-prod,Microsoft.Network/loadBalancers,Load Balancers,Networking,team:DevOps,172.43,INR,86.78,1 Hour
2026-01-07,sub-psiog-001,MAC-01,rg-mac-01-devops-prod,Microsoft.Sql/servers/databases,SQL Database,Data Services,team:DevOps,442.41,INR,33.26,1 Hour
2026-01-07,sub-psiog-001,MAC-01,rg-mac-01-platform-prod,Microsoft.ContainerService/managedClusters,AKS Clusters,Compute,team:Platform,1076.85,INR,38.02,1 Hour
2026-01-07,sub-psiog-001,MAC-01,rg-mac-01-platform-prod,Microsoft.Storage/storageAccounts,Blob Storage,Storage,team:Platform,286.95,INR,65.77,1 Hour
2026-01-07,sub-psiog-001,MAC-01,rg-mac-01-platform-prod,Microsoft.Network/loadBalancers,Load Balancers,Networking,team:Platform,224.37,INR,74.93,1 Hour
2026-01-07,sub-psiog-001,MAC-01,rg-mac-01-platform-prod,Microsoft.Sql/servers/databases,SQL Database,Data Services,team:Platform,422.85,INR,35.86,1 Hour
2026-01-07,sub-psiog-001,MAC-02,rg-mac-02-dataengineering-prod,Microsoft.Compute/virtualMachines,Virtual Machines,Compute,team:DataEngineering,923.65,INR,89.9,1 Hour
2026-01-07,sub-psiog-001,MAC-02,rg-mac-02-dataengineering-prod,Microsoft.Storage/storageAccounts/fileServices,File Storage,Storage,team:DataEngineering,537.89,INR,59.11,1 Hour
2026-01-07,sub-psiog-001,MAC-02,rg-mac-02-dataengineering-prod,Microsoft.Network/loadBalancers,Load Balancers,Networking,team:DataEngineering,187.87,INR,49.79,1 Hour
2026-01-07,sub-psiog-001,MAC-02,rg-mac-02-dataengineering-prod,Microsoft.Sql/servers/databases,SQL Database,Data Services,team:DataEngineering,1028.06,INR,60.74,1 Hour
2026-01-07,sub-psiog-001,MAC-02,rg-mac-02-analytics-prod,Microsoft.Compute/virtualMachines,Virtual Machines,Compute,team:Analytics,899.58,INR,83.13,1 Hour
2026-01-07,sub-psiog-001,MAC-02,rg-mac-02-analytics-prod,Microsoft.Storage/storageAccounts/fileServices,File Storage,Storage,team:Analytics,561.3,INR,88.21,1 Hour
2026-01-07,sub-psiog-001,MAC-02,rg-mac-02-analytics-prod,Microsoft.Network/loadBalancers,Load Balancers,Networking,team:Analytics,142.99,INR,8.86,1 Hour
2026-01-07,sub-psiog-001,MAC-02,rg-mac-02-analytics-prod,Microsoft.DocumentDB/databaseAccounts,Cosmos DB,Data Services,team:Analytics,978.29,INR,36.02,1 Hour
2026-01-07,sub-psiog-001,MAC-03,rg-mac-03-product-prod,Microsoft.Compute/virtualMachines,Virtual Machines,Compute,team:Product,549.21,INR,67.87,1 Hour
2026-01-07,sub-psiog-001,MAC-03,rg-mac-03-product-prod,Microsoft.Storage/storageAccounts/fileServices,File Storage,Storage,team:Product,192.57,INR,58.47,1 Hour
2026-01-07,sub-psiog-001,MAC-03,rg-mac-03-product-prod,Microsoft.Network/virtualNetworks,Virtual Networks,Networking,team:Product,119.97,INR,91.92,1 Hour
2026-01-07,sub-psiog-001,MAC-03,rg-mac-03-product-prod,Microsoft.Sql/servers/databases,SQL Database,Data Services,team:Product,273.29,INR,19.84,1 Hour
2026-01-07,sub-psiog-001,MAC-03,rg-mac-03-frontend-prod,Microsoft.ContainerService/managedClusters,AKS Clusters,Compute,team:Frontend,442.89,INR,76.28,1 Hour
2026-01-07,sub-psiog-001,MAC-03,rg-mac-03-frontend-prod,Microsoft.Storage/storageAccounts,Blob Storage,Storage,team:Frontend,163.84,INR,95.1,1 Hour
2026-01-07,sub-psiog-001,MAC-03,rg-mac-03-frontend-prod,Microsoft.Network/loadBalancers,Load Balancers,Networking,team:Frontend,97.37,INR,84.1,1 Hour
2026-01-07,sub-psiog-001,MAC-03,rg-mac-03-frontend-prod,Microsoft.DocumentDB/databaseAccounts,Cosmos DB,Data Services,team:Frontend,188.37,INR,82.05,1 Hour
2026-01-07,sub-psiog-001,MAC-04,rg-mac-04-backend-prod,Microsoft.ContainerService/managedClusters,AKS Clusters,Compute,team:Backend,1053.97,INR,36.64,1 Hour
2026-01-07,sub-psiog-001,MAC-04,rg-mac-04-backend-prod,Microsoft.Storage/storageAccounts/fileServices,File Storage,Storage,team:Backend,323.42,INR,19.98,1 Hour
2026-01-07,sub-psiog-001,MAC-04,rg-mac-04-backend-prod,Microsoft.Network/virtualNetworks,Virtual Networks,Networking,team:Backend,229.81,INR,55.17,1 Hour
2026-01-07,sub-psiog-001,MAC-04,rg-mac-04-backend-prod,Microsoft.DocumentDB/databaseAccounts,Cosmos DB,Data Services,team:Backend,574.65,INR,83.61,1 Hour
2026-01-07,sub-psiog-001,MAC-04,rg-mac-04-qa-prod,Microsoft.Compute/virtualMachines,Virtual Machines,Compute,team:QA,382.66,INR,39.6,1 Hour
2026-01-07,sub-psiog-001,MAC-04,rg-mac-04-qa-prod,Microsoft.Storage/storageAccounts/fileServices,File Storage,Storage,team:QA,161.29,INR,44.61,1 Hour
2026-01-07,sub-psiog-001,MAC-04,rg-mac-04-qa-prod,Microsoft.Network/loadBalancers,Load Balancers,Networking,team:QA,94.0,INR,90.02,1 Hour
2026-01-07,sub-psiog-001,MAC-04,rg-mac-04-qa-prod,Microsoft.Sql/servers/databases,SQL Database,Data Services,team:QA,276.39,INR,5.93,1 Hour
2026-01-07,sub-psiog-001,MAC-05,rg-mac-05-security-prod,Microsoft.Compute/virtualMachines,Virtual Machines,Compute,team:Security,714.97,INR,87.58,1 Hour
2026-01-07,sub-psiog-001,MAC-05,rg-mac-05-security-prod,Microsoft.Storage/storageAccounts,Blob Storage,Storage,team:Security,268.06,INR,53.56,1 Hour
2026-01-07,sub-psiog-001,MAC-05,rg-mac-05-security-prod,Microsoft.Network/loadBalancers,Load Balancers,Networking,team:Security,303.71,INR,20.47,1 Hour
2026-01-07,sub-psiog-001,MAC-05,rg-mac-05-security-prod,Microsoft.DocumentDB/databaseAccounts,Cosmos DB,Data Services,team:Security,321.79,INR,17.94,1 Hour
2026-01-07,sub-psiog-001,MAC-05,rg-mac-05-compliance-prod,Microsoft.Compute/virtualMachines,Virtual Machines,Compute,team:Compliance,345.75,INR,54.8,1 Hour
2026-01-07,sub-psiog-001,MAC-05,rg-mac-05-compliance-prod,Microsoft.Storage/storageAccounts/fileServices,File Storage,Storage,team:Compliance,226.27,INR,72.53,1 Hour
2026-01-07,sub-psiog-001,MAC-05,rg-mac-05-compliance-prod,Microsoft.Network/loadBalancers,Load Balancers,Networking,team:Compliance,130.54,INR,13.61,1 Hour
2026-01-07,sub-psiog-001,MAC-05,rg-mac-05-compliance-prod,Microsoft.DocumentDB/databaseAccounts,Cosmos DB,Data Services,team:Compliance,287.26,INR,1.41,1 Hour
2026-01-07,sub-psiog-001,MAC-06,rg-mac-06-infrastructure-prod,Microsoft.ContainerService/managedClusters,AKS Clusters,Compute,team:Infrastructure,1503.44,INR,24.08,1 Hour
2026-01-07,sub-psiog-001,MAC-06,rg-mac-06-infrastructure-prod,Microsoft.Storage/storageAccounts/fileServices,File Storage,Storage,team:Infrastructure,391.76,INR,84.49,1 Hour
2026-01-07,sub-psiog-001,MAC-06,rg-mac-06-infrastructure-prod,Microsoft.Network/virtualNetworks,Virtual Networks,Networking,team:Infrastructure,313.01,INR,66.46,1 Hour
2026-01-07,sub-psiog-001,MAC-06,rg-mac-06-infrastructure-prod,Microsoft.Sql/servers/databases,SQL Database,Data Services,team:Infrastructure,435.97,INR,29.31,1 Hour
2026-01-07,sub-psiog-001,MAC-06,rg-mac-06-cloudops-prod,Microsoft.Compute/virtualMachines,Virtual Machines,Compute,team:CloudOps,1122.4,INR,25.57,1 Hour
2026-01-07,sub-psiog-001,MAC-06,rg-mac-06-cloudops-prod,Microsoft.Storage/storageAccounts,Blob Storage,Storage,team:CloudOps,351.07,INR,44.82,1 Hour
2026-01-07,sub-psiog-001,MAC-06,rg-mac-06-cloudops-prod,Microsoft.Network/virtualNetworks,Virtual Networks,Networking,team:CloudOps,294.28,INR,76.56,1 Hour
2026-01-07,sub-psiog-001,MAC-06,rg-mac-06-cloudops-prod,Microsoft.DocumentDB/databaseAccounts,Cosmos DB,Data Services,team:CloudOps,444.18,INR,71.71,1 Hour
2026-01-07,sub-psiog-001,MAC-07,rg-mac-07-ml-prod,Microsoft.ContainerService/managedClusters,AKS Clusters,Compute,team:ML,1792.12,INR,59.01,1 Hour
2026-01-07,sub-psiog-001,MAC-07,rg-mac-07-ml-prod,Microsoft.Storage/storageAccounts,Blob Storage,Storage,team:ML,470.01,INR,2.85,1 Hour
2026-01-07,sub-psiog-001,MAC-07,rg-mac-07-ml-prod,Microsoft.Network/virtualNetworks,Virtual Networks,Networking,team:ML,173.34,INR,61.41,1 Hour
2026-01-07,sub-psiog-001,MAC-07,rg-mac-07-ml-prod,Microsoft.DocumentDB/databaseAccounts,Cosmos DB,Data Services,team:ML,761.6,INR,41.44,1 Hour
2026-01-07,sub-psiog-001,MAC-07,rg-mac-07-research-prod,Microsoft.Compute/virtualMachines,Virtual Machines,Compute,team:Research,930.57,INR,58.16,1 Hour
2026-01-07,sub-psiog-001,MAC-07,rg-mac-07-research-prod,Microsoft.Storage/storageAccounts,Blob Storage,Storage,team:Research,419.47,INR,72.6,1 Hour
2026-01-07,sub-psiog-001,MAC-07,rg-mac-07-research-prod,Microsoft.Network/virtualNetworks,Virtual Networks,Networking,team:Research,203.77,INR,11.64,1 Hour
2026-01-07,sub-psiog-001,MAC-07,rg-mac-07-research-prod,Microsoft.Sql/servers/databases,SQL Database,Data Services,team:Research,616.25,INR,92.15,1 Hour
2026-01-07,sub-psiog-001,MAC-08,rg-mac-08-finance-prod,Microsoft.ContainerService/managedClusters,AKS Clusters,Compute,team:Finance,313.61,INR,9.15,1 Hour
2026-01-07,sub-psiog-001,MAC-08,rg-mac-08-finance-prod,Microsoft.Storage/storageAccounts,Blob Storage,Storage,team:Finance,232.18,INR,71.22,1 Hour
2026-01-07,sub-psiog-001,MAC-08,rg-mac-08-finance-prod,Microsoft.Network/virtualNetworks,Virtual Networks,Networking,team:Finance,109.82,INR,3.7,1 Hour
2026-01-07,sub-psiog-001,MAC-08,rg-mac-08-finance-prod,Microsoft.DocumentDB/databaseAccounts,Cosmos DB,Data Services,team:Finance,410.64,INR,64.11,1 Hour
2026-01-07,sub-psiog-001,MAC-08,rg-mac-08-operations-prod,Microsoft.Compute/virtualMachines,Virtual Machines,Compute,team:Operations,509.15,INR,99.06,1 Hour
2026-01-07,sub-psiog-001,MAC-08,rg-mac-08-operations-prod,Microsoft.Storage/storageAccounts/fileServices,File Storage,Storage,team:Operations,278.91,INR,64.53,1 Hour
2026-01-07,sub-psiog-001,MAC-08,rg-mac-08-operations-prod,Microsoft.Network/loadBalancers,Load Balancers,Networking,team:Operations,121.27,INR,4.28,1 Hour
2026-01-07,sub-psiog-001,MAC-08,rg-mac-08-operations-prod,Microsoft.DocumentDB/databaseAccounts,Cosmos DB,Data Services,team:Operations,414.74,INR,59.23,1 Hour
2026-01-08,sub-psiog-001,MAC-01,rg-mac-01-devops-prod,Microsoft.Compute/virtualMachines,Virtual Machines,Compute,team:DevOps,1100.99,INR,60.45,1 Hour
2026-01-08,sub-psiog-001,MAC-01,rg-mac-01-devops-prod,Microsoft.Storage/storageAccounts/fileServices,File Storage,Storage,team:DevOps,303.44,INR,45.27,1 Hour
2026-01-08,sub-psiog-001,MAC-01,rg-mac-01-devops-prod,Microsoft.Network/loadBalancers,Load Balancers,Networking,team:DevOps,210.03,INR,82.89,1 Hour
2026-01-08,sub-psiog-001,MAC-01,rg-mac-01-devops-prod,Microsoft.Sql/servers/databases,SQL Database,Data Services,team:DevOps,463.2,INR,84.09,1 Hour
2026-01-08,sub-psiog-001,MAC-01,rg-mac-01-platform-prod,Microsoft.ContainerService/managedClusters,AKS Clusters,Compute,team:Platform,1171.91,INR,1.64,1 Hour
2026-01-08,sub-psiog-001,MAC-01,rg-mac-01-platform-prod,Microsoft.Storage/storageAccounts,Blob Storage,Storage,team:Platform,292.29,INR,56.05,1 Hour
2026-01-08,sub-psiog-001,MAC-01,rg-mac-01-platform-prod,Microsoft.Network/virtualNetworks,Virtual Networks,Networking,team:Platform,272.92,INR,99.71,1 Hour
2026-01-08,sub-psiog-001,MAC-01,rg-mac-01-platform-prod,Microsoft.Sql/servers/databases,SQL Database,Data Services,team:Platform,424.42,INR,18.06,1 Hour
2026-01-08,sub-psiog-001,MAC-02,rg-mac-02-dataengineering-prod,Microsoft.ContainerService/managedClusters,AKS Clusters,Compute,team:DataEngineering,784.99,INR,1.2,1 Hour
2026-01-08,sub-psiog-001,MAC-02,rg-mac-02-dataengineering-prod,Microsoft.Storage/storageAccounts,Blob Storage,Storage,team:DataEngineering,564.43,INR,79.86,1 Hour
2026-01-08,sub-psiog-001,MAC-02,rg-mac-02-dataengineering-prod,Microsoft.Network/virtualNetworks,Virtual Networks,Networking,team:DataEngineering,165.54,INR,22.45,1 Hour
2026-01-08,sub-psiog-001,MAC-02,rg-mac-02-dataengineering-prod,Microsoft.Sql/servers/databases,SQL Database,Data Services,team:DataEngineering,798.03,INR,8.08,1 Hour
2026-01-08,sub-psiog-001,MAC-02,rg-mac-02-analytics-prod,Microsoft.ContainerService/managedClusters,AKS Clusters,Compute,team:Analytics,963.14,INR,34.99,1 Hour
2026-01-08,sub-psiog-001,MAC-02,rg-mac-02-analytics-prod,Microsoft.Storage/storageAccounts/fileServices,File Storage,Storage,team:Analytics,622.79,INR,88.61,1 Hour
2026-01-08,sub-psiog-001,MAC-02,rg-mac-02-analytics-prod,Microsoft.Network/virtualNetworks,Virtual Networks,Networking,team:Analytics,141.1,INR,90.28,1 Hour
2026-01-08,sub-psiog-001,MAC-02,rg-mac-02-analytics-prod,Microsoft.Sql/servers/databases,SQL Database,Data Services,team:Analytics,819.12,INR,54.0,1 Hour
2026-01-08,sub-psiog-001,MAC-03,rg-mac-03-product-prod,Microsoft.Compute/virtualMachines,Virtual Machines,Compute,team:Product,588.74,INR,61.6,1 Hour
2026-01-08,sub-psiog-001,MAC-03,rg-mac-03-product-prod,Microsoft.Storage/storageAccounts/fileServices,File Storage,Storage,team:Product,212.17,INR,4.59,1 Hour
2026-01-08,sub-psiog-001,MAC-03,rg-mac-03-product-prod,Microsoft.Network/virtualNetworks,Virtual Networks,Networking,team:Product,134.38,INR,82.71,1 Hour
2026-01-08,sub-psiog-001,MAC-03,rg-mac-03-product-prod,Microsoft.Sql/servers/databases,SQL Database,Data Services,team:Product,300.69,INR,6.88,1 Hour
2026-01-08,sub-psiog-001,MAC-03,rg-mac-03-frontend-prod,Microsoft.Compute/virtualMachines,Virtual Machines,Compute,team:Frontend,563.41,INR,91.19,1 Hour
2026-01-08,sub-psiog-001,MAC-03,rg-mac-03-frontend-prod,Microsoft.Storage/storageAccounts,Blob Storage,Storage,team:Frontend,171.91,INR,39.67,1 Hour
2026-01-08,sub-psiog-001,MAC-03,rg-mac-03-frontend-prod,Microsoft.Network/loadBalancers,Load Balancers,Networking,team:Frontend,110.89,INR,56.69,1 Hour
2026-01-08,sub-psiog-001,MAC-03,rg-mac-03-frontend-prod,Microsoft.DocumentDB/databaseAccounts,Cosmos DB,Data Services,team:Frontend,173.54,INR,50.99,1 Hour
2026-01-08,sub-psiog-001,MAC-04,rg-mac-04-backend-prod,Microsoft.Compute/virtualMachines,Virtual Machines,Compute,team:Backend,1069.33,INR,3.59,1 Hour
2026-01-08,sub-psiog-001,MAC-04,rg-mac-04-backend-prod,Microsoft.Storage/storageAccounts/fileServices,File Storage,Storage,team:Backend,390.66,INR,30.41,1 Hour
2026-01-08,sub-psiog-001,MAC-04,rg-mac-04-backend-prod,Microsoft.Network/loadBalancers,Load Balancers,Networking,team:Backend,255.01,INR,38.69,1 Hour
2026-01-08,sub-psiog-001,MAC-04,rg-mac-04-backend-prod,Microsoft.Sql/servers/databases,SQL Database,Data Services,team:Backend,537.68,INR,39.24,1 Hour
2026-01-08,sub-psiog-001,MAC-04,rg-mac-04-qa-prod,Microsoft.ContainerService/managedClusters,AKS Clusters,Compute,team:QA,373.92,INR,34.36,1 Hour
2026-01-08,sub-psiog-001,MAC-04,rg-mac-04-qa-prod,Microsoft.Storage/storageAccounts,Blob Storage,Storage,team:QA,185.97,INR,58.71,1 Hour
2026-01-08,sub-psiog-001,MAC-04,rg-mac-04-qa-prod,Microsoft.Network/virtualNetworks,Virtual Networks,Networking,team:QA,95.41,INR,90.54,1 Hour
2026-01-08,sub-psiog-001,MAC-04,rg-mac-04-qa-prod,Microsoft.DocumentDB/databaseAccounts,Cosmos DB,Data Services,team:QA,261.19,INR,52.29,1 Hour
2026-01-08,sub-psiog-001,MAC-05,rg-mac-05-security-prod,Microsoft.Compute/virtualMachines,Virtual Machines,Compute,team:Security,804.49,INR,83.85,1 Hour
2026-01-08,sub-psiog-001,MAC-05,rg-mac-05-security-prod,Microsoft.Storage/storageAccounts/fileServices,File Storage,Storage,team:Security,222.66,INR,73.75,1 Hour
2026-01-08,sub-psiog-001,MAC-05,rg-mac-05-security-prod,Microsoft.Network/virtualNetworks,Virtual Networks,Networking,team:Security,265.31,INR,28.79,1 Hour
2026-01-08,sub-psiog-001,MAC-05,rg-mac-05-security-prod,Microsoft.Sql/servers/databases,SQL Database,Data Services,team:Security,371.35,INR,3.79,1 Hour
2026-01-08,sub-psiog-001,MAC-05,rg-mac-05-compliance-prod,Microsoft.ContainerService/managedClusters,AKS Clusters,Compute,team:Compliance,390.82,INR,98.2,1 Hour
2026-01-08,sub-psiog-001,MAC-05,rg-mac-05-compliance-prod,Microsoft.Storage/storageAccounts/fileServices,File Storage,Storage,team:Compliance,250.47,INR,20.76,1 Hour
2026-01-08,sub-psiog-001,MAC-05,rg-mac-05-compliance-prod,Microsoft.Network/virtualNetworks,Virtual Networks,Networking,team:Compliance,146.46,INR,9.96,1 Hour
2026-01-08,sub-psiog-001,MAC-05,rg-mac-05-compliance-prod,Microsoft.Sql/servers/databases,SQL Database,Data Services,team:Compliance,323.55,INR,37.79,1 Hour
2026-01-08,sub-psiog-001,MAC-06,rg-mac-06-infrastructure-prod,Microsoft.Compute/virtualMachines,Virtual Machines,Compute,team:Infrastructure,1332.15,INR,79.26,1 Hour
2026-01-08,sub-psiog-001,MAC-06,rg-mac-06-infrastructure-prod,Microsoft.Storage/storageAccounts/fileServices,File Storage,Storage,team:Infrastructure,400.39,INR,10.67,1 Hour
2026-01-08,sub-psiog-001,MAC-06,rg-mac-06-infrastructure-prod,Microsoft.Network/loadBalancers,Load Balancers,Networking,team:Infrastructure,402.24,INR,14.45,1 Hour
2026-01-08,sub-psiog-001,MAC-06,rg-mac-06-infrastructure-prod,Microsoft.Sql/servers/databases,SQL Database,Data Services,team:Infrastructure,479.21,INR,17.66,1 Hour
2026-01-08,sub-psiog-001,MAC-06,rg-mac-06-cloudops-prod,Microsoft.ContainerService/managedClusters,AKS Clusters,Compute,team:CloudOps,1152.02,INR,67.49,1 Hour
2026-01-08,sub-psiog-001,MAC-06,rg-mac-06-cloudops-prod,Microsoft.Storage/storageAccounts/fileServices,File Storage,Storage,team:CloudOps,330.39,INR,33.66,1 Hour
2026-01-08,sub-psiog-001,MAC-06,rg-mac-06-cloudops-prod,Microsoft.Network/loadBalancers,Load Balancers,Networking,team:CloudOps,331.54,INR,66.57,1 Hour
2026-01-08,sub-psiog-001,MAC-06,rg-mac-06-cloudops-prod,Microsoft.DocumentDB/databaseAccounts,Cosmos DB,Data Services,team:CloudOps,435.97,INR,12.17,1 Hour
2026-01-08,sub-psiog-001,MAC-07,rg-mac-07-ml-prod,Microsoft.Compute/virtualMachines,Virtual Machines,Compute,team:ML,1406.27,INR,22.96,1 Hour
2026-01-08,sub-psiog-001,MAC-07,rg-mac-07-ml-prod,Microsoft.Storage/storageAccounts,Blob Storage,Storage,team:ML,534.84,INR,92.22,1 Hour
2026-01-08,sub-psiog-001,MAC-07,rg-mac-07-ml-prod,Microsoft.Network/loadBalancers,Load Balancers,Networking,team:ML,181.79,INR,19.47,1 Hour
2026-01-08,sub-psiog-001,MAC-07,rg-mac-07-ml-prod,Microsoft.Sql/servers/databases,SQL Database,Data Services,team:ML,707.07,INR,64.57,1 Hour
2026-01-08,sub-psiog-001,MAC-07,rg-mac-07-research-prod,Microsoft.ContainerService/managedClusters,AKS Clusters,Compute,team:Research,889.68,INR,18.9,1 Hour
2026-01-08,sub-psiog-001,MAC-07,rg-mac-07-research-prod,Microsoft.Storage/storageAccounts,Blob Storage,Storage,team:Research,387.96,INR,26.03,1 Hour
2026-01-08,sub-psiog-001,MAC-07,rg-mac-07-research-prod,Microsoft.Network/virtualNetworks,Virtual Networks,Networking,team:Research,200.26,INR,90.76,1 Hour
2026-01-08,sub-psiog-001,MAC-07,rg-mac-07-research-prod,Microsoft.DocumentDB/databaseAccounts,Cosmos DB,Data Services,team:Research,646.33,INR,49.33,1 Hour
2026-01-08,sub-psiog-001,MAC-08,rg-mac-08-finance-prod,Microsoft.Compute/virtualMachines,Virtual Machines,Compute,team:Finance,337.69,INR,91.24,1 Hour
2026-01-08,sub-psiog-001,MAC-08,rg-mac-08-finance-prod,Microsoft.Storage/storageAccounts,Blob Storage,Storage,team:Finance,208.64,INR,65.56,1 Hour
2026-01-08,sub-psiog-001,MAC-08,rg-mac-08-finance-prod,Microsoft.Network/virtualNetworks,Virtual Networks,Networking,team:Finance,108.71,INR,3.62,1 Hour
2026-01-08,sub-psiog-001,MAC-08,rg-mac-08-finance-prod,Microsoft.Sql/servers/databases,SQL Database,Data Services,team:Finance,477.53,INR,6.89,1 Hour
2026-01-08,sub-psiog-001,MAC-08,rg-mac-08-operations-prod,Microsoft.ContainerService/managedClusters,AKS Clusters,Compute,team:Operations,467.39,INR,77.91,1 Hour
2026-01-08,sub-psiog-001,MAC-08,rg-mac-08-operations-prod,Microsoft.Storage/storageAccounts,Blob Storage,Storage,team:Operations,284.49,INR,60.53,1 Hour
2026-01-08,sub-psiog-001,MAC-08,rg-mac-08-operations-prod,Microsoft.Network/loadBalancers,Load Balancers,Networking,team:Operations,124.47,INR,41.94,1 Hour
2026-01-08,sub-psiog-001,MAC-08,rg-mac-08-operations-prod,Microsoft.Sql/servers/databases,SQL Database,Data Services,team:Operations,387.1,INR,66.07,1 Hour
2026-01-09,sub-psiog-001,MAC-01,rg-mac-01-devops-prod,Microsoft.ContainerService/managedClusters,AKS Clusters,Compute,team:DevOps,1167.53,INR,29.07,1 Hour
2026-01-09,sub-psiog-001,MAC-01,rg-mac-01-devops-prod,Microsoft.Storage/storageAccounts,Blob Storage,Storage,team:DevOps,341.55,INR,80.53,1 Hour
2026-01-09,sub-psiog-001,MAC-01,rg-mac-01-devops-prod,Microsoft.Network/virtualNetworks,Virtual Networks,Networking,team:DevOps,219.15,INR,33.52,1 Hour
2026-01-09,sub-psiog-001,MAC-01,rg-mac-01-devops-prod,Microsoft.Sql/servers/databases,SQL Database,Data Services,team:DevOps,386.17,INR,21.3,1 Hour
2026-01-09,sub-psiog-001,MAC-01,rg-mac-01-platform-prod,Microsoft.ContainerService/managedClusters,AKS Clusters,Compute,team:Platform,1108.63,INR,93.84,1 Hour
2026-01-09,sub-psiog-001,MAC-01,rg-mac-01-platform-prod,Microsoft.Storage/storageAccounts,Blob Storage,Storage,team:Platform,271.16,INR,67.07,1 Hour
2026-01-09,sub-psiog-001,MAC-01,rg-mac-01-platform-prod,Microsoft.Network/virtualNetworks,Virtual Networks,Networking,team:Platform,276.67,INR,86.15,1 Hour
2026-01-09,sub-psiog-001,MAC-01,rg-mac-01-platform-prod,Microsoft.Sql/servers/databases,SQL Database,Data Services,team:Platform,412.1,INR,69.59,1 Hour
2026-01-09,sub-psiog-001,MAC-02,rg-mac-02-dataengineering-prod,Microsoft.Compute/virtualMachines,Virtual Machines,Compute,team:DataEngineering,877.28,INR,68.67,1 Hour
2026-01-09,sub-psiog-001,MAC-02,rg-mac-02-dataengineering-prod,Microsoft.Storage/storageAccounts/fileServices,File Storage,Storage,team:DataEngineering,636.56,INR,62.31,1 Hour
2026-01-09,sub-psiog-001,MAC-02,rg-mac-02-dataengineering-prod,Microsoft.Network/loadBalancers,Load Balancers,Networking,team:DataEngineering,196.76,INR,27.06,1 Hour
2026-01-09,sub-psiog-001,MAC-02,rg-mac-02-dataengineering-prod,Microsoft.Sql/servers/databases,SQL Database,Data Services,team:DataEngineering,830.25,INR,96.43,1 Hour
2026-01-09,sub-psiog-001,MAC-02,rg-mac-02-analytics-prod,Microsoft.Compute/virtualMachines,Virtual Machines,Compute,team:Analytics,957.08,INR,59.77,1 Hour
2026-01-09,sub-psiog-001,MAC-02,rg-mac-02-analytics-prod,Microsoft.Storage/storageAccounts/fileServices,File Storage,Storage,team:Analytics,597.5,INR,42.95,1 Hour
2026-01-09,sub-psiog-001,MAC-02,rg-mac-02-analytics-prod,Microsoft.Network/loadBalancers,Load Balancers,Networking,team:Analytics,162.1,INR,19.56,1 Hour
2026-01-09,sub-psiog-001,MAC-02,rg-mac-02-analytics-prod,Microsoft.Sql/servers/databases,SQL Database,Data Services,team:Analytics,923.23,INR,8.91,1 Hour
2026-01-09,sub-psiog-001,MAC-03,rg-mac-03-product-prod,Microsoft.ContainerService/managedClusters,AKS Clusters,Compute,team:Product,615.22,INR,32.91,1 Hour
2026-01-09,sub-psiog-001,MAC-03,rg-mac-03-product-prod,Microsoft.Storage/storageAccounts/fileServices,File Storage,Storage,team:Product,183.22,INR,14.16,1 Hour
2026-01-09,sub-psiog-001,MAC-03,rg-mac-03-product-prod,Microsoft.Network/loadBalancers,Load Balancers,Networking,team:Product,118.25,INR,95.75,1 Hour
2026-01-09,sub-psiog-001,MAC-03,rg-mac-03-product-prod,Microsoft.DocumentDB/databaseAccounts,Cosmos DB,Data Services,team:Product,275.53,INR,69.44,1 Hour
2026-01-09,sub-psiog-001,MAC-03,rg-mac-03-frontend-prod,Microsoft.Compute/virtualMachines,Virtual Machines,Compute,team:Frontend,529.6,INR,14.74,1 Hour
2026-01-09,sub-psiog-001,MAC-03,rg-mac-03-frontend-prod,Microsoft.Storage/storageAccounts/fileServices,File Storage,Storage,team:Frontend,143.36,INR,17.5,1 Hour
2026-01-09,sub-psiog-001,MAC-03,rg-mac-03-frontend-prod,Microsoft.Network/loadBalancers,Load Balancers,Networking,team:Frontend,98.67,INR,73.46,1 Hour
2026-01-09,sub-psiog-001,MAC-03,rg-mac-03-frontend-prod,Microsoft.DocumentDB/databaseAccounts,Cosmos DB,Data Services,team:Frontend,192.09,INR,69.71,1 Hour
2026-01-09,sub-psiog-001,MAC-04,rg-mac-04-backend-prod,Microsoft.ContainerService/managedClusters,AKS Clusters,Compute,team:Backend,1018.36,INR,92.41,1 Hour
2026-01-09,sub-psiog-001,MAC-04,rg-mac-04-backend-prod,Microsoft.Storage/storageAccounts,Blob Storage,Storage,team:Backend,404.97,INR,74.17,1 Hour
2026-01-09,sub-psiog-001,MAC-04,rg-mac-04-backend-prod,Microsoft.Network/loadBalancers,Load Balancers,Networking,team:Backend,217.28,INR,45.1,1 Hour
2026-01-09,sub-psiog-001,MAC-04,rg-mac-04-backend-prod,Microsoft.Sql/servers/databases,SQL Database,Data Services,team:Backend,517.23,INR,64.24,1 Hour
2026-01-09,sub-psiog-001,MAC-04,rg-mac-04-qa-prod,Microsoft.ContainerService/managedClusters,AKS Clusters,Compute,team:QA,387.69,INR,19.65,1 Hour
2026-01-09,sub-psiog-001,MAC-04,rg-mac-04-qa-prod,Microsoft.Storage/storageAccounts/fileServices,File Storage,Storage,team:QA,175.18,INR,75.09,1 Hour
2026-01-09,sub-psiog-001,MAC-04,rg-mac-04-qa-prod,Microsoft.Network/loadBalancers,Load Balancers,Networking,team:QA,90.76,INR,59.45,1 Hour
2026-01-09,sub-psiog-001,MAC-04,rg-mac-04-qa-prod,Microsoft.DocumentDB/databaseAccounts,Cosmos DB,Data Services,team:QA,232.67,INR,74.24,1 Hour
2026-01-09,sub-psiog-001,MAC-05,rg-mac-05-security-prod,Microsoft.Compute/virtualMachines,Virtual Machines,Compute,team:Security,697.46,INR,67.86,1 Hour
2026-01-09,sub-psiog-001,MAC-05,rg-mac-05-security-prod,Microsoft.Storage/storageAccounts/fileServices,File Storage,Storage,team:Security,250.08,INR,70.61,1 Hour
2026-01-09,sub-psiog-001,MAC-05,rg-mac-05-security-prod,Microsoft.Network/virtualNetworks,Virtual Networks,Networking,team:Security,321.27,INR,12.88,1 Hour
2026-01-09,sub-psiog-001,MAC-05,rg-mac-05-security-prod,Microsoft.Sql/servers/databases,SQL Database,Data Services,team:Security,360.47,INR,16.63,1 Hour
2026-01-09,sub-psiog-001,MAC-05,rg-mac-05-compliance-prod,Microsoft.ContainerService/managedClusters,AKS Clusters,Compute,team:Compliance,358.82,INR,59.95,1 Hour
2026-01-09,sub-psiog-001,MAC-05,rg-mac-05-compliance-prod,Microsoft.Storage/storageAccounts/fileServices,File Storage,Storage,team:Compliance,233.55,INR,43.03,1 Hour
2026-01-09,sub-psiog-001,MAC-05,rg-mac-05-compliance-prod,Microsoft.Network/virtualNetworks,Virtual Networks,Networking,team:Compliance,135.06,INR,26.1,1 Hour
2026-01-09,sub-psiog-001,MAC-05,rg-mac-05-compliance-prod,Microsoft.Sql/servers/databases,SQL Database,Data Services,team:Compliance,315.95,INR,22.92,1 Hour
2026-01-09,sub-psiog-001,MAC-06,rg-mac-06-infrastructure-prod,Microsoft.ContainerService/managedClusters,AKS Clusters,Compute,team:Infrastructure,1280.83,INR,98.07,1 Hour
2026-01-09,sub-psiog-001,MAC-06,rg-mac-06-infrastructure-prod,Microsoft.Storage/storageAccounts/fileServices,File Storage,Storage,team:Infrastructure,437.35,INR,93.85,1 Hour
2026-01-09,sub-psiog-001,MAC-06,rg-mac-06-infrastructure-prod,Microsoft.Network/loadBalancers,Load Balancers,Networking,team:Infrastructure,398.47,INR,6.8,1 Hour
2026-01-09,sub-psiog-001,MAC-06,rg-mac-06-infrastructure-prod,Microsoft.Sql/servers/databases,SQL Database,Data Services,team:Infrastructure,409.7,INR,40.79,1 Hour
2026-01-09,sub-psiog-001,MAC-06,rg-mac-06-cloudops-prod,Microsoft.ContainerService/managedClusters,AKS Clusters,Compute,team:CloudOps,1123.23,INR,74.09,1 Hour
2026-01-09,sub-psiog-001,MAC-06,rg-mac-06-cloudops-prod,Microsoft.Storage/storageAccounts,Blob Storage,Storage,team:CloudOps,411.79,INR,83.91,1 Hour
2026-01-09,sub-psiog-001,MAC-06,rg-mac-06-cloudops-prod,Microsoft.Network/virtualNetworks,Virtual Networks,Networking,team:CloudOps,349.51,INR,52.52,1 Hour
2026-01-09,sub-psiog-001,MAC-06,rg-mac-06-cloudops-prod,Microsoft.DocumentDB/databaseAccounts,Cosmos DB,Data Services,team:CloudOps,451.57,INR,83.67,1 Hour
2026-01-09,sub-psiog-001,MAC-07,rg-mac-07-ml-prod,Microsoft.Compute/virtualMachines,Virtual Machines,Compute,team:ML,1394.17,INR,47.79,1 Hour
2026-01-09,sub-psiog-001,MAC-07,rg-mac-07-ml-prod,Microsoft.Storage/storageAccounts,Blob Storage,Storage,team:ML,479.04,INR,39.27,1 Hour
2026-01-09,sub-psiog-001,MAC-07,rg-mac-07-ml-prod,Microsoft.Network/virtualNetworks,Virtual Networks,Networking,team:ML,213.13,INR,94.95,1 Hour
2026-01-09,sub-psiog-001,MAC-07,rg-mac-07-ml-prod,Microsoft.Sql/servers/databases,SQL Database,Data Services,team:ML,783.12,INR,37.03,1 Hour
2026-01-09,sub-psiog-001,MAC-07,rg-mac-07-research-prod,Microsoft.Compute/virtualMachines,Virtual Machines,Compute,team:Research,908.21,INR,65.92,1 Hour
2026-01-09,sub-psiog-001,MAC-07,rg-mac-07-research-prod,Microsoft.Storage/storageAccounts,Blob Storage,Storage,team:Research,474.82,INR,90.43,1 Hour
2026-01-09,sub-psiog-001,MAC-07,rg-mac-07-research-prod,Microsoft.Network/loadBalancers,Load Balancers,Networking,team:Research,192.73,INR,63.18,1 Hour
2026-01-09,sub-psiog-001,MAC-07,rg-mac-07-research-prod,Microsoft.DocumentDB/databaseAccounts,Cosmos DB,Data Services,team:Research,569.38,INR,78.31,1 Hour
2026-01-09,sub-psiog-001,MAC-08,rg-mac-08-finance-prod,Microsoft.Compute/virtualMachines,Virtual Machines,Compute,team:Finance,271.12,INR,58.88,1 Hour
2026-01-09,sub-psiog-001,MAC-08,rg-mac-08-finance-prod,Microsoft.Storage/storageAccounts,Blob Storage,Storage,team:Finance,181.0,INR,23.96,1 Hour
2026-01-09,sub-psiog-001,MAC-08,rg-mac-08-finance-prod,Microsoft.Network/loadBalancers,Load Balancers,Networking,team:Finance,105.59,INR,90.12,1 Hour
2026-01-09,sub-psiog-001,MAC-08,rg-mac-08-finance-prod,Microsoft.DocumentDB/databaseAccounts,Cosmos DB,Data Services,team:Finance,481.53,INR,97.9,1 Hour
2026-01-09,sub-psiog-001,MAC-08,rg-mac-08-operations-prod,Microsoft.Compute/virtualMachines,Virtual Machines,Compute,team:Operations,501.4,INR,38.09,1 Hour
2026-01-09,sub-psiog-001,MAC-08,rg-mac-08-operations-prod,Microsoft.Storage/storageAccounts/fileServices,File Storage,Storage,team:Operations,321.24,INR,48.03,1 Hour
2026-01-09,sub-psiog-001,MAC-08,rg-mac-08-operations-prod,Microsoft.Network/virtualNetworks,Virtual Networks,Networking,team:Operations,136.83,INR,3.55,1 Hour
2026-01-09,sub-psiog-001,MAC-08,rg-mac-08-operations-prod,Microsoft.Sql/servers/databases,SQL Database,Data Services,team:Operations,331.4,INR,85.05,1 Hour
2026-01-10,sub-psiog-001,MAC-01,rg-mac-01-devops-prod,Microsoft.ContainerService/managedClusters,AKS Clusters,Compute,team:DevOps,1328.67,INR,70.62,1 Hour
2026-01-10,sub-psiog-001,MAC-01,rg-mac-01-devops-prod,Microsoft.Storage/storageAccounts,Blob Storage,Storage,team:DevOps,319.45,INR,49.16,1 Hour
2026-01-10,sub-psiog-001,MAC-01,rg-mac-01-devops-prod,Microsoft.Network/loadBalancers,Load Balancers,Networking,team:DevOps,178.13,INR,99.24,1 Hour
2026-01-10,sub-psiog-001,MAC-01,rg-mac-01-devops-prod,Microsoft.Sql/servers/databases,SQL Database,Data Services,team:DevOps,382.64,INR,74.36,1 Hour
2026-01-10,sub-psiog-001,MAC-01,rg-mac-01-platform-prod,Microsoft.Compute/virtualMachines,Virtual Machines,Compute,team:Platform,1032.77,INR,16.11,1 Hour
2026-01-10,sub-psiog-001,MAC-01,rg-mac-01-platform-prod,Microsoft.Storage/storageAccounts,Blob Storage,Storage,team:Platform,247.94,INR,23.17,1 Hour
2026-01-10,sub-psiog-001,MAC-01,rg-mac-01-platform-prod,Microsoft.Network/virtualNetworks,Virtual Networks,Networking,team:Platform,232.77,INR,65.86,1 Hour
2026-01-10,sub-psiog-001,MAC-01,rg-mac-01-platform-prod,Microsoft.Sql/servers/databases,SQL Database,Data Services,team:Platform,385.85,INR,87.65,1 Hour
2026-01-10,sub-psiog-001,MAC-02,rg-mac-02-dataengineering-prod,Microsoft.ContainerService/managedClusters,AKS Clusters,Compute,team:DataEngineering,905.89,INR,54.06,1 Hour
2026-01-10,sub-psiog-001,MAC-02,rg-mac-02-dataengineering-prod,Microsoft.Storage/storageAccounts/fileServices,File Storage,Storage,team:DataEngineering,654.83,INR,31.19,1 Hour
2026-01-10,sub-psiog-001,MAC-02,rg-mac-02-dataengineering-prod,Microsoft.Network/virtualNetworks,Virtual Networks,Networking,team:DataEngineering,162.35,INR,2.71,1 Hour
2026-01-10,sub-psiog-001,MAC-02,rg-mac-02-dataengineering-prod,Microsoft.DocumentDB/databaseAccounts,Cosmos DB,Data Services,team:DataEngineering,900.16,INR,65.13,1 Hour
2026-01-10,sub-psiog-001,MAC-02,rg-mac-02-analytics-prod,Microsoft.Compute/virtualMachines,Virtual Machines,Compute,team:Analytics,894.05,INR,54.26,1 Hour
2026-01-10,sub-psiog-001,MAC-02,rg-mac-02-analytics-prod,Microsoft.Storage/storageAccounts,Blob Storage,Storage,team:Analytics,557.99,INR,77.72,1 Hour
2026-01-10,sub-psiog-001,MAC-02,rg-mac-02-analytics-prod,Microsoft.Network/virtualNetworks,Virtual Networks,Networking,team:Analytics,184.43,INR,26.1,1 Hour
2026-01-10,sub-psiog-001,MAC-02,rg-mac-02-analytics-prod,Microsoft.Sql/servers/databases,SQL Database,Data Services,team:Analytics,841.8,INR,21.14,1 Hour
2026-01-10,sub-psiog-001,MAC-03,rg-mac-03-product-prod,Microsoft.ContainerService/managedClusters,AKS Clusters,Compute,team:Product,579.94,INR,23.91,1 Hour
2026-01-10,sub-psiog-001,MAC-03,rg-mac-03-product-prod,Microsoft.Storage/storageAccounts,Blob Storage,Storage,team:Product,224.67,INR,91.85,1 Hour
2026-01-10,sub-psiog-001,MAC-03,rg-mac-03-product-prod,Microsoft.Network/virtualNetworks,Virtual Networks,Networking,team:Product,124.98,INR,26.55,1 Hour
2026-01-10,sub-psiog-001,MAC-03,rg-mac-03-product-prod,Microsoft.DocumentDB/databaseAccounts,Cosmos DB,Data Services,team:Product,319.16,INR,81.52,1 Hour
2026-01-10,sub-psiog-001,MAC-03,rg-mac-03-frontend-prod,Microsoft.Compute/virtualMachines,Virtual Machines,Compute,team:Frontend,542.23,INR,97.37,1 Hour
2026-01-10,sub-psiog-001,MAC-03,rg-mac-03-frontend-prod,Microsoft.Storage/storageAccounts/fileServices,File Storage,Storage,team:Frontend,162.17,INR,46.65,1 Hour
2026-01-10,sub-psiog-001,MAC-03,rg-mac-03-frontend-prod,Microsoft.Network/virtualNetworks,Virtual Networks,Networking,team:Frontend,109.51,INR,89.36,1 Hour
2026-01-10,sub-psiog-001,MAC-03,rg-mac-03-frontend-prod,Microsoft.DocumentDB/databaseAccounts,Cosmos DB,Data Services,team:Frontend,198.97,INR,30.35,1 Hour
2026-01-10,sub-psiog-001,MAC-04,rg-mac-04-backend-prod,Microsoft.ContainerService/managedClusters,AKS Clusters,Compute,team:Backend,1109.98,INR,90.69,1 Hour
2026-01-10,sub-psiog-001,MAC-04,rg-mac-04-backend-prod,Microsoft.Storage/storageAccounts,Blob Storage,Storage,team:Backend,336.97,INR,2.25,1 Hour
2026-01-10,sub-psiog-001,MAC-04,rg-mac-04-backend-prod,Microsoft.Network/virtualNetworks,Virtual Networks,Networking,team:Backend,231.33,INR,78.08,1 Hour
2026-01-10,sub-psiog-001,MAC-04,rg-mac-04-backend-prod,Microsoft.Sql/servers/databases,SQL Database,Data Services,team:Backend,525.16,INR,60.15,1 Hour
2026-01-10,sub-psiog-001,MAC-04,rg-mac-04-qa-prod,Microsoft.ContainerService/managedClusters,AKS Clusters,Compute,team:QA,364.85,INR,8.08,1 Hour
2026-01-10,sub-psiog-001,MAC-04,rg-mac-04-qa-prod,Microsoft.Storage/storageAccounts,Blob Storage,Storage,team:QA,170.57,INR,81.89,1 Hour
2026-01-10,sub-psiog-001,MAC-04,rg-mac-04-qa-prod,Microsoft.Network/loadBalancers,Load Balancers,Networking,team:QA,103.37,INR,92.57,1 Hour
2026-01-10,sub-psiog-001,MAC-04,rg-mac-04-qa-prod,Microsoft.DocumentDB/databaseAccounts,Cosmos DB,Data Services,team:QA,237.59,INR,92.35,1 Hour
2026-01-10,sub-psiog-001,MAC-05,rg-mac-05-security-prod,Microsoft.ContainerService/managedClusters,AKS Clusters,Compute,team:Security,665.22,INR,36.63,1 Hour
2026-01-10,sub-psiog-001,MAC-05,rg-mac-05-security-prod,Microsoft.Storage/storageAccounts,Blob Storage,Storage,team:Security,278.56,INR,72.04,1 Hour
2026-01-10,sub-psiog-001,MAC-05,rg-mac-05-security-prod,Microsoft.Network/virtualNetworks,Virtual Networks,Networking,team:Security,317.64,INR,93.34,1 Hour
2026-01-10,sub-psiog-001,MAC-05,rg-mac-05-security-prod,Microsoft.Sql/servers/databases,SQL Database,Data Services,team:Security,306.64,INR,4.82,1 Hour
2026-01-10,sub-psiog-001,MAC-05,rg-mac-05-compliance-prod,Microsoft.Compute/virtualMachines,Virtual Machines,Compute,team:Compliance,367.4,INR,89.15,1 Hour
2026-01-10,sub-psiog-001,MAC-05,rg-mac-05-compliance-prod,Microsoft.Storage/storageAccounts/fileServices,File Storage,Storage,team:Compliance,250.77,INR,52.3,1 Hour
2026-01-10,sub-psiog-001,MAC-05,rg-mac-05-compliance-prod,Microsoft.Network/virtualNetworks,Virtual Networks,Networking,team:Compliance,133.06,INR,73.77,1 Hour
2026-01-10,sub-psiog-001,MAC-05,rg-mac-05-compliance-prod,Microsoft.DocumentDB/databaseAccounts,Cosmos DB,Data Services,team:Compliance,340.39,INR,28.28,1 Hour
2026-01-10,sub-psiog-001,MAC-06,rg-mac-06-infrastructure-prod,Microsoft.ContainerService/managedClusters,AKS Clusters,Compute,team:Infrastructure,1522.97,INR,62.94,1 Hour
2026-01-10,sub-psiog-001,MAC-06,rg-mac-06-infrastructure-prod,Microsoft.Storage/storageAccounts/fileServices,File Storage,Storage,team:Infrastructure,400.52,INR,97.34,1 Hour
2026-01-10,sub-psiog-001,MAC-06,rg-mac-06-infrastructure-prod,Microsoft.Network/loadBalancers,Load Balancers,Networking,team:Infrastructure,406.17,INR,19.73,1 Hour
2026-01-10,sub-psiog-001,MAC-06,rg-mac-06-infrastructure-prod,Microsoft.Sql/servers/databases,SQL Database,Data Services,team:Infrastructure,428.67,INR,73.18,1 Hour
2026-01-10,sub-psiog-001,MAC-06,rg-mac-06-cloudops-prod,Microsoft.ContainerService/managedClusters,AKS Clusters,Compute,team:CloudOps,1231.01,INR,23.75,1 Hour
2026-01-10,sub-psiog-001,MAC-06,rg-mac-06-cloudops-prod,Microsoft.Storage/storageAccounts/fileServices,File Storage,Storage,team:CloudOps,390.04,INR,74.11,1 Hour
2026-01-10,sub-psiog-001,MAC-06,rg-mac-06-cloudops-prod,Microsoft.Network/loadBalancers,Load Balancers,Networking,team:CloudOps,373.77,INR,57.48,1 Hour
2026-01-10,sub-psiog-001,MAC-06,rg-mac-06-cloudops-prod,Microsoft.DocumentDB/databaseAccounts,Cosmos DB,Data Services,team:CloudOps,398.85,INR,55.57,1 Hour
2026-01-10,sub-psiog-001,MAC-07,rg-mac-07-ml-prod,Microsoft.ContainerService/managedClusters,AKS Clusters,Compute,team:ML,1721.12,INR,33.89,1 Hour
2026-01-10,sub-psiog-001,MAC-07,rg-mac-07-ml-prod,Microsoft.Storage/storageAccounts,Blob Storage,Storage,team:ML,551.99,INR,74.5,1 Hour
2026-01-10,sub-psiog-001,MAC-07,rg-mac-07-ml-prod,Microsoft.Network/virtualNetworks,Virtual Networks,Networking,team:ML,215.26,INR,14.09,1 Hour
2026-01-10,sub-psiog-001,MAC-07,rg-mac-07-ml-prod,Microsoft.Sql/servers/databases,SQL Database,Data Services,team:ML,731.61,INR,82.36,1 Hour
2026-01-10,sub-psiog-001,MAC-07,rg-mac-07-research-prod,Microsoft.ContainerService/managedClusters,AKS Clusters,Compute,team:Research,840.36,INR,15.11,1 Hour
2026-01-10,sub-psiog-001,MAC-07,rg-mac-07-research-prod,Microsoft.Storage/storageAccounts/fileServices,File Storage,Storage,team:Research,477.76,INR,13.92,1 Hour
2026-01-10,sub-psiog-001,MAC-07,rg-mac-07-research-prod,Microsoft.Network/virtualNetworks,Virtual Networks,Networking,team:Research,190.89,INR,58.33,1 Hour
2026-01-10,sub-psiog-001,MAC-07,rg-mac-07-research-prod,Microsoft.DocumentDB/databaseAccounts,Cosmos DB,Data Services,team:Research,717.59,INR,78.32,1 Hour
2026-01-10,sub-psiog-001,MAC-08,rg-mac-08-finance-prod,Microsoft.Compute/virtualMachines,Virtual Machines,Compute,team:Finance,327.27,INR,84.52,1 Hour
2026-01-10,sub-psiog-001,MAC-08,rg-mac-08-finance-prod,Microsoft.Storage/storageAccounts,Blob Storage,Storage,team:Finance,174.94,INR,69.62,1 Hour
2026-01-10,sub-psiog-001,MAC-08,rg-mac-08-finance-prod,Microsoft.Network/virtualNetworks,Virtual Networks,Networking,team:Finance,111.89,INR,96.16,1 Hour
2026-01-10,sub-psiog-001,MAC-08,rg-mac-08-finance-prod,Microsoft.Sql/servers/databases,SQL Database,Data Services,team:Finance,450.1,INR,92.11,1 Hour
2026-01-10,sub-psiog-001,MAC-08,rg-mac-08-operations-prod,Microsoft.ContainerService/managedClusters,AKS Clusters,Compute,team:Operations,457.91,INR,14.44,1 Hour
2026-01-10,sub-psiog-001,MAC-08,rg-mac-08-operations-prod,Microsoft.Storage/storageAccounts,Blob Storage,Storage,team:Operations,272.53,INR,82.69,1 Hour
2026-01-10,sub-psiog-001,MAC-08,rg-mac-08-operations-prod,Microsoft.Network/loadBalancers,Load Balancers,Networking,team:Operations,115.43,INR,53.3,1 Hour
2026-01-10,sub-psiog-001,MAC-08,rg-mac-08-operations-prod,Microsoft.DocumentDB/databaseAccounts,Cosmos DB,Data Services,team:Operations,422.6,INR,78.06,1 Hour
2026-01-11,sub-psiog-001,MAC-01,rg-mac-01-devops-prod,Microsoft.Compute/virtualMachines,Virtual Machines,Compute,team:DevOps,1065.01,INR,55.7,1 Hour
2026-01-11,sub-psiog-001,MAC-01,rg-mac-01-devops-prod,Microsoft.Storage/storageAccounts,Blob Storage,Storage,team:DevOps,268.66,INR,32.03,1 Hour
2026-01-11,sub-psiog-001,MAC-01,rg-mac-01-devops-prod,Microsoft.Network/virtualNetworks,Virtual Networks,Networking,team:DevOps,221.43,INR,72.68,1 Hour
2026-01-11,sub-psiog-001,MAC-01,rg-mac-01-devops-prod,Microsoft.Sql/servers/databases,SQL Database,Data Services,team:DevOps,412.13,INR,39.99,1 Hour
2026-01-11,sub-psiog-001,MAC-01,rg-mac-01-platform-prod,Microsoft.Compute/virtualMachines,Virtual Machines,Compute,team:Platform,1184.59,INR,33.84,1 Hour
2026-01-11,sub-psiog-001,MAC-01,rg-mac-01-platform-prod,Microsoft.Storage/storageAccounts,Blob Storage,Storage,team:Platform,259.17,INR,50.91,1 Hour
2026-01-11,sub-psiog-001,MAC-01,rg-mac-01-platform-prod,Microsoft.Network/loadBalancers,Load Balancers,Networking,team:Platform,247.23,INR,24.94,1 Hour
2026-01-11,sub-psiog-001,MAC-01,rg-mac-01-platform-prod,Microsoft.DocumentDB/databaseAccounts,Cosmos DB,Data Services,team:Platform,444.1,INR,5.83,1 Hour
2026-01-11,sub-psiog-001,MAC-02,rg-mac-02-dataengineering-prod,Microsoft.Compute/virtualMachines,Virtual Machines,Compute,team:DataEngineering,860.38,INR,17.91,1 Hour
2026-01-11,sub-psiog-001,MAC-02,rg-mac-02-dataengineering-prod,Microsoft.Storage/storageAccounts,Blob Storage,Storage,team:DataEngineering,566.23,INR,5.89,1 Hour
2026-01-11,sub-psiog-001,MAC-02,rg-mac-02-dataengineering-prod,Microsoft.Network/loadBalancers,Load Balancers,Networking,team:DataEngineering,160.56,INR,24.97,1 Hour
2026-01-11,sub-psiog-001,MAC-02,rg-mac-02-dataengineering-prod,Microsoft.Sql/servers/databases,SQL Database,Data Services,team:DataEngineering,822.43,INR,81.06,1 Hour
2026-01-11,sub-psiog-001,MAC-02,rg-mac-02-analytics-prod,Microsoft.Compute/virtualMachines,Virtual Machines,Compute,team:Analytics,853.51,INR,98.01,1 Hour
2026-01-11,sub-psiog-001,MAC-02,rg-mac-02-analytics-prod,Microsoft.Storage/storageAccounts,Blob Storage,Storage,team:Analytics,543.15,INR,51.4,1 Hour
2026-01-11,sub-psiog-001,MAC-02,rg-mac-02-analytics-prod,Microsoft.Network/virtualNetworks,Virtual Networks,Networking,team:Analytics,182.86,INR,32.18,1 Hour
2026-01-11,sub-psiog-001,MAC-02,rg-mac-02-analytics-prod,Microsoft.DocumentDB/databaseAccounts,Cosmos DB,Data Services,team:Analytics,994.97,INR,25.71,1 Hour
2026-01-11,sub-psiog-001,MAC-03,rg-mac-03-product-prod,Microsoft.ContainerService/managedClusters,AKS Clusters,Compute,team:Product,676.78,INR,52.02,1 Hour
2026-01-11,sub-psiog-001,MAC-03,rg-mac-03-product-prod,Microsoft.Storage/storageAccounts,Blob Storage,Storage,team:Product,184.67,INR,43.37,1 Hour
2026-01-11,sub-psiog-001,MAC-03,rg-mac-03-product-prod,Microsoft.Network/loadBalancers,Load Balancers,Networking,team:Product,119.42,INR,98.93,1 Hour
2026-01-11,sub-psiog-001,MAC-03,rg-mac-03-product-prod,Microsoft.Sql/servers/databases,SQL Database,Data Services,team:Product,333.7,INR,97.86,1 Hour
2026-01-11,sub-psiog-001,MAC-03,rg-mac-03-frontend-prod,Microsoft.Compute/virtualMachines,Virtual Machines,Compute,team:Frontend,451.77,INR,65.45,1 Hour
2026-01-11,sub-psiog-001,MAC-03,rg-mac-03-frontend-prod,Microsoft.Storage/storageAccounts/fileServices,File Storage,Storage,team:Frontend,166.75,INR,77.04,1 Hour
2026-01-11,sub-psiog-001,MAC-03,rg-mac-03-frontend-prod,Microsoft.Network/loadBalancers,Load Balancers,Networking,team:Frontend,111.46,INR,56.92,1 Hour
2026-01-11,sub-psiog-001,MAC-03,rg-mac-03-frontend-prod,Microsoft.DocumentDB/databaseAccounts,Cosmos DB,Data Services,team:Frontend,180.14,INR,8.59,1 Hour
2026-01-11,sub-psiog-001,MAC-04,rg-mac-04-backend-prod,Microsoft.Compute/virtualMachines,Virtual Machines,Compute,team:Backend,1106.09,INR,78.5,1 Hour
2026-01-11,sub-psiog-001,MAC-04,rg-mac-04-backend-prod,Microsoft.Storage/storageAccounts/fileServices,File Storage,Storage,team:Backend,404.68,INR,85.0,1 Hour
2026-01-11,sub-psiog-001,MAC-04,rg-mac-04-backend-prod,Microsoft.Network/virtualNetworks,Virtual Networks,Networking,team:Backend,238.47,INR,25.82,1 Hour
2026-01-11,sub-psiog-001,MAC-04,rg-mac-04-backend-prod,Microsoft.Sql/servers/databases,SQL Database,Data Services,team:Backend,560.15,INR,11.17,1 Hour
2026-01-11,sub-psiog-001,MAC-04,rg-mac-04-qa-prod,Microsoft.Compute/virtualMachines,Virtual Machines,Compute,team:QA,407.1,INR,63.16,1 Hour
2026-01-11,sub-psiog-001,MAC-04,rg-mac-04-qa-prod,Microsoft.Storage/storageAccounts,Blob Storage,Storage,team:QA,182.8,INR,65.64,1 Hour
2026-01-11,sub-psiog-001,MAC-04,rg-mac-04-qa-prod,Microsoft.Network/loadBalancers,Load Balancers,Networking,team:QA,87.62,INR,49.2,1 Hour
2026-01-11,sub-psiog-001,MAC-04,rg-mac-04-qa-prod,Microsoft.DocumentDB/databaseAccounts,Cosmos DB,Data Services,team:QA,281.49,INR,95.24,1 Hour
2026-01-11,sub-psiog-001,MAC-05,rg-mac-05-security-prod,Microsoft.Compute/virtualMachines,Virtual Machines,Compute,team:Security,607.93,INR,8.35,1 Hour
2026-01-11,sub-psiog-001,MAC-05,rg-mac-05-security-prod,Microsoft.Storage/storageAccounts/fileServices,File Storage,Storage,team:Security,231.24,INR,53.39,1 Hour
2026-01-11,sub-psiog-001,MAC-05,rg-mac-05-security-prod,Microsoft.Network/virtualNetworks,Virtual Networks,Networking,team:Security,317.97,INR,54.77,1 Hour
2026-01-11,sub-psiog-001,MAC-05,rg-mac-05-security-prod,Microsoft.DocumentDB/databaseAccounts,Cosmos DB,Data Services,team:Security,330.67,INR,70.04,1 Hour
2026-01-11,sub-psiog-001,MAC-05,rg-mac-05-compliance-prod,Microsoft.ContainerService/managedClusters,AKS Clusters,Compute,team:Compliance,363.82,INR,27.55,1 Hour
2026-01-11,sub-psiog-001,MAC-05,rg-mac-05-compliance-prod,Microsoft.Storage/storageAccounts,Blob Storage,Storage,team:Compliance,202.06,INR,28.33,1 Hour
2026-01-11,sub-psiog-001,MAC-05,rg-mac-05-compliance-prod,Microsoft.Network/loadBalancers,Load Balancers,Networking,team:Compliance,157.29,INR,95.83,1 Hour
2026-01-11,sub-psiog-001,MAC-05,rg-mac-05-compliance-prod,Microsoft.Sql/servers/databases,SQL Database,Data Services,team:Compliance,344.67,INR,41.53,1 Hour
2026-01-11,sub-psiog-001,MAC-06,rg-mac-06-infrastructure-prod,Microsoft.ContainerService/managedClusters,AKS Clusters,Compute,team:Infrastructure,1536.48,INR,2.01,1 Hour
2026-01-11,sub-psiog-001,MAC-06,rg-mac-06-infrastructure-prod,Microsoft.Storage/storageAccounts/fileServices,File Storage,Storage,team:Infrastructure,360.55,INR,43.46,1 Hour
2026-01-11,sub-psiog-001,MAC-06,rg-mac-06-infrastructure-prod,Microsoft.Network/loadBalancers,Load Balancers,Networking,team:Infrastructure,317.11,INR,85.62,1 Hour
2026-01-11,sub-psiog-001,MAC-06,rg-mac-06-infrastructure-prod,Microsoft.DocumentDB/databaseAccounts,Cosmos DB,Data Services,team:Infrastructure,470.58,INR,52.87,1 Hour
2026-01-11,sub-psiog-001,MAC-06,rg-mac-06-cloudops-prod,Microsoft.ContainerService/managedClusters,AKS Clusters,Compute,team:CloudOps,1304.46,INR,36.14,1 Hour
2026-01-11,sub-psiog-001,MAC-06,rg-mac-06-cloudops-prod,Microsoft.Storage/storageAccounts/fileServices,File Storage,Storage,team:CloudOps,433.78,INR,71.24,1 Hour
2026-01-11,sub-psiog-001,MAC-06,rg-mac-06-cloudops-prod,Microsoft.Network/virtualNetworks,Virtual Networks,Networking,team:CloudOps,357.96,INR,63.6,1 Hour
2026-01-11,sub-psiog-001,MAC-06,rg-mac-06-cloudops-prod,Microsoft.Sql/servers/databases,SQL Database,Data Services,team:CloudOps,367.81,INR,6.11,1 Hour
2026-01-11,sub-psiog-001,MAC-07,rg-mac-07-ml-prod,Microsoft.Compute/virtualMachines,Virtual Machines,Compute,team:ML,1545.43,INR,9.94,1 Hour
2026-01-11,sub-psiog-001,MAC-07,rg-mac-07-ml-prod,Microsoft.Storage/storageAccounts,Blob Storage,Storage,team:ML,582.87,INR,75.48,1 Hour
2026-01-11,sub-psiog-001,MAC-07,rg-mac-07-ml-prod,Microsoft.Network/virtualNetworks,Virtual Networks,Networking,team:ML,187.4,INR,66.04,1 Hour
2026-01-11,sub-psiog-001,MAC-07,rg-mac-07-ml-prod,Microsoft.Sql/servers/databases,SQL Database,Data Services,team:ML,781.9,INR,71.0,1 Hour
2026-01-11,sub-psiog-001,MAC-07,rg-mac-07-research-prod,Microsoft.ContainerService/managedClusters,AKS Clusters,Compute,team:Research,773.03,INR,2.48,1 Hour
2026-01-11,sub-psiog-001,MAC-07,rg-mac-07-research-prod,Microsoft.Storage/storageAccounts/fileServices,File Storage,Storage,team:Research,398.23,INR,12.52,1 Hour
2026-01-11,sub-psiog-001,MAC-07,rg-mac-07-research-prod,Microsoft.Network/virtualNetworks,Virtual Networks,Networking,team:Research,210.32,INR,32.25,1 Hour
2026-01-11,sub-psiog-001,MAC-07,rg-mac-07-research-prod,Microsoft.DocumentDB/databaseAccounts,Cosmos DB,Data Services,team:Research,732.88,INR,38.41,1 Hour
2026-01-11,sub-psiog-001,MAC-08,rg-mac-08-finance-prod,Microsoft.Compute/virtualMachines,Virtual Machines,Compute,team:Finance,286.81,INR,25.32,1 Hour
2026-01-11,sub-psiog-001,MAC-08,rg-mac-08-finance-prod,Microsoft.Storage/storageAccounts,Blob Storage,Storage,team:Finance,193.57,INR,46.38,1 Hour
2026-01-11,sub-psiog-001,MAC-08,rg-mac-08-finance-prod,Microsoft.Network/virtualNetworks,Virtual Networks,Networking,team:Finance,109.68,INR,56.13,1 Hour
2026-01-11,sub-psiog-001,MAC-08,rg-mac-08-finance-prod,Microsoft.DocumentDB/databaseAccounts,Cosmos DB,Data Services,team:Finance,424.27,INR,17.44,1 Hour
2026-01-11,sub-psiog-001,MAC-08,rg-mac-08-operations-prod,Microsoft.Compute/virtualMachines,Virtual Machines,Compute,team:Operations,453.18,INR,89.16,1 Hour
2026-01-11,sub-psiog-001,MAC-08,rg-mac-08-operations-prod,Microsoft.Storage/storageAccounts/fileServices,File Storage,Storage,team:Operations,291.67,INR,47.25,1 Hour
2026-01-11,sub-psiog-001,MAC-08,rg-mac-08-operations-prod,Microsoft.Network/virtualNetworks,Virtual Networks,Networking,team:Operations,143.65,INR,37.27,1 Hour
2026-01-11,sub-psiog-001,MAC-08,rg-mac-08-operations-prod,Microsoft.DocumentDB/databaseAccounts,Cosmos DB,Data Services,team:Operations,417.97,INR,7.99,1 Hour
2026-01-12,sub-psiog-001,MAC-01,rg-mac-01-devops-prod,Microsoft.Compute/virtualMachines,Virtual Machines,Compute,team:DevOps,1392.98,INR,62.97,1 Hour
2026-01-12,sub-psiog-001,MAC-01,rg-mac-01-devops-prod,Microsoft.Storage/storageAccounts,Blob Storage,Storage,team:DevOps,319.46,INR,32.62,1 Hour
2026-01-12,sub-psiog-001,MAC-01,rg-mac-01-devops-prod,Microsoft.Network/loadBalancers,Load Balancers,Networking,team:DevOps,230.69,INR,94.74,1 Hour
2026-01-12,sub-psiog-001,MAC-01,rg-mac-01-devops-prod,Microsoft.Sql/servers/databases,SQL Database,Data Services,team:DevOps,437.55,INR,45.93,1 Hour
2026-01-12,sub-psiog-001,MAC-01,rg-mac-01-platform-prod,Microsoft.Compute/virtualMachines,Virtual Machines,Compute,team:Platform,1162.73,INR,83.68,1 Hour
2026-01-12,sub-psiog-001,MAC-01,rg-mac-01-platform-prod,Microsoft.Storage/storageAccounts/fileServices,File Storage,Storage,team:Platform,315.48,INR,13.68,1 Hour
2026-01-12,sub-psiog-001,MAC-01,rg-mac-01-platform-prod,Microsoft.Network/loadBalancers,Load Balancers,Networking,team:Platform,247.32,INR,84.98,1 Hour
2026-01-12,sub-psiog-001,MAC-01,rg-mac-01-platform-prod,Microsoft.Sql/servers/databases,SQL Database,Data Services,team:Platform,425.39,INR,95.99,1 Hour
2026-01-12,sub-psiog-001,MAC-02,rg-mac-02-dataengineering-prod,Microsoft.Compute/virtualMachines,Virtual Machines,Compute,team:DataEngineering,1018.93,INR,21.41,1 Hour
2026-01-12,sub-psiog-001,MAC-02,rg-mac-02-dataengineering-prod,Microsoft.Storage/storageAccounts,Blob Storage,Storage,team:DataEngineering,655.67,INR,2.45,1 Hour
2026-01-12,sub-psiog-001,MAC-02,rg-mac-02-dataengineering-prod,Microsoft.Network/virtualNetworks,Virtual Networks,Networking,team:DataEngineering,159.74,INR,4.63,1 Hour
2026-01-12,sub-psiog-001,MAC-02,rg-mac-02-dataengineering-prod,Microsoft.DocumentDB/databaseAccounts,Cosmos DB,Data Services,team:DataEngineering,884.26,INR,39.1,1 Hour
2026-01-12,sub-psiog-001,MAC-02,rg-mac-02-analytics-prod,Microsoft.Compute/virtualMachines,Virtual Machines,Compute,team:Analytics,955.94,INR,7.84,1 Hour
2026-01-12,sub-psiog-001,MAC-02,rg-mac-02-analytics-prod,Microsoft.Storage/storageAccounts/fileServices,File Storage,Storage,team:Analytics,553.3,INR,33.86,1 Hour
2026-01-12,sub-psiog-001,MAC-02,rg-mac-02-analytics-prod,Microsoft.Network/loadBalancers,Load Balancers,Networking,team:Analytics,156.42,INR,56.11,1 Hour
2026-01-12,sub-psiog-001,MAC-02,rg-mac-02-analytics-prod,Microsoft.Sql/servers/databases,SQL Database,Data Services,team:Analytics,907.25,INR,39.01,1 Hour
2026-01-12,sub-psiog-001,MAC-03,rg-mac-03-product-prod,Microsoft.ContainerService/managedClusters,AKS Clusters,Compute,team:Product,576.86,INR,41.9,1 Hour
2026-01-12,sub-psiog-001,MAC-03,rg-mac-03-product-prod,Microsoft.Storage/storageAccounts/fileServices,File Storage,Storage,team:Product,185.53,INR,57.45,1 Hour
2026-01-12,sub-psiog-001,MAC-03,rg-mac-03-product-prod,Microsoft.Network/loadBalancers,Load Balancers,Networking,team:Product,105.09,INR,99.62,1 Hour
2026-01-12,sub-psiog-001,MAC-03,rg-mac-03-product-prod,Microsoft.Sql/servers/databases,SQL Database,Data Services,team:Product,345.75,INR,52.63,1 Hour
2026-01-12,sub-psiog-001,MAC-03,rg-mac-03-frontend-prod,Microsoft.Compute/virtualMachines,Virtual Machines,Compute,team:Frontend,471.66,INR,63.32,1 Hour
2026-01-12,sub-psiog-001,MAC-03,rg-mac-03-frontend-prod,Microsoft.Storage/storageAccounts,Blob Storage,Storage,team:Frontend,138.4,INR,18.36,1 Hour
2026-01-12,sub-psiog-001,MAC-03,rg-mac-03-frontend-prod,Microsoft.Network/virtualNetworks,Virtual Networks,Networking,team:Frontend,102.38,INR,41.58,1 Hour
2026-01-12,sub-psiog-001,MAC-03,rg-mac-03-frontend-prod,Microsoft.DocumentDB/databaseAccounts,Cosmos DB,Data Services,team:Frontend,204.78,INR,77.14,1 Hour
2026-01-12,sub-psiog-001,MAC-04,rg-mac-04-backend-prod,Microsoft.ContainerService/managedClusters,AKS Clusters,Compute,team:Backend,921.81,INR,9.29,1 Hour
2026-01-12,sub-psiog-001,MAC-04,rg-mac-04-backend-prod,Microsoft.Storage/storageAccounts/fileServices,File Storage,Storage,team:Backend,394.84,INR,81.88,1 Hour
2026-01-12,sub-psiog-001,MAC-04,rg-mac-04-backend-prod,Microsoft.Network/loadBalancers,Load Balancers,Networking,team:Backend,253.21,INR,43.04,1 Hour
2026-01-12,sub-psiog-001,MAC-04,rg-mac-04-backend-prod,Microsoft.DocumentDB/databaseAccounts,Cosmos DB,Data Services,team:Backend,551.99,INR,94.88,1 Hour
2026-01-12,sub-psiog-001,MAC-04,rg-mac-04-qa-prod,Microsoft.Compute/virtualMachines,Virtual Machines,Compute,team:QA,405.92,INR,42.68,1 Hour
2026-01-12,sub-psiog-001,MAC-04,rg-mac-04-qa-prod,Microsoft.Storage/storageAccounts,Blob Storage,Storage,team:QA,161.84,INR,73.55,1 Hour
2026-01-12,sub-psiog-001,MAC-04,rg-mac-04-qa-prod,Microsoft.Network/virtualNetworks,Virtual Networks,Networking,team:QA,88.91,INR,6.88,1 Hour
2026-01-12,sub-psiog-001,MAC-04,rg-mac-04-qa-prod,Microsoft.DocumentDB/databaseAccounts,Cosmos DB,Data Services,team:QA,250.18,INR,76.95,1 Hour
2026-01-12,sub-psiog-001,MAC-05,rg-mac-05-security-prod,Microsoft.Compute/virtualMachines,Virtual Machines,Compute,team:Security,622.77,INR,70.83,1 Hour
2026-01-12,sub-psiog-001,MAC-05,rg-mac-05-security-prod,Microsoft.Storage/storageAccounts/fileServices,File Storage,Storage,team:Security,272.05,INR,12.47,1 Hour
2026-01-12,sub-psiog-001,MAC-05,rg-mac-05-security-prod,Microsoft.Network/virtualNetworks,Virtual Networks,Networking,team:Security,337.16,INR,37.14,1 Hour
2026-01-12,sub-psiog-001,MAC-05,rg-mac-05-security-prod,Microsoft.Sql/servers/databases,SQL Database,Data Services,team:Security,403.89,INR,55.78,1 Hour
2026-01-12,sub-psiog-001,MAC-05,rg-mac-05-compliance-prod,Microsoft.ContainerService/managedClusters,AKS Clusters,Compute,team:Compliance,334.9,INR,69.61,1 Hour
2026-01-12,sub-psiog-001,MAC-05,rg-mac-05-compliance-prod,Microsoft.Storage/storageAccounts,Blob Storage,Storage,team:Compliance,254.84,INR,73.93,1 Hour
2026-01-12,sub-psiog-001,MAC-05,rg-mac-05-compliance-prod,Microsoft.Network/loadBalancers,Load Balancers,Networking,team:Compliance,143.76,INR,41.05,1 Hour
2026-01-12,sub-psiog-001,MAC-05,rg-mac-05-compliance-prod,Microsoft.DocumentDB/databaseAccounts,Cosmos DB,Data Services,team:Compliance,281.45,INR,4.36,1 Hour
2026-01-12,sub-psiog-001,MAC-06,rg-mac-06-infrastructure-prod,Microsoft.Compute/virtualMachines,Virtual Machines,Compute,team:Infrastructure,1391.09,INR,39.59,1 Hour
2026-01-12,sub-psiog-001,MAC-06,rg-mac-06-infrastructure-prod,Microsoft.Storage/storageAccounts,Blob Storage,Storage,team:Infrastructure,379.39,INR,91.58,1 Hour
2026-01-12,sub-psiog-001,MAC-06,rg-mac-06-infrastructure-prod,Microsoft.Network/virtualNetworks,Virtual Networks,Networking,team:Infrastructure,338.26,INR,51.16,1 Hour
2026-01-12,sub-psiog-001,MAC-06,rg-mac-06-infrastructure-prod,Microsoft.DocumentDB/databaseAccounts,Cosmos DB,Data Services,team:Infrastructure,373.6,INR,93.58,1 Hour
2026-01-12,sub-psiog-001,MAC-06,rg-mac-06-cloudops-prod,Microsoft.Compute/virtualMachines,Virtual Machines,Compute,team:CloudOps,1310.62,INR,4.58,1 Hour
2026-01-12,sub-psiog-001,MAC-06,rg-mac-06-cloudops-prod,Microsoft.Storage/storageAccounts/fileServices,File Storage,Storage,team:CloudOps,383.84,INR,67.57,1 Hour
2026-01-12,sub-psiog-001,MAC-06,rg-mac-06-cloudops-prod,Microsoft.Network/virtualNetworks,Virtual Networks,Networking,team:CloudOps,321.44,INR,59.02,1 Hour
2026-01-12,sub-psiog-001,MAC-06,rg-mac-06-cloudops-prod,Microsoft.DocumentDB/databaseAccounts,Cosmos DB,Data Services,team:CloudOps,409.62,INR,94.38,1 Hour
2026-01-12,sub-psiog-001,MAC-07,rg-mac-07-ml-prod,Microsoft.Compute/virtualMachines,Virtual Machines,Compute,team:ML,1613.66,INR,25.23,1 Hour
2026-01-12,sub-psiog-001,MAC-07,rg-mac-07-ml-prod,Microsoft.Storage/storageAccounts/fileServices,File Storage,Storage,team:ML,465.01,INR,37.27,1 Hour
2026-01-12,sub-psiog-001,MAC-07,rg-mac-07-ml-prod,Microsoft.Network/virtualNetworks,Virtual Networks,Networking,team:ML,178.02,INR,10.1,1 Hour
2026-01-12,sub-psiog-001,MAC-07,rg-mac-07-ml-prod,Microsoft.DocumentDB/databaseAccounts,Cosmos DB,Data Services,team:ML,753.48,INR,19.67,1 Hour
2026-01-12,sub-psiog-001,MAC-07,rg-mac-07-research-prod,Microsoft.Compute/virtualMachines,Virtual Machines,Compute,team:Research,768.41,INR,69.29,1 Hour
2026-01-12,sub-psiog-001,MAC-07,rg-mac-07-research-prod,Microsoft.Storage/storageAccounts/fileServices,File Storage,Storage,team:Research,467.95,INR,15.74,1 Hour
2026-01-12,sub-psiog-001,MAC-07,rg-mac-07-research-prod,Microsoft.Network/virtualNetworks,Virtual Networks,Networking,team:Research,184.87,INR,58.78,1 Hour
2026-01-12,sub-psiog-001,MAC-07,rg-mac-07-research-prod,Microsoft.DocumentDB/databaseAccounts,Cosmos DB,Data Services,team:Research,761.11,INR,97.9,1 Hour
2026-01-12,sub-psiog-001,MAC-08,rg-mac-08-finance-prod,Microsoft.ContainerService/managedClusters,AKS Clusters,Compute,team:Finance,319.58,INR,50.79,1 Hour
2026-01-12,sub-psiog-001,MAC-08,rg-mac-08-finance-prod,Microsoft.Storage/storageAccounts/fileServices,File Storage,Storage,team:Finance,206.16,INR,56.3,1 Hour
2026-01-12,sub-psiog-001,MAC-08,rg-mac-08-finance-prod,Microsoft.Network/loadBalancers,Load Balancers,Networking,team:Finance,91.87,INR,55.28,1 Hour
2026-01-12,sub-psiog-001,MAC-08,rg-mac-08-finance-prod,Microsoft.Sql/servers/databases,SQL Database,Data Services,team:Finance,393.88,INR,60.45,1 Hour
2026-01-12,sub-psiog-001,MAC-08,rg-mac-08-operations-prod,Microsoft.ContainerService/managedClusters,AKS Clusters,Compute,team:Operations,412.85,INR,34.39,1 Hour
2026-01-12,sub-psiog-001,MAC-08,rg-mac-08-operations-prod,Microsoft.Storage/storageAccounts/fileServices,File Storage,Storage,team:Operations,271.37,INR,14.98,1 Hour
2026-01-12,sub-psiog-001,MAC-08,rg-mac-08-operations-prod,Microsoft.Network/virtualNetworks,Virtual Networks,Networking,team:Operations,129.83,INR,60.46,1 Hour
2026-01-12,sub-psiog-001,MAC-08,rg-mac-08-operations-prod,Microsoft.DocumentDB/databaseAccounts,Cosmos DB,Data Services,team:Operations,391.33,INR,96.51,1 Hour
2026-01-13,sub-psiog-001,MAC-01,rg-mac-01-devops-prod,Microsoft.Compute/virtualMachines,Virtual Machines,Compute,team:DevOps,1085.07,INR,66.75,1 Hour
2026-01-13,sub-psiog-001,MAC-01,rg-mac-01-devops-prod,Microsoft.Storage/storageAccounts/fileServices,File Storage,Storage,team:DevOps,314.47,INR,97.05,1 Hour
2026-01-13,sub-psiog-001,MAC-01,rg-mac-01-devops-prod,Microsoft.Network/loadBalancers,Load Balancers,Networking,team:DevOps,199.89,INR,84.72,1 Hour
2026-01-13,sub-psiog-001,MAC-01,rg-mac-01-devops-prod,Microsoft.Sql/servers/databases,SQL Database,Data Services,team:DevOps,457.49,INR,82.3,1 Hour
2026-01-13,sub-psiog-001,MAC-01,rg-mac-01-platform-prod,Microsoft.ContainerService/managedClusters,AKS Clusters,Compute,team:Platform,1271.15,INR,76.73,1 Hour
2026-01-13,sub-psiog-001,MAC-01,rg-mac-01-platform-prod,Microsoft.Storage/storageAccounts/fileServices,File Storage,Storage,team:Platform,312.92,INR,94.4,1 Hour
2026-01-13,sub-psiog-001,MAC-01,rg-mac-01-platform-prod,Microsoft.Network/virtualNetworks,Virtual Networks,Networking,team:Platform,284.08,INR,99.4,1 Hour
2026-01-13,sub-psiog-001,MAC-01,rg-mac-01-platform-prod,Microsoft.DocumentDB/databaseAccounts,Cosmos DB,Data Services,team:Platform,435.12,INR,79.44,1 Hour
2026-01-13,sub-psiog-001,MAC-02,rg-mac-02-dataengineering-prod,Microsoft.Compute/virtualMachines,Virtual Machines,Compute,team:DataEngineering,894.86,INR,13.42,1 Hour
2026-01-13,sub-psiog-001,MAC-02,rg-mac-02-dataengineering-prod,Microsoft.Storage/storageAccounts,Blob Storage,Storage,team:DataEngineering,682.72,INR,49.26,1 Hour
2026-01-13,sub-psiog-001,MAC-02,rg-mac-02-dataengineering-prod,Microsoft.Network/loadBalancers,Load Balancers,Networking,team:DataEngineering,181.41,INR,21.37,1 Hour
2026-01-13,sub-psiog-001,MAC-02,rg-mac-02-dataengineering-prod,Microsoft.DocumentDB/databaseAccounts,Cosmos DB,Data Services,team:DataEngineering,819.41,INR,80.04,1 Hour
2026-01-13,sub-psiog-001,MAC-02,rg-mac-02-analytics-prod,Microsoft.ContainerService/managedClusters,AKS Clusters,Compute,team:Analytics,834.1,INR,27.32,1 Hour
2026-01-13,sub-psiog-001,MAC-02,rg-mac-02-analytics-prod,Microsoft.Storage/storageAccounts/fileServices,File Storage,Storage,team:Analytics,530.88,INR,70.73,1 Hour
2026-01-13,sub-psiog-001,MAC-02,rg-mac-02-analytics-prod,Microsoft.Network/loadBalancers,Load Balancers,Networking,team:Analytics,176.91,INR,43.5,1 Hour
2026-01-13,sub-psiog-001,MAC-02,rg-mac-02-analytics-prod,Microsoft.Sql/servers/databases,SQL Database,Data Services,team:Analytics,830.16,INR,40.86,1 Hour
2026-01-13,sub-psiog-001,MAC-03,rg-mac-03-product-prod,Microsoft.ContainerService/managedClusters,AKS Clusters,Compute,team:Product,539.47,INR,88.8,1 Hour
2026-01-13,sub-psiog-001,MAC-03,rg-mac-03-product-prod,Microsoft.Storage/storageAccounts,Blob Storage,Storage,team:Product,209.71,INR,71.38,1 Hour
2026-01-13,sub-psiog-001,MAC-03,rg-mac-03-product-prod,Microsoft.Network/loadBalancers,Load Balancers,Networking,team:Product,131.57,INR,44.35,1 Hour
2026-01-13,sub-psiog-001,MAC-03,rg-mac-03-product-prod,Microsoft.DocumentDB/databaseAccounts,Cosmos DB,Data Services,team:Product,323.81,INR,82.53,1 Hour
2026-01-13,sub-psiog-001,MAC-03,rg-mac-03-frontend-prod,Microsoft.Compute/virtualMachines,Virtual Machines,Compute,team:Frontend,464.39,INR,81.5,1 Hour
2026-01-13,sub-psiog-001,MAC-03,rg-mac-03-frontend-prod,Microsoft.Storage/storageAccounts/fileServices,File Storage,Storage,team:Frontend,140.31,INR,70.62,1 Hour
2026-01-13,sub-psiog-001,MAC-03,rg-mac-03-frontend-prod,Microsoft.Network/loadBalancers,Load Balancers,Networking,team:Frontend,114.98,INR,79.84,1 Hour
2026-01-13,sub-psiog-001,MAC-03,rg-mac-03-frontend-prod,Microsoft.DocumentDB/databaseAccounts,Cosmos DB,Data Services,team:Frontend,192.71,INR,92.78,1 Hour
2026-01-13,sub-psiog-001,MAC-04,rg-mac-04-backend-prod,Microsoft.ContainerService/managedClusters,AKS Clusters,Compute,team:Backend,886.38,INR,6.66,1 Hour
2026-01-13,sub-psiog-001,MAC-04,rg-mac-04-backend-prod,Microsoft.Storage/storageAccounts,Blob Storage,Storage,team:Backend,364.18,INR,82.48,1 Hour
2026-01-13,sub-psiog-001,MAC-04,rg-mac-04-backend-prod,Microsoft.Network/loadBalancers,Load Balancers,Networking,team:Backend,250.77,INR,10.8,1 Hour
2026-01-13,sub-psiog-001,MAC-04,rg-mac-04-backend-prod,Microsoft.Sql/servers/databases,SQL Database,Data Services,team:Backend,450.1,INR,9.85,1 Hour
2026-01-13,sub-psiog-001,MAC-04,rg-mac-04-qa-prod,Microsoft.Compute/virtualMachines,Virtual Machines,Compute,team:QA,411.94,INR,26.91,1 Hour
2026-01-13,sub-psiog-001,MAC-04,rg-mac-04-qa-prod,Microsoft.Storage/storageAccounts/fileServices,File Storage,Storage,team:QA,168.25,INR,53.6,1 Hour
2026-01-13,sub-psiog-001,MAC-04,rg-mac-04-qa-prod,Microsoft.Network/loadBalancers,Load Balancers,Networking,team:QA,95.01,INR,36.76,1 Hour
2026-01-13,sub-psiog-001,MAC-04,rg-mac-04-qa-prod,Microsoft.DocumentDB/databaseAccounts,Cosmos DB,Data Services,team:QA,291.0,INR,32.79,1 Hour
2026-01-13,sub-psiog-001,MAC-05,rg-mac-05-security-prod,Microsoft.ContainerService/managedClusters,AKS Clusters,Compute,team:Security,687.66,INR,6.0,1 Hour
2026-01-13,sub-psiog-001,MAC-05,rg-mac-05-security-prod,Microsoft.Storage/storageAccounts/fileServices,File Storage,Storage,team:Security,279.37,INR,58.12,1 Hour
2026-01-13,sub-psiog-001,MAC-05,rg-mac-05-security-prod,Microsoft.Network/loadBalancers,Load Balancers,Networking,team:Security,305.63,INR,94.47,1 Hour
2026-01-13,sub-psiog-001,MAC-05,rg-mac-05-security-prod,Microsoft.Sql/servers/databases,SQL Database,Data Services,team:Security,385.62,INR,55.82,1 Hour
2026-01-13,sub-psiog-001,MAC-05,rg-mac-05-compliance-prod,Microsoft.Compute/virtualMachines,Virtual Machines,Compute,team:Compliance,377.62,INR,16.36,1 Hour
2026-01-13,sub-psiog-001,MAC-05,rg-mac-05-compliance-prod,Microsoft.Storage/storageAccounts/fileServices,File Storage,Storage,team:Compliance,230.03,INR,97.6,1 Hour
2026-01-13,sub-psiog-001,MAC-05,rg-mac-05-compliance-prod,Microsoft.Network/loadBalancers,Load Balancers,Networking,team:Compliance,156.13,INR,47.34,1 Hour
2026-01-13,sub-psiog-001,MAC-05,rg-mac-05-compliance-prod,Microsoft.Sql/servers/databases,SQL Database,Data Services,team:Compliance,350.79,INR,28.6,1 Hour
2026-01-13,sub-psiog-001,MAC-06,rg-mac-06-infrastructure-prod,Microsoft.Compute/virtualMachines,Virtual Machines,Compute,team:Infrastructure,1576.98,INR,80.26,1 Hour
2026-01-13,sub-psiog-001,MAC-06,rg-mac-06-infrastructure-prod,Microsoft.Storage/storageAccounts,Blob Storage,Storage,team:Infrastructure,403.38,INR,82.2,1 Hour
2026-01-13,sub-psiog-001,MAC-06,rg-mac-06-infrastructure-prod,Microsoft.Network/virtualNetworks,Virtual Networks,Networking,team:Infrastructure,318.1,INR,83.77,1 Hour
2026-01-13,sub-psiog-001,MAC-06,rg-mac-06-infrastructure-prod,Microsoft.Sql/servers/databases,SQL Database,Data Services,team:Infrastructure,430.06,INR,40.5,1 Hour
2026-01-13,sub-psiog-001,MAC-06,rg-mac-06-cloudops-prod,Microsoft.ContainerService/managedClusters,AKS Clusters,Compute,team:CloudOps,1166.68,INR,36.34,1 Hour
2026-01-13,sub-psiog-001,MAC-06,rg-mac-06-cloudops-prod,Microsoft.Storage/storageAccounts,Blob Storage,Storage,team:CloudOps,433.45,INR,65.16,1 Hour
2026-01-13,sub-psiog-001,MAC-06,rg-mac-06-cloudops-prod,Microsoft.Network/virtualNetworks,Virtual Networks,Networking,team:CloudOps,341.67,INR,79.36,1 Hour
2026-01-13,sub-psiog-001,MAC-06,rg-mac-06-cloudops-prod,Microsoft.DocumentDB/databaseAccounts,Cosmos DB,Data Services,team:CloudOps,457.74,INR,35.67,1 Hour
2026-01-13,sub-psiog-001,MAC-07,rg-mac-07-ml-prod,Microsoft.ContainerService/managedClusters,AKS Clusters,Compute,team:ML,1803.33,INR,87.11,1 Hour
2026-01-13,sub-psiog-001,MAC-07,rg-mac-07-ml-prod,Microsoft.Storage/storageAccounts/fileServices,File Storage,Storage,team:ML,462.96,INR,4.0,1 Hour
2026-01-13,sub-psiog-001,MAC-07,rg-mac-07-ml-prod,Microsoft.Network/loadBalancers,Load Balancers,Networking,team:ML,207.52,INR,3.64,1 Hour
2026-01-13,sub-psiog-001,MAC-07,rg-mac-07-ml-prod,Microsoft.DocumentDB/databaseAccounts,Cosmos DB,Data Services,team:ML,698.15,INR,30.48,1 Hour
2026-01-13,sub-psiog-001,MAC-07,rg-mac-07-research-prod,Microsoft.ContainerService/managedClusters,AKS Clusters,Compute,team:Research,735.85,INR,5.87,1 Hour
2026-01-13,sub-psiog-001,MAC-07,rg-mac-07-research-prod,Microsoft.Storage/storageAccounts/fileServices,File Storage,Storage,team:Research,508.98,INR,46.35,1 Hour
2026-01-13,sub-psiog-001,MAC-07,rg-mac-07-research-prod,Microsoft.Network/virtualNetworks,Virtual Networks,Networking,team:Research,161.47,INR,47.19,1 Hour
2026-01-13,sub-psiog-001,MAC-07,rg-mac-07-research-prod,Microsoft.Sql/servers/databases,SQL Database,Data Services,team:Research,616.97,INR,72.36,1 Hour
2026-01-13,sub-psiog-001,MAC-08,rg-mac-08-finance-prod,Microsoft.Compute/virtualMachines,Virtual Machines,Compute,team:Finance,263.01,INR,71.91,1 Hour
2026-01-13,sub-psiog-001,MAC-08,rg-mac-08-finance-prod,Microsoft.Storage/storageAccounts,Blob Storage,Storage,team:Finance,194.55,INR,44.71,1 Hour
2026-01-13,sub-psiog-001,MAC-08,rg-mac-08-finance-prod,Microsoft.Network/loadBalancers,Load Balancers,Networking,team:Finance,95.04,INR,86.34,1 Hour
2026-01-13,sub-psiog-001,MAC-08,rg-mac-08-finance-prod,Microsoft.Sql/servers/databases,SQL Database,Data Services,team:Finance,494.48,INR,11.05,1 Hour
2026-01-13,sub-psiog-001,MAC-08,rg-mac-08-operations-prod,Microsoft.Compute/virtualMachines,Virtual Machines,Compute,team:Operations,456.3,INR,70.7,1 Hour
2026-01-13,sub-psiog-001,MAC-08,rg-mac-08-operations-prod,Microsoft.Storage/storageAccounts,Blob Storage,Storage,team:Operations,271.49,INR,86.09,1 Hour
2026-01-13,sub-psiog-001,MAC-08,rg-mac-08-operations-prod,Microsoft.Network/loadBalancers,Load Balancers,Networking,team:Operations,137.04,INR,86.84,1 Hour
2026-01-13,sub-psiog-001,MAC-08,rg-mac-08-operations-prod,Microsoft.Sql/servers/databases,SQL Database,Data Services,team:Operations,344.03,INR,63.81,1 Hour
2026-01-14,sub-psiog-001,MAC-01,rg-mac-01-devops-prod,Microsoft.ContainerService/managedClusters,AKS Clusters,Compute,team:DevOps,1381.79,INR,79.43,1 Hour
2026-01-14,sub-psiog-001,MAC-01,rg-mac-01-devops-prod,Microsoft.Storage/storageAccounts/fileServices,File Storage,Storage,team:DevOps,263.46,INR,6.37,1 Hour
2026-01-14,sub-psiog-001,MAC-01,rg-mac-01-devops-prod,Microsoft.Network/loadBalancers,Load Balancers,Networking,team:DevOps,224.42,INR,31.79,1 Hour
2026-01-14,sub-psiog-001,MAC-01,rg-mac-01-devops-prod,Microsoft.Sql/servers/databases,SQL Database,Data Services,team:DevOps,454.04,INR,62.26,1 Hour
2026-01-14,sub-psiog-001,MAC-01,rg-mac-01-platform-prod,Microsoft.Compute/virtualMachines,Virtual Machines,Compute,team:Platform,1073.44,INR,49.09,1 Hour
2026-01-14,sub-psiog-001,MAC-01,rg-mac-01-platform-prod,Microsoft.Storage/storageAccounts/fileServices,File Storage,Storage,team:Platform,258.31,INR,61.64,1 Hour
2026-01-14,sub-psiog-001,MAC-01,rg-mac-01-platform-prod,Microsoft.Network/loadBalancers,Load Balancers,Networking,team:Platform,233.66,INR,39.72,1 Hour
2026-01-14,sub-psiog-001,MAC-01,rg-mac-01-platform-prod,Microsoft.DocumentDB/databaseAccounts,Cosmos DB,Data Services,team:Platform,368.53,INR,95.1,1 Hour
2026-01-14,sub-psiog-001,MAC-02,rg-mac-02-dataengineering-prod,Microsoft.Compute/virtualMachines,Virtual Machines,Compute,team:DataEngineering,976.26,INR,66.94,1 Hour
2026-01-14,sub-psiog-001,MAC-02,rg-mac-02-dataengineering-prod,Microsoft.Storage/storageAccounts,Blob Storage,Storage,team:DataEngineering,696.11,INR,62.46,1 Hour
2026-01-14,sub-psiog-001,MAC-02,rg-mac-02-dataengineering-prod,Microsoft.Network/loadBalancers,Load Balancers,Networking,team:DataEngineering,205.89,INR,96.16,1 Hour
2026-01-14,sub-psiog-001,MAC-02,rg-mac-02-dataengineering-prod,Microsoft.Sql/servers/databases,SQL Database,Data Services,team:DataEngineering,1031.27,INR,63.61,1 Hour
2026-01-14,sub-psiog-001,MAC-02,rg-mac-02-analytics-prod,Microsoft.ContainerService/managedClusters,AKS Clusters,Compute,team:Analytics,982.88,INR,52.15,1 Hour
2026-01-14,sub-psiog-001,MAC-02,rg-mac-02-analytics-prod,Microsoft.Storage/storageAccounts,Blob Storage,Storage,team:Analytics,510.61,INR,91.99,1 Hour
2026-01-14,sub-psiog-001,MAC-02,rg-mac-02-analytics-prod,Microsoft.Network/loadBalancers,Load Balancers,Networking,team:Analytics,177.8,INR,6.03,1 Hour
2026-01-14,sub-psiog-001,MAC-02,rg-mac-02-analytics-prod,Microsoft.Sql/servers/databases,SQL Database,Data Services,team:Analytics,893.8,INR,36.46,1 Hour
2026-01-14,sub-psiog-001,MAC-03,rg-mac-03-product-prod,Microsoft.Compute/virtualMachines,Virtual Machines,Compute,team:Product,567.35,INR,46.17,1 Hour
2026-01-14,sub-psiog-001,MAC-03,rg-mac-03-product-prod,Microsoft.Storage/storageAccounts,Blob Storage,Storage,team:Product,191.11,INR,25.2,1 Hour
2026-01-14,sub-psiog-001,MAC-03,rg-mac-03-product-prod,Microsoft.Network/virtualNetworks,Virtual Networks,Networking,team:Product,110.7,INR,80.97,1 Hour
2026-01-14,sub-psiog-001,MAC-03,rg-mac-03-product-prod,Microsoft.Sql/servers/databases,SQL Database,Data Services,team:Product,273.48,INR,95.22,1 Hour
2026-01-14,sub-psiog-001,MAC-03,rg-mac-03-frontend-prod,Microsoft.ContainerService/managedClusters,AKS Clusters,Compute,team:Frontend,491.35,INR,20.49,1 Hour
2026-01-14,sub-psiog-001,MAC-03,rg-mac-03-frontend-prod,Microsoft.Storage/storageAccounts/fileServices,File Storage,Storage,team:Frontend,133.85,INR,24.75,1 Hour
2026-01-14,sub-psiog-001,MAC-03,rg-mac-03-frontend-prod,Microsoft.Network/loadBalancers,Load Balancers,Networking,team:Frontend,104.23,INR,83.47,1 Hour
2026-01-14,sub-psiog-001,MAC-03,rg-mac-03-frontend-prod,Microsoft.DocumentDB/databaseAccounts,Cosmos DB,Data Services,team:Frontend,207.61,INR,27.93,1 Hour
2026-01-14,sub-psiog-001,MAC-04,rg-mac-04-backend-prod,Microsoft.ContainerService/managedClusters,AKS Clusters,Compute,team:Backend,956.89,INR,55.14,1 Hour
2026-01-14,sub-psiog-001,MAC-04,rg-mac-04-backend-prod,Microsoft.Storage/storageAccounts,Blob Storage,Storage,team:Backend,358.97,INR,75.29,1 Hour
2026-01-14,sub-psiog-001,MAC-04,rg-mac-04-backend-prod,Microsoft.Network/loadBalancers,Load Balancers,Networking,team:Backend,256.36,INR,54.1,1 Hour
2026-01-14,sub-psiog-001,MAC-04,rg-mac-04-backend-prod,Microsoft.DocumentDB/databaseAccounts,Cosmos DB,Data Services,team:Backend,481.77,INR,47.63,1 Hour
2026-01-14,sub-psiog-001,MAC-04,rg-mac-04-qa-prod,Microsoft.ContainerService/managedClusters,AKS Clusters,Compute,team:QA,454.03,INR,7.5,1 Hour
2026-01-14,sub-psiog-001,MAC-04,rg-mac-04-qa-prod,Microsoft.Storage/storageAccounts/fileServices,File Storage,Storage,team:QA,189.04,INR,63.27,1 Hour
2026-01-14,sub-psiog-001,MAC-04,rg-mac-04-qa-prod,Microsoft.Network/loadBalancers,Load Balancers,Networking,team:QA,89.81,INR,89.75,1 Hour
2026-01-14,sub-psiog-001,MAC-04,rg-mac-04-qa-prod,Microsoft.DocumentDB/databaseAccounts,Cosmos DB,Data Services,team:QA,258.79,INR,93.23,1 Hour
2026-01-14,sub-psiog-001,MAC-05,rg-mac-05-security-prod,Microsoft.Compute/virtualMachines,Virtual Machines,Compute,team:Security,675.54,INR,82.71,1 Hour
2026-01-14,sub-psiog-001,MAC-05,rg-mac-05-security-prod,Microsoft.Storage/storageAccounts,Blob Storage,Storage,team:Security,225.18,INR,58.39,1 Hour
2026-01-14,sub-psiog-001,MAC-05,rg-mac-05-security-prod,Microsoft.Network/loadBalancers,Load Balancers,Networking,team:Security,308.58,INR,88.61,1 Hour
2026-01-14,sub-psiog-001,MAC-05,rg-mac-05-security-prod,Microsoft.Sql/servers/databases,SQL Database,Data Services,team:Security,361.89,INR,25.33,1 Hour
2026-01-14,sub-psiog-001,MAC-05,rg-mac-05-compliance-prod,Microsoft.ContainerService/managedClusters,AKS Clusters,Compute,team:Compliance,404.59,INR,85.64,1 Hour
2026-01-14,sub-psiog-001,MAC-05,rg-mac-05-compliance-prod,Microsoft.Storage/storageAccounts,Blob Storage,Storage,team:Compliance,195.23,INR,61.1,1 Hour
2026-01-14,sub-psiog-001,MAC-05,rg-mac-05-compliance-prod,Microsoft.Network/virtualNetworks,Virtual Networks,Networking,team:Compliance,160.03,INR,54.82,1 Hour
2026-01-14,sub-psiog-001,MAC-05,rg-mac-05-compliance-prod,Microsoft.Sql/servers/databases,SQL Database,Data Services,team:Compliance,287.7,INR,42.39,1 Hour
2026-01-14,sub-psiog-001,MAC-06,rg-mac-06-infrastructure-prod,Microsoft.ContainerService/managedClusters,AKS Clusters,Compute,team:Infrastructure,1482.81,INR,49.72,1 Hour
2026-01-14,sub-psiog-001,MAC-06,rg-mac-06-infrastructure-prod,Microsoft.Storage/storageAccounts,Blob Storage,Storage,team:Infrastructure,394.62,INR,10.76,1 Hour
2026-01-14,sub-psiog-001,MAC-06,rg-mac-06-infrastructure-prod,Microsoft.Network/virtualNetworks,Virtual Networks,Networking,team:Infrastructure,316.1,INR,65.24,1 Hour
2026-01-14,sub-psiog-001,MAC-06,rg-mac-06-infrastructure-prod,Microsoft.DocumentDB/databaseAccounts,Cosmos DB,Data Services,team:Infrastructure,406.58,INR,16.52,1 Hour
2026-01-14,sub-psiog-001,MAC-06,rg-mac-06-cloudops-prod,Microsoft.Compute/virtualMachines,Virtual Machines,Compute,team:CloudOps,1192.87,INR,29.16,1 Hour
2026-01-14,sub-psiog-001,MAC-06,rg-mac-06-cloudops-prod,Microsoft.Storage/storageAccounts,Blob Storage,Storage,team:CloudOps,338.08,INR,3.62,1 Hour
2026-01-14,sub-psiog-001,MAC-06,rg-mac-06-cloudops-prod,Microsoft.Network/virtualNetworks,Virtual Networks,Networking,team:CloudOps,346.97,INR,82.53,1 Hour
2026-01-14,sub-psiog-001,MAC-06,rg-mac-06-cloudops-prod,Microsoft.DocumentDB/databaseAccounts,Cosmos DB,Data Services,team:CloudOps,436.95,INR,40.97,1 Hour
2026-01-14,sub-psiog-001,MAC-07,rg-mac-07-ml-prod,Microsoft.Compute/virtualMachines,Virtual Machines,Compute,team:ML,1533.8,INR,4.93,1 Hour
2026-01-14,sub-psiog-001,MAC-07,rg-mac-07-ml-prod,Microsoft.Storage/storageAccounts,Blob Storage,Storage,team:ML,568.89,INR,57.75,1 Hour
2026-01-14,sub-psiog-001,MAC-07,rg-mac-07-ml-prod,Microsoft.Network/virtualNetworks,Virtual Networks,Networking,team:ML,196.88,INR,50.72,1 Hour
2026-01-14,sub-psiog-001,MAC-07,rg-mac-07-ml-prod,Microsoft.Sql/servers/databases,SQL Database,Data Services,team:ML,681.56,INR,91.62,1 Hour
2026-01-14,sub-psiog-001,MAC-07,rg-mac-07-research-prod,Microsoft.Compute/virtualMachines,Virtual Machines,Compute,team:Research,702.0,INR,1.52,1 Hour
2026-01-14,sub-psiog-001,MAC-07,rg-mac-07-research-prod,Microsoft.Storage/storageAccounts,Blob Storage,Storage,team:Research,500.19,INR,79.29,1 Hour
2026-01-14,sub-psiog-001,MAC-07,rg-mac-07-research-prod,Microsoft.Network/loadBalancers,Load Balancers,Networking,team:Research,204.56,INR,90.22,1 Hour
2026-01-14,sub-psiog-001,MAC-07,rg-mac-07-research-prod,Microsoft.Sql/servers/databases,SQL Database,Data Services,team:Research,622.53,INR,47.77,1 Hour
2026-01-14,sub-psiog-001,MAC-08,rg-mac-08-finance-prod,Microsoft.ContainerService/managedClusters,AKS Clusters,Compute,team:Finance,302.33,INR,95.79,1 Hour
2026-01-14,sub-psiog-001,MAC-08,rg-mac-08-finance-prod,Microsoft.Storage/storageAccounts,Blob Storage,Storage,team:Finance,185.26,INR,39.58,1 Hour
2026-01-14,sub-psiog-001,MAC-08,rg-mac-08-finance-prod,Microsoft.Network/loadBalancers,Load Balancers,Networking,team:Finance,109.92,INR,48.02,1 Hour
2026-01-14,sub-psiog-001,MAC-08,rg-mac-08-finance-prod,Microsoft.Sql/servers/databases,SQL Database,Data Services,team:Finance,448.02,INR,68.57,1 Hour
2026-01-14,sub-psiog-001,MAC-08,rg-mac-08-operations-prod,Microsoft.ContainerService/managedClusters,AKS Clusters,Compute,team:Operations,464.17,INR,72.32,1 Hour
2026-01-14,sub-psiog-001,MAC-08,rg-mac-08-operations-prod,Microsoft.Storage/storageAccounts,Blob Storage,Storage,team:Operations,304.94,INR,40.76,1 Hour
2026-01-14,sub-psiog-001,MAC-08,rg-mac-08-operations-prod,Microsoft.Network/loadBalancers,Load Balancers,Networking,team:Operations,127.86,INR,52.72,1 Hour
2026-01-14,sub-psiog-001,MAC-08,rg-mac-08-operations-prod,Microsoft.DocumentDB/databaseAccounts,Cosmos DB,Data Services,team:Operations,382.5,INR,58.39,1 Hour
2026-01-15,sub-psiog-001,MAC-01,rg-mac-01-devops-prod,Microsoft.ContainerService/managedClusters,AKS Clusters,Compute,team:DevOps,1063.84,INR,95.18,1 Hour
2026-01-15,sub-psiog-001,MAC-01,rg-mac-01-devops-prod,Microsoft.Storage/storageAccounts,Blob Storage,Storage,team:DevOps,307.65,INR,46.58,1 Hour
2026-01-15,sub-psiog-001,MAC-01,rg-mac-01-devops-prod,Microsoft.Network/loadBalancers,Load Balancers,Networking,team:DevOps,229.57,INR,46.02,1 Hour
2026-01-15,sub-psiog-001,MAC-01,rg-mac-01-devops-prod,Microsoft.DocumentDB/databaseAccounts,Cosmos DB,Data Services,team:DevOps,421.8,INR,60.79,1 Hour
2026-01-15,sub-psiog-001,MAC-01,rg-mac-01-platform-prod,Microsoft.ContainerService/managedClusters,AKS Clusters,Compute,team:Platform,1107.31,INR,26.42,1 Hour
2026-01-15,sub-psiog-001,MAC-01,rg-mac-01-platform-prod,Microsoft.Storage/storageAccounts/fileServices,File Storage,Storage,team:Platform,246.06,INR,31.35,1 Hour
2026-01-15,sub-psiog-001,MAC-01,rg-mac-01-platform-prod,Microsoft.Network/loadBalancers,Load Balancers,Networking,team:Platform,252.82,INR,34.86,1 Hour
2026-01-15,sub-psiog-001,MAC-01,rg-mac-01-platform-prod,Microsoft.Sql/servers/databases,SQL Database,Data Services,team:Platform,353.39,INR,40.62,1 Hour
2026-01-15,sub-psiog-001,MAC-02,rg-mac-02-dataengineering-prod,Microsoft.ContainerService/managedClusters,AKS Clusters,Compute,team:DataEngineering,925.04,INR,54.26,1 Hour
2026-01-15,sub-psiog-001,MAC-02,rg-mac-02-dataengineering-prod,Microsoft.Storage/storageAccounts/fileServices,File Storage,Storage,team:DataEngineering,526.35,INR,67.04,1 Hour
2026-01-15,sub-psiog-001,MAC-02,rg-mac-02-dataengineering-prod,Microsoft.Network/virtualNetworks,Virtual Networks,Networking,team:DataEngineering,206.09,INR,67.45,1 Hour
2026-01-15,sub-psiog-001,MAC-02,rg-mac-02-dataengineering-prod,Microsoft.DocumentDB/databaseAccounts,Cosmos DB,Data Services,team:DataEngineering,996.94,INR,20.91,1 Hour
2026-01-15,sub-psiog-001,MAC-02,rg-mac-02-analytics-prod,Microsoft.ContainerService/managedClusters,AKS Clusters,Compute,team:Analytics,777.05,INR,29.45,1 Hour
2026-01-15,sub-psiog-001,MAC-02,rg-mac-02-analytics-prod,Microsoft.Storage/storageAccounts/fileServices,File Storage,Storage,team:Analytics,497.56,INR,32.58,1 Hour
2026-01-15,sub-psiog-001,MAC-02,rg-mac-02-analytics-prod,Microsoft.Network/loadBalancers,Load Balancers,Networking,team:Analytics,141.4,INR,56.38,1 Hour
2026-01-15,sub-psiog-001,MAC-02,rg-mac-02-analytics-prod,Microsoft.DocumentDB/databaseAccounts,Cosmos DB,Data Services,team:Analytics,767.57,INR,38.05,1 Hour
2026-01-15,sub-psiog-001,MAC-03,rg-mac-03-product-prod,Microsoft.ContainerService/managedClusters,AKS Clusters,Compute,team:Product,603.77,INR,20.04,1 Hour
2026-01-15,sub-psiog-001,MAC-03,rg-mac-03-product-prod,Microsoft.Storage/storageAccounts/fileServices,File Storage,Storage,team:Product,204.56,INR,70.12,1 Hour
2026-01-15,sub-psiog-001,MAC-03,rg-mac-03-product-prod,Microsoft.Network/loadBalancers,Load Balancers,Networking,team:Product,131.5,INR,76.08,1 Hour
2026-01-15,sub-psiog-001,MAC-03,rg-mac-03-product-prod,Microsoft.Sql/servers/databases,SQL Database,Data Services,team:Product,350.16,INR,55.08,1 Hour
2026-01-15,sub-psiog-001,MAC-03,rg-mac-03-frontend-prod,Microsoft.Compute/virtualMachines,Virtual Machines,Compute,team:Frontend,439.35,INR,42.69,1 Hour
2026-01-15,sub-psiog-001,MAC-03,rg-mac-03-frontend-prod,Microsoft.Storage/storageAccounts,Blob Storage,Storage,team:Frontend,169.83,INR,50.59,1 Hour
2026-01-15,sub-psiog-001,MAC-03,rg-mac-03-frontend-prod,Microsoft.Network/virtualNetworks,Virtual Networks,Networking,team:Frontend,106.89,INR,69.9,1 Hour
2026-01-15,sub-psiog-001,MAC-03,rg-mac-03-frontend-prod,Microsoft.Sql/servers/databases,SQL Database,Data Services,team:Frontend,199.91,INR,71.93,1 Hour
2026-01-15,sub-psiog-001,MAC-04,rg-mac-04-backend-prod,Microsoft.ContainerService/managedClusters,AKS Clusters,Compute,team:Backend,932.29,INR,80.01,1 Hour
2026-01-15,sub-psiog-001,MAC-04,rg-mac-04-backend-prod,Microsoft.Storage/storageAccounts,Blob Storage,Storage,team:Backend,367.86,INR,16.91,1 Hour
2026-01-15,sub-psiog-001,MAC-04,rg-mac-04-backend-prod,Microsoft.Network/virtualNetworks,Virtual Networks,Networking,team:Backend,210.41,INR,16.56,1 Hour
2026-01-15,sub-psiog-001,MAC-04,rg-mac-04-backend-prod,Microsoft.DocumentDB/databaseAccounts,Cosmos DB,Data Services,team:Backend,486.81,INR,69.19,1 Hour
2026-01-15,sub-psiog-001,MAC-04,rg-mac-04-qa-prod,Microsoft.Compute/virtualMachines,Virtual Machines,Compute,team:QA,471.89,INR,98.89,1 Hour
2026-01-15,sub-psiog-001,MAC-04,rg-mac-04-qa-prod,Microsoft.Storage/storageAccounts/fileServices,File Storage,Storage,team:QA,189.74,INR,35.34,1 Hour
2026-01-15,sub-psiog-001,MAC-04,rg-mac-04-qa-prod,Microsoft.Network/loadBalancers,Load Balancers,Networking,team:QA,85.15,INR,45.92,1 Hour
2026-01-15,sub-psiog-001,MAC-04,rg-mac-04-qa-prod,Microsoft.DocumentDB/databaseAccounts,Cosmos DB,Data Services,team:QA,224.09,INR,68.8,1 Hour
2026-01-15,sub-psiog-001,MAC-05,rg-mac-05-security-prod,Microsoft.Compute/virtualMachines,Virtual Machines,Compute,team:Security,663.03,INR,30.52,1 Hour
2026-01-15,sub-psiog-001,MAC-05,rg-mac-05-security-prod,Microsoft.Storage/storageAccounts/fileServices,File Storage,Storage,team:Security,289.73,INR,86.47,1 Hour
2026-01-15,sub-psiog-001,MAC-05,rg-mac-05-security-prod,Microsoft.Network/loadBalancers,Load Balancers,Networking,team:Security,279.9,INR,84.31,1 Hour
2026-01-15,sub-psiog-001,MAC-05,rg-mac-05-security-prod,Microsoft.Sql/servers/databases,SQL Database,Data Services,team:Security,324.69,INR,93.46,1 Hour
2026-01-15,sub-psiog-001,MAC-05,rg-mac-05-compliance-prod,Microsoft.ContainerService/managedClusters,AKS Clusters,Compute,team:Compliance,384.49,INR,14.65,1 Hour
2026-01-15,sub-psiog-001,MAC-05,rg-mac-05-compliance-prod,Microsoft.Storage/storageAccounts/fileServices,File Storage,Storage,team:Compliance,213.57,INR,59.42,1 Hour
2026-01-15,sub-psiog-001,MAC-05,rg-mac-05-compliance-prod,Microsoft.Network/virtualNetworks,Virtual Networks,Networking,team:Compliance,138.14,INR,57.15,1 Hour
2026-01-15,sub-psiog-001,MAC-05,rg-mac-05-compliance-prod,Microsoft.Sql/servers/databases,SQL Database,Data Services,team:Compliance,351.51,INR,47.53,1 Hour
2026-01-15,sub-psiog-001,MAC-06,rg-mac-06-infrastructure-prod,Microsoft.ContainerService/managedClusters,AKS Clusters,Compute,team:Infrastructure,1440.17,INR,36.4,1 Hour
2026-01-15,sub-psiog-001,MAC-06,rg-mac-06-infrastructure-prod,Microsoft.Storage/storageAccounts/fileServices,File Storage,Storage,team:Infrastructure,377.62,INR,73.86,1 Hour
2026-01-15,sub-psiog-001,MAC-06,rg-mac-06-infrastructure-prod,Microsoft.Network/loadBalancers,Load Balancers,Networking,team:Infrastructure,361.56,INR,88.73,1 Hour
2026-01-15,sub-psiog-001,MAC-06,rg-mac-06-infrastructure-prod,Microsoft.Sql/servers/databases,SQL Database,Data Services,team:Infrastructure,488.06,INR,4.92,1 Hour
2026-01-15,sub-psiog-001,MAC-06,rg-mac-06-cloudops-prod,Microsoft.ContainerService/managedClusters,AKS Clusters,Compute,team:CloudOps,1472.09,INR,52.69,1 Hour
2026-01-15,sub-psiog-001,MAC-06,rg-mac-06-cloudops-prod,Microsoft.Storage/storageAccounts/fileServices,File Storage,Storage,team:CloudOps,439.12,INR,47.36,1 Hour
2026-01-15,sub-psiog-001,MAC-06,rg-mac-06-cloudops-prod,Microsoft.Network/virtualNetworks,Virtual Networks,Networking,team:CloudOps,281.48,INR,58.13,1 Hour
2026-01-15,sub-psiog-001,MAC-06,rg-mac-06-cloudops-prod,Microsoft.DocumentDB/databaseAccounts,Cosmos DB,Data Services,team:CloudOps,352.94,INR,71.59,1 Hour
2026-01-15,sub-psiog-001,MAC-07,rg-mac-07-ml-prod,Microsoft.ContainerService/managedClusters,AKS Clusters,Compute,team:ML,1737.01,INR,26.75,1 Hour
2026-01-15,sub-psiog-001,MAC-07,rg-mac-07-ml-prod,Microsoft.Storage/storageAccounts,Blob Storage,Storage,team:ML,541.1,INR,54.86,1 Hour
2026-01-15,sub-psiog-001,MAC-07,rg-mac-07-ml-prod,Microsoft.Network/loadBalancers,Load Balancers,Networking,team:ML,190.47,INR,69.44,1 Hour
2026-01-15,sub-psiog-001,MAC-07,rg-mac-07-ml-prod,Microsoft.Sql/servers/databases,SQL Database,Data Services,team:ML,742.33,INR,73.66,1 Hour
2026-01-15,sub-psiog-001,MAC-07,rg-mac-07-research-prod,Microsoft.Compute/virtualMachines,Virtual Machines,Compute,team:Research,839.83,INR,31.35,1 Hour
2026-01-15,sub-psiog-001,MAC-07,rg-mac-07-research-prod,Microsoft.Storage/storageAccounts,Blob Storage,Storage,team:Research,528.65,INR,65.45,1 Hour
2026-01-15,sub-psiog-001,MAC-07,rg-mac-07-research-prod,Microsoft.Network/virtualNetworks,Virtual Networks,Networking,team:Research,160.91,INR,6.88,1 Hour
2026-01-15,sub-psiog-001,MAC-07,rg-mac-07-research-prod,Microsoft.Sql/servers/databases,SQL Database,Data Services,team:Research,595.9,INR,21.51,1 Hour
2026-01-15,sub-psiog-001,MAC-08,rg-mac-08-finance-prod,Microsoft.Compute/virtualMachines,Virtual Machines,Compute,team:Finance,289.05,INR,85.03,1 Hour
2026-01-15,sub-psiog-001,MAC-08,rg-mac-08-finance-prod,Microsoft.Storage/storageAccounts/fileServices,File Storage,Storage,team:Finance,200.77,INR,38.56,1 Hour
2026-01-15,sub-psiog-001,MAC-08,rg-mac-08-finance-prod,Microsoft.Network/virtualNetworks,Virtual Networks,Networking,team:Finance,94.05,INR,22.22,1 Hour
2026-01-15,sub-psiog-001,MAC-08,rg-mac-08-finance-prod,Microsoft.DocumentDB/databaseAccounts,Cosmos DB,Data Services,team:Finance,421.96,INR,94.19,1 Hour
2026-01-15,sub-psiog-001,MAC-08,rg-mac-08-operations-prod,Microsoft.Compute/virtualMachines,Virtual Machines,Compute,team:Operations,502.47,INR,91.1,1 Hour
2026-01-15,sub-psiog-001,MAC-08,rg-mac-08-operations-prod,Microsoft.Storage/storageAccounts,Blob Storage,Storage,team:Operations,301.3,INR,37.64,1 Hour
2026-01-15,sub-psiog-001,MAC-08,rg-mac-08-operations-prod,Microsoft.Network/virtualNetworks,Virtual Networks,Networking,team:Operations,128.72,INR,15.88,1 Hour
2026-01-15,sub-psiog-001,MAC-08,rg-mac-08-operations-prod,Microsoft.DocumentDB/databaseAccounts,Cosmos DB,Data Services,team:Operations,413.08,INR,87.79,1 Hour
2026-01-16,sub-psiog-001,MAC-01,rg-mac-01-devops-prod,Microsoft.Compute/virtualMachines,Virtual Machines,Compute,team:DevOps,1385.21,INR,33.89,1 Hour
2026-01-16,sub-psiog-001,MAC-01,rg-mac-01-devops-prod,Microsoft.Storage/storageAccounts/fileServices,File Storage,Storage,team:DevOps,283.88,INR,89.73,1 Hour
2026-01-16,sub-psiog-001,MAC-01,rg-mac-01-devops-prod,Microsoft.Network/loadBalancers,Load Balancers,Networking,team:DevOps,217.35,INR,55.53,1 Hour
2026-01-16,sub-psiog-001,MAC-01,rg-mac-01-devops-prod,Microsoft.Sql/servers/databases,SQL Database,Data Services,team:DevOps,456.36,INR,25.41,1 Hour
2026-01-16,sub-psiog-001,MAC-01,rg-mac-01-platform-prod,Microsoft.Compute/virtualMachines,Virtual Machines,Compute,team:Platform,1285.03,INR,32.85,1 Hour
2026-01-16,sub-psiog-001,MAC-01,rg-mac-01-platform-prod,Microsoft.Storage/storageAccounts/fileServices,File Storage,Storage,team:Platform,284.45,INR,91.7,1 Hour
2026-01-16,sub-psiog-001,MAC-01,rg-mac-01-platform-prod,Microsoft.Network/virtualNetworks,Virtual Networks,Networking,team:Platform,240.6,INR,53.76,1 Hour
2026-01-16,sub-psiog-001,MAC-01,rg-mac-01-platform-prod,Microsoft.Sql/servers/databases,SQL Database,Data Services,team:Platform,393.93,INR,70.41,1 Hour
2026-01-16,sub-psiog-001,MAC-02,rg-mac-02-dataengineering-prod,Microsoft.ContainerService/managedClusters,AKS Clusters,Compute,team:DataEngineering,894.08,INR,34.05,1 Hour
2026-01-16,sub-psiog-001,MAC-02,rg-mac-02-dataengineering-prod,Microsoft.Storage/storageAccounts/fileServices,File Storage,Storage,team:DataEngineering,593.83,INR,4.58,1 Hour
2026-01-16,sub-psiog-001,MAC-02,rg-mac-02-dataengineering-prod,Microsoft.Network/loadBalancers,Load Balancers,Networking,team:DataEngineering,175.21,INR,50.25,1 Hour
2026-01-16,sub-psiog-001,MAC-02,rg-mac-02-dataengineering-prod,Microsoft.DocumentDB/databaseAccounts,Cosmos DB,Data Services,team:DataEngineering,821.36,INR,17.09,1 Hour
2026-01-16,sub-psiog-001,MAC-02,rg-mac-02-analytics-prod,Microsoft.ContainerService/managedClusters,AKS Clusters,Compute,team:Analytics,806.77,INR,35.76,1 Hour
2026-01-16,sub-psiog-001,MAC-02,rg-mac-02-analytics-prod,Microsoft.Storage/storageAccounts,Blob Storage,Storage,team:Analytics,623.74,INR,35.93,1 Hour
2026-01-16,sub-psiog-001,MAC-02,rg-mac-02-analytics-prod,Microsoft.Network/loadBalancers,Load Balancers,Networking,team:Analytics,168.53,INR,7.48,1 Hour
2026-01-16,sub-psiog-001,MAC-02,rg-mac-02-analytics-prod,Microsoft.Sql/servers/databases,SQL Database,Data Services,team:Analytics,931.67,INR,58.31,1 Hour
2026-01-16,sub-psiog-001,MAC-03,rg-mac-03-product-prod,Microsoft.Compute/virtualMachines,Virtual Machines,Compute,team:Product,642.7,INR,47.26,1 Hour
2026-01-16,sub-psiog-001,MAC-03,rg-mac-03-product-prod,Microsoft.Storage/storageAccounts,Blob Storage,Storage,team:Product,196.93,INR,71.6,1 Hour
2026-01-16,sub-psiog-001,MAC-03,rg-mac-03-product-prod,Microsoft.Network/virtualNetworks,Virtual Networks,Networking,team:Product,133.67,INR,92.82,1 Hour
2026-01-16,sub-psiog-001,MAC-03,rg-mac-03-product-prod,Microsoft.Sql/servers/databases,SQL Database,Data Services,team:Product,344.37,INR,30.69,1 Hour
2026-01-16,sub-psiog-001,MAC-03,rg-mac-03-frontend-prod,Microsoft.Compute/virtualMachines,Virtual Machines,Compute,team:Frontend,446.05,INR,34.57,1 Hour
2026-01-16,sub-psiog-001,MAC-03,rg-mac-03-frontend-prod,Microsoft.Storage/storageAccounts,Blob Storage,Storage,team:Frontend,174.2,INR,41.3,1 Hour
2026-01-16,sub-psiog-001,MAC-03,rg-mac-03-frontend-prod,Microsoft.Network/virtualNetworks,Virtual Networks,Networking,team:Frontend,111.58,INR,89.95,1 Hour
2026-01-16,sub-psiog-001,MAC-03,rg-mac-03-frontend-prod,Microsoft.DocumentDB/databaseAccounts,Cosmos DB,Data Services,team:Frontend,231.38,INR,17.95,1 Hour
2026-01-16,sub-psiog-001,MAC-04,rg-mac-04-backend-prod,Microsoft.ContainerService/managedClusters,AKS Clusters,Compute,team:Backend,951.82,INR,65.2,1 Hour
2026-01-16,sub-psiog-001,MAC-04,rg-mac-04-backend-prod,Microsoft.Storage/storageAccounts/fileServices,File Storage,Storage,team:Backend,315.99,INR,88.69,1 Hour
2026-01-16,sub-psiog-001,MAC-04,rg-mac-04-backend-prod,Microsoft.Network/loadBalancers,Load Balancers,Networking,team:Backend,240.35,INR,83.33,1 Hour
2026-01-16,sub-psiog-001,MAC-04,rg-mac-04-backend-prod,Microsoft.DocumentDB/databaseAccounts,Cosmos DB,Data Services,team:Backend,453.12,INR,92.71,1 Hour
2026-01-16,sub-psiog-001,MAC-04,rg-mac-04-qa-prod,Microsoft.ContainerService/managedClusters,AKS Clusters,Compute,team:QA,418.03,INR,34.95,1 Hour
2026-01-16,sub-psiog-001,MAC-04,rg-mac-04-qa-prod,Microsoft.Storage/storageAccounts,Blob Storage,Storage,team:QA,170.69,INR,13.64,1 Hour
2026-01-16,sub-psiog-001,MAC-04,rg-mac-04-qa-prod,Microsoft.Network/virtualNetworks,Virtual Networks,Networking,team:QA,79.55,INR,75.68,1 Hour
2026-01-16,sub-psiog-001,MAC-04,rg-mac-04-qa-prod,Microsoft.Sql/servers/databases,SQL Database,Data Services,team:QA,243.66,INR,37.22,1 Hour
2026-01-16,sub-psiog-001,MAC-05,rg-mac-05-security-prod,Microsoft.Compute/virtualMachines,Virtual Machines,Compute,team:Security,662.67,INR,11.52,1 Hour
2026-01-16,sub-psiog-001,MAC-05,rg-mac-05-security-prod,Microsoft.Storage/storageAccounts/fileServices,File Storage,Storage,team:Security,222.11,INR,56.86,1 Hour
2026-01-16,sub-psiog-001,MAC-05,rg-mac-05-security-prod,Microsoft.Network/loadBalancers,Load Balancers,Networking,team:Security,338.61,INR,15.77,1 Hour
2026-01-16,sub-psiog-001,MAC-05,rg-mac-05-security-prod,Microsoft.DocumentDB/databaseAccounts,Cosmos DB,Data Services,team:Security,380.19,INR,73.36,1 Hour
2026-01-16,sub-psiog-001,MAC-05,rg-mac-05-compliance-prod,Microsoft.ContainerService/managedClusters,AKS Clusters,Compute,team:Compliance,343.01,INR,35.46,1 Hour
2026-01-16,sub-psiog-001,MAC-05,rg-mac-05-compliance-prod,Microsoft.Storage/storageAccounts/fileServices,File Storage,Storage,team:Compliance,223.54,INR,92.13,1 Hour
2026-01-16,sub-psiog-001,MAC-05,rg-mac-05-compliance-prod,Microsoft.Network/loadBalancers,Load Balancers,Networking,team:Compliance,155.15,INR,90.56,1 Hour
2026-01-16,sub-psiog-001,MAC-05,rg-mac-05-compliance-prod,Microsoft.DocumentDB/databaseAccounts,Cosmos DB,Data Services,team:Compliance,312.46,INR,41.37,1 Hour
2026-01-16,sub-psiog-001,MAC-06,rg-mac-06-infrastructure-prod,Microsoft.ContainerService/managedClusters,AKS Clusters,Compute,team:Infrastructure,1500.46,INR,63.03,1 Hour
2026-01-16,sub-psiog-001,MAC-06,rg-mac-06-infrastructure-prod,Microsoft.Storage/storageAccounts/fileServices,File Storage,Storage,team:Infrastructure,418.26,INR,62.35,1 Hour
2026-01-16,sub-psiog-001,MAC-06,rg-mac-06-infrastructure-prod,Microsoft.Network/loadBalancers,Load Balancers,Networking,team:Infrastructure,354.75,INR,54.62,1 Hour
2026-01-16,sub-psiog-001,MAC-06,rg-mac-06-infrastructure-prod,Microsoft.DocumentDB/databaseAccounts,Cosmos DB,Data Services,team:Infrastructure,397.97,INR,75.69,1 Hour
2026-01-16,sub-psiog-001,MAC-06,rg-mac-06-cloudops-prod,Microsoft.Compute/virtualMachines,Virtual Machines,Compute,team:CloudOps,1365.09,INR,35.64,1 Hour
2026-01-16,sub-psiog-001,MAC-06,rg-mac-06-cloudops-prod,Microsoft.Storage/storageAccounts,Blob Storage,Storage,team:CloudOps,399.26,INR,38.38,1 Hour
2026-01-16,sub-psiog-001,MAC-06,rg-mac-06-cloudops-prod,Microsoft.Network/loadBalancers,Load Balancers,Networking,team:CloudOps,336.63,INR,2.4,1 Hour
2026-01-16,sub-psiog-001,MAC-06,rg-mac-06-cloudops-prod,Microsoft.DocumentDB/databaseAccounts,Cosmos DB,Data Services,team:CloudOps,360.77,INR,77.83,1 Hour
2026-01-16,sub-psiog-001,MAC-07,rg-mac-07-ml-prod,Microsoft.ContainerService/managedClusters,AKS Clusters,Compute,team:ML,1627.87,INR,6.14,1 Hour
2026-01-16,sub-psiog-001,MAC-07,rg-mac-07-ml-prod,Microsoft.Storage/storageAccounts,Blob Storage,Storage,team:ML,516.24,INR,73.55,1 Hour
2026-01-16,sub-psiog-001,MAC-07,rg-mac-07-ml-prod,Microsoft.Network/virtualNetworks,Virtual Networks,Networking,team:ML,203.6,INR,53.37,1 Hour
2026-01-16,sub-psiog-001,MAC-07,rg-mac-07-ml-prod,Microsoft.DocumentDB/databaseAccounts,Cosmos DB,Data Services,team:ML,617.08,INR,9.71,1 Hour
2026-01-16,sub-psiog-001,MAC-07,rg-mac-07-research-prod,Microsoft.ContainerService/managedClusters,AKS Clusters,Compute,team:Research,834.98,INR,50.24,1 Hour
2026-01-16,sub-psiog-001,MAC-07,rg-mac-07-research-prod,Microsoft.Storage/storageAccounts/fileServices,File Storage,Storage,team:Research,489.05,INR,79.44,1 Hour
2026-01-16,sub-psiog-001,MAC-07,rg-mac-07-research-prod,Microsoft.Network/loadBalancers,Load Balancers,Networking,team:Research,179.33,INR,94.81,1 Hour
2026-01-16,sub-psiog-001,MAC-07,rg-mac-07-research-prod,Microsoft.DocumentDB/databaseAccounts,Cosmos DB,Data Services,team:Research,676.65,INR,22.6,1 Hour
2026-01-16,sub-psiog-001,MAC-08,rg-mac-08-finance-prod,Microsoft.Compute/virtualMachines,Virtual Machines,Compute,team:Finance,294.77,INR,12.71,1 Hour
2026-01-16,sub-psiog-001,MAC-08,rg-mac-08-finance-prod,Microsoft.Storage/storageAccounts,Blob Storage,Storage,team:Finance,219.4,INR,59.41,1 Hour
2026-01-16,sub-psiog-001,MAC-08,rg-mac-08-finance-prod,Microsoft.Network/virtualNetworks,Virtual Networks,Networking,team:Finance,111.93,INR,99.73,1 Hour
2026-01-16,sub-psiog-001,MAC-08,rg-mac-08-finance-prod,Microsoft.Sql/servers/databases,SQL Database,Data Services,team:Finance,443.25,INR,56.36,1 Hour
2026-01-16,sub-psiog-001,MAC-08,rg-mac-08-operations-prod,Microsoft.ContainerService/managedClusters,AKS Clusters,Compute,team:Operations,518.56,INR,58.6,1 Hour
2026-01-16,sub-psiog-001,MAC-08,rg-mac-08-operations-prod,Microsoft.Storage/storageAccounts/fileServices,File Storage,Storage,team:Operations,293.99,INR,4.07,1 Hour
2026-01-16,sub-psiog-001,MAC-08,rg-mac-08-operations-prod,Microsoft.Network/loadBalancers,Load Balancers,Networking,team:Operations,116.32,INR,26.71,1 Hour
2026-01-16,sub-psiog-001,MAC-08,rg-mac-08-operations-prod,Microsoft.Sql/servers/databases,SQL Database,Data Services,team:Operations,397.46,INR,76.17,1 Hour
2026-01-17,sub-psiog-001,MAC-01,rg-mac-01-devops-prod,Microsoft.ContainerService/managedClusters,AKS Clusters,Compute,team:DevOps,1201.33,INR,27.96,1 Hour
2026-01-17,sub-psiog-001,MAC-01,rg-mac-01-devops-prod,Microsoft.Storage/storageAccounts,Blob Storage,Storage,team:DevOps,345.22,INR,32.05,1 Hour
2026-01-17,sub-psiog-001,MAC-01,rg-mac-01-devops-prod,Microsoft.Network/loadBalancers,Load Balancers,Networking,team:DevOps,186.85,INR,79.29,1 Hour
2026-01-17,sub-psiog-001,MAC-01,rg-mac-01-devops-prod,Microsoft.DocumentDB/databaseAccounts,Cosmos DB,Data Services,team:DevOps,437.53,INR,33.62,1 Hour
2026-01-17,sub-psiog-001,MAC-01,rg-mac-01-platform-prod,Microsoft.ContainerService/managedClusters,AKS Clusters,Compute,team:Platform,1160.3,INR,42.28,1 Hour
2026-01-17,sub-psiog-001,MAC-01,rg-mac-01-platform-prod,Microsoft.Storage/storageAccounts,Blob Storage,Storage,team:Platform,285.96,INR,83.55,1 Hour
2026-01-17,sub-psiog-001,MAC-01,rg-mac-01-platform-prod,Microsoft.Network/loadBalancers,Load Balancers,Networking,team:Platform,287.26,INR,44.47,1 Hour
2026-01-17,sub-psiog-001,MAC-01,rg-mac-01-platform-prod,Microsoft.Sql/servers/databases,SQL Database,Data Services,team:Platform,430.11,INR,83.48,1 Hour
2026-01-17,sub-psiog-001,MAC-02,rg-mac-02-dataengineering-prod,Microsoft.Compute/virtualMachines,Virtual Machines,Compute,team:DataEngineering,887.06,INR,2.86,1 Hour
2026-01-17,sub-psiog-001,MAC-02,rg-mac-02-dataengineering-prod,Microsoft.Storage/storageAccounts/fileServices,File Storage,Storage,team:DataEngineering,608.87,INR,84.66,1 Hour
2026-01-17,sub-psiog-001,MAC-02,rg-mac-02-dataengineering-prod,Microsoft.Network/loadBalancers,Load Balancers,Networking,team:DataEngineering,183.75,INR,63.47,1 Hour
2026-01-17,sub-psiog-001,MAC-02,rg-mac-02-dataengineering-prod,Microsoft.Sql/servers/databases,SQL Database,Data Services,team:DataEngineering,1008.57,INR,19.57,1 Hour
2026-01-17,sub-psiog-001,MAC-02,rg-mac-02-analytics-prod,Microsoft.ContainerService/managedClusters,AKS Clusters,Compute,team:Analytics,866.91,INR,1.88,1 Hour
2026-01-17,sub-psiog-001,MAC-02,rg-mac-02-analytics-prod,Microsoft.Storage/storageAccounts,Blob Storage,Storage,team:Analytics,614.78,INR,89.74,1 Hour
2026-01-17,sub-psiog-001,MAC-02,rg-mac-02-analytics-prod,Microsoft.Network/virtualNetworks,Virtual Networks,Networking,team:Analytics,159.0,INR,92.15,1 Hour
2026-01-17,sub-psiog-001,MAC-02,rg-mac-02-analytics-prod,Microsoft.Sql/servers/databases,SQL Database,Data Services,team:Analytics,855.97,INR,5.2,1 Hour
2026-01-17,sub-psiog-001,MAC-03,rg-mac-03-product-prod,Microsoft.ContainerService/managedClusters,AKS Clusters,Compute,team:Product,537.63,INR,67.65,1 Hour
2026-01-17,sub-psiog-001,MAC-03,rg-mac-03-product-prod,Microsoft.Storage/storageAccounts/fileServices,File Storage,Storage,team:Product,220.19,INR,18.34,1 Hour
2026-01-17,sub-psiog-001,MAC-03,rg-mac-03-product-prod,Microsoft.Network/virtualNetworks,Virtual Networks,Networking,team:Product,125.4,INR,52.24,1 Hour
2026-01-17,sub-psiog-001,MAC-03,rg-mac-03-product-prod,Microsoft.Sql/servers/databases,SQL Database,Data Services,team:Product,332.11,INR,34.05,1 Hour
2026-01-17,sub-psiog-001,MAC-03,rg-mac-03-frontend-prod,Microsoft.Compute/virtualMachines,Virtual Machines,Compute,team:Frontend,500.2,INR,94.04,1 Hour
2026-01-17,sub-psiog-001,MAC-03,rg-mac-03-frontend-prod,Microsoft.Storage/storageAccounts,Blob Storage,Storage,team:Frontend,160.48,INR,80.61,1 Hour
2026-01-17,sub-psiog-001,MAC-03,rg-mac-03-frontend-prod,Microsoft.Network/virtualNetworks,Virtual Networks,Networking,team:Frontend,111.59,INR,12.45,1 Hour
2026-01-17,sub-psiog-001,MAC-03,rg-mac-03-frontend-prod,Microsoft.Sql/servers/databases,SQL Database,Data Services,team:Frontend,226.15,INR,44.57,1 Hour
2026-01-17,sub-psiog-001,MAC-04,rg-mac-04-backend-prod,Microsoft.ContainerService/managedClusters,AKS Clusters,Compute,team:Backend,834.74,INR,5.68,1 Hour
2026-01-17,sub-psiog-001,MAC-04,rg-mac-04-backend-prod,Microsoft.Storage/storageAccounts/fileServices,File Storage,Storage,team:Backend,347.19,INR,26.75,1 Hour
2026-01-17,sub-psiog-001,MAC-04,rg-mac-04-backend-prod,Microsoft.Network/virtualNetworks,Virtual Networks,Networking,team:Backend,231.08,INR,3.19,1 Hour
2026-01-17,sub-psiog-001,MAC-04,rg-mac-04-backend-prod,Microsoft.DocumentDB/databaseAccounts,Cosmos DB,Data Services,team:Backend,521.09,INR,73.19,1 Hour
2026-01-17,sub-psiog-001,MAC-04,rg-mac-04-qa-prod,Microsoft.ContainerService/managedClusters,AKS Clusters,Compute,team:QA,412.13,INR,94.22,1 Hour
2026-01-17,sub-psiog-001,MAC-04,rg-mac-04-qa-prod,Microsoft.Storage/storageAccounts/fileServices,File Storage,Storage,team:QA,179.46,INR,86.66,1 Hour
2026-01-17,sub-psiog-001,MAC-04,rg-mac-04-qa-prod,Microsoft.Network/virtualNetworks,Virtual Networks,Networking,team:QA,102.95,INR,87.25,1 Hour
2026-01-17,sub-psiog-001,MAC-04,rg-mac-04-qa-prod,Microsoft.DocumentDB/databaseAccounts,Cosmos DB,Data Services,team:QA,275.59,INR,83.41,1 Hour
2026-01-17,sub-psiog-001,MAC-05,rg-mac-05-security-prod,Microsoft.Compute/virtualMachines,Virtual Machines,Compute,team:Security,765.05,INR,37.93,1 Hour
2026-01-17,sub-psiog-001,MAC-05,rg-mac-05-security-prod,Microsoft.Storage/storageAccounts/fileServices,File Storage,Storage,team:Security,262.31,INR,59.25,1 Hour
2026-01-17,sub-psiog-001,MAC-05,rg-mac-05-security-prod,Microsoft.Network/virtualNetworks,Virtual Networks,Networking,team:Security,355.06,INR,61.43,1 Hour
2026-01-17,sub-psiog-001,MAC-05,rg-mac-05-security-prod,Microsoft.Sql/servers/databases,SQL Database,Data Services,team:Security,372.56,INR,41.33,1 Hour
2026-01-17,sub-psiog-001,MAC-05,rg-mac-05-compliance-prod,Microsoft.ContainerService/managedClusters,AKS Clusters,Compute,team:Compliance,308.31,INR,54.51,1 Hour
2026-01-17,sub-psiog-001,MAC-05,rg-mac-05-compliance-prod,Microsoft.Storage/storageAccounts,Blob Storage,Storage,team:Compliance,196.42,INR,10.72,1 Hour
2026-01-17,sub-psiog-001,MAC-05,rg-mac-05-compliance-prod,Microsoft.Network/virtualNetworks,Virtual Networks,Networking,team:Compliance,162.05,INR,4.09,1 Hour
2026-01-17,sub-psiog-001,MAC-05,rg-mac-05-compliance-prod,Microsoft.DocumentDB/databaseAccounts,Cosmos DB,Data Services,team:Compliance,264.16,INR,77.46,1 Hour
2026-01-17,sub-psiog-001,MAC-06,rg-mac-06-infrastructure-prod,Microsoft.ContainerService/managedClusters,AKS Clusters,Compute,team:Infrastructure,1243.39,INR,81.83,1 Hour
2026-01-17,sub-psiog-001,MAC-06,rg-mac-06-infrastructure-prod,Microsoft.Storage/storageAccounts/fileServices,File Storage,Storage,team:Infrastructure,443.95,INR,75.14,1 Hour
2026-01-17,sub-psiog-001,MAC-06,rg-mac-06-infrastructure-prod,Microsoft.Network/virtualNetworks,Virtual Networks,Networking,team:Infrastructure,383.61,INR,68.03,1 Hour
2026-01-17,sub-psiog-001,MAC-06,rg-mac-06-infrastructure-prod,Microsoft.DocumentDB/databaseAccounts,Cosmos DB,Data Services,team:Infrastructure,377.93,INR,62.0,1 Hour
2026-01-17,sub-psiog-001,MAC-06,rg-mac-06-cloudops-prod,Microsoft.ContainerService/managedClusters,AKS Clusters,Compute,team:CloudOps,1517.54,INR,66.85,1 Hour
2026-01-17,sub-psiog-001,MAC-06,rg-mac-06-cloudops-prod,Microsoft.Storage/storageAccounts,Blob Storage,Storage,team:CloudOps,448.35,INR,10.43,1 Hour
2026-01-17,sub-psiog-001,MAC-06,rg-mac-06-cloudops-prod,Microsoft.Network/loadBalancers,Load Balancers,Networking,team:CloudOps,372.72,INR,35.01,1 Hour
2026-01-17,sub-psiog-001,MAC-06,rg-mac-06-cloudops-prod,Microsoft.Sql/servers/databases,SQL Database,Data Services,team:CloudOps,378.25,INR,5.78,1 Hour
2026-01-17,sub-psiog-001,MAC-07,rg-mac-07-ml-prod,Microsoft.Compute/virtualMachines,Virtual Machines,Compute,team:ML,1628.36,INR,24.44,1 Hour
2026-01-17,sub-psiog-001,MAC-07,rg-mac-07-ml-prod,Microsoft.Storage/storageAccounts,Blob Storage,Storage,team:ML,531.72,INR,11.7,1 Hour
2026-01-17,sub-psiog-001,MAC-07,rg-mac-07-ml-prod,Microsoft.Network/loadBalancers,Load Balancers,Networking,team:ML,225.73,INR,95.38,1 Hour
2026-01-17,sub-psiog-001,MAC-07,rg-mac-07-ml-prod,Microsoft.DocumentDB/databaseAccounts,Cosmos DB,Data Services,team:ML,663.64,INR,72.56,1 Hour
2026-01-17,sub-psiog-001,MAC-07,rg-mac-07-research-prod,Microsoft.Compute/virtualMachines,Virtual Machines,Compute,team:Research,810.63,INR,3.84,1 Hour
2026-01-17,sub-psiog-001,MAC-07,rg-mac-07-research-prod,Microsoft.Storage/storageAccounts/fileServices,File Storage,Storage,team:Research,399.49,INR,65.76,1 Hour
2026-01-17,sub-psiog-001,MAC-07,rg-mac-07-research-prod,Microsoft.Network/virtualNetworks,Virtual Networks,Networking,team:Research,188.17,INR,9.13,1 Hour
2026-01-17,sub-psiog-001,MAC-07,rg-mac-07-research-prod,Microsoft.Sql/servers/databases,SQL Database,Data Services,team:Research,640.41,INR,3.13,1 Hour
2026-01-17,sub-psiog-001,MAC-08,rg-mac-08-finance-prod,Microsoft.ContainerService/managedClusters,AKS Clusters,Compute,team:Finance,344.31,INR,59.88,1 Hour
2026-01-17,sub-psiog-001,MAC-08,rg-mac-08-finance-prod,Microsoft.Storage/storageAccounts,Blob Storage,Storage,team:Finance,223.3,INR,83.07,1 Hour
2026-01-17,sub-psiog-001,MAC-08,rg-mac-08-finance-prod,Microsoft.Network/virtualNetworks,Virtual Networks,Networking,team:Finance,89.42,INR,7.07,1 Hour
2026-01-17,sub-psiog-001,MAC-08,rg-mac-08-finance-prod,Microsoft.Sql/servers/databases,SQL Database,Data Services,team:Finance,451.6,INR,56.65,1 Hour
2026-01-17,sub-psiog-001,MAC-08,rg-mac-08-operations-prod,Microsoft.ContainerService/managedClusters,AKS Clusters,Compute,team:Operations,417.13,INR,60.42,1 Hour
2026-01-17,sub-psiog-001,MAC-08,rg-mac-08-operations-prod,Microsoft.Storage/storageAccounts,Blob Storage,Storage,team:Operations,346.72,INR,82.65,1 Hour
2026-01-17,sub-psiog-001,MAC-08,rg-mac-08-operations-prod,Microsoft.Network/virtualNetworks,Virtual Networks,Networking,team:Operations,135.46,INR,59.07,1 Hour
2026-01-17,sub-psiog-001,MAC-08,rg-mac-08-operations-prod,Microsoft.DocumentDB/databaseAccounts,Cosmos DB,Data Services,team:Operations,395.45,INR,72.08,1 Hour
2026-01-18,sub-psiog-001,MAC-01,rg-mac-01-devops-prod,Microsoft.ContainerService/managedClusters,AKS Clusters,Compute,team:DevOps,1207.53,INR,30.58,1 Hour
2026-01-18,sub-psiog-001,MAC-01,rg-mac-01-devops-prod,Microsoft.Storage/storageAccounts,Blob Storage,Storage,team:DevOps,291.41,INR,4.33,1 Hour
2026-01-18,sub-psiog-001,MAC-01,rg-mac-01-devops-prod,Microsoft.Network/virtualNetworks,Virtual Networks,Networking,team:DevOps,237.6,INR,26.14,1 Hour
2026-01-18,sub-psiog-001,MAC-01,rg-mac-01-devops-prod,Microsoft.DocumentDB/databaseAccounts,Cosmos DB,Data Services,team:DevOps,449.46,INR,35.85,1 Hour
2026-01-18,sub-psiog-001,MAC-01,rg-mac-01-platform-prod,Microsoft.ContainerService/managedClusters,AKS Clusters,Compute,team:Platform,1139.49,INR,88.53,1 Hour
2026-01-18,sub-psiog-001,MAC-01,rg-mac-01-platform-prod,Microsoft.Storage/storageAccounts,Blob Storage,Storage,team:Platform,256.56,INR,27.25,1 Hour
2026-01-18,sub-psiog-001,MAC-01,rg-mac-01-platform-prod,Microsoft.Network/virtualNetworks,Virtual Networks,Networking,team:Platform,256.24,INR,4.59,1 Hour
2026-01-18,sub-psiog-001,MAC-01,rg-mac-01-platform-prod,Microsoft.DocumentDB/databaseAccounts,Cosmos DB,Data Services,team:Platform,418.91,INR,12.13,1 Hour
2026-01-18,sub-psiog-001,MAC-02,rg-mac-02-dataengineering-prod,Microsoft.ContainerService/managedClusters,AKS Clusters,Compute,team:DataEngineering,803.24,INR,30.66,1 Hour
2026-01-18,sub-psiog-001,MAC-02,rg-mac-02-dataengineering-prod,Microsoft.Storage/storageAccounts/fileServices,File Storage,Storage,team:DataEngineering,588.05,INR,39.42,1 Hour
2026-01-18,sub-psiog-001,MAC-02,rg-mac-02-dataengineering-prod,Microsoft.Network/loadBalancers,Load Balancers,Networking,team:DataEngineering,176.32,INR,46.31,1 Hour
2026-01-18,sub-psiog-001,MAC-02,rg-mac-02-dataengineering-prod,Microsoft.Sql/servers/databases,SQL Database,Data Services,team:DataEngineering,1065.08,INR,8.85,1 Hour
2026-01-18,sub-psiog-001,MAC-02,rg-mac-02-analytics-prod,Microsoft.Compute/virtualMachines,Virtual Machines,Compute,team:Analytics,770.78,INR,91.28,1 Hour
2026-01-18,sub-psiog-001,MAC-02,rg-mac-02-analytics-prod,Microsoft.Storage/storageAccounts/fileServices,File Storage,Storage,team:Analytics,645.86,INR,16.87,1 Hour
2026-01-18,sub-psiog-001,MAC-02,rg-mac-02-analytics-prod,Microsoft.Network/loadBalancers,Load Balancers,Networking,team:Analytics,142.62,INR,52.9,1 Hour
2026-01-18,sub-psiog-001,MAC-02,rg-mac-02-analytics-prod,Microsoft.Sql/servers/databases,SQL Database,Data Services,team:Analytics,972.62,INR,8.7,1 Hour
2026-01-18,sub-psiog-001,MAC-03,rg-mac-03-product-prod,Microsoft.ContainerService/managedClusters,AKS Clusters,Compute,team:Product,609.02,INR,52.67,1 Hour
2026-01-18,sub-psiog-001,MAC-03,rg-mac-03-product-prod,Microsoft.Storage/storageAccounts/fileServices,File Storage,Storage,team:Product,208.13,INR,57.72,1 Hour
2026-01-18,sub-psiog-001,MAC-03,rg-mac-03-product-prod,Microsoft.Network/virtualNetworks,Virtual Networks,Networking,team:Product,116.85,INR,23.86,1 Hour
2026-01-18,sub-psiog-001,MAC-03,rg-mac-03-product-prod,Microsoft.DocumentDB/databaseAccounts,Cosmos DB,Data Services,team:Product,300.76,INR,6.05,1 Hour
2026-01-18,sub-psiog-001,MAC-03,rg-mac-03-frontend-prod,Microsoft.Compute/virtualMachines,Virtual Machines,Compute,team:Frontend,513.59,INR,12.44,1 Hour
2026-01-18,sub-psiog-001,MAC-03,rg-mac-03-frontend-prod,Microsoft.Storage/storageAccounts/fileServices,File Storage,Storage,team:Frontend,160.64,INR,46.32,1 Hour
2026-01-18,sub-psiog-001,MAC-03,rg-mac-03-frontend-prod,Microsoft.Network/virtualNetworks,Virtual Networks,Networking,team:Frontend,112.98,INR,40.61,1 Hour
2026-01-18,sub-psiog-001,MAC-03,rg-mac-03-frontend-prod,Microsoft.Sql/servers/databases,SQL Database,Data Services,team:Frontend,184.51,INR,36.41,1 Hour
2026-01-18,sub-psiog-001,MAC-04,rg-mac-04-backend-prod,Microsoft.ContainerService/managedClusters,AKS Clusters,Compute,team:Backend,852.45,INR,18.58,1 Hour
2026-01-18,sub-psiog-001,MAC-04,rg-mac-04-backend-prod,Microsoft.Storage/storageAccounts,Blob Storage,Storage,team:Backend,371.66,INR,7.74,1 Hour
2026-01-18,sub-psiog-001,MAC-04,rg-mac-04-backend-prod,Microsoft.Network/loadBalancers,Load Balancers,Networking,team:Backend,193.84,INR,28.5,1 Hour
2026-01-18,sub-psiog-001,MAC-04,rg-mac-04-backend-prod,Microsoft.Sql/servers/databases,SQL Database,Data Services,team:Backend,564.93,INR,11.34,1 Hour
2026-01-18,sub-psiog-001,MAC-04,rg-mac-04-qa-prod,Microsoft.ContainerService/managedClusters,AKS Clusters,Compute,team:QA,416.41,INR,70.43,1 Hour
2026-01-18,sub-psiog-001,MAC-04,rg-mac-04-qa-prod,Microsoft.Storage/storageAccounts/fileServices,File Storage,Storage,team:QA,174.63,INR,38.93,1 Hour
2026-01-18,sub-psiog-001,MAC-04,rg-mac-04-qa-prod,Microsoft.Network/loadBalancers,Load Balancers,Networking,team:QA,81.21,INR,11.06,1 Hour
2026-01-18,sub-psiog-001,MAC-04,rg-mac-04-qa-prod,Microsoft.DocumentDB/databaseAccounts,Cosmos DB,Data Services,team:QA,281.73,INR,74.58,1 Hour
2026-01-18,sub-psiog-001,MAC-05,rg-mac-05-security-prod,Microsoft.Compute/virtualMachines,Virtual Machines,Compute,team:Security,778.12,INR,78.97,1 Hour
2026-01-18,sub-psiog-001,MAC-05,rg-mac-05-security-prod,Microsoft.Storage/storageAccounts,Blob Storage,Storage,team:Security,289.9,INR,79.48,1 Hour
2026-01-18,sub-psiog-001,MAC-05,rg-mac-05-security-prod,Microsoft.Network/virtualNetworks,Virtual Networks,Networking,team:Security,297.75,INR,78.76,1 Hour
2026-01-18,sub-psiog-001,MAC-05,rg-mac-05-security-prod,Microsoft.DocumentDB/databaseAccounts,Cosmos DB,Data Services,team:Security,384.03,INR,93.96,1 Hour
2026-01-18,sub-psiog-001,MAC-05,rg-mac-05-compliance-prod,Microsoft.Compute/virtualMachines,Virtual Machines,Compute,team:Compliance,351.72,INR,12.95,1 Hour
2026-01-18,sub-psiog-001,MAC-05,rg-mac-05-compliance-prod,Microsoft.Storage/storageAccounts/fileServices,File Storage,Storage,team:Compliance,197.26,INR,70.73,1 Hour
2026-01-18,sub-psiog-001,MAC-05,rg-mac-05-compliance-prod,Microsoft.Network/loadBalancers,Load Balancers,Networking,team:Compliance,168.21,INR,21.06,1 Hour
2026-01-18,sub-psiog-001,MAC-05,rg-mac-05-compliance-prod,Microsoft.DocumentDB/databaseAccounts,Cosmos DB,Data Services,team:Compliance,297.52,INR,59.59,1 Hour
2026-01-18,sub-psiog-001,MAC-06,rg-mac-06-infrastructure-prod,Microsoft.ContainerService/managedClusters,AKS Clusters,Compute,team:Infrastructure,1362.55,INR,70.0,1 Hour
2026-01-18,sub-psiog-001,MAC-06,rg-mac-06-infrastructure-prod,Microsoft.Storage/storageAccounts/fileServices,File Storage,Storage,team:Infrastructure,419.8,INR,95.28,1 Hour
2026-01-18,sub-psiog-001,MAC-06,rg-mac-06-infrastructure-prod,Microsoft.Network/loadBalancers,Load Balancers,Networking,team:Infrastructure,359.31,INR,98.43,1 Hour
2026-01-18,sub-psiog-001,MAC-06,rg-mac-06-infrastructure-prod,Microsoft.Sql/servers/databases,SQL Database,Data Services,team:Infrastructure,476.56,INR,47.62,1 Hour
2026-01-18,sub-psiog-001,MAC-06,rg-mac-06-cloudops-prod,Microsoft.Compute/virtualMachines,Virtual Machines,Compute,team:CloudOps,1468.92,INR,32.12,1 Hour
2026-01-18,sub-psiog-001,MAC-06,rg-mac-06-cloudops-prod,Microsoft.Storage/storageAccounts/fileServices,File Storage,Storage,team:CloudOps,395.93,INR,75.99,1 Hour
2026-01-18,sub-psiog-001,MAC-06,rg-mac-06-cloudops-prod,Microsoft.Network/virtualNetworks,Virtual Networks,Networking,team:CloudOps,292.02,INR,91.14,1 Hour
2026-01-18,sub-psiog-001,MAC-06,rg-mac-06-cloudops-prod,Microsoft.DocumentDB/databaseAccounts,Cosmos DB,Data Services,team:CloudOps,466.98,INR,25.14,1 Hour
2026-01-18,sub-psiog-001,MAC-07,rg-mac-07-ml-prod,Microsoft.ContainerService/managedClusters,AKS Clusters,Compute,team:ML,1406.95,INR,73.46,1 Hour
2026-01-18,sub-psiog-001,MAC-07,rg-mac-07-ml-prod,Microsoft.Storage/storageAccounts,Blob Storage,Storage,team:ML,549.74,INR,90.4,1 Hour
2026-01-18,sub-psiog-001,MAC-07,rg-mac-07-ml-prod,Microsoft.Network/virtualNetworks,Virtual Networks,Networking,team:ML,191.77,INR,17.81,1 Hour
2026-01-18,sub-psiog-001,MAC-07,rg-mac-07-ml-prod,Microsoft.DocumentDB/databaseAccounts,Cosmos DB,Data Services,team:ML,641.45,INR,55.51,1 Hour
2026-01-18,sub-psiog-001,MAC-07,rg-mac-07-research-prod,Microsoft.ContainerService/managedClusters,AKS Clusters,Compute,team:Research,710.89,INR,23.6,1 Hour
2026-01-18,sub-psiog-001,MAC-07,rg-mac-07-research-prod,Microsoft.Storage/storageAccounts,Blob Storage,Storage,team:Research,469.97,INR,52.3,1 Hour
2026-01-18,sub-psiog-001,MAC-07,rg-mac-07-research-prod,Microsoft.Network/virtualNetworks,Virtual Networks,Networking,team:Research,210.88,INR,1.15,1 Hour
2026-01-18,sub-psiog-001,MAC-07,rg-mac-07-research-prod,Microsoft.DocumentDB/databaseAccounts,Cosmos DB,Data Services,team:Research,669.63,INR,15.3,1 Hour
2026-01-18,sub-psiog-001,MAC-08,rg-mac-08-finance-prod,Microsoft.Compute/virtualMachines,Virtual Machines,Compute,team:Finance,310.69,INR,50.52,1 Hour
2026-01-18,sub-psiog-001,MAC-08,rg-mac-08-finance-prod,Microsoft.Storage/storageAccounts/fileServices,File Storage,Storage,team:Finance,215.68,INR,57.51,1 Hour
2026-01-18,sub-psiog-001,MAC-08,rg-mac-08-finance-prod,Microsoft.Network/loadBalancers,Load Balancers,Networking,team:Finance,96.43,INR,73.57,1 Hour
2026-01-18,sub-psiog-001,MAC-08,rg-mac-08-finance-prod,Microsoft.Sql/servers/databases,SQL Database,Data Services,team:Finance,526.7,INR,46.7,1 Hour
2026-01-18,sub-psiog-001,MAC-08,rg-mac-08-operations-prod,Microsoft.ContainerService/managedClusters,AKS Clusters,Compute,team:Operations,529.84,INR,17.43,1 Hour
2026-01-18,sub-psiog-001,MAC-08,rg-mac-08-operations-prod,Microsoft.Storage/storageAccounts/fileServices,File Storage,Storage,team:Operations,301.68,INR,73.35,1 Hour
2026-01-18,sub-psiog-001,MAC-08,rg-mac-08-operations-prod,Microsoft.Network/loadBalancers,Load Balancers,Networking,team:Operations,118.89,INR,89.81,1 Hour
2026-01-18,sub-psiog-001,MAC-08,rg-mac-08-operations-prod,Microsoft.Sql/servers/databases,SQL Database,Data Services,team:Operations,423.51,INR,27.96,1 Hour
2026-01-19,sub-psiog-001,MAC-01,rg-mac-01-devops-prod,Microsoft.ContainerService/managedClusters,AKS Clusters,Compute,team:DevOps,1207.1,INR,90.5,1 Hour
2026-01-19,sub-psiog-001,MAC-01,rg-mac-01-devops-prod,Microsoft.Storage/storageAccounts/fileServices,File Storage,Storage,team:DevOps,295.39,INR,29.0,1 Hour
2026-01-19,sub-psiog-001,MAC-01,rg-mac-01-devops-prod,Microsoft.Network/loadBalancers,Load Balancers,Networking,team:DevOps,211.22,INR,93.47,1 Hour
2026-01-19,sub-psiog-001,MAC-01,rg-mac-01-devops-prod,Microsoft.Sql/servers/databases,SQL Database,Data Services,team:DevOps,394.49,INR,53.48,1 Hour
2026-01-19,sub-psiog-001,MAC-01,rg-mac-01-platform-prod,Microsoft.Compute/virtualMachines,Virtual Machines,Compute,team:Platform,1229.87,INR,54.6,1 Hour
2026-01-19,sub-psiog-001,MAC-01,rg-mac-01-platform-prod,Microsoft.Storage/storageAccounts/fileServices,File Storage,Storage,team:Platform,294.38,INR,95.17,1 Hour
2026-01-19,sub-psiog-001,MAC-01,rg-mac-01-platform-prod,Microsoft.Network/loadBalancers,Load Balancers,Networking,team:Platform,234.14,INR,22.96,1 Hour
2026-01-19,sub-psiog-001,MAC-01,rg-mac-01-platform-prod,Microsoft.DocumentDB/databaseAccounts,Cosmos DB,Data Services,team:Platform,413.17,INR,47.15,1 Hour
2026-01-19,sub-psiog-001,MAC-02,rg-mac-02-dataengineering-prod,Microsoft.Compute/virtualMachines,Virtual Machines,Compute,team:DataEngineering,929.91,INR,80.33,1 Hour
2026-01-19,sub-psiog-001,MAC-02,rg-mac-02-dataengineering-prod,Microsoft.Storage/storageAccounts/fileServices,File Storage,Storage,team:DataEngineering,562.29,INR,2.59,1 Hour
2026-01-19,sub-psiog-001,MAC-02,rg-mac-02-dataengineering-prod,Microsoft.Network/loadBalancers,Load Balancers,Networking,team:DataEngineering,199.65,INR,55.86,1 Hour
2026-01-19,sub-psiog-001,MAC-02,rg-mac-02-dataengineering-prod,Microsoft.DocumentDB/databaseAccounts,Cosmos DB,Data Services,team:DataEngineering,935.14,INR,64.03,1 Hour
2026-01-19,sub-psiog-001,MAC-02,rg-mac-02-analytics-prod,Microsoft.ContainerService/managedClusters,AKS Clusters,Compute,team:Analytics,840.83,INR,18.4,1 Hour
2026-01-19,sub-psiog-001,MAC-02,rg-mac-02-analytics-prod,Microsoft.Storage/storageAccounts,Blob Storage,Storage,team:Analytics,637.68,INR,85.65,1 Hour
2026-01-19,sub-psiog-001,MAC-02,rg-mac-02-analytics-prod,Microsoft.Network/loadBalancers,Load Balancers,Networking,team:Analytics,177.71,INR,6.04,1 Hour
2026-01-19,sub-psiog-001,MAC-02,rg-mac-02-analytics-prod,Microsoft.DocumentDB/databaseAccounts,Cosmos DB,Data Services,team:Analytics,903.51,INR,1.34,1 Hour
2026-01-19,sub-psiog-001,MAC-03,rg-mac-03-product-prod,Microsoft.Compute/virtualMachines,Virtual Machines,Compute,team:Product,662.67,INR,53.28,1 Hour
2026-01-19,sub-psiog-001,MAC-03,rg-mac-03-product-prod,Microsoft.Storage/storageAccounts/fileServices,File Storage,Storage,team:Product,236.45,INR,95.33,1 Hour
2026-01-19,sub-psiog-001,MAC-03,rg-mac-03-product-prod,Microsoft.Network/virtualNetworks,Virtual Networks,Networking,team:Product,136.73,INR,13.9,1 Hour
2026-01-19,sub-psiog-001,MAC-03,rg-mac-03-product-prod,Microsoft.DocumentDB/databaseAccounts,Cosmos DB,Data Services,team:Product,265.06,INR,69.92,1 Hour
2026-01-19,sub-psiog-001,MAC-03,rg-mac-03-frontend-prod,Microsoft.Compute/virtualMachines,Virtual Machines,Compute,team:Frontend,496.85,INR,86.93,1 Hour
2026-01-19,sub-psiog-001,MAC-03,rg-mac-03-frontend-prod,Microsoft.Storage/storageAccounts/fileServices,File Storage,Storage,team:Frontend,163.48,INR,30.07,1 Hour
2026-01-19,sub-psiog-001,MAC-03,rg-mac-03-frontend-prod,Microsoft.Network/loadBalancers,Load Balancers,Networking,team:Frontend,107.13,INR,13.16,1 Hour
2026-01-19,sub-psiog-001,MAC-03,rg-mac-03-frontend-prod,Microsoft.Sql/servers/databases,SQL Database,Data Services,team:Frontend,196.59,INR,65.13,1 Hour
2026-01-19,sub-psiog-001,MAC-04,rg-mac-04-backend-prod,Microsoft.ContainerService/managedClusters,AKS Clusters,Compute,team:Backend,1111.68,INR,58.61,1 Hour
2026-01-19,sub-psiog-001,MAC-04,rg-mac-04-backend-prod,Microsoft.Storage/storageAccounts/fileServices,File Storage,Storage,team:Backend,411.66,INR,28.63,1 Hour
2026-01-19,sub-psiog-001,MAC-04,rg-mac-04-backend-prod,Microsoft.Network/loadBalancers,Load Balancers,Networking,team:Backend,228.15,INR,29.12,1 Hour
2026-01-19,sub-psiog-001,MAC-04,rg-mac-04-backend-prod,Microsoft.DocumentDB/databaseAccounts,Cosmos DB,Data Services,team:Backend,443.57,INR,16.32,1 Hour
2026-01-19,sub-psiog-001,MAC-04,rg-mac-04-qa-prod,Microsoft.ContainerService/managedClusters,AKS Clusters,Compute,team:QA,419.01,INR,19.32,1 Hour
2026-01-19,sub-psiog-001,MAC-04,rg-mac-04-qa-prod,Microsoft.Storage/storageAccounts,Blob Storage,Storage,team:QA,203.89,INR,2.91,1 Hour
2026-01-19,sub-psiog-001,MAC-04,rg-mac-04-qa-prod,Microsoft.Network/virtualNetworks,Virtual Networks,Networking,team:QA,87.2,INR,45.49,1 Hour
2026-01-19,sub-psiog-001,MAC-04,rg-mac-04-qa-prod,Microsoft.Sql/servers/databases,SQL Database,Data Services,team:QA,274.99,INR,51.69,1 Hour
2026-01-19,sub-psiog-001,MAC-05,rg-mac-05-security-prod,Microsoft.Compute/virtualMachines,Virtual Machines,Compute,team:Security,657.49,INR,22.2,1 Hour
2026-01-19,sub-psiog-001,MAC-05,rg-mac-05-security-prod,Microsoft.Storage/storageAccounts/fileServices,File Storage,Storage,team:Security,282.01,INR,73.42,1 Hour
2026-01-19,sub-psiog-001,MAC-05,rg-mac-05-security-prod,Microsoft.Network/virtualNetworks,Virtual Networks,Networking,team:Security,281.51,INR,54.25,1 Hour
2026-01-19,sub-psiog-001,MAC-05,rg-mac-05-security-prod,Microsoft.DocumentDB/databaseAccounts,Cosmos DB,Data Services,team:Security,408.74,INR,38.24,1 Hour
2026-01-19,sub-psiog-001,MAC-05,rg-mac-05-compliance-prod,Microsoft.ContainerService/managedClusters,AKS Clusters,Compute,team:Compliance,337.16,INR,2.34,1 Hour
2026-01-19,sub-psiog-001,MAC-05,rg-mac-05-compliance-prod,Microsoft.Storage/storageAccounts,Blob Storage,Storage,team:Compliance,262.09,INR,21.16,1 Hour
2026-01-19,sub-psiog-001,MAC-05,rg-mac-05-compliance-prod,Microsoft.Network/loadBalancers,Load Balancers,Networking,team:Compliance,176.89,INR,28.09,1 Hour
2026-01-19,sub-psiog-001,MAC-05,rg-mac-05-compliance-prod,Microsoft.Sql/servers/databases,SQL Database,Data Services,team:Compliance,340.29,INR,80.39,1 Hour
2026-01-19,sub-psiog-001,MAC-06,rg-mac-06-infrastructure-prod,Microsoft.ContainerService/managedClusters,AKS Clusters,Compute,team:Infrastructure,1280.19,INR,44.23,1 Hour
2026-01-19,sub-psiog-001,MAC-06,rg-mac-06-infrastructure-prod,Microsoft.Storage/storageAccounts/fileServices,File Storage,Storage,team:Infrastructure,383.91,INR,94.96,1 Hour
2026-01-19,sub-psiog-001,MAC-06,rg-mac-06-infrastructure-prod,Microsoft.Network/virtualNetworks,Virtual Networks,Networking,team:Infrastructure,374.0,INR,27.75,1 Hour
2026-01-19,sub-psiog-001,MAC-06,rg-mac-06-infrastructure-prod,Microsoft.DocumentDB/databaseAccounts,Cosmos DB,Data Services,team:Infrastructure,404.66,INR,61.05,1 Hour
2026-01-19,sub-psiog-001,MAC-06,rg-mac-06-cloudops-prod,Microsoft.Compute/virtualMachines,Virtual Machines,Compute,team:CloudOps,1289.2,INR,79.62,1 Hour
2026-01-19,sub-psiog-001,MAC-06,rg-mac-06-cloudops-prod,Microsoft.Storage/storageAccounts/fileServices,File Storage,Storage,team:CloudOps,355.9,INR,21.72,1 Hour
2026-01-19,sub-psiog-001,MAC-06,rg-mac-06-cloudops-prod,Microsoft.Network/loadBalancers,Load Balancers,Networking,team:CloudOps,307.77,INR,23.14,1 Hour
2026-01-19,sub-psiog-001,MAC-06,rg-mac-06-cloudops-prod,Microsoft.Sql/servers/databases,SQL Database,Data Services,team:CloudOps,413.82,INR,53.87,1 Hour
2026-01-19,sub-psiog-001,MAC-07,rg-mac-07-ml-prod,Microsoft.ContainerService/managedClusters,AKS Clusters,Compute,team:ML,1721.8,INR,95.73,1 Hour
2026-01-19,sub-psiog-001,MAC-07,rg-mac-07-ml-prod,Microsoft.Storage/storageAccounts/fileServices,File Storage,Storage,team:ML,574.95,INR,72.16,1 Hour
2026-01-19,sub-psiog-001,MAC-07,rg-mac-07-ml-prod,Microsoft.Network/loadBalancers,Load Balancers,Networking,team:ML,232.99,INR,73.08,1 Hour
2026-01-19,sub-psiog-001,MAC-07,rg-mac-07-ml-prod,Microsoft.Sql/servers/databases,SQL Database,Data Services,team:ML,658.71,INR,78.45,1 Hour
2026-01-19,sub-psiog-001,MAC-07,rg-mac-07-research-prod,Microsoft.ContainerService/managedClusters,AKS Clusters,Compute,team:Research,785.7,INR,60.2,1 Hour
2026-01-19,sub-psiog-001,MAC-07,rg-mac-07-research-prod,Microsoft.Storage/storageAccounts,Blob Storage,Storage,team:Research,475.52,INR,19.21,1 Hour
2026-01-19,sub-psiog-001,MAC-07,rg-mac-07-research-prod,Microsoft.Network/virtualNetworks,Virtual Networks,Networking,team:Research,213.69,INR,59.53,1 Hour
2026-01-19,sub-psiog-001,MAC-07,rg-mac-07-research-prod,Microsoft.Sql/servers/databases,SQL Database,Data Services,team:Research,770.72,INR,27.62,1 Hour
2026-01-19,sub-psiog-001,MAC-08,rg-mac-08-finance-prod,Microsoft.Compute/virtualMachines,Virtual Machines,Compute,team:Finance,266.14,INR,60.36,1 Hour
2026-01-19,sub-psiog-001,MAC-08,rg-mac-08-finance-prod,Microsoft.Storage/storageAccounts,Blob Storage,Storage,team:Finance,232.78,INR,1.68,1 Hour
2026-01-19,sub-psiog-001,MAC-08,rg-mac-08-finance-prod,Microsoft.Network/virtualNetworks,Virtual Networks,Networking,team:Finance,103.41,INR,66.3,1 Hour
2026-01-19,sub-psiog-001,MAC-08,rg-mac-08-finance-prod,Microsoft.Sql/servers/databases,SQL Database,Data Services,team:Finance,469.91,INR,66.41,1 Hour
2026-01-19,sub-psiog-001,MAC-08,rg-mac-08-operations-prod,Microsoft.Compute/virtualMachines,Virtual Machines,Compute,team:Operations,431.85,INR,45.23,1 Hour
2026-01-19,sub-psiog-001,MAC-08,rg-mac-08-operations-prod,Microsoft.Storage/storageAccounts,Blob Storage,Storage,team:Operations,302.1,INR,39.69,1 Hour
2026-01-19,sub-psiog-001,MAC-08,rg-mac-08-operations-prod,Microsoft.Network/loadBalancers,Load Balancers,Networking,team:Operations,137.91,INR,98.6,1 Hour
2026-01-19,sub-psiog-001,MAC-08,rg-mac-08-operations-prod,Microsoft.Sql/servers/databases,SQL Database,Data Services,team:Operations,422.41,INR,3.65,1 Hour
2026-01-20,sub-psiog-001,MAC-01,rg-mac-01-devops-prod,Microsoft.ContainerService/managedClusters,AKS Clusters,Compute,team:DevOps,1207.77,INR,75.73,1 Hour
2026-01-20,sub-psiog-001,MAC-01,rg-mac-01-devops-prod,Microsoft.Storage/storageAccounts/fileServices,File Storage,Storage,team:DevOps,318.99,INR,84.58,1 Hour
2026-01-20,sub-psiog-001,MAC-01,rg-mac-01-devops-prod,Microsoft.Network/virtualNetworks,Virtual Networks,Networking,team:DevOps,207.55,INR,95.0,1 Hour
2026-01-20,sub-psiog-001,MAC-01,rg-mac-01-devops-prod,Microsoft.DocumentDB/databaseAccounts,Cosmos DB,Data Services,team:DevOps,431.18,INR,21.55,1 Hour
2026-01-20,sub-psiog-001,MAC-01,rg-mac-01-platform-prod,Microsoft.ContainerService/managedClusters,AKS Clusters,Compute,team:Platform,1083.25,INR,71.69,1 Hour
2026-01-20,sub-psiog-001,MAC-01,rg-mac-01-platform-prod,Microsoft.Storage/storageAccounts,Blob Storage,Storage,team:Platform,262.07,INR,61.09,1 Hour
2026-01-20,sub-psiog-001,MAC-01,rg-mac-01-platform-prod,Microsoft.Network/virtualNetworks,Virtual Networks,Networking,team:Platform,259.33,INR,90.91,1 Hour
2026-01-20,sub-psiog-001,MAC-01,rg-mac-01-platform-prod,Microsoft.Sql/servers/databases,SQL Database,Data Services,team:Platform,376.22,INR,1.76,1 Hour
2026-01-20,sub-psiog-001,MAC-02,rg-mac-02-dataengineering-prod,Microsoft.Compute/virtualMachines,Virtual Machines,Compute,team:DataEngineering,1005.72,INR,7.6,1 Hour
2026-01-20,sub-psiog-001,MAC-02,rg-mac-02-dataengineering-prod,Microsoft.Storage/storageAccounts,Blob Storage,Storage,team:DataEngineering,593.33,INR,51.93,1 Hour
2026-01-20,sub-psiog-001,MAC-02,rg-mac-02-dataengineering-prod,Microsoft.Network/loadBalancers,Load Balancers,Networking,team:DataEngineering,162.8,INR,7.98,1 Hour
2026-01-20,sub-psiog-001,MAC-02,rg-mac-02-dataengineering-prod,Microsoft.DocumentDB/databaseAccounts,Cosmos DB,Data Services,team:DataEngineering,901.6,INR,44.48,1 Hour
2026-01-20,sub-psiog-001,MAC-02,rg-mac-02-analytics-prod,Microsoft.Compute/virtualMachines,Virtual Machines,Compute,team:Analytics,962.6,INR,52.0,1 Hour
2026-01-20,sub-psiog-001,MAC-02,rg-mac-02-analytics-prod,Microsoft.Storage/storageAccounts/fileServices,File Storage,Storage,team:Analytics,543.68,INR,69.89,1 Hour
2026-01-20,sub-psiog-001,MAC-02,rg-mac-02-analytics-prod,Microsoft.Network/virtualNetworks,Virtual Networks,Networking,team:Analytics,173.77,INR,66.38,1 Hour
2026-01-20,sub-psiog-001,MAC-02,rg-mac-02-analytics-prod,Microsoft.DocumentDB/databaseAccounts,Cosmos DB,Data Services,team:Analytics,929.03,INR,45.76,1 Hour
2026-01-20,sub-psiog-001,MAC-03,rg-mac-03-product-prod,Microsoft.ContainerService/managedClusters,AKS Clusters,Compute,team:Product,539.67,INR,49.53,1 Hour
2026-01-20,sub-psiog-001,MAC-03,rg-mac-03-product-prod,Microsoft.Storage/storageAccounts,Blob Storage,Storage,team:Product,196.24,INR,56.28,1 Hour
2026-01-20,sub-psiog-001,MAC-03,rg-mac-03-product-prod,Microsoft.Network/virtualNetworks,Virtual Networks,Networking,team:Product,106.16,INR,84.14,1 Hour
2026-01-20,sub-psiog-001,MAC-03,rg-mac-03-product-prod,Microsoft.DocumentDB/databaseAccounts,Cosmos DB,Data Services,team:Product,324.94,INR,19.26,1 Hour
2026-01-20,sub-psiog-001,MAC-03,rg-mac-03-frontend-prod,Microsoft.ContainerService/managedClusters,AKS Clusters,Compute,team:Frontend,565.92,INR,52.23,1 Hour
2026-01-20,sub-psiog-001,MAC-03,rg-mac-03-frontend-prod,Microsoft.Storage/storageAccounts,Blob Storage,Storage,team:Frontend,165.92,INR,57.66,1 Hour
2026-01-20,sub-psiog-001,MAC-03,rg-mac-03-frontend-prod,Microsoft.Network/loadBalancers,Load Balancers,Networking,team:Frontend,104.35,INR,18.35,1 Hour
2026-01-20,sub-psiog-001,MAC-03,rg-mac-03-frontend-prod,Microsoft.Sql/servers/databases,SQL Database,Data Services,team:Frontend,221.37,INR,92.9,1 Hour
2026-01-20,sub-psiog-001,MAC-04,rg-mac-04-backend-prod,Microsoft.Compute/virtualMachines,Virtual Machines,Compute,team:Backend,885.61,INR,20.55,1 Hour
2026-01-20,sub-psiog-001,MAC-04,rg-mac-04-backend-prod,Microsoft.Storage/storageAccounts/fileServices,File Storage,Storage,team:Backend,397.58,INR,24.57,1 Hour
2026-01-20,sub-psiog-001,MAC-04,rg-mac-04-backend-prod,Microsoft.Network/virtualNetworks,Virtual Networks,Networking,team:Backend,225.26,INR,51.77,1 Hour
2026-01-20,sub-psiog-001,MAC-04,rg-mac-04-backend-prod,Microsoft.Sql/servers/databases,SQL Database,Data Services,team:Backend,497.88,INR,1.71,1 Hour
2026-01-20,sub-psiog-001,MAC-04,rg-mac-04-qa-prod,Microsoft.Compute/virtualMachines,Virtual Machines,Compute,team:QA,374.84,INR,87.84,1 Hour
2026-01-20,sub-psiog-001,MAC-04,rg-mac-04-qa-prod,Microsoft.Storage/storageAccounts,Blob Storage,Storage,team:QA,188.85,INR,81.81,1 Hour
2026-01-20,sub-psiog-001,MAC-04,rg-mac-04-qa-prod,Microsoft.Network/loadBalancers,Load Balancers,Networking,team:QA,88.6,INR,10.43,1 Hour
2026-01-20,sub-psiog-001,MAC-04,rg-mac-04-qa-prod,Microsoft.DocumentDB/databaseAccounts,Cosmos DB,Data Services,team:QA,264.8,INR,12.57,1 Hour
2026-01-20,sub-psiog-001,MAC-05,rg-mac-05-security-prod,Microsoft.Compute/virtualMachines,Virtual Machines,Compute,team:Security,668.74,INR,93.83,1 Hour
2026-01-20,sub-psiog-001,MAC-05,rg-mac-05-security-prod,Microsoft.Storage/storageAccounts/fileServices,File Storage,Storage,team:Security,253.02,INR,21.83,1 Hour
2026-01-20,sub-psiog-001,MAC-05,rg-mac-05-security-prod,Microsoft.Network/virtualNetworks,Virtual Networks,Networking,team:Security,300.01,INR,51.49,1 Hour
2026-01-20,sub-psiog-001,MAC-05,rg-mac-05-security-prod,Microsoft.DocumentDB/databaseAccounts,Cosmos DB,Data Services,team:Security,387.7,INR,21.45,1 Hour
2026-01-20,sub-psiog-001,MAC-05,rg-mac-05-compliance-prod,Microsoft.ContainerService/managedClusters,AKS Clusters,Compute,team:Compliance,327.69,INR,59.12,1 Hour
2026-01-20,sub-psiog-001,MAC-05,rg-mac-05-compliance-prod,Microsoft.Storage/storageAccounts/fileServices,File Storage,Storage,team:Compliance,220.52,INR,43.11,1 Hour
2026-01-20,sub-psiog-001,MAC-05,rg-mac-05-compliance-prod,Microsoft.Network/virtualNetworks,Virtual Networks,Networking,team:Compliance,166.41,INR,8.46,1 Hour
2026-01-20,sub-psiog-001,MAC-05,rg-mac-05-compliance-prod,Microsoft.Sql/servers/databases,SQL Database,Data Services,team:Compliance,284.58,INR,97.45,1 Hour
2026-01-20,sub-psiog-001,MAC-06,rg-mac-06-infrastructure-prod,Microsoft.Compute/virtualMachines,Virtual Machines,Compute,team:Infrastructure,1289.65,INR,49.13,1 Hour
2026-01-20,sub-psiog-001,MAC-06,rg-mac-06-infrastructure-prod,Microsoft.Storage/storageAccounts/fileServices,File Storage,Storage,team:Infrastructure,428.08,INR,7.64,1 Hour
2026-01-20,sub-psiog-001,MAC-06,rg-mac-06-infrastructure-prod,Microsoft.Network/loadBalancers,Load Balancers,Networking,team:Infrastructure,411.88,INR,94.92,1 Hour
2026-01-20,sub-psiog-001,MAC-06,rg-mac-06-infrastructure-prod,Microsoft.Sql/servers/databases,SQL Database,Data Services,team:Infrastructure,423.28,INR,50.03,1 Hour
2026-01-20,sub-psiog-001,MAC-06,rg-mac-06-cloudops-prod,Microsoft.Compute/virtualMachines,Virtual Machines,Compute,team:CloudOps,1269.24,INR,49.26,1 Hour
2026-01-20,sub-psiog-001,MAC-06,rg-mac-06-cloudops-prod,Microsoft.Storage/storageAccounts,Blob Storage,Storage,team:CloudOps,376.91,INR,22.82,1 Hour
2026-01-20,sub-psiog-001,MAC-06,rg-mac-06-cloudops-prod,Microsoft.Network/loadBalancers,Load Balancers,Networking,team:CloudOps,300.49,INR,76.36,1 Hour
2026-01-20,sub-psiog-001,MAC-06,rg-mac-06-cloudops-prod,Microsoft.Sql/servers/databases,SQL Database,Data Services,team:CloudOps,447.59,INR,45.19,1 Hour
2026-01-20,sub-psiog-001,MAC-07,rg-mac-07-ml-prod,Microsoft.Compute/virtualMachines,Virtual Machines,Compute,team:ML,1536.4,INR,92.77,1 Hour
2026-01-20,sub-psiog-001,MAC-07,rg-mac-07-ml-prod,Microsoft.Storage/storageAccounts,Blob Storage,Storage,team:ML,537.73,INR,83.26,1 Hour
2026-01-20,sub-psiog-001,MAC-07,rg-mac-07-ml-prod,Microsoft.Network/virtualNetworks,Virtual Networks,Networking,team:ML,217.83,INR,94.93,1 Hour
2026-01-20,sub-psiog-001,MAC-07,rg-mac-07-ml-prod,Microsoft.Sql/servers/databases,SQL Database,Data Services,team:ML,686.95,INR,11.31,1 Hour
2026-01-20,sub-psiog-001,MAC-07,rg-mac-07-research-prod,Microsoft.ContainerService/managedClusters,AKS Clusters,Compute,team:Research,845.04,INR,32.47,1 Hour
2026-01-20,sub-psiog-001,MAC-07,rg-mac-07-research-prod,Microsoft.Storage/storageAccounts/fileServices,File Storage,Storage,team:Research,433.4,INR,46.0,1 Hour
2026-01-20,sub-psiog-001,MAC-07,rg-mac-07-research-prod,Microsoft.Network/virtualNetworks,Virtual Networks,Networking,team:Research,167.26,INR,6.26,1 Hour
2026-01-20,sub-psiog-001,MAC-07,rg-mac-07-research-prod,Microsoft.DocumentDB/databaseAccounts,Cosmos DB,Data Services,team:Research,598.84,INR,21.85,1 Hour
2026-01-20,sub-psiog-001,MAC-08,rg-mac-08-finance-prod,Microsoft.ContainerService/managedClusters,AKS Clusters,Compute,team:Finance,278.34,INR,24.35,1 Hour
2026-01-20,sub-psiog-001,MAC-08,rg-mac-08-finance-prod,Microsoft.Storage/storageAccounts,Blob Storage,Storage,team:Finance,229.31,INR,30.13,1 Hour
2026-01-20,sub-psiog-001,MAC-08,rg-mac-08-finance-prod,Microsoft.Network/virtualNetworks,Virtual Networks,Networking,team:Finance,104.3,INR,4.17,1 Hour
2026-01-20,sub-psiog-001,MAC-08,rg-mac-08-finance-prod,Microsoft.DocumentDB/databaseAccounts,Cosmos DB,Data Services,team:Finance,451.75,INR,63.28,1 Hour
2026-01-20,sub-psiog-001,MAC-08,rg-mac-08-operations-prod,Microsoft.Compute/virtualMachines,Virtual Machines,Compute,team:Operations,491.7,INR,30.73,1 Hour
2026-01-20,sub-psiog-001,MAC-08,rg-mac-08-operations-prod,Microsoft.Storage/storageAccounts/fileServices,File Storage,Storage,team:Operations,354.21,INR,95.95,1 Hour
2026-01-20,sub-psiog-001,MAC-08,rg-mac-08-operations-prod,Microsoft.Network/virtualNetworks,Virtual Networks,Networking,team:Operations,131.35,INR,15.56,1 Hour
2026-01-20,sub-psiog-001,MAC-08,rg-mac-08-operations-prod,Microsoft.Sql/servers/databases,SQL Database,Data Services,team:Operations,383.54,INR,18.8,1 Hour
2026-01-21,sub-psiog-001,MAC-01,rg-mac-01-devops-prod,Microsoft.Compute/virtualMachines,Virtual Machines,Compute,team:DevOps,1220.39,INR,95.43,1 Hour
2026-01-21,sub-psiog-001,MAC-01,rg-mac-01-devops-prod,Microsoft.Storage/storageAccounts/fileServices,File Storage,Storage,team:DevOps,281.17,INR,38.85,1 Hour
2026-01-21,sub-psiog-001,MAC-01,rg-mac-01-devops-prod,Microsoft.Network/loadBalancers,Load Balancers,Networking,team:DevOps,216.27,INR,40.87,1 Hour
2026-01-21,sub-psiog-001,MAC-01,rg-mac-01-devops-prod,Microsoft.DocumentDB/databaseAccounts,Cosmos DB,Data Services,team:DevOps,433.26,INR,9.75,1 Hour
2026-01-21,sub-psiog-001,MAC-01,rg-mac-01-platform-prod,Microsoft.Compute/virtualMachines,Virtual Machines,Compute,team:Platform,983.2,INR,45.37,1 Hour
2026-01-21,sub-psiog-001,MAC-01,rg-mac-01-platform-prod,Microsoft.Storage/storageAccounts,Blob Storage,Storage,team:Platform,258.41,INR,28.17,1 Hour
2026-01-21,sub-psiog-001,MAC-01,rg-mac-01-platform-prod,Microsoft.Network/loadBalancers,Load Balancers,Networking,team:Platform,223.93,INR,59.62,1 Hour
2026-01-21,sub-psiog-001,MAC-01,rg-mac-01-platform-prod,Microsoft.Sql/servers/databases,SQL Database,Data Services,team:Platform,397.23,INR,60.06,1 Hour
2026-01-21,sub-psiog-001,MAC-02,rg-mac-02-dataengineering-prod,Microsoft.ContainerService/managedClusters,AKS Clusters,Compute,team:DataEngineering,951.16,INR,35.24,1 Hour
2026-01-21,sub-psiog-001,MAC-02,rg-mac-02-dataengineering-prod,Microsoft.Storage/storageAccounts,Blob Storage,Storage,team:DataEngineering,646.26,INR,50.89,1 Hour
2026-01-21,sub-psiog-001,MAC-02,rg-mac-02-dataengineering-prod,Microsoft.Network/virtualNetworks,Virtual Networks,Networking,team:DataEngineering,197.26,INR,21.36,1 Hour
2026-01-21,sub-psiog-001,MAC-02,rg-mac-02-dataengineering-prod,Microsoft.DocumentDB/databaseAccounts,Cosmos DB,Data Services,team:DataEngineering,824.23,INR,41.68,1 Hour
2026-01-21,sub-psiog-001,MAC-02,rg-mac-02-analytics-prod,Microsoft.ContainerService/managedClusters,AKS Clusters,Compute,team:Analytics,957.27,INR,4.96,1 Hour
2026-01-21,sub-psiog-001,MAC-02,rg-mac-02-analytics-prod,Microsoft.Storage/storageAccounts,Blob Storage,Storage,team:Analytics,565.95,INR,17.49,1 Hour
2026-01-21,sub-psiog-001,MAC-02,rg-mac-02-analytics-prod,Microsoft.Network/virtualNetworks,Virtual Networks,Networking,team:Analytics,155.94,INR,63.02,1 Hour
2026-01-21,sub-psiog-001,MAC-02,rg-mac-02-analytics-prod,Microsoft.Sql/servers/databases,SQL Database,Data Services,team:Analytics,797.72,INR,62.49,1 Hour
2026-01-21,sub-psiog-001,MAC-03,rg-mac-03-product-prod,Microsoft.ContainerService/managedClusters,AKS Clusters,Compute,team:Product,660.28,INR,86.87,1 Hour
2026-01-21,sub-psiog-001,MAC-03,rg-mac-03-product-prod,Microsoft.Storage/storageAccounts/fileServices,File Storage,Storage,team:Product,186.54,INR,46.79,1 Hour
2026-01-21,sub-psiog-001,MAC-03,rg-mac-03-product-prod,Microsoft.Network/virtualNetworks,Virtual Networks,Networking,team:Product,129.01,INR,10.78,1 Hour
2026-01-21,sub-psiog-001,MAC-03,rg-mac-03-product-prod,Microsoft.DocumentDB/databaseAccounts,Cosmos DB,Data Services,team:Product,276.72,INR,90.4,1 Hour
2026-01-21,sub-psiog-001,MAC-03,rg-mac-03-frontend-prod,Microsoft.ContainerService/managedClusters,AKS Clusters,Compute,team:Frontend,583.81,INR,64.75,1 Hour
2026-01-21,sub-psiog-001,MAC-03,rg-mac-03-frontend-prod,Microsoft.Storage/storageAccounts,Blob Storage,Storage,team:Frontend,147.3,INR,64.34,1 Hour
2026-01-21,sub-psiog-001,MAC-03,rg-mac-03-frontend-prod,Microsoft.Network/virtualNetworks,Virtual Networks,Networking,team:Frontend,118.34,INR,95.58,1 Hour
2026-01-21,sub-psiog-001,MAC-03,rg-mac-03-frontend-prod,Microsoft.DocumentDB/databaseAccounts,Cosmos DB,Data Services,team:Frontend,225.59,INR,94.59,1 Hour
2026-01-21,sub-psiog-001,MAC-04,rg-mac-04-backend-prod,Microsoft.Compute/virtualMachines,Virtual Machines,Compute,team:Backend,1068.2,INR,58.78,1 Hour
2026-01-21,sub-psiog-001,MAC-04,rg-mac-04-backend-prod,Microsoft.Storage/storageAccounts,Blob Storage,Storage,team:Backend,364.67,INR,52.8,1 Hour
2026-01-21,sub-psiog-001,MAC-04,rg-mac-04-backend-prod,Microsoft.Network/loadBalancers,Load Balancers,Networking,team:Backend,236.13,INR,29.32,1 Hour
2026-01-21,sub-psiog-001,MAC-04,rg-mac-04-backend-prod,Microsoft.Sql/servers/databases,SQL Database,Data Services,team:Backend,468.2,INR,62.12,1 Hour
2026-01-21,sub-psiog-001,MAC-04,rg-mac-04-qa-prod,Microsoft.Compute/virtualMachines,Virtual Machines,Compute,team:QA,444.5,INR,7.37,1 Hour
2026-01-21,sub-psiog-001,MAC-04,rg-mac-04-qa-prod,Microsoft.Storage/storageAccounts,Blob Storage,Storage,team:QA,208.59,INR,46.31,1 Hour
2026-01-21,sub-psiog-001,MAC-04,rg-mac-04-qa-prod,Microsoft.Network/loadBalancers,Load Balancers,Networking,team:QA,100.32,INR,79.07,1 Hour
2026-01-21,sub-psiog-001,MAC-04,rg-mac-04-qa-prod,Microsoft.Sql/servers/databases,SQL Database,Data Services,team:QA,262.72,INR,92.2,1 Hour
2026-01-21,sub-psiog-001,MAC-05,rg-mac-05-security-prod,Microsoft.Compute/virtualMachines,Virtual Machines,Compute,team:Security,763.58,INR,85.34,1 Hour
2026-01-21,sub-psiog-001,MAC-05,rg-mac-05-security-prod,Microsoft.Storage/storageAccounts/fileServices,File Storage,Storage,team:Security,265.3,INR,39.15,1 Hour
2026-01-21,sub-psiog-001,MAC-05,rg-mac-05-security-prod,Microsoft.Network/loadBalancers,Load Balancers,Networking,team:Security,275.18,INR,9.36,1 Hour
2026-01-21,sub-psiog-001,MAC-05,rg-mac-05-security-prod,Microsoft.Sql/servers/databases,SQL Database,Data Services,team:Security,413.57,INR,94.93,1 Hour
2026-01-21,sub-psiog-001,MAC-05,rg-mac-05-compliance-prod,Microsoft.Compute/virtualMachines,Virtual Machines,Compute,team:Compliance,367.82,INR,31.29,1 Hour
2026-01-21,sub-psiog-001,MAC-05,rg-mac-05-compliance-prod,Microsoft.Storage/storageAccounts/fileServices,File Storage,Storage,team:Compliance,215.11,INR,53.77,1 Hour
2026-01-21,sub-psiog-001,MAC-05,rg-mac-05-compliance-prod,Microsoft.Network/loadBalancers,Load Balancers,Networking,team:Compliance,161.2,INR,8.9,1 Hour
2026-01-21,sub-psiog-001,MAC-05,rg-mac-05-compliance-prod,Microsoft.DocumentDB/databaseAccounts,Cosmos DB,Data Services,team:Compliance,267.51,INR,72.61,1 Hour
2026-01-21,sub-psiog-001,MAC-06,rg-mac-06-infrastructure-prod,Microsoft.ContainerService/managedClusters,AKS Clusters,Compute,team:Infrastructure,1466.04,INR,7.44,1 Hour
2026-01-21,sub-psiog-001,MAC-06,rg-mac-06-infrastructure-prod,Microsoft.Storage/storageAccounts/fileServices,File Storage,Storage,team:Infrastructure,454.36,INR,89.72,1 Hour
2026-01-21,sub-psiog-001,MAC-06,rg-mac-06-infrastructure-prod,Microsoft.Network/virtualNetworks,Virtual Networks,Networking,team:Infrastructure,323.07,INR,26.23,1 Hour
2026-01-21,sub-psiog-001,MAC-06,rg-mac-06-infrastructure-prod,Microsoft.Sql/servers/databases,SQL Database,Data Services,team:Infrastructure,438.84,INR,24.23,1 Hour
2026-01-21,sub-psiog-001,MAC-06,rg-mac-06-cloudops-prod,Microsoft.Compute/virtualMachines,Virtual Machines,Compute,team:CloudOps,1491.01,INR,77.42,1 Hour
2026-01-21,sub-psiog-001,MAC-06,rg-mac-06-cloudops-prod,Microsoft.Storage/storageAccounts/fileServices,File Storage,Storage,team:CloudOps,446.93,INR,98.33,1 Hour
2026-01-21,sub-psiog-001,MAC-06,rg-mac-06-cloudops-prod,Microsoft.Network/virtualNetworks,Virtual Networks,Networking,team:CloudOps,289.85,INR,79.35,1 Hour
2026-01-21,sub-psiog-001,MAC-06,rg-mac-06-cloudops-prod,Microsoft.Sql/servers/databases,SQL Database,Data Services,team:CloudOps,409.57,INR,89.87,1 Hour
2026-01-21,sub-psiog-001,MAC-07,rg-mac-07-ml-prod,Microsoft.Compute/virtualMachines,Virtual Machines,Compute,team:ML,1640.85,INR,40.33,1 Hour
2026-01-21,sub-psiog-001,MAC-07,rg-mac-07-ml-prod,Microsoft.Storage/storageAccounts,Blob Storage,Storage,team:ML,477.7,INR,58.74,1 Hour
2026-01-21,sub-psiog-001,MAC-07,rg-mac-07-ml-prod,Microsoft.Network/virtualNetworks,Virtual Networks,Networking,team:ML,180.6,INR,11.65,1 Hour
2026-01-21,sub-psiog-001,MAC-07,rg-mac-07-ml-prod,Microsoft.DocumentDB/databaseAccounts,Cosmos DB,Data Services,team:ML,681.99,INR,81.01,1 Hour
2026-01-21,sub-psiog-001,MAC-07,rg-mac-07-research-prod,Microsoft.Compute/virtualMachines,Virtual Machines,Compute,team:Research,754.85,INR,49.15,1 Hour
2026-01-21,sub-psiog-001,MAC-07,rg-mac-07-research-prod,Microsoft.Storage/storageAccounts/fileServices,File Storage,Storage,team:Research,409.66,INR,24.2,1 Hour
2026-01-21,sub-psiog-001,MAC-07,rg-mac-07-research-prod,Microsoft.Network/virtualNetworks,Virtual Networks,Networking,team:Research,166.97,INR,17.2,1 Hour
2026-01-21,sub-psiog-001,MAC-07,rg-mac-07-research-prod,Microsoft.DocumentDB/databaseAccounts,Cosmos DB,Data Services,team:Research,587.31,INR,44.86,1 Hour
2026-01-21,sub-psiog-001,MAC-08,rg-mac-08-finance-prod,Microsoft.Compute/virtualMachines,Virtual Machines,Compute,team:Finance,275.3,INR,61.63,1 Hour
2026-01-21,sub-psiog-001,MAC-08,rg-mac-08-finance-prod,Microsoft.Storage/storageAccounts,Blob Storage,Storage,team:Finance,212.04,INR,21.09,1 Hour
2026-01-21,sub-psiog-001,MAC-08,rg-mac-08-finance-prod,Microsoft.Network/loadBalancers,Load Balancers,Networking,team:Finance,113.91,INR,21.94,1 Hour
2026-01-21,sub-psiog-001,MAC-08,rg-mac-08-finance-prod,Microsoft.Sql/servers/databases,SQL Database,Data Services,team:Finance,428.61,INR,4.29,1 Hour
2026-01-21,sub-psiog-001,MAC-08,rg-mac-08-operations-prod,Microsoft.ContainerService/managedClusters,AKS Clusters,Compute,team:Operations,453.19,INR,46.79,1 Hour
2026-01-21,sub-psiog-001,MAC-08,rg-mac-08-operations-prod,Microsoft.Storage/storageAccounts/fileServices,File Storage,Storage,team:Operations,319.91,INR,3.11,1 Hour
2026-01-21,sub-psiog-001,MAC-08,rg-mac-08-operations-prod,Microsoft.Network/loadBalancers,Load Balancers,Networking,team:Operations,143.46,INR,90.3,1 Hour
2026-01-21,sub-psiog-001,MAC-08,rg-mac-08-operations-prod,Microsoft.Sql/servers/databases,SQL Database,Data Services,team:Operations,431.47,INR,4.17,1 Hour
2026-01-22,sub-psiog-001,MAC-01,rg-mac-01-devops-prod,Microsoft.ContainerService/managedClusters,AKS Clusters,Compute,team:DevOps,1360.98,INR,28.04,1 Hour
2026-01-22,sub-psiog-001,MAC-01,rg-mac-01-devops-prod,Microsoft.Storage/storageAccounts/fileServices,File Storage,Storage,team:DevOps,341.66,INR,26.51,1 Hour
2026-01-22,sub-psiog-001,MAC-01,rg-mac-01-devops-prod,Microsoft.Network/loadBalancers,Load Balancers,Networking,team:DevOps,210.22,INR,47.61,1 Hour
2026-01-22,sub-psiog-001,MAC-01,rg-mac-01-devops-prod,Microsoft.DocumentDB/databaseAccounts,Cosmos DB,Data Services,team:DevOps,470.25,INR,74.81,1 Hour
2026-01-22,sub-psiog-001,MAC-01,rg-mac-01-platform-prod,Microsoft.Compute/virtualMachines,Virtual Machines,Compute,team:Platform,1238.2,INR,25.93,1 Hour
2026-01-22,sub-psiog-001,MAC-01,rg-mac-01-platform-prod,Microsoft.Storage/storageAccounts/fileServices,File Storage,Storage,team:Platform,307.9,INR,6.2,1 Hour
2026-01-22,sub-psiog-001,MAC-01,rg-mac-01-platform-prod,Microsoft.Network/loadBalancers,Load Balancers,Networking,team:Platform,273.25,INR,91.21,1 Hour
2026-01-22,sub-psiog-001,MAC-01,rg-mac-01-platform-prod,Microsoft.Sql/servers/databases,SQL Database,Data Services,team:Platform,352.62,INR,52.67,1 Hour
2026-01-22,sub-psiog-001,MAC-02,rg-mac-02-dataengineering-prod,Microsoft.Compute/virtualMachines,Virtual Machines,Compute,team:DataEngineering,864.01,INR,39.69,1 Hour
2026-01-22,sub-psiog-001,MAC-02,rg-mac-02-dataengineering-prod,Microsoft.Storage/storageAccounts/fileServices,File Storage,Storage,team:DataEngineering,545.33,INR,75.12,1 Hour
2026-01-22,sub-psiog-001,MAC-02,rg-mac-02-dataengineering-prod,Microsoft.Network/virtualNetworks,Virtual Networks,Networking,team:DataEngineering,204.77,INR,73.84,1 Hour
2026-01-22,sub-psiog-001,MAC-02,rg-mac-02-dataengineering-prod,Microsoft.DocumentDB/databaseAccounts,Cosmos DB,Data Services,team:DataEngineering,1018.82,INR,70.21,1 Hour
2026-01-22,sub-psiog-001,MAC-02,rg-mac-02-analytics-prod,Microsoft.ContainerService/managedClusters,AKS Clusters,Compute,team:Analytics,838.72,INR,35.22,1 Hour
2026-01-22,sub-psiog-001,MAC-02,rg-mac-02-analytics-prod,Microsoft.Storage/storageAccounts/fileServices,File Storage,Storage,team:Analytics,570.12,INR,50.48,1 Hour
2026-01-22,sub-psiog-001,MAC-02,rg-mac-02-analytics-prod,Microsoft.Network/virtualNetworks,Virtual Networks,Networking,team:Analytics,181.48,INR,90.58,1 Hour
2026-01-22,sub-psiog-001,MAC-02,rg-mac-02-analytics-prod,Microsoft.Sql/servers/databases,SQL Database,Data Services,team:Analytics,890.04,INR,21.86,1 Hour
2026-01-22,sub-psiog-001,MAC-03,rg-mac-03-product-prod,Microsoft.ContainerService/managedClusters,AKS Clusters,Compute,team:Product,601.55,INR,58.21,1 Hour
2026-01-22,sub-psiog-001,MAC-03,rg-mac-03-product-prod,Microsoft.Storage/storageAccounts/fileServices,File Storage,Storage,team:Product,236.66,INR,99.32,1 Hour
2026-01-22,sub-psiog-001,MAC-03,rg-mac-03-product-prod,Microsoft.Network/virtualNetworks,Virtual Networks,Networking,team:Product,119.73,INR,43.25,1 Hour
2026-01-22,sub-psiog-001,MAC-03,rg-mac-03-product-prod,Microsoft.Sql/servers/databases,SQL Database,Data Services,team:Product,297.52,INR,40.67,1 Hour
2026-01-22,sub-psiog-001,MAC-03,rg-mac-03-frontend-prod,Microsoft.Compute/virtualMachines,Virtual Machines,Compute,team:Frontend,525.39,INR,47.05,1 Hour
2026-01-22,sub-psiog-001,MAC-03,rg-mac-03-frontend-prod,Microsoft.Storage/storageAccounts,Blob Storage,Storage,team:Frontend,167.12,INR,84.8,1 Hour
2026-01-22,sub-psiog-001,MAC-03,rg-mac-03-frontend-prod,Microsoft.Network/loadBalancers,Load Balancers,Networking,team:Frontend,105.97,INR,3.06,1 Hour
2026-01-22,sub-psiog-001,MAC-03,rg-mac-03-frontend-prod,Microsoft.Sql/servers/databases,SQL Database,Data Services,team:Frontend,220.9,INR,56.87,1 Hour
2026-01-22,sub-psiog-001,MAC-04,rg-mac-04-backend-prod,Microsoft.Compute/virtualMachines,Virtual Machines,Compute,team:Backend,901.49,INR,57.09,1 Hour
2026-01-22,sub-psiog-001,MAC-04,rg-mac-04-backend-prod,Microsoft.Storage/storageAccounts,Blob Storage,Storage,team:Backend,326.79,INR,37.47,1 Hour
2026-01-22,sub-psiog-001,MAC-04,rg-mac-04-backend-prod,Microsoft.Network/loadBalancers,Load Balancers,Networking,team:Backend,227.64,INR,32.9,1 Hour
2026-01-22,sub-psiog-001,MAC-04,rg-mac-04-backend-prod,Microsoft.Sql/servers/databases,SQL Database,Data Services,team:Backend,476.27,INR,99.93,1 Hour
2026-01-22,sub-psiog-001,MAC-04,rg-mac-04-qa-prod,Microsoft.ContainerService/managedClusters,AKS Clusters,Compute,team:QA,469.87,INR,66.72,1 Hour
2026-01-22,sub-psiog-001,MAC-04,rg-mac-04-qa-prod,Microsoft.Storage/storageAccounts,Blob Storage,Storage,team:QA,211.32,INR,65.73,1 Hour
2026-01-22,sub-psiog-001,MAC-04,rg-mac-04-qa-prod,Microsoft.Network/virtualNetworks,Virtual Networks,Networking,team:QA,87.17,INR,86.46,1 Hour
2026-01-22,sub-psiog-001,MAC-04,rg-mac-04-qa-prod,Microsoft.Sql/servers/databases,SQL Database,Data Services,team:QA,278.35,INR,85.13,1 Hour
2026-01-22,sub-psiog-001,MAC-05,rg-mac-05-security-prod,Microsoft.Compute/virtualMachines,Virtual Machines,Compute,team:Security,820.59,INR,63.04,1 Hour
2026-01-22,sub-psiog-001,MAC-05,rg-mac-05-security-prod,Microsoft.Storage/storageAccounts/fileServices,File Storage,Storage,team:Security,232.19,INR,63.8,1 Hour
2026-01-22,sub-psiog-001,MAC-05,rg-mac-05-security-prod,Microsoft.Network/virtualNetworks,Virtual Networks,Networking,team:Security,321.74,INR,20.49,1 Hour
2026-01-22,sub-psiog-001,MAC-05,rg-mac-05-security-prod,Microsoft.Sql/servers/databases,SQL Database,Data Services,team:Security,364.66,INR,41.62,1 Hour
2026-01-22,sub-psiog-001,MAC-05,rg-mac-05-compliance-prod,Microsoft.Compute/virtualMachines,Virtual Machines,Compute,team:Compliance,380.62,INR,87.86,1 Hour
2026-01-22,sub-psiog-001,MAC-05,rg-mac-05-compliance-prod,Microsoft.Storage/storageAccounts/fileServices,File Storage,Storage,team:Compliance,211.06,INR,1.28,1 Hour
2026-01-22,sub-psiog-001,MAC-05,rg-mac-05-compliance-prod,Microsoft.Network/loadBalancers,Load Balancers,Networking,team:Compliance,165.61,INR,23.25,1 Hour
2026-01-22,sub-psiog-001,MAC-05,rg-mac-05-compliance-prod,Microsoft.Sql/servers/databases,SQL Database,Data Services,team:Compliance,270.5,INR,3.37,1 Hour
2026-01-22,sub-psiog-001,MAC-06,rg-mac-06-infrastructure-prod,Microsoft.ContainerService/managedClusters,AKS Clusters,Compute,team:Infrastructure,1539.1,INR,66.23,1 Hour
2026-01-22,sub-psiog-001,MAC-06,rg-mac-06-infrastructure-prod,Microsoft.Storage/storageAccounts,Blob Storage,Storage,team:Infrastructure,394.42,INR,32.71,1 Hour
2026-01-22,sub-psiog-001,MAC-06,rg-mac-06-infrastructure-prod,Microsoft.Network/loadBalancers,Load Balancers,Networking,team:Infrastructure,329.94,INR,27.12,1 Hour
2026-01-22,sub-psiog-001,MAC-06,rg-mac-06-infrastructure-prod,Microsoft.Sql/servers/databases,SQL Database,Data Services,team:Infrastructure,494.17,INR,51.88,1 Hour
2026-01-22,sub-psiog-001,MAC-06,rg-mac-06-cloudops-prod,Microsoft.ContainerService/managedClusters,AKS Clusters,Compute,team:CloudOps,1257.16,INR,38.86,1 Hour
2026-01-22,sub-psiog-001,MAC-06,rg-mac-06-cloudops-prod,Microsoft.Storage/storageAccounts/fileServices,File Storage,Storage,team:CloudOps,393.98,INR,82.72,1 Hour
2026-01-22,sub-psiog-001,MAC-06,rg-mac-06-cloudops-prod,Microsoft.Network/loadBalancers,Load Balancers,Networking,team:CloudOps,319.66,INR,1.98,1 Hour
2026-01-22,sub-psiog-001,MAC-06,rg-mac-06-cloudops-prod,Microsoft.Sql/servers/databases,SQL Database,Data Services,team:CloudOps,381.76,INR,54.47,1 Hour
2026-01-22,sub-psiog-001,MAC-07,rg-mac-07-ml-prod,Microsoft.Compute/virtualMachines,Virtual Machines,Compute,team:ML,1825.96,INR,29.48,1 Hour
2026-01-22,sub-psiog-001,MAC-07,rg-mac-07-ml-prod,Microsoft.Storage/storageAccounts,Blob Storage,Storage,team:ML,511.5,INR,71.27,1 Hour
2026-01-22,sub-psiog-001,MAC-07,rg-mac-07-ml-prod,Microsoft.Network/virtualNetworks,Virtual Networks,Networking,team:ML,233.02,INR,25.37,1 Hour
2026-01-22,sub-psiog-001,MAC-07,rg-mac-07-ml-prod,Microsoft.DocumentDB/databaseAccounts,Cosmos DB,Data Services,team:ML,795.9,INR,21.58,1 Hour
2026-01-22,sub-psiog-001,MAC-07,rg-mac-07-research-prod,Microsoft.ContainerService/managedClusters,AKS Clusters,Compute,team:Research,821.6,INR,18.86,1 Hour
2026-01-22,sub-psiog-001,MAC-07,rg-mac-07-research-prod,Microsoft.Storage/storageAccounts,Blob Storage,Storage,team:Research,455.21,INR,97.25,1 Hour
2026-01-22,sub-psiog-001,MAC-07,rg-mac-07-research-prod,Microsoft.Network/loadBalancers,Load Balancers,Networking,team:Research,175.13,INR,45.1,1 Hour
2026-01-22,sub-psiog-001,MAC-07,rg-mac-07-research-prod,Microsoft.DocumentDB/databaseAccounts,Cosmos DB,Data Services,team:Research,751.01,INR,15.23,1 Hour
2026-01-22,sub-psiog-001,MAC-08,rg-mac-08-finance-prod,Microsoft.Compute/virtualMachines,Virtual Machines,Compute,team:Finance,284.07,INR,78.01,1 Hour
2026-01-22,sub-psiog-001,MAC-08,rg-mac-08-finance-prod,Microsoft.Storage/storageAccounts/fileServices,File Storage,Storage,team:Finance,237.55,INR,27.52,1 Hour
2026-01-22,sub-psiog-001,MAC-08,rg-mac-08-finance-prod,Microsoft.Network/virtualNetworks,Virtual Networks,Networking,team:Finance,103.73,INR,95.11,1 Hour
2026-01-22,sub-psiog-001,MAC-08,rg-mac-08-finance-prod,Microsoft.DocumentDB/databaseAccounts,Cosmos DB,Data Services,team:Finance,538.6,INR,86.83,1 Hour
2026-01-22,sub-psiog-001,MAC-08,rg-mac-08-operations-prod,Microsoft.ContainerService/managedClusters,AKS Clusters,Compute,team:Operations,419.27,INR,84.53,1 Hour
2026-01-22,sub-psiog-001,MAC-08,rg-mac-08-operations-prod,Microsoft.Storage/storageAccounts,Blob Storage,Storage,team:Operations,288.1,INR,78.56,1 Hour
2026-01-22,sub-psiog-001,MAC-08,rg-mac-08-operations-prod,Microsoft.Network/virtualNetworks,Virtual Networks,Networking,team:Operations,125.45,INR,94.12,1 Hour
2026-01-22,sub-psiog-001,MAC-08,rg-mac-08-operations-prod,Microsoft.Sql/servers/databases,SQL Database,Data Services,team:Operations,396.92,INR,85.04,1 Hour
2026-01-23,sub-psiog-001,MAC-01,rg-mac-01-devops-prod,Microsoft.Compute/virtualMachines,Virtual Machines,Compute,team:DevOps,1100.47,INR,65.91,1 Hour
2026-01-23,sub-psiog-001,MAC-01,rg-mac-01-devops-prod,Microsoft.Storage/storageAccounts,Blob Storage,Storage,team:DevOps,326.51,INR,16.97,1 Hour
2026-01-23,sub-psiog-001,MAC-01,rg-mac-01-devops-prod,Microsoft.Network/virtualNetworks,Virtual Networks,Networking,team:DevOps,225.13,INR,53.91,1 Hour
2026-01-23,sub-psiog-001,MAC-01,rg-mac-01-devops-prod,Microsoft.Sql/servers/databases,SQL Database,Data Services,team:DevOps,431.36,INR,60.62,1 Hour
2026-01-23,sub-psiog-001,MAC-01,rg-mac-01-platform-prod,Microsoft.Compute/virtualMachines,Virtual Machines,Compute,team:Platform,1095.44,INR,19.66,1 Hour
2026-01-23,sub-psiog-001,MAC-01,rg-mac-01-platform-prod,Microsoft.Storage/storageAccounts,Blob Storage,Storage,team:Platform,304.78,INR,84.09,1 Hour
2026-01-23,sub-psiog-001,MAC-01,rg-mac-01-platform-prod,Microsoft.Network/virtualNetworks,Virtual Networks,Networking,team:Platform,257.4,INR,58.02,1 Hour
2026-01-23,sub-psiog-001,MAC-01,rg-mac-01-platform-prod,Microsoft.Sql/servers/databases,SQL Database,Data Services,team:Platform,344.33,INR,34.51,1 Hour
2026-01-23,sub-psiog-001,MAC-02,rg-mac-02-dataengineering-prod,Microsoft.ContainerService/managedClusters,AKS Clusters,Compute,team:DataEngineering,997.52,INR,59.16,1 Hour
2026-01-23,sub-psiog-001,MAC-02,rg-mac-02-dataengineering-prod,Microsoft.Storage/storageAccounts/fileServices,File Storage,Storage,team:DataEngineering,649.46,INR,38.17,1 Hour
2026-01-23,sub-psiog-001,MAC-02,rg-mac-02-dataengineering-prod,Microsoft.Network/virtualNetworks,Virtual Networks,Networking,team:DataEngineering,201.77,INR,12.97,1 Hour
2026-01-23,sub-psiog-001,MAC-02,rg-mac-02-dataengineering-prod,Microsoft.DocumentDB/databaseAccounts,Cosmos DB,Data Services,team:DataEngineering,1028.7,INR,33.87,1 Hour
2026-01-23,sub-psiog-001,MAC-02,rg-mac-02-analytics-prod,Microsoft.ContainerService/managedClusters,AKS Clusters,Compute,team:Analytics,900.98,INR,18.29,1 Hour
2026-01-23,sub-psiog-001,MAC-02,rg-mac-02-analytics-prod,Microsoft.Storage/storageAccounts,Blob Storage,Storage,team:Analytics,535.52,INR,49.35,1 Hour
2026-01-23,sub-psiog-001,MAC-02,rg-mac-02-analytics-prod,Microsoft.Network/virtualNetworks,Virtual Networks,Networking,team:Analytics,187.88,INR,83.06,1 Hour
2026-01-23,sub-psiog-001,MAC-02,rg-mac-02-analytics-prod,Microsoft.Sql/servers/databases,SQL Database,Data Services,team:Analytics,784.45,INR,11.25,1 Hour
2026-01-23,sub-psiog-001,MAC-03,rg-mac-03-product-prod,Microsoft.ContainerService/managedClusters,AKS Clusters,Compute,team:Product,655.11,INR,18.35,1 Hour
2026-01-23,sub-psiog-001,MAC-03,rg-mac-03-product-prod,Microsoft.Storage/storageAccounts/fileServices,File Storage,Storage,team:Product,197.88,INR,90.66,1 Hour
2026-01-23,sub-psiog-001,MAC-03,rg-mac-03-product-prod,Microsoft.Network/loadBalancers,Load Balancers,Networking,team:Product,130.13,INR,31.87,1 Hour
2026-01-23,sub-psiog-001,MAC-03,rg-mac-03-product-prod,Microsoft.DocumentDB/databaseAccounts,Cosmos DB,Data Services,team:Product,300.49,INR,1.48,1 Hour
2026-01-23,sub-psiog-001,MAC-03,rg-mac-03-frontend-prod,Microsoft.ContainerService/managedClusters,AKS Clusters,Compute,team:Frontend,448.5,INR,14.57,1 Hour
2026-01-23,sub-psiog-001,MAC-03,rg-mac-03-frontend-prod,Microsoft.Storage/storageAccounts/fileServices,File Storage,Storage,team:Frontend,153.61,INR,90.96,1 Hour
2026-01-23,sub-psiog-001,MAC-03,rg-mac-03-frontend-prod,Microsoft.Network/virtualNetworks,Virtual Networks,Networking,team:Frontend,94.86,INR,65.97,1 Hour
2026-01-23,sub-psiog-001,MAC-03,rg-mac-03-frontend-prod,Microsoft.Sql/servers/databases,SQL Database,Data Services,team:Frontend,228.85,INR,12.22,1 Hour
2026-01-23,sub-psiog-001,MAC-04,rg-mac-04-backend-prod,Microsoft.ContainerService/managedClusters,AKS Clusters,Compute,team:Backend,848.19,INR,75.24,1 Hour
2026-01-23,sub-psiog-001,MAC-04,rg-mac-04-backend-prod,Microsoft.Storage/storageAccounts/fileServices,File Storage,Storage,team:Backend,322.33,INR,57.71,1 Hour
2026-01-23,sub-psiog-001,MAC-04,rg-mac-04-backend-prod,Microsoft.Network/virtualNetworks,Virtual Networks,Networking,team:Backend,259.77,INR,48.45,1 Hour
2026-01-23,sub-psiog-001,MAC-04,rg-mac-04-backend-prod,Microsoft.Sql/servers/databases,SQL Database,Data Services,team:Backend,448.71,INR,85.87,1 Hour
2026-01-23,sub-psiog-001,MAC-04,rg-mac-04-qa-prod,Microsoft.ContainerService/managedClusters,AKS Clusters,Compute,team:QA,378.08,INR,46.77,1 Hour
2026-01-23,sub-psiog-001,MAC-04,rg-mac-04-qa-prod,Microsoft.Storage/storageAccounts,Blob Storage,Storage,team:QA,211.92,INR,34.72,1 Hour
2026-01-23,sub-psiog-001,MAC-04,rg-mac-04-qa-prod,Microsoft.Network/virtualNetworks,Virtual Networks,Networking,team:QA,90.18,INR,31.72,1 Hour
2026-01-23,sub-psiog-001,MAC-04,rg-mac-04-qa-prod,Microsoft.DocumentDB/databaseAccounts,Cosmos DB,Data Services,team:QA,250.27,INR,90.0,1 Hour
2026-01-23,sub-psiog-001,MAC-05,rg-mac-05-security-prod,Microsoft.Compute/virtualMachines,Virtual Machines,Compute,team:Security,696.06,INR,18.92,1 Hour
2026-01-23,sub-psiog-001,MAC-05,rg-mac-05-security-prod,Microsoft.Storage/storageAccounts/fileServices,File Storage,Storage,team:Security,233.8,INR,38.82,1 Hour
2026-01-23,sub-psiog-001,MAC-05,rg-mac-05-security-prod,Microsoft.Network/loadBalancers,Load Balancers,Networking,team:Security,272.44,INR,2.11,1 Hour
2026-01-23,sub-psiog-001,MAC-05,rg-mac-05-security-prod,Microsoft.DocumentDB/databaseAccounts,Cosmos DB,Data Services,team:Security,317.17,INR,57.65,1 Hour
2026-01-23,sub-psiog-001,MAC-05,rg-mac-05-compliance-prod,Microsoft.Compute/virtualMachines,Virtual Machines,Compute,team:Compliance,387.34,INR,39.6,1 Hour
2026-01-23,sub-psiog-001,MAC-05,rg-mac-05-compliance-prod,Microsoft.Storage/storageAccounts/fileServices,File Storage,Storage,team:Compliance,252.62,INR,20.46,1 Hour
2026-01-23,sub-psiog-001,MAC-05,rg-mac-05-compliance-prod,Microsoft.Network/virtualNetworks,Virtual Networks,Networking,team:Compliance,169.64,INR,61.91,1 Hour
2026-01-23,sub-psiog-001,MAC-05,rg-mac-05-compliance-prod,Microsoft.DocumentDB/databaseAccounts,Cosmos DB,Data Services,team:Compliance,335.69,INR,17.29,1 Hour
2026-01-23,sub-psiog-001,MAC-06,rg-mac-06-infrastructure-prod,Microsoft.Compute/virtualMachines,Virtual Machines,Compute,team:Infrastructure,1480.41,INR,84.37,1 Hour
2026-01-23,sub-psiog-001,MAC-06,rg-mac-06-infrastructure-prod,Microsoft.Storage/storageAccounts,Blob Storage,Storage,team:Infrastructure,358.33,INR,37.17,1 Hour
2026-01-23,sub-psiog-001,MAC-06,rg-mac-06-infrastructure-prod,Microsoft.Network/virtualNetworks,Virtual Networks,Networking,team:Infrastructure,404.77,INR,31.18,1 Hour
2026-01-23,sub-psiog-001,MAC-06,rg-mac-06-infrastructure-prod,Microsoft.DocumentDB/databaseAccounts,Cosmos DB,Data Services,team:Infrastructure,375.75,INR,13.07,1 Hour
2026-01-23,sub-psiog-001,MAC-06,rg-mac-06-cloudops-prod,Microsoft.Compute/virtualMachines,Virtual Machines,Compute,team:CloudOps,1340.29,INR,95.65,1 Hour
2026-01-23,sub-psiog-001,MAC-06,rg-mac-06-cloudops-prod,Microsoft.Storage/storageAccounts,Blob Storage,Storage,team:CloudOps,422.08,INR,9.96,1 Hour
2026-01-23,sub-psiog-001,MAC-06,rg-mac-06-cloudops-prod,Microsoft.Network/virtualNetworks,Virtual Networks,Networking,team:CloudOps,339.91,INR,83.32,1 Hour
2026-01-23,sub-psiog-001,MAC-06,rg-mac-06-cloudops-prod,Microsoft.Sql/servers/databases,SQL Database,Data Services,team:CloudOps,361.2,INR,3.12,1 Hour
2026-01-23,sub-psiog-001,MAC-07,rg-mac-07-ml-prod,Microsoft.ContainerService/managedClusters,AKS Clusters,Compute,team:ML,1757.03,INR,51.71,1 Hour
2026-01-23,sub-psiog-001,MAC-07,rg-mac-07-ml-prod,Microsoft.Storage/storageAccounts,Blob Storage,Storage,team:ML,571.15,INR,24.13,1 Hour
2026-01-23,sub-psiog-001,MAC-07,rg-mac-07-ml-prod,Microsoft.Network/virtualNetworks,Virtual Networks,Networking,team:ML,214.36,INR,21.15,1 Hour
2026-01-23,sub-psiog-001,MAC-07,rg-mac-07-ml-prod,Microsoft.Sql/servers/databases,SQL Database,Data Services,team:ML,714.53,INR,22.96,1 Hour
2026-01-23,sub-psiog-001,MAC-07,rg-mac-07-research-prod,Microsoft.Compute/virtualMachines,Virtual Machines,Compute,team:Research,846.31,INR,33.17,1 Hour
2026-01-23,sub-psiog-001,MAC-07,rg-mac-07-research-prod,Microsoft.Storage/storageAccounts,Blob Storage,Storage,team:Research,442.58,INR,99.88,1 Hour
2026-01-23,sub-psiog-001,MAC-07,rg-mac-07-research-prod,Microsoft.Network/virtualNetworks,Virtual Networks,Networking,team:Research,168.45,INR,42.64,1 Hour
2026-01-23,sub-psiog-001,MAC-07,rg-mac-07-research-prod,Microsoft.DocumentDB/databaseAccounts,Cosmos DB,Data Services,team:Research,727.49,INR,75.36,1 Hour
2026-01-23,sub-psiog-001,MAC-08,rg-mac-08-finance-prod,Microsoft.Compute/virtualMachines,Virtual Machines,Compute,team:Finance,359.07,INR,1.78,1 Hour
2026-01-23,sub-psiog-001,MAC-08,rg-mac-08-finance-prod,Microsoft.Storage/storageAccounts/fileServices,File Storage,Storage,team:Finance,218.84,INR,11.49,1 Hour
2026-01-23,sub-psiog-001,MAC-08,rg-mac-08-finance-prod,Microsoft.Network/loadBalancers,Load Balancers,Networking,team:Finance,117.11,INR,79.75,1 Hour
2026-01-23,sub-psiog-001,MAC-08,rg-mac-08-finance-prod,Microsoft.Sql/servers/databases,SQL Database,Data Services,team:Finance,414.97,INR,25.03,1 Hour
2026-01-23,sub-psiog-001,MAC-08,rg-mac-08-operations-prod,Microsoft.ContainerService/managedClusters,AKS Clusters,Compute,team:Operations,476.02,INR,19.86,1 Hour
2026-01-23,sub-psiog-001,MAC-08,rg-mac-08-operations-prod,Microsoft.Storage/storageAccounts,Blob Storage,Storage,team:Operations,270.33,INR,42.27,1 Hour
2026-01-23,sub-psiog-001,MAC-08,rg-mac-08-operations-prod,Microsoft.Network/virtualNetworks,Virtual Networks,Networking,team:Operations,128.61,INR,65.16,1 Hour
2026-01-23,sub-psiog-001,MAC-08,rg-mac-08-operations-prod,Microsoft.Sql/servers/databases,SQL Database,Data Services,team:Operations,380.87,INR,24.77,1 Hour
2026-01-24,sub-psiog-001,MAC-01,rg-mac-01-devops-prod,Microsoft.ContainerService/managedClusters,AKS Clusters,Compute,team:DevOps,1325.03,INR,24.13,1 Hour
2026-01-24,sub-psiog-001,MAC-01,rg-mac-01-devops-prod,Microsoft.Storage/storageAccounts,Blob Storage,Storage,team:DevOps,308.48,INR,79.18,1 Hour
2026-01-24,sub-psiog-001,MAC-01,rg-mac-01-devops-prod,Microsoft.Network/virtualNetworks,Virtual Networks,Networking,team:DevOps,233.73,INR,7.57,1 Hour
2026-01-24,sub-psiog-001,MAC-01,rg-mac-01-devops-prod,Microsoft.DocumentDB/databaseAccounts,Cosmos DB,Data Services,team:DevOps,366.3,INR,36.43,1 Hour
2026-01-24,sub-psiog-001,MAC-01,rg-mac-01-platform-prod,Microsoft.Compute/virtualMachines,Virtual Machines,Compute,team:Platform,1021.86,INR,65.82,1 Hour
2026-01-24,sub-psiog-001,MAC-01,rg-mac-01-platform-prod,Microsoft.Storage/storageAccounts/fileServices,File Storage,Storage,team:Platform,305.26,INR,25.67,1 Hour
2026-01-24,sub-psiog-001,MAC-01,rg-mac-01-platform-prod,Microsoft.Network/loadBalancers,Load Balancers,Networking,team:Platform,242.61,INR,14.46,1 Hour
2026-01-24,sub-psiog-001,MAC-01,rg-mac-01-platform-prod,Microsoft.Sql/servers/databases,SQL Database,Data Services,team:Platform,438.84,INR,49.16,1 Hour
2026-01-24,sub-psiog-001,MAC-02,rg-mac-02-dataengineering-prod,Microsoft.Compute/virtualMachines,Virtual Machines,Compute,team:DataEngineering,1034.41,INR,59.25,1 Hour
2026-01-24,sub-psiog-001,MAC-02,rg-mac-02-dataengineering-prod,Microsoft.Storage/storageAccounts/fileServices,File Storage,Storage,team:DataEngineering,575.08,INR,35.53,1 Hour
2026-01-24,sub-psiog-001,MAC-02,rg-mac-02-dataengineering-prod,Microsoft.Network/loadBalancers,Load Balancers,Networking,team:DataEngineering,179.35,INR,95.52,1 Hour
2026-01-24,sub-psiog-001,MAC-02,rg-mac-02-dataengineering-prod,Microsoft.Sql/servers/databases,SQL Database,Data Services,team:DataEngineering,802.49,INR,90.93,1 Hour
2026-01-24,sub-psiog-001,MAC-02,rg-mac-02-analytics-prod,Microsoft.ContainerService/managedClusters,AKS Clusters,Compute,team:Analytics,781.43,INR,76.07,1 Hour
2026-01-24,sub-psiog-001,MAC-02,rg-mac-02-analytics-prod,Microsoft.Storage/storageAccounts/fileServices,File Storage,Storage,team:Analytics,603.31,INR,11.46,1 Hour
2026-01-24,sub-psiog-001,MAC-02,rg-mac-02-analytics-prod,Microsoft.Network/loadBalancers,Load Balancers,Networking,team:Analytics,168.68,INR,92.53,1 Hour
2026-01-24,sub-psiog-001,MAC-02,rg-mac-02-analytics-prod,Microsoft.DocumentDB/databaseAccounts,Cosmos DB,Data Services,team:Analytics,809.88,INR,93.29,1 Hour
2026-01-24,sub-psiog-001,MAC-03,rg-mac-03-product-prod,Microsoft.ContainerService/managedClusters,AKS Clusters,Compute,team:Product,688.11,INR,30.63,1 Hour
2026-01-24,sub-psiog-001,MAC-03,rg-mac-03-product-prod,Microsoft.Storage/storageAccounts,Blob Storage,Storage,team:Product,200.58,INR,90.47,1 Hour
2026-01-24,sub-psiog-001,MAC-03,rg-mac-03-product-prod,Microsoft.Network/loadBalancers,Load Balancers,Networking,team:Product,133.38,INR,41.74,1 Hour
2026-01-24,sub-psiog-001,MAC-03,rg-mac-03-product-prod,Microsoft.Sql/servers/databases,SQL Database,Data Services,team:Product,273.55,INR,50.98,1 Hour
2026-01-24,sub-psiog-001,MAC-03,rg-mac-03-frontend-prod,Microsoft.Compute/virtualMachines,Virtual Machines,Compute,team:Frontend,600.9,INR,9.54,1 Hour
2026-01-24,sub-psiog-001,MAC-03,rg-mac-03-frontend-prod,Microsoft.Storage/storageAccounts,Blob Storage,Storage,team:Frontend,138.54,INR,24.8,1 Hour
2026-01-24,sub-psiog-001,MAC-03,rg-mac-03-frontend-prod,Microsoft.Network/virtualNetworks,Virtual Networks,Networking,team:Frontend,117.83,INR,48.64,1 Hour
2026-01-24,sub-psiog-001,MAC-03,rg-mac-03-frontend-prod,Microsoft.DocumentDB/databaseAccounts,Cosmos DB,Data Services,team:Frontend,183.73,INR,41.38,1 Hour
2026-01-24,sub-psiog-001,MAC-04,rg-mac-04-backend-prod,Microsoft.ContainerService/managedClusters,AKS Clusters,Compute,team:Backend,1085.28,INR,12.44,1 Hour
2026-01-24,sub-psiog-001,MAC-04,rg-mac-04-backend-prod,Microsoft.Storage/storageAccounts/fileServices,File Storage,Storage,team:Backend,388.67,INR,63.62,1 Hour
2026-01-24,sub-psiog-001,MAC-04,rg-mac-04-backend-prod,Microsoft.Network/loadBalancers,Load Balancers,Networking,team:Backend,217.59,INR,7.94,1 Hour
2026-01-24,sub-psiog-001,MAC-04,rg-mac-04-backend-prod,Microsoft.Sql/servers/databases,SQL Database,Data Services,team:Backend,478.08,INR,31.07,1 Hour
2026-01-24,sub-psiog-001,MAC-04,rg-mac-04-qa-prod,Microsoft.ContainerService/managedClusters,AKS Clusters,Compute,team:QA,447.59,INR,17.0,1 Hour
2026-01-24,sub-psiog-001,MAC-04,rg-mac-04-qa-prod,Microsoft.Storage/storageAccounts,Blob Storage,Storage,team:QA,162.3,INR,74.16,1 Hour
2026-01-24,sub-psiog-001,MAC-04,rg-mac-04-qa-prod,Microsoft.Network/loadBalancers,Load Balancers,Networking,team:QA,87.12,INR,45.58,1 Hour
2026-01-24,sub-psiog-001,MAC-04,rg-mac-04-qa-prod,Microsoft.DocumentDB/databaseAccounts,Cosmos DB,Data Services,team:QA,245.49,INR,24.57,1 Hour
2026-01-24,sub-psiog-001,MAC-05,rg-mac-05-security-prod,Microsoft.ContainerService/managedClusters,AKS Clusters,Compute,team:Security,824.43,INR,4.09,1 Hour
2026-01-24,sub-psiog-001,MAC-05,rg-mac-05-security-prod,Microsoft.Storage/storageAccounts,Blob Storage,Storage,team:Security,277.68,INR,50.85,1 Hour
2026-01-24,sub-psiog-001,MAC-05,rg-mac-05-security-prod,Microsoft.Network/virtualNetworks,Virtual Networks,Networking,team:Security,351.46,INR,14.6,1 Hour
2026-01-24,sub-psiog-001,MAC-05,rg-mac-05-security-prod,Microsoft.DocumentDB/databaseAccounts,Cosmos DB,Data Services,team:Security,347.9,INR,29.29,1 Hour
2026-01-24,sub-psiog-001,MAC-05,rg-mac-05-compliance-prod,Microsoft.ContainerService/managedClusters,AKS Clusters,Compute,team:Compliance,321.21,INR,30.15,1 Hour
2026-01-24,sub-psiog-001,MAC-05,rg-mac-05-compliance-prod,Microsoft.Storage/storageAccounts,Blob Storage,Storage,team:Compliance,256.93,INR,77.8,1 Hour
2026-01-24,sub-psiog-001,MAC-05,rg-mac-05-compliance-prod,Microsoft.Network/loadBalancers,Load Balancers,Networking,team:Compliance,179.54,INR,79.64,1 Hour
2026-01-24,sub-psiog-001,MAC-05,rg-mac-05-compliance-prod,Microsoft.Sql/servers/databases,SQL Database,Data Services,team:Compliance,304.01,INR,99.64,1 Hour
2026-01-24,sub-psiog-001,MAC-06,rg-mac-06-infrastructure-prod,Microsoft.ContainerService/managedClusters,AKS Clusters,Compute,team:Infrastructure,1275.44,INR,78.44,1 Hour
2026-01-24,sub-psiog-001,MAC-06,rg-mac-06-infrastructure-prod,Microsoft.Storage/storageAccounts/fileServices,File Storage,Storage,team:Infrastructure,420.49,INR,47.86,1 Hour
2026-01-24,sub-psiog-001,MAC-06,rg-mac-06-infrastructure-prod,Microsoft.Network/loadBalancers,Load Balancers,Networking,team:Infrastructure,318.37,INR,97.67,1 Hour
2026-01-24,sub-psiog-001,MAC-06,rg-mac-06-infrastructure-prod,Microsoft.DocumentDB/databaseAccounts,Cosmos DB,Data Services,team:Infrastructure,433.56,INR,27.46,1 Hour
2026-01-24,sub-psiog-001,MAC-06,rg-mac-06-cloudops-prod,Microsoft.Compute/virtualMachines,Virtual Machines,Compute,team:CloudOps,1162.86,INR,20.84,1 Hour
2026-01-24,sub-psiog-001,MAC-06,rg-mac-06-cloudops-prod,Microsoft.Storage/storageAccounts/fileServices,File Storage,Storage,team:CloudOps,388.29,INR,2.76,1 Hour
2026-01-24,sub-psiog-001,MAC-06,rg-mac-06-cloudops-prod,Microsoft.Network/virtualNetworks,Virtual Networks,Networking,team:CloudOps,287.94,INR,29.21,1 Hour
2026-01-24,sub-psiog-001,MAC-06,rg-mac-06-cloudops-prod,Microsoft.Sql/servers/databases,SQL Database,Data Services,team:CloudOps,444.21,INR,42.58,1 Hour
2026-01-24,sub-psiog-001,MAC-07,rg-mac-07-ml-prod,Microsoft.Compute/virtualMachines,Virtual Machines,Compute,team:ML,1468.04,INR,31.65,1 Hour
2026-01-24,sub-psiog-001,MAC-07,rg-mac-07-ml-prod,Microsoft.Storage/storageAccounts/fileServices,File Storage,Storage,team:ML,584.46,INR,35.82,1 Hour
2026-01-24,sub-psiog-001,MAC-07,rg-mac-07-ml-prod,Microsoft.Network/virtualNetworks,Virtual Networks,Networking,team:ML,230.23,INR,24.54,1 Hour
2026-01-24,sub-psiog-001,MAC-07,rg-mac-07-ml-prod,Microsoft.Sql/servers/databases,SQL Database,Data Services,team:ML,832.08,INR,64.92,1 Hour
2026-01-24,sub-psiog-001,MAC-07,rg-mac-07-research-prod,Microsoft.ContainerService/managedClusters,AKS Clusters,Compute,team:Research,874.72,INR,20.62,1 Hour
2026-01-24,sub-psiog-001,MAC-07,rg-mac-07-research-prod,Microsoft.Storage/storageAccounts,Blob Storage,Storage,team:Research,422.24,INR,21.94,1 Hour
2026-01-24,sub-psiog-001,MAC-07,rg-mac-07-research-prod,Microsoft.Network/virtualNetworks,Virtual Networks,Networking,team:Research,206.61,INR,27.56,1 Hour
2026-01-24,sub-psiog-001,MAC-07,rg-mac-07-research-prod,Microsoft.Sql/servers/databases,SQL Database,Data Services,team:Research,663.2,INR,98.83,1 Hour
2026-01-24,sub-psiog-001,MAC-08,rg-mac-08-finance-prod,Microsoft.ContainerService/managedClusters,AKS Clusters,Compute,team:Finance,267.29,INR,72.11,1 Hour
2026-01-24,sub-psiog-001,MAC-08,rg-mac-08-finance-prod,Microsoft.Storage/storageAccounts/fileServices,File Storage,Storage,team:Finance,214.77,INR,24.72,1 Hour
2026-01-24,sub-psiog-001,MAC-08,rg-mac-08-finance-prod,Microsoft.Network/virtualNetworks,Virtual Networks,Networking,team:Finance,104.86,INR,10.13,1 Hour
2026-01-24,sub-psiog-001,MAC-08,rg-mac-08-finance-prod,Microsoft.DocumentDB/databaseAccounts,Cosmos DB,Data Services,team:Finance,433.82,INR,59.99,1 Hour
2026-01-24,sub-psiog-001,MAC-08,rg-mac-08-operations-prod,Microsoft.Compute/virtualMachines,Virtual Machines,Compute,team:Operations,515.51,INR,70.11,1 Hour
2026-01-24,sub-psiog-001,MAC-08,rg-mac-08-operations-prod,Microsoft.Storage/storageAccounts/fileServices,File Storage,Storage,team:Operations,329.37,INR,37.25,1 Hour
2026-01-24,sub-psiog-001,MAC-08,rg-mac-08-operations-prod,Microsoft.Network/virtualNetworks,Virtual Networks,Networking,team:Operations,124.1,INR,70.49,1 Hour
2026-01-24,sub-psiog-001,MAC-08,rg-mac-08-operations-prod,Microsoft.DocumentDB/databaseAccounts,Cosmos DB,Data Services,team:Operations,385.69,INR,82.86,1 Hour
2026-01-25,sub-psiog-001,MAC-01,rg-mac-01-devops-prod,Microsoft.ContainerService/managedClusters,AKS Clusters,Compute,team:DevOps,1105.59,INR,44.33,1 Hour
2026-01-25,sub-psiog-001,MAC-01,rg-mac-01-devops-prod,Microsoft.Storage/storageAccounts,Blob Storage,Storage,team:DevOps,337.49,INR,90.29,1 Hour
2026-01-25,sub-psiog-001,MAC-01,rg-mac-01-devops-prod,Microsoft.Network/loadBalancers,Load Balancers,Networking,team:DevOps,217.96,INR,68.13,1 Hour
2026-01-25,sub-psiog-001,MAC-01,rg-mac-01-devops-prod,Microsoft.DocumentDB/databaseAccounts,Cosmos DB,Data Services,team:DevOps,395.39,INR,12.53,1 Hour
2026-01-25,sub-psiog-001,MAC-01,rg-mac-01-platform-prod,Microsoft.Compute/virtualMachines,Virtual Machines,Compute,team:Platform,1278.06,INR,61.52,1 Hour
2026-01-25,sub-psiog-001,MAC-01,rg-mac-01-platform-prod,Microsoft.Storage/storageAccounts,Blob Storage,Storage,team:Platform,322.73,INR,68.25,1 Hour
2026-01-25,sub-psiog-001,MAC-01,rg-mac-01-platform-prod,Microsoft.Network/loadBalancers,Load Balancers,Networking,team:Platform,273.37,INR,57.98,1 Hour
2026-01-25,sub-psiog-001,MAC-01,rg-mac-01-platform-prod,Microsoft.DocumentDB/databaseAccounts,Cosmos DB,Data Services,team:Platform,401.57,INR,22.34,1 Hour
2026-01-25,sub-psiog-001,MAC-02,rg-mac-02-dataengineering-prod,Microsoft.Compute/virtualMachines,Virtual Machines,Compute,team:DataEngineering,1004.36,INR,86.0,1 Hour
2026-01-25,sub-psiog-001,MAC-02,rg-mac-02-dataengineering-prod,Microsoft.Storage/storageAccounts/fileServices,File Storage,Storage,team:DataEngineering,707.42,INR,54.96,1 Hour
2026-01-25,sub-psiog-001,MAC-02,rg-mac-02-dataengineering-prod,Microsoft.Network/loadBalancers,Load Balancers,Networking,team:DataEngineering,207.26,INR,94.06,1 Hour
2026-01-25,sub-psiog-001,MAC-02,rg-mac-02-dataengineering-prod,Microsoft.DocumentDB/databaseAccounts,Cosmos DB,Data Services,team:DataEngineering,864.15,INR,18.99,1 Hour
2026-01-25,sub-psiog-001,MAC-02,rg-mac-02-analytics-prod,Microsoft.ContainerService/managedClusters,AKS Clusters,Compute,team:Analytics,1001.67,INR,49.12,1 Hour
2026-01-25,sub-psiog-001,MAC-02,rg-mac-02-analytics-prod,Microsoft.Storage/storageAccounts,Blob Storage,Storage,team:Analytics,526.97,INR,38.29,1 Hour
2026-01-25,sub-psiog-001,MAC-02,rg-mac-02-analytics-prod,Microsoft.Network/loadBalancers,Load Balancers,Networking,team:Analytics,150.24,INR,63.82,1 Hour
2026-01-25,sub-psiog-001,MAC-02,rg-mac-02-analytics-prod,Microsoft.DocumentDB/databaseAccounts,Cosmos DB,Data Services,team:Analytics,963.81,INR,71.49,1 Hour
2026-01-25,sub-psiog-001,MAC-03,rg-mac-03-product-prod,Microsoft.Compute/virtualMachines,Virtual Machines,Compute,team:Product,582.12,INR,72.67,1 Hour
2026-01-25,sub-psiog-001,MAC-03,rg-mac-03-product-prod,Microsoft.Storage/storageAccounts/fileServices,File Storage,Storage,team:Product,178.42,INR,5.26,1 Hour
2026-01-25,sub-psiog-001,MAC-03,rg-mac-03-product-prod,Microsoft.Network/loadBalancers,Load Balancers,Networking,team:Product,108.0,INR,34.48,1 Hour
2026-01-25,sub-psiog-001,MAC-03,rg-mac-03-product-prod,Microsoft.DocumentDB/databaseAccounts,Cosmos DB,Data Services,team:Product,338.51,INR,36.31,1 Hour
2026-01-25,sub-psiog-001,MAC-03,rg-mac-03-frontend-prod,Microsoft.ContainerService/managedClusters,AKS Clusters,Compute,team:Frontend,537.54,INR,87.69,1 Hour
2026-01-25,sub-psiog-001,MAC-03,rg-mac-03-frontend-prod,Microsoft.Storage/storageAccounts,Blob Storage,Storage,team:Frontend,159.91,INR,96.83,1 Hour
2026-01-25,sub-psiog-001,MAC-03,rg-mac-03-frontend-prod,Microsoft.Network/virtualNetworks,Virtual Networks,Networking,team:Frontend,113.89,INR,47.74,1 Hour
2026-01-25,sub-psiog-001,MAC-03,rg-mac-03-frontend-prod,Microsoft.DocumentDB/databaseAccounts,Cosmos DB,Data Services,team:Frontend,198.76,INR,1.12,1 Hour
2026-01-25,sub-psiog-001,MAC-04,rg-mac-04-backend-prod,Microsoft.Compute/virtualMachines,Virtual Machines,Compute,team:Backend,945.45,INR,37.51,1 Hour
2026-01-25,sub-psiog-001,MAC-04,rg-mac-04-backend-prod,Microsoft.Storage/storageAccounts/fileServices,File Storage,Storage,team:Backend,414.02,INR,15.45,1 Hour
2026-01-25,sub-psiog-001,MAC-04,rg-mac-04-backend-prod,Microsoft.Network/virtualNetworks,Virtual Networks,Networking,team:Backend,200.24,INR,99.69,1 Hour
2026-01-25,sub-psiog-001,MAC-04,rg-mac-04-backend-prod,Microsoft.Sql/servers/databases,SQL Database,Data Services,team:Backend,472.87,INR,13.54,1 Hour
2026-01-25,sub-psiog-001,MAC-04,rg-mac-04-qa-prod,Microsoft.Compute/virtualMachines,Virtual Machines,Compute,team:QA,371.82,INR,41.78,1 Hour
2026-01-25,sub-psiog-001,MAC-04,rg-mac-04-qa-prod,Microsoft.Storage/storageAccounts/fileServices,File Storage,Storage,team:QA,191.35,INR,62.67,1 Hour
2026-01-25,sub-psiog-001,MAC-04,rg-mac-04-qa-prod,Microsoft.Network/loadBalancers,Load Balancers,Networking,team:QA,83.73,INR,90.21,1 Hour
2026-01-25,sub-psiog-001,MAC-04,rg-mac-04-qa-prod,Microsoft.DocumentDB/databaseAccounts,Cosmos DB,Data Services,team:QA,287.73,INR,63.5,1 Hour
2026-01-25,sub-psiog-001,MAC-05,rg-mac-05-security-prod,Microsoft.Compute/virtualMachines,Virtual Machines,Compute,team:Security,683.93,INR,81.08,1 Hour
2026-01-25,sub-psiog-001,MAC-05,rg-mac-05-security-prod,Microsoft.Storage/storageAccounts/fileServices,File Storage,Storage,team:Security,291.44,INR,51.6,1 Hour
2026-01-25,sub-psiog-001,MAC-05,rg-mac-05-security-prod,Microsoft.Network/virtualNetworks,Virtual Networks,Networking,team:Security,328.12,INR,28.33,1 Hour
2026-01-25,sub-psiog-001,MAC-05,rg-mac-05-security-prod,Microsoft.Sql/servers/databases,SQL Database,Data Services,team:Security,388.56,INR,62.56,1 Hour
2026-01-25,sub-psiog-001,MAC-05,rg-mac-05-compliance-prod,Microsoft.ContainerService/managedClusters,AKS Clusters,Compute,team:Compliance,396.01,INR,46.06,1 Hour
2026-01-25,sub-psiog-001,MAC-05,rg-mac-05-compliance-prod,Microsoft.Storage/storageAccounts/fileServices,File Storage,Storage,team:Compliance,215.33,INR,90.54,1 Hour
2026-01-25,sub-psiog-001,MAC-05,rg-mac-05-compliance-prod,Microsoft.Network/loadBalancers,Load Balancers,Networking,team:Compliance,177.14,INR,4.9,1 Hour
2026-01-25,sub-psiog-001,MAC-05,rg-mac-05-compliance-prod,Microsoft.DocumentDB/databaseAccounts,Cosmos DB,Data Services,team:Compliance,343.45,INR,96.76,1 Hour
2026-01-25,sub-psiog-001,MAC-06,rg-mac-06-infrastructure-prod,Microsoft.ContainerService/managedClusters,AKS Clusters,Compute,team:Infrastructure,1680.71,INR,87.78,1 Hour
2026-01-25,sub-psiog-001,MAC-06,rg-mac-06-infrastructure-prod,Microsoft.Storage/storageAccounts,Blob Storage,Storage,team:Infrastructure,440.93,INR,52.84,1 Hour
2026-01-25,sub-psiog-001,MAC-06,rg-mac-06-infrastructure-prod,Microsoft.Network/virtualNetworks,Virtual Networks,Networking,team:Infrastructure,384.62,INR,64.22,1 Hour
2026-01-25,sub-psiog-001,MAC-06,rg-mac-06-infrastructure-prod,Microsoft.Sql/servers/databases,SQL Database,Data Services,team:Infrastructure,475.56,INR,71.55,1 Hour
2026-01-25,sub-psiog-001,MAC-06,rg-mac-06-cloudops-prod,Microsoft.Compute/virtualMachines,Virtual Machines,Compute,team:CloudOps,1489.64,INR,77.62,1 Hour
2026-01-25,sub-psiog-001,MAC-06,rg-mac-06-cloudops-prod,Microsoft.Storage/storageAccounts/fileServices,File Storage,Storage,team:CloudOps,391.16,INR,61.99,1 Hour
2026-01-25,sub-psiog-001,MAC-06,rg-mac-06-cloudops-prod,Microsoft.Network/loadBalancers,Load Balancers,Networking,team:CloudOps,364.75,INR,84.24,1 Hour
2026-01-25,sub-psiog-001,MAC-06,rg-mac-06-cloudops-prod,Microsoft.Sql/servers/databases,SQL Database,Data Services,team:CloudOps,396.72,INR,91.6,1 Hour
2026-01-25,sub-psiog-001,MAC-07,rg-mac-07-ml-prod,Microsoft.Compute/virtualMachines,Virtual Machines,Compute,team:ML,1747.78,INR,94.5,1 Hour
2026-01-25,sub-psiog-001,MAC-07,rg-mac-07-ml-prod,Microsoft.Storage/storageAccounts,Blob Storage,Storage,team:ML,464.88,INR,26.03,1 Hour
2026-01-25,sub-psiog-001,MAC-07,rg-mac-07-ml-prod,Microsoft.Network/loadBalancers,Load Balancers,Networking,team:ML,181.7,INR,91.28,1 Hour
2026-01-25,sub-psiog-001,MAC-07,rg-mac-07-ml-prod,Microsoft.DocumentDB/databaseAccounts,Cosmos DB,Data Services,team:ML,676.8,INR,15.03,1 Hour
2026-01-25,sub-psiog-001,MAC-07,rg-mac-07-research-prod,Microsoft.Compute/virtualMachines,Virtual Machines,Compute,team:Research,801.3,INR,62.56,1 Hour
2026-01-25,sub-psiog-001,MAC-07,rg-mac-07-research-prod,Microsoft.Storage/storageAccounts,Blob Storage,Storage,team:Research,499.86,INR,98.0,1 Hour
2026-01-25,sub-psiog-001,MAC-07,rg-mac-07-research-prod,Microsoft.Network/loadBalancers,Load Balancers,Networking,team:Research,200.82,INR,34.88,1 Hour
2026-01-25,sub-psiog-001,MAC-07,rg-mac-07-research-prod,Microsoft.Sql/servers/databases,SQL Database,Data Services,team:Research,704.73,INR,55.56,1 Hour
2026-01-25,sub-psiog-001,MAC-08,rg-mac-08-finance-prod,Microsoft.ContainerService/managedClusters,AKS Clusters,Compute,team:Finance,305.34,INR,35.28,1 Hour
2026-01-25,sub-psiog-001,MAC-08,rg-mac-08-finance-prod,Microsoft.Storage/storageAccounts,Blob Storage,Storage,team:Finance,201.46,INR,53.96,1 Hour
2026-01-25,sub-psiog-001,MAC-08,rg-mac-08-finance-prod,Microsoft.Network/loadBalancers,Load Balancers,Networking,team:Finance,93.54,INR,42.48,1 Hour
2026-01-25,sub-psiog-001,MAC-08,rg-mac-08-finance-prod,Microsoft.Sql/servers/databases,SQL Database,Data Services,team:Finance,429.21,INR,77.74,1 Hour
2026-01-25,sub-psiog-001,MAC-08,rg-mac-08-operations-prod,Microsoft.Compute/virtualMachines,Virtual Machines,Compute,team:Operations,458.08,INR,49.6,1 Hour
2026-01-25,sub-psiog-001,MAC-08,rg-mac-08-operations-prod,Microsoft.Storage/storageAccounts/fileServices,File Storage,Storage,team:Operations,338.37,INR,34.46,1 Hour
2026-01-25,sub-psiog-001,MAC-08,rg-mac-08-operations-prod,Microsoft.Network/virtualNetworks,Virtual Networks,Networking,team:Operations,146.35,INR,36.36,1 Hour
2026-01-25,sub-psiog-001,MAC-08,rg-mac-08-operations-prod,Microsoft.Sql/servers/databases,SQL Database,Data Services,team:Operations,396.75,INR,12.58,1 Hour
2026-01-26,sub-psiog-001,MAC-01,rg-mac-01-devops-prod,Microsoft.ContainerService/managedClusters,AKS Clusters,Compute,team:DevOps,1295.41,INR,7.68,1 Hour
2026-01-26,sub-psiog-001,MAC-01,rg-mac-01-devops-prod,Microsoft.Storage/storageAccounts/fileServices,File Storage,Storage,team:DevOps,324.05,INR,42.37,1 Hour
2026-01-26,sub-psiog-001,MAC-01,rg-mac-01-devops-prod,Microsoft.Network/virtualNetworks,Virtual Networks,Networking,team:DevOps,234.22,INR,85.11,1 Hour
2026-01-26,sub-psiog-001,MAC-01,rg-mac-01-devops-prod,Microsoft.Sql/servers/databases,SQL Database,Data Services,team:DevOps,414.77,INR,96.83,1 Hour
2026-01-26,sub-psiog-001,MAC-01,rg-mac-01-platform-prod,Microsoft.Compute/virtualMachines,Virtual Machines,Compute,team:Platform,1161.81,INR,40.71,1 Hour
2026-01-26,sub-psiog-001,MAC-01,rg-mac-01-platform-prod,Microsoft.Storage/storageAccounts/fileServices,File Storage,Storage,team:Platform,318.55,INR,38.22,1 Hour
2026-01-26,sub-psiog-001,MAC-01,rg-mac-01-platform-prod,Microsoft.Network/virtualNetworks,Virtual Networks,Networking,team:Platform,283.43,INR,41.85,1 Hour
2026-01-26,sub-psiog-001,MAC-01,rg-mac-01-platform-prod,Microsoft.DocumentDB/databaseAccounts,Cosmos DB,Data Services,team:Platform,432.56,INR,41.61,1 Hour
2026-01-26,sub-psiog-001,MAC-02,rg-mac-02-dataengineering-prod,Microsoft.ContainerService/managedClusters,AKS Clusters,Compute,team:DataEngineering,978.45,INR,7.96,1 Hour
2026-01-26,sub-psiog-001,MAC-02,rg-mac-02-dataengineering-prod,Microsoft.Storage/storageAccounts/fileServices,File Storage,Storage,team:DataEngineering,656.58,INR,58.69,1 Hour
2026-01-26,sub-psiog-001,MAC-02,rg-mac-02-dataengineering-prod,Microsoft.Network/virtualNetworks,Virtual Networks,Networking,team:DataEngineering,198.65,INR,43.05,1 Hour
2026-01-26,sub-psiog-001,MAC-02,rg-mac-02-dataengineering-prod,Microsoft.DocumentDB/databaseAccounts,Cosmos DB,Data Services,team:DataEngineering,910.74,INR,3.06,1 Hour
2026-01-26,sub-psiog-001,MAC-02,rg-mac-02-analytics-prod,Microsoft.ContainerService/managedClusters,AKS Clusters,Compute,team:Analytics,945.12,INR,83.09,1 Hour
2026-01-26,sub-psiog-001,MAC-02,rg-mac-02-analytics-prod,Microsoft.Storage/storageAccounts,Blob Storage,Storage,team:Analytics,512.43,INR,43.16,1 Hour
2026-01-26,sub-psiog-001,MAC-02,rg-mac-02-analytics-prod,Microsoft.Network/loadBalancers,Load Balancers,Networking,team:Analytics,163.76,INR,79.97,1 Hour
2026-01-26,sub-psiog-001,MAC-02,rg-mac-02-analytics-prod,Microsoft.DocumentDB/databaseAccounts,Cosmos DB,Data Services,team:Analytics,761.82,INR,4.27,1 Hour
2026-01-26,sub-psiog-001,MAC-03,rg-mac-03-product-prod,Microsoft.ContainerService/managedClusters,AKS Clusters,Compute,team:Product,625.46,INR,15.51,1 Hour
2026-01-26,sub-psiog-001,MAC-03,rg-mac-03-product-prod,Microsoft.Storage/storageAccounts/fileServices,File Storage,Storage,team:Product,187.29,INR,65.84,1 Hour
2026-01-26,sub-psiog-001,MAC-03,rg-mac-03-product-prod,Microsoft.Network/loadBalancers,Load Balancers,Networking,team:Product,138.95,INR,92.37,1 Hour
2026-01-26,sub-psiog-001,MAC-03,rg-mac-03-product-prod,Microsoft.DocumentDB/databaseAccounts,Cosmos DB,Data Services,team:Product,315.01,INR,92.27,1 Hour
2026-01-26,sub-psiog-001,MAC-03,rg-mac-03-frontend-prod,Microsoft.ContainerService/managedClusters,AKS Clusters,Compute,team:Frontend,467.21,INR,1.62,1 Hour
2026-01-26,sub-psiog-001,MAC-03,rg-mac-03-frontend-prod,Microsoft.Storage/storageAccounts,Blob Storage,Storage,team:Frontend,174.3,INR,66.2,1 Hour
2026-01-26,sub-psiog-001,MAC-03,rg-mac-03-frontend-prod,Microsoft.Network/virtualNetworks,Virtual Networks,Networking,team:Frontend,106.21,INR,38.55,1 Hour
2026-01-26,sub-psiog-001,MAC-03,rg-mac-03-frontend-prod,Microsoft.DocumentDB/databaseAccounts,Cosmos DB,Data Services,team:Frontend,238.18,INR,74.8,1 Hour
2026-01-26,sub-psiog-001,MAC-04,rg-mac-04-backend-prod,Microsoft.Compute/virtualMachines,Virtual Machines,Compute,team:Backend,969.61,INR,36.67,1 Hour
2026-01-26,sub-psiog-001,MAC-04,rg-mac-04-backend-prod,Microsoft.Storage/storageAccounts/fileServices,File Storage,Storage,team:Backend,340.51,INR,27.79,1 Hour
2026-01-26,sub-psiog-001,MAC-04,rg-mac-04-backend-prod,Microsoft.Network/loadBalancers,Load Balancers,Networking,team:Backend,215.88,INR,56.7,1 Hour
2026-01-26,sub-psiog-001,MAC-04,rg-mac-04-backend-prod,Microsoft.DocumentDB/databaseAccounts,Cosmos DB,Data Services,team:Backend,549.35,INR,34.37,1 Hour
2026-01-26,sub-psiog-001,MAC-04,rg-mac-04-qa-prod,Microsoft.Compute/virtualMachines,Virtual Machines,Compute,team:QA,463.21,INR,68.2,1 Hour
2026-01-26,sub-psiog-001,MAC-04,rg-mac-04-qa-prod,Microsoft.Storage/storageAccounts/fileServices,File Storage,Storage,team:QA,207.71,INR,48.8,1 Hour
2026-01-26,sub-psiog-001,MAC-04,rg-mac-04-qa-prod,Microsoft.Network/loadBalancers,Load Balancers,Networking,team:QA,81.83,INR,29.2,1 Hour
2026-01-26,sub-psiog-001,MAC-04,rg-mac-04-qa-prod,Microsoft.DocumentDB/databaseAccounts,Cosmos DB,Data Services,team:QA,299.51,INR,11.0,1 Hour
2026-01-26,sub-psiog-001,MAC-05,rg-mac-05-security-prod,Microsoft.Compute/virtualMachines,Virtual Machines,Compute,team:Security,813.56,INR,35.46,1 Hour
2026-01-26,sub-psiog-001,MAC-05,rg-mac-05-security-prod,Microsoft.Storage/storageAccounts/fileServices,File Storage,Storage,team:Security,249.06,INR,92.64,1 Hour
2026-01-26,sub-psiog-001,MAC-05,rg-mac-05-security-prod,Microsoft.Network/loadBalancers,Load Balancers,Networking,team:Security,360.94,INR,67.56,1 Hour
2026-01-26,sub-psiog-001,MAC-05,rg-mac-05-security-prod,Microsoft.DocumentDB/databaseAccounts,Cosmos DB,Data Services,team:Security,408.24,INR,21.63,1 Hour
2026-01-26,sub-psiog-001,MAC-05,rg-mac-05-compliance-prod,Microsoft.ContainerService/managedClusters,AKS Clusters,Compute,team:Compliance,352.71,INR,16.76,1 Hour
2026-01-26,sub-psiog-001,MAC-05,rg-mac-05-compliance-prod,Microsoft.Storage/storageAccounts,Blob Storage,Storage,team:Compliance,218.64,INR,54.48,1 Hour
2026-01-26,sub-psiog-001,MAC-05,rg-mac-05-compliance-prod,Microsoft.Network/virtualNetworks,Virtual Networks,Networking,team:Compliance,155.07,INR,87.93,1 Hour
2026-01-26,sub-psiog-001,MAC-05,rg-mac-05-compliance-prod,Microsoft.DocumentDB/databaseAccounts,Cosmos DB,Data Services,team:Compliance,318.53,INR,6.94,1 Hour
2026-01-26,sub-psiog-001,MAC-06,rg-mac-06-infrastructure-prod,Microsoft.Compute/virtualMachines,Virtual Machines,Compute,team:Infrastructure,1293.44,INR,57.98,1 Hour
2026-01-26,sub-psiog-001,MAC-06,rg-mac-06-infrastructure-prod,Microsoft.Storage/storageAccounts/fileServices,File Storage,Storage,team:Infrastructure,388.15,INR,99.78,1 Hour
2026-01-26,sub-psiog-001,MAC-06,rg-mac-06-infrastructure-prod,Microsoft.Network/virtualNetworks,Virtual Networks,Networking,team:Infrastructure,348.7,INR,46.85,1 Hour
2026-01-26,sub-psiog-001,MAC-06,rg-mac-06-infrastructure-prod,Microsoft.Sql/servers/databases,SQL Database,Data Services,team:Infrastructure,424.64,INR,64.49,1 Hour
2026-01-26,sub-psiog-001,MAC-06,rg-mac-06-cloudops-prod,Microsoft.ContainerService/managedClusters,AKS Clusters,Compute,team:CloudOps,1176.8,INR,57.34,1 Hour
2026-01-26,sub-psiog-001,MAC-06,rg-mac-06-cloudops-prod,Microsoft.Storage/storageAccounts/fileServices,File Storage,Storage,team:CloudOps,414.03,INR,53.41,1 Hour
2026-01-26,sub-psiog-001,MAC-06,rg-mac-06-cloudops-prod,Microsoft.Network/virtualNetworks,Virtual Networks,Networking,team:CloudOps,294.2,INR,1.25,1 Hour
2026-01-26,sub-psiog-001,MAC-06,rg-mac-06-cloudops-prod,Microsoft.Sql/servers/databases,SQL Database,Data Services,team:CloudOps,431.71,INR,93.52,1 Hour
2026-01-26,sub-psiog-001,MAC-07,rg-mac-07-ml-prod,Microsoft.Compute/virtualMachines,Virtual Machines,Compute,team:ML,1869.43,INR,82.86,1 Hour
2026-01-26,sub-psiog-001,MAC-07,rg-mac-07-ml-prod,Microsoft.Storage/storageAccounts,Blob Storage,Storage,team:ML,570.04,INR,86.2,1 Hour
2026-01-26,sub-psiog-001,MAC-07,rg-mac-07-ml-prod,Microsoft.Network/virtualNetworks,Virtual Networks,Networking,team:ML,218.91,INR,65.19,1 Hour
2026-01-26,sub-psiog-001,MAC-07,rg-mac-07-ml-prod,Microsoft.DocumentDB/databaseAccounts,Cosmos DB,Data Services,team:ML,679.79,INR,48.35,1 Hour
2026-01-26,sub-psiog-001,MAC-07,rg-mac-07-research-prod,Microsoft.Compute/virtualMachines,Virtual Machines,Compute,team:Research,725.58,INR,93.03,1 Hour
2026-01-26,sub-psiog-001,MAC-07,rg-mac-07-research-prod,Microsoft.Storage/storageAccounts,Blob Storage,Storage,team:Research,454.34,INR,78.82,1 Hour
2026-01-26,sub-psiog-001,MAC-07,rg-mac-07-research-prod,Microsoft.Network/loadBalancers,Load Balancers,Networking,team:Research,178.44,INR,31.2,1 Hour
2026-01-26,sub-psiog-001,MAC-07,rg-mac-07-research-prod,Microsoft.DocumentDB/databaseAccounts,Cosmos DB,Data Services,team:Research,733.42,INR,1.97,1 Hour
2026-01-26,sub-psiog-001,MAC-08,rg-mac-08-finance-prod,Microsoft.Compute/virtualMachines,Virtual Machines,Compute,team:Finance,291.47,INR,74.25,1 Hour
2026-01-26,sub-psiog-001,MAC-08,rg-mac-08-finance-prod,Microsoft.Storage/storageAccounts/fileServices,File Storage,Storage,team:Finance,199.84,INR,17.86,1 Hour
2026-01-26,sub-psiog-001,MAC-08,rg-mac-08-finance-prod,Microsoft.Network/virtualNetworks,Virtual Networks,Networking,team:Finance,101.84,INR,14.57,1 Hour
2026-01-26,sub-psiog-001,MAC-08,rg-mac-08-finance-prod,Microsoft.DocumentDB/databaseAccounts,Cosmos DB,Data Services,team:Finance,494.83,INR,99.58,1 Hour
2026-01-26,sub-psiog-001,MAC-08,rg-mac-08-operations-prod,Microsoft.ContainerService/managedClusters,AKS Clusters,Compute,team:Operations,505.17,INR,35.45,1 Hour
2026-01-26,sub-psiog-001,MAC-08,rg-mac-08-operations-prod,Microsoft.Storage/storageAccounts/fileServices,File Storage,Storage,team:Operations,277.08,INR,55.72,1 Hour
2026-01-26,sub-psiog-001,MAC-08,rg-mac-08-operations-prod,Microsoft.Network/virtualNetworks,Virtual Networks,Networking,team:Operations,130.53,INR,92.16,1 Hour
2026-01-26,sub-psiog-001,MAC-08,rg-mac-08-operations-prod,Microsoft.Sql/servers/databases,SQL Database,Data Services,team:Operations,363.07,INR,40.6,1 Hour
2026-01-27,sub-psiog-001,MAC-01,rg-mac-01-devops-prod,Microsoft.Compute/virtualMachines,Virtual Machines,Compute,team:DevOps,1080.4,INR,63.25,1 Hour
2026-01-27,sub-psiog-001,MAC-01,rg-mac-01-devops-prod,Microsoft.Storage/storageAccounts/fileServices,File Storage,Storage,team:DevOps,326.55,INR,76.05,1 Hour
2026-01-27,sub-psiog-001,MAC-01,rg-mac-01-devops-prod,Microsoft.Network/virtualNetworks,Virtual Networks,Networking,team:DevOps,192.37,INR,29.87,1 Hour
2026-01-27,sub-psiog-001,MAC-01,rg-mac-01-devops-prod,Microsoft.DocumentDB/databaseAccounts,Cosmos DB,Data Services,team:DevOps,473.69,INR,68.43,1 Hour
2026-01-27,sub-psiog-001,MAC-01,rg-mac-01-platform-prod,Microsoft.Compute/virtualMachines,Virtual Machines,Compute,team:Platform,1261.65,INR,81.14,1 Hour
2026-01-27,sub-psiog-001,MAC-01,rg-mac-01-platform-prod,Microsoft.Storage/storageAccounts,Blob Storage,Storage,team:Platform,251.89,INR,76.03,1 Hour
2026-01-27,sub-psiog-001,MAC-01,rg-mac-01-platform-prod,Microsoft.Network/loadBalancers,Load Balancers,Networking,team:Platform,228.21,INR,65.79,1 Hour
2026-01-27,sub-psiog-001,MAC-01,rg-mac-01-platform-prod,Microsoft.Sql/servers/databases,SQL Database,Data Services,team:Platform,415.06,INR,80.63,1 Hour
2026-01-27,sub-psiog-001,MAC-02,rg-mac-02-dataengineering-prod,Microsoft.Compute/virtualMachines,Virtual Machines,Compute,team:DataEngineering,897.99,INR,81.07,1 Hour
2026-01-27,sub-psiog-001,MAC-02,rg-mac-02-dataengineering-prod,Microsoft.Storage/storageAccounts,Blob Storage,Storage,team:DataEngineering,596.28,INR,77.54,1 Hour
2026-01-27,sub-psiog-001,MAC-02,rg-mac-02-dataengineering-prod,Microsoft.Network/virtualNetworks,Virtual Networks,Networking,team:DataEngineering,199.81,INR,88.28,1 Hour
2026-01-27,sub-psiog-001,MAC-02,rg-mac-02-dataengineering-prod,Microsoft.DocumentDB/databaseAccounts,Cosmos DB,Data Services,team:DataEngineering,809.25,INR,38.36,1 Hour
2026-01-27,sub-psiog-001,MAC-02,rg-mac-02-analytics-prod,Microsoft.Compute/virtualMachines,Virtual Machines,Compute,team:Analytics,897.88,INR,91.46,1 Hour
2026-01-27,sub-psiog-001,MAC-02,rg-mac-02-analytics-prod,Microsoft.Storage/storageAccounts,Blob Storage,Storage,team:Analytics,523.26,INR,20.13,1 Hour
2026-01-27,sub-psiog-001,MAC-02,rg-mac-02-analytics-prod,Microsoft.Network/virtualNetworks,Virtual Networks,Networking,team:Analytics,157.75,INR,90.56,1 Hour
2026-01-27,sub-psiog-001,MAC-02,rg-mac-02-analytics-prod,Microsoft.DocumentDB/databaseAccounts,Cosmos DB,Data Services,team:Analytics,817.51,INR,10.95,1 Hour
2026-01-27,sub-psiog-001,MAC-03,rg-mac-03-product-prod,Microsoft.ContainerService/managedClusters,AKS Clusters,Compute,team:Product,542.7,INR,83.75,1 Hour
2026-01-27,sub-psiog-001,MAC-03,rg-mac-03-product-prod,Microsoft.Storage/storageAccounts/fileServices,File Storage,Storage,team:Product,213.72,INR,67.91,1 Hour
2026-01-27,sub-psiog-001,MAC-03,rg-mac-03-product-prod,Microsoft.Network/virtualNetworks,Virtual Networks,Networking,team:Product,143.49,INR,3.39,1 Hour
2026-01-27,sub-psiog-001,MAC-03,rg-mac-03-product-prod,Microsoft.DocumentDB/databaseAccounts,Cosmos DB,Data Services,team:Product,332.31,INR,68.11,1 Hour
2026-01-27,sub-psiog-001,MAC-03,rg-mac-03-frontend-prod,Microsoft.Compute/virtualMachines,Virtual Machines,Compute,team:Frontend,456.17,INR,96.57,1 Hour
2026-01-27,sub-psiog-001,MAC-03,rg-mac-03-frontend-prod,Microsoft.Storage/storageAccounts,Blob Storage,Storage,team:Frontend,174.92,INR,45.8,1 Hour
2026-01-27,sub-psiog-001,MAC-03,rg-mac-03-frontend-prod,Microsoft.Network/virtualNetworks,Virtual Networks,Networking,team:Frontend,104.21,INR,71.16,1 Hour
2026-01-27,sub-psiog-001,MAC-03,rg-mac-03-frontend-prod,Microsoft.DocumentDB/databaseAccounts,Cosmos DB,Data Services,team:Frontend,202.26,INR,53.39,1 Hour
2026-01-27,sub-psiog-001,MAC-04,rg-mac-04-backend-prod,Microsoft.ContainerService/managedClusters,AKS Clusters,Compute,team:Backend,931.66,INR,88.58,1 Hour
2026-01-27,sub-psiog-001,MAC-04,rg-mac-04-backend-prod,Microsoft.Storage/storageAccounts,Blob Storage,Storage,team:Backend,359.19,INR,17.43,1 Hour
2026-01-27,sub-psiog-001,MAC-04,rg-mac-04-backend-prod,Microsoft.Network/loadBalancers,Load Balancers,Networking,team:Backend,239.86,INR,61.72,1 Hour
2026-01-27,sub-psiog-001,MAC-04,rg-mac-04-backend-prod,Microsoft.DocumentDB/databaseAccounts,Cosmos DB,Data Services,team:Backend,573.03,INR,61.64,1 Hour
2026-01-27,sub-psiog-001,MAC-04,rg-mac-04-qa-prod,Microsoft.Compute/virtualMachines,Virtual Machines,Compute,team:QA,361.9,INR,15.67,1 Hour
2026-01-27,sub-psiog-001,MAC-04,rg-mac-04-qa-prod,Microsoft.Storage/storageAccounts/fileServices,File Storage,Storage,team:QA,178.0,INR,72.09,1 Hour
2026-01-27,sub-psiog-001,MAC-04,rg-mac-04-qa-prod,Microsoft.Network/virtualNetworks,Virtual Networks,Networking,team:QA,90.59,INR,69.66,1 Hour
2026-01-27,sub-psiog-001,MAC-04,rg-mac-04-qa-prod,Microsoft.DocumentDB/databaseAccounts,Cosmos DB,Data Services,team:QA,242.36,INR,54.41,1 Hour
2026-01-27,sub-psiog-001,MAC-05,rg-mac-05-security-prod,Microsoft.ContainerService/managedClusters,AKS Clusters,Compute,team:Security,747.47,INR,70.58,1 Hour
2026-01-27,sub-psiog-001,MAC-05,rg-mac-05-security-prod,Microsoft.Storage/storageAccounts,Blob Storage,Storage,team:Security,287.67,INR,64.75,1 Hour
2026-01-27,sub-psiog-001,MAC-05,rg-mac-05-security-prod,Microsoft.Network/virtualNetworks,Virtual Networks,Networking,team:Security,340.55,INR,39.97,1 Hour
2026-01-27,sub-psiog-001,MAC-05,rg-mac-05-security-prod,Microsoft.Sql/servers/databases,SQL Database,Data Services,team:Security,356.08,INR,87.71,1 Hour
2026-01-27,sub-psiog-001,MAC-05,rg-mac-05-compliance-prod,Microsoft.ContainerService/managedClusters,AKS Clusters,Compute,team:Compliance,419.7,INR,7.88,1 Hour
2026-01-27,sub-psiog-001,MAC-05,rg-mac-05-compliance-prod,Microsoft.Storage/storageAccounts,Blob Storage,Storage,team:Compliance,223.94,INR,39.5,1 Hour
2026-01-27,sub-psiog-001,MAC-05,rg-mac-05-compliance-prod,Microsoft.Network/virtualNetworks,Virtual Networks,Networking,team:Compliance,176.23,INR,95.26,1 Hour
2026-01-27,sub-psiog-001,MAC-05,rg-mac-05-compliance-prod,Microsoft.Sql/servers/databases,SQL Database,Data Services,team:Compliance,345.03,INR,40.32,1 Hour
2026-01-27,sub-psiog-001,MAC-06,rg-mac-06-infrastructure-prod,Microsoft.ContainerService/managedClusters,AKS Clusters,Compute,team:Infrastructure,1397.55,INR,26.32,1 Hour
2026-01-27,sub-psiog-001,MAC-06,rg-mac-06-infrastructure-prod,Microsoft.Storage/storageAccounts/fileServices,File Storage,Storage,team:Infrastructure,437.76,INR,4.9,1 Hour
2026-01-27,sub-psiog-001,MAC-06,rg-mac-06-infrastructure-prod,Microsoft.Network/loadBalancers,Load Balancers,Networking,team:Infrastructure,398.61,INR,94.73,1 Hour
2026-01-27,sub-psiog-001,MAC-06,rg-mac-06-infrastructure-prod,Microsoft.DocumentDB/databaseAccounts,Cosmos DB,Data Services,team:Infrastructure,379.82,INR,19.89,1 Hour
2026-01-27,sub-psiog-001,MAC-06,rg-mac-06-cloudops-prod,Microsoft.Compute/virtualMachines,Virtual Machines,Compute,team:CloudOps,1469.79,INR,60.36,1 Hour
2026-01-27,sub-psiog-001,MAC-06,rg-mac-06-cloudops-prod,Microsoft.Storage/storageAccounts/fileServices,File Storage,Storage,team:CloudOps,449.23,INR,49.71,1 Hour
2026-01-27,sub-psiog-001,MAC-06,rg-mac-06-cloudops-prod,Microsoft.Network/loadBalancers,Load Balancers,Networking,team:CloudOps,365.96,INR,42.18,1 Hour
2026-01-27,sub-psiog-001,MAC-06,rg-mac-06-cloudops-prod,Microsoft.Sql/servers/databases,SQL Database,Data Services,team:CloudOps,468.1,INR,86.85,1 Hour
2026-01-27,sub-psiog-001,MAC-07,rg-mac-07-ml-prod,Microsoft.Compute/virtualMachines,Virtual Machines,Compute,team:ML,1533.77,INR,59.5,1 Hour
2026-01-27,sub-psiog-001,MAC-07,rg-mac-07-ml-prod,Microsoft.Storage/storageAccounts/fileServices,File Storage,Storage,team:ML,488.02,INR,97.41,1 Hour
2026-01-27,sub-psiog-001,MAC-07,rg-mac-07-ml-prod,Microsoft.Network/loadBalancers,Load Balancers,Networking,team:ML,213.37,INR,17.05,1 Hour
2026-01-27,sub-psiog-001,MAC-07,rg-mac-07-ml-prod,Microsoft.Sql/servers/databases,SQL Database,Data Services,team:ML,707.48,INR,85.78,1 Hour
2026-01-27,sub-psiog-001,MAC-07,rg-mac-07-research-prod,Microsoft.ContainerService/managedClusters,AKS Clusters,Compute,team:Research,732.22,INR,42.94,1 Hour
2026-01-27,sub-psiog-001,MAC-07,rg-mac-07-research-prod,Microsoft.Storage/storageAccounts,Blob Storage,Storage,team:Research,465.86,INR,27.62,1 Hour
2026-01-27,sub-psiog-001,MAC-07,rg-mac-07-research-prod,Microsoft.Network/virtualNetworks,Virtual Networks,Networking,team:Research,192.26,INR,95.49,1 Hour
2026-01-27,sub-psiog-001,MAC-07,rg-mac-07-research-prod,Microsoft.DocumentDB/databaseAccounts,Cosmos DB,Data Services,team:Research,593.55,INR,88.8,1 Hour
2026-01-27,sub-psiog-001,MAC-08,rg-mac-08-finance-prod,Microsoft.Compute/virtualMachines,Virtual Machines,Compute,team:Finance,276.98,INR,90.79,1 Hour
2026-01-27,sub-psiog-001,MAC-08,rg-mac-08-finance-prod,Microsoft.Storage/storageAccounts,Blob Storage,Storage,team:Finance,201.84,INR,62.49,1 Hour
2026-01-27,sub-psiog-001,MAC-08,rg-mac-08-finance-prod,Microsoft.Network/loadBalancers,Load Balancers,Networking,team:Finance,110.83,INR,24.68,1 Hour
2026-01-27,sub-psiog-001,MAC-08,rg-mac-08-finance-prod,Microsoft.Sql/servers/databases,SQL Database,Data Services,team:Finance,505.44,INR,81.05,1 Hour
2026-01-27,sub-psiog-001,MAC-08,rg-mac-08-operations-prod,Microsoft.ContainerService/managedClusters,AKS Clusters,Compute,team:Operations,480.85,INR,84.31,1 Hour
2026-01-27,sub-psiog-001,MAC-08,rg-mac-08-operations-prod,Microsoft.Storage/storageAccounts/fileServices,File Storage,Storage,team:Operations,337.87,INR,41.77,1 Hour
2026-01-27,sub-psiog-001,MAC-08,rg-mac-08-operations-prod,Microsoft.Network/virtualNetworks,Virtual Networks,Networking,team:Operations,131.76,INR,23.15,1 Hour
2026-01-27,sub-psiog-001,MAC-08,rg-mac-08-operations-prod,Microsoft.Sql/servers/databases,SQL Database,Data Services,team:Operations,358.51,INR,64.01,1 Hour
2026-01-28,sub-psiog-001,MAC-01,rg-mac-01-devops-prod,Microsoft.Compute/virtualMachines,Virtual Machines,Compute,team:DevOps,1441.58,INR,91.76,1 Hour
2026-01-28,sub-psiog-001,MAC-01,rg-mac-01-devops-prod,Microsoft.Storage/storageAccounts/fileServices,File Storage,Storage,team:DevOps,292.4,INR,48.79,1 Hour
2026-01-28,sub-psiog-001,MAC-01,rg-mac-01-devops-prod,Microsoft.Network/virtualNetworks,Virtual Networks,Networking,team:DevOps,193.58,INR,20.37,1 Hour
2026-01-28,sub-psiog-001,MAC-01,rg-mac-01-devops-prod,Microsoft.Sql/servers/databases,SQL Database,Data Services,team:DevOps,425.32,INR,74.84,1 Hour
2026-01-28,sub-psiog-001,MAC-01,rg-mac-01-platform-prod,Microsoft.ContainerService/managedClusters,AKS Clusters,Compute,team:Platform,1004.49,INR,86.33,1 Hour
2026-01-28,sub-psiog-001,MAC-01,rg-mac-01-platform-prod,Microsoft.Storage/storageAccounts/fileServices,File Storage,Storage,team:Platform,262.98,INR,46.97,1 Hour
2026-01-28,sub-psiog-001,MAC-01,rg-mac-01-platform-prod,Microsoft.Network/virtualNetworks,Virtual Networks,Networking,team:Platform,271.46,INR,5.47,1 Hour
2026-01-28,sub-psiog-001,MAC-01,rg-mac-01-platform-prod,Microsoft.Sql/servers/databases,SQL Database,Data Services,team:Platform,436.08,INR,64.53,1 Hour
2026-01-28,sub-psiog-001,MAC-02,rg-mac-02-dataengineering-prod,Microsoft.Compute/virtualMachines,Virtual Machines,Compute,team:DataEngineering,922.39,INR,26.59,1 Hour
2026-01-28,sub-psiog-001,MAC-02,rg-mac-02-dataengineering-prod,Microsoft.Storage/storageAccounts,Blob Storage,Storage,team:DataEngineering,651.33,INR,9.19,1 Hour
2026-01-28,sub-psiog-001,MAC-02,rg-mac-02-dataengineering-prod,Microsoft.Network/loadBalancers,Load Balancers,Networking,team:DataEngineering,210.32,INR,87.01,1 Hour
2026-01-28,sub-psiog-001,MAC-02,rg-mac-02-dataengineering-prod,Microsoft.Sql/servers/databases,SQL Database,Data Services,team:DataEngineering,866.44,INR,46.85,1 Hour
2026-01-28,sub-psiog-001,MAC-02,rg-mac-02-analytics-prod,Microsoft.Compute/virtualMachines,Virtual Machines,Compute,team:Analytics,871.43,INR,4.78,1 Hour
2026-01-28,sub-psiog-001,MAC-02,rg-mac-02-analytics-prod,Microsoft.Storage/storageAccounts/fileServices,File Storage,Storage,team:Analytics,555.7,INR,80.1,1 Hour
2026-01-28,sub-psiog-001,MAC-02,rg-mac-02-analytics-prod,Microsoft.Network/loadBalancers,Load Balancers,Networking,team:Analytics,176.0,INR,29.1,1 Hour
2026-01-28,sub-psiog-001,MAC-02,rg-mac-02-analytics-prod,Microsoft.DocumentDB/databaseAccounts,Cosmos DB,Data Services,team:Analytics,813.78,INR,14.9,1 Hour
2026-01-28,sub-psiog-001,MAC-03,rg-mac-03-product-prod,Microsoft.Compute/virtualMachines,Virtual Machines,Compute,team:Product,559.31,INR,43.57,1 Hour
2026-01-28,sub-psiog-001,MAC-03,rg-mac-03-product-prod,Microsoft.Storage/storageAccounts,Blob Storage,Storage,team:Product,216.52,INR,87.25,1 Hour
2026-01-28,sub-psiog-001,MAC-03,rg-mac-03-product-prod,Microsoft.Network/loadBalancers,Load Balancers,Networking,team:Product,130.5,INR,43.08,1 Hour
2026-01-28,sub-psiog-001,MAC-03,rg-mac-03-product-prod,Microsoft.Sql/servers/databases,SQL Database,Data Services,team:Product,286.21,INR,97.09,1 Hour
2026-01-28,sub-psiog-001,MAC-03,rg-mac-03-frontend-prod,Microsoft.Compute/virtualMachines,Virtual Machines,Compute,team:Frontend,476.59,INR,94.35,1 Hour
2026-01-28,sub-psiog-001,MAC-03,rg-mac-03-frontend-prod,Microsoft.Storage/storageAccounts,Blob Storage,Storage,team:Frontend,137.03,INR,92.75,1 Hour
2026-01-28,sub-psiog-001,MAC-03,rg-mac-03-frontend-prod,Microsoft.Network/virtualNetworks,Virtual Networks,Networking,team:Frontend,102.93,INR,5.06,1 Hour
2026-01-28,sub-psiog-001,MAC-03,rg-mac-03-frontend-prod,Microsoft.Sql/servers/databases,SQL Database,Data Services,team:Frontend,200.28,INR,13.92,1 Hour
2026-01-28,sub-psiog-001,MAC-04,rg-mac-04-backend-prod,Microsoft.Compute/virtualMachines,Virtual Machines,Compute,team:Backend,905.98,INR,26.47,1 Hour
2026-01-28,sub-psiog-001,MAC-04,rg-mac-04-backend-prod,Microsoft.Storage/storageAccounts,Blob Storage,Storage,team:Backend,405.96,INR,94.97,1 Hour
2026-01-28,sub-psiog-001,MAC-04,rg-mac-04-backend-prod,Microsoft.Network/loadBalancers,Load Balancers,Networking,team:Backend,246.19,INR,9.56,1 Hour
2026-01-28,sub-psiog-001,MAC-04,rg-mac-04-backend-prod,Microsoft.DocumentDB/databaseAccounts,Cosmos DB,Data Services,team:Backend,603.63,INR,52.21,1 Hour
2026-01-28,sub-psiog-001,MAC-04,rg-mac-04-qa-prod,Microsoft.Compute/virtualMachines,Virtual Machines,Compute,team:QA,464.39,INR,72.55,1 Hour
2026-01-28,sub-psiog-001,MAC-04,rg-mac-04-qa-prod,Microsoft.Storage/storageAccounts/fileServices,File Storage,Storage,team:QA,187.4,INR,15.65,1 Hour
2026-01-28,sub-psiog-001,MAC-04,rg-mac-04-qa-prod,Microsoft.Network/loadBalancers,Load Balancers,Networking,team:QA,102.17,INR,57.96,1 Hour
2026-01-28,sub-psiog-001,MAC-04,rg-mac-04-qa-prod,Microsoft.Sql/servers/databases,SQL Database,Data Services,team:QA,279.18,INR,64.37,1 Hour
2026-01-28,sub-psiog-001,MAC-05,rg-mac-05-security-prod,Microsoft.ContainerService/managedClusters,AKS Clusters,Compute,team:Security,812.99,INR,55.77,1 Hour
2026-01-28,sub-psiog-001,MAC-05,rg-mac-05-security-prod,Microsoft.Storage/storageAccounts,Blob Storage,Storage,team:Security,242.14,INR,58.95,1 Hour
2026-01-28,sub-psiog-001,MAC-05,rg-mac-05-security-prod,Microsoft.Network/loadBalancers,Load Balancers,Networking,team:Security,268.84,INR,49.78,1 Hour
2026-01-28,sub-psiog-001,MAC-05,rg-mac-05-security-prod,Microsoft.Sql/servers/databases,SQL Database,Data Services,team:Security,380.58,INR,46.67,1 Hour
2026-01-28,sub-psiog-001,MAC-05,rg-mac-05-compliance-prod,Microsoft.Compute/virtualMachines,Virtual Machines,Compute,team:Compliance,334.47,INR,36.45,1 Hour
2026-01-28,sub-psiog-001,MAC-05,rg-mac-05-compliance-prod,Microsoft.Storage/storageAccounts,Blob Storage,Storage,team:Compliance,226.41,INR,9.04,1 Hour
2026-01-28,sub-psiog-001,MAC-05,rg-mac-05-compliance-prod,Microsoft.Network/loadBalancers,Load Balancers,Networking,team:Compliance,180.69,INR,40.95,1 Hour
2026-01-28,sub-psiog-001,MAC-05,rg-mac-05-compliance-prod,Microsoft.Sql/servers/databases,SQL Database,Data Services,team:Compliance,330.64,INR,77.08,1 Hour
2026-01-28,sub-psiog-001,MAC-06,rg-mac-06-infrastructure-prod,Microsoft.ContainerService/managedClusters,AKS Clusters,Compute,team:Infrastructure,1580.75,INR,67.42,1 Hour
2026-01-28,sub-psiog-001,MAC-06,rg-mac-06-infrastructure-prod,Microsoft.Storage/storageAccounts,Blob Storage,Storage,team:Infrastructure,452.8,INR,57.87,1 Hour
2026-01-28,sub-psiog-001,MAC-06,rg-mac-06-infrastructure-prod,Microsoft.Network/loadBalancers,Load Balancers,Networking,team:Infrastructure,350.37,INR,34.61,1 Hour
2026-01-28,sub-psiog-001,MAC-06,rg-mac-06-infrastructure-prod,Microsoft.DocumentDB/databaseAccounts,Cosmos DB,Data Services,team:Infrastructure,505.99,INR,22.42,1 Hour
2026-01-28,sub-psiog-001,MAC-06,rg-mac-06-cloudops-prod,Microsoft.ContainerService/managedClusters,AKS Clusters,Compute,team:CloudOps,1406.85,INR,20.26,1 Hour
2026-01-28,sub-psiog-001,MAC-06,rg-mac-06-cloudops-prod,Microsoft.Storage/storageAccounts,Blob Storage,Storage,team:CloudOps,380.21,INR,66.74,1 Hour
2026-01-28,sub-psiog-001,MAC-06,rg-mac-06-cloudops-prod,Microsoft.Network/virtualNetworks,Virtual Networks,Networking,team:CloudOps,368.04,INR,38.87,1 Hour
2026-01-28,sub-psiog-001,MAC-06,rg-mac-06-cloudops-prod,Microsoft.Sql/servers/databases,SQL Database,Data Services,team:CloudOps,435.51,INR,59.12,1 Hour
2026-01-28,sub-psiog-001,MAC-07,rg-mac-07-ml-prod,Microsoft.ContainerService/managedClusters,AKS Clusters,Compute,team:ML,1750.35,INR,50.23,1 Hour
2026-01-28,sub-psiog-001,MAC-07,rg-mac-07-ml-prod,Microsoft.Storage/storageAccounts/fileServices,File Storage,Storage,team:ML,597.0,INR,48.46,1 Hour
2026-01-28,sub-psiog-001,MAC-07,rg-mac-07-ml-prod,Microsoft.Network/loadBalancers,Load Balancers,Networking,team:ML,241.78,INR,52.69,1 Hour
2026-01-28,sub-psiog-001,MAC-07,rg-mac-07-ml-prod,Microsoft.Sql/servers/databases,SQL Database,Data Services,team:ML,631.91,INR,87.57,1 Hour
2026-01-28,sub-psiog-001,MAC-07,rg-mac-07-research-prod,Microsoft.Compute/virtualMachines,Virtual Machines,Compute,team:Research,915.0,INR,30.6,1 Hour
2026-01-28,sub-psiog-001,MAC-07,rg-mac-07-research-prod,Microsoft.Storage/storageAccounts,Blob Storage,Storage,team:Research,512.35,INR,42.82,1 Hour
2026-01-28,sub-psiog-001,MAC-07,rg-mac-07-research-prod,Microsoft.Network/virtualNetworks,Virtual Networks,Networking,team:Research,174.61,INR,77.69,1 Hour
2026-01-28,sub-psiog-001,MAC-07,rg-mac-07-research-prod,Microsoft.DocumentDB/databaseAccounts,Cosmos DB,Data Services,team:Research,770.37,INR,39.44,1 Hour
2026-01-28,sub-psiog-001,MAC-08,rg-mac-08-finance-prod,Microsoft.Compute/virtualMachines,Virtual Machines,Compute,team:Finance,331.51,INR,53.24,1 Hour
2026-01-28,sub-psiog-001,MAC-08,rg-mac-08-finance-prod,Microsoft.Storage/storageAccounts,Blob Storage,Storage,team:Finance,179.33,INR,57.4,1 Hour
2026-01-28,sub-psiog-001,MAC-08,rg-mac-08-finance-prod,Microsoft.Network/virtualNetworks,Virtual Networks,Networking,team:Finance,97.07,INR,13.83,1 Hour
2026-01-28,sub-psiog-001,MAC-08,rg-mac-08-finance-prod,Microsoft.Sql/servers/databases,SQL Database,Data Services,team:Finance,520.37,INR,74.77,1 Hour
2026-01-28,sub-psiog-001,MAC-08,rg-mac-08-operations-prod,Microsoft.ContainerService/managedClusters,AKS Clusters,Compute,team:Operations,474.26,INR,86.64,1 Hour
2026-01-28,sub-psiog-001,MAC-08,rg-mac-08-operations-prod,Microsoft.Storage/storageAccounts,Blob Storage,Storage,team:Operations,288.38,INR,71.78,1 Hour
2026-01-28,sub-psiog-001,MAC-08,rg-mac-08-operations-prod,Microsoft.Network/virtualNetworks,Virtual Networks,Networking,team:Operations,137.12,INR,29.25,1 Hour
2026-01-28,sub-psiog-001,MAC-08,rg-mac-08-operations-prod,Microsoft.Sql/servers/databases,SQL Database,Data Services,team:Operations,406.31,INR,8.51,1 Hour
2026-01-29,sub-psiog-001,MAC-01,rg-mac-01-devops-prod,Microsoft.ContainerService/managedClusters,AKS Clusters,Compute,team:DevOps,1310.18,INR,25.48,1 Hour
2026-01-29,sub-psiog-001,MAC-01,rg-mac-01-devops-prod,Microsoft.Storage/storageAccounts/fileServices,File Storage,Storage,team:DevOps,296.18,INR,17.97,1 Hour
2026-01-29,sub-psiog-001,MAC-01,rg-mac-01-devops-prod,Microsoft.Network/loadBalancers,Load Balancers,Networking,team:DevOps,202.95,INR,15.99,1 Hour
2026-01-29,sub-psiog-001,MAC-01,rg-mac-01-devops-prod,Microsoft.Sql/servers/databases,SQL Database,Data Services,team:DevOps,447.43,INR,88.57,1 Hour
2026-01-29,sub-psiog-001,MAC-01,rg-mac-01-platform-prod,Microsoft.Compute/virtualMachines,Virtual Machines,Compute,team:Platform,1334.26,INR,3.56,1 Hour
2026-01-29,sub-psiog-001,MAC-01,rg-mac-01-platform-prod,Microsoft.Storage/storageAccounts/fileServices,File Storage,Storage,team:Platform,336.68,INR,11.98,1 Hour
2026-01-29,sub-psiog-001,MAC-01,rg-mac-01-platform-prod,Microsoft.Network/loadBalancers,Load Balancers,Networking,team:Platform,241.39,INR,36.51,1 Hour
2026-01-29,sub-psiog-001,MAC-01,rg-mac-01-platform-prod,Microsoft.Sql/servers/databases,SQL Database,Data Services,team:Platform,434.87,INR,53.54,1 Hour
2026-01-29,sub-psiog-001,MAC-02,rg-mac-02-dataengineering-prod,Microsoft.ContainerService/managedClusters,AKS Clusters,Compute,team:DataEngineering,909.71,INR,68.69,1 Hour
2026-01-29,sub-psiog-001,MAC-02,rg-mac-02-dataengineering-prod,Microsoft.Storage/storageAccounts/fileServices,File Storage,Storage,team:DataEngineering,551.73,INR,17.06,1 Hour
2026-01-29,sub-psiog-001,MAC-02,rg-mac-02-dataengineering-prod,Microsoft.Network/virtualNetworks,Virtual Networks,Networking,team:DataEngineering,201.34,INR,65.81,1 Hour
2026-01-29,sub-psiog-001,MAC-02,rg-mac-02-dataengineering-prod,Microsoft.Sql/servers/databases,SQL Database,Data Services,team:DataEngineering,863.51,INR,33.34,1 Hour
2026-01-29,sub-psiog-001,MAC-02,rg-mac-02-analytics-prod,Microsoft.Compute/virtualMachines,Virtual Machines,Compute,team:Analytics,1019.29,INR,22.18,1 Hour
2026-01-29,sub-psiog-001,MAC-02,rg-mac-02-analytics-prod,Microsoft.Storage/storageAccounts,Blob Storage,Storage,team:Analytics,525.61,INR,97.55,1 Hour
2026-01-29,sub-psiog-001,MAC-02,rg-mac-02-analytics-prod,Microsoft.Network/loadBalancers,Load Balancers,Networking,team:Analytics,168.29,INR,50.3,1 Hour
2026-01-29,sub-psiog-001,MAC-02,rg-mac-02-analytics-prod,Microsoft.DocumentDB/databaseAccounts,Cosmos DB,Data Services,team:Analytics,768.2,INR,25.47,1 Hour
2026-01-29,sub-psiog-001,MAC-03,rg-mac-03-product-prod,Microsoft.Compute/virtualMachines,Virtual Machines,Compute,team:Product,707.96,INR,30.0,1 Hour
2026-01-29,sub-psiog-001,MAC-03,rg-mac-03-product-prod,Microsoft.Storage/storageAccounts/fileServices,File Storage,Storage,team:Product,219.68,INR,67.23,1 Hour
2026-01-29,sub-psiog-001,MAC-03,rg-mac-03-product-prod,Microsoft.Network/virtualNetworks,Virtual Networks,Networking,team:Product,142.39,INR,62.71,1 Hour
2026-01-29,sub-psiog-001,MAC-03,rg-mac-03-product-prod,Microsoft.Sql/servers/databases,SQL Database,Data Services,team:Product,299.87,INR,34.11,1 Hour
2026-01-29,sub-psiog-001,MAC-03,rg-mac-03-frontend-prod,Microsoft.Compute/virtualMachines,Virtual Machines,Compute,team:Frontend,562.65,INR,6.39,1 Hour
2026-01-29,sub-psiog-001,MAC-03,rg-mac-03-frontend-prod,Microsoft.Storage/storageAccounts/fileServices,File Storage,Storage,team:Frontend,167.73,INR,28.43,1 Hour
2026-01-29,sub-psiog-001,MAC-03,rg-mac-03-frontend-prod,Microsoft.Network/virtualNetworks,Virtual Networks,Networking,team:Frontend,106.35,INR,32.41,1 Hour
2026-01-29,sub-psiog-001,MAC-03,rg-mac-03-frontend-prod,Microsoft.DocumentDB/databaseAccounts,Cosmos DB,Data Services,team:Frontend,188.48,INR,4.06,1 Hour
2026-01-29,sub-psiog-001,MAC-04,rg-mac-04-backend-prod,Microsoft.ContainerService/managedClusters,AKS Clusters,Compute,team:Backend,852.97,INR,86.34,1 Hour
2026-01-29,sub-psiog-001,MAC-04,rg-mac-04-backend-prod,Microsoft.Storage/storageAccounts,Blob Storage,Storage,team:Backend,407.51,INR,14.87,1 Hour
2026-01-29,sub-psiog-001,MAC-04,rg-mac-04-backend-prod,Microsoft.Network/loadBalancers,Load Balancers,Networking,team:Backend,209.67,INR,38.96,1 Hour
2026-01-29,sub-psiog-001,MAC-04,rg-mac-04-backend-prod,Microsoft.DocumentDB/databaseAccounts,Cosmos DB,Data Services,team:Backend,602.62,INR,5.77,1 Hour
2026-01-29,sub-psiog-001,MAC-04,rg-mac-04-qa-prod,Microsoft.ContainerService/managedClusters,AKS Clusters,Compute,team:QA,406.26,INR,44.31,1 Hour
2026-01-29,sub-psiog-001,MAC-04,rg-mac-04-qa-prod,Microsoft.Storage/storageAccounts/fileServices,File Storage,Storage,team:QA,184.94,INR,73.48,1 Hour
2026-01-29,sub-psiog-001,MAC-04,rg-mac-04-qa-prod,Microsoft.Network/virtualNetworks,Virtual Networks,Networking,team:QA,107.38,INR,49.92,1 Hour
2026-01-29,sub-psiog-001,MAC-04,rg-mac-04-qa-prod,Microsoft.Sql/servers/databases,SQL Database,Data Services,team:QA,230.33,INR,33.53,1 Hour
2026-01-29,sub-psiog-001,MAC-05,rg-mac-05-security-prod,Microsoft.Compute/virtualMachines,Virtual Machines,Compute,team:Security,719.23,INR,20.8,1 Hour
2026-01-29,sub-psiog-001,MAC-05,rg-mac-05-security-prod,Microsoft.Storage/storageAccounts,Blob Storage,Storage,team:Security,263.16,INR,92.51,1 Hour
2026-01-29,sub-psiog-001,MAC-05,rg-mac-05-security-prod,Microsoft.Network/loadBalancers,Load Balancers,Networking,team:Security,282.24,INR,10.24,1 Hour
2026-01-29,sub-psiog-001,MAC-05,rg-mac-05-security-prod,Microsoft.DocumentDB/databaseAccounts,Cosmos DB,Data Services,team:Security,386.58,INR,57.76,1 Hour
2026-01-29,sub-psiog-001,MAC-05,rg-mac-05-compliance-prod,Microsoft.Compute/virtualMachines,Virtual Machines,Compute,team:Compliance,353.63,INR,93.72,1 Hour
2026-01-29,sub-psiog-001,MAC-05,rg-mac-05-compliance-prod,Microsoft.Storage/storageAccounts,Blob Storage,Storage,team:Compliance,231.75,INR,72.23,1 Hour
2026-01-29,sub-psiog-001,MAC-05,rg-mac-05-compliance-prod,Microsoft.Network/loadBalancers,Load Balancers,Networking,team:Compliance,152.88,INR,26.17,1 Hour
2026-01-29,sub-psiog-001,MAC-05,rg-mac-05-compliance-prod,Microsoft.DocumentDB/databaseAccounts,Cosmos DB,Data Services,team:Compliance,324.38,INR,74.41,1 Hour
2026-01-29,sub-psiog-001,MAC-06,rg-mac-06-infrastructure-prod,Microsoft.ContainerService/managedClusters,AKS Clusters,Compute,team:Infrastructure,1650.67,INR,80.55,1 Hour
2026-01-29,sub-psiog-001,MAC-06,rg-mac-06-infrastructure-prod,Microsoft.Storage/storageAccounts/fileServices,File Storage,Storage,team:Infrastructure,480.38,INR,52.0,1 Hour
2026-01-29,sub-psiog-001,MAC-06,rg-mac-06-infrastructure-prod,Microsoft.Network/loadBalancers,Load Balancers,Networking,team:Infrastructure,335.97,INR,20.53,1 Hour
2026-01-29,sub-psiog-001,MAC-06,rg-mac-06-infrastructure-prod,Microsoft.DocumentDB/databaseAccounts,Cosmos DB,Data Services,team:Infrastructure,402.82,INR,16.37,1 Hour
2026-01-29,sub-psiog-001,MAC-06,rg-mac-06-cloudops-prod,Microsoft.Compute/virtualMachines,Virtual Machines,Compute,team:CloudOps,1463.49,INR,37.02,1 Hour
2026-01-29,sub-psiog-001,MAC-06,rg-mac-06-cloudops-prod,Microsoft.Storage/storageAccounts,Blob Storage,Storage,team:CloudOps,394.73,INR,51.24,1 Hour
2026-01-29,sub-psiog-001,MAC-06,rg-mac-06-cloudops-prod,Microsoft.Network/virtualNetworks,Virtual Networks,Networking,team:CloudOps,384.99,INR,80.24,1 Hour
2026-01-29,sub-psiog-001,MAC-06,rg-mac-06-cloudops-prod,Microsoft.Sql/servers/databases,SQL Database,Data Services,team:CloudOps,475.41,INR,81.32,1 Hour
2026-01-29,sub-psiog-001,MAC-07,rg-mac-07-ml-prod,Microsoft.Compute/virtualMachines,Virtual Machines,Compute,team:ML,1658.28,INR,4.25,1 Hour
2026-01-29,sub-psiog-001,MAC-07,rg-mac-07-ml-prod,Microsoft.Storage/storageAccounts,Blob Storage,Storage,team:ML,452.6,INR,29.83,1 Hour
2026-01-29,sub-psiog-001,MAC-07,rg-mac-07-ml-prod,Microsoft.Network/virtualNetworks,Virtual Networks,Networking,team:ML,223.44,INR,3.94,1 Hour
2026-01-29,sub-psiog-001,MAC-07,rg-mac-07-ml-prod,Microsoft.DocumentDB/databaseAccounts,Cosmos DB,Data Services,team:ML,629.86,INR,11.6,1 Hour
2026-01-29,sub-psiog-001,MAC-07,rg-mac-07-research-prod,Microsoft.Compute/virtualMachines,Virtual Machines,Compute,team:Research,907.96,INR,34.31,1 Hour
2026-01-29,sub-psiog-001,MAC-07,rg-mac-07-research-prod,Microsoft.Storage/storageAccounts,Blob Storage,Storage,team:Research,518.76,INR,36.5,1 Hour
2026-01-29,sub-psiog-001,MAC-07,rg-mac-07-research-prod,Microsoft.Network/loadBalancers,Load Balancers,Networking,team:Research,214.1,INR,2.56,1 Hour
2026-01-29,sub-psiog-001,MAC-07,rg-mac-07-research-prod,Microsoft.Sql/servers/databases,SQL Database,Data Services,team:Research,649.93,INR,70.94,1 Hour
2026-01-29,sub-psiog-001,MAC-08,rg-mac-08-finance-prod,Microsoft.ContainerService/managedClusters,AKS Clusters,Compute,team:Finance,297.47,INR,39.82,1 Hour
2026-01-29,sub-psiog-001,MAC-08,rg-mac-08-finance-prod,Microsoft.Storage/storageAccounts,Blob Storage,Storage,team:Finance,193.9,INR,56.6,1 Hour
2026-01-29,sub-psiog-001,MAC-08,rg-mac-08-finance-prod,Microsoft.Network/loadBalancers,Load Balancers,Networking,team:Finance,110.01,INR,15.01,1 Hour
2026-01-29,sub-psiog-001,MAC-08,rg-mac-08-finance-prod,Microsoft.Sql/servers/databases,SQL Database,Data Services,team:Finance,419.05,INR,63.82,1 Hour
2026-01-29,sub-psiog-001,MAC-08,rg-mac-08-operations-prod,Microsoft.Compute/virtualMachines,Virtual Machines,Compute,team:Operations,454.97,INR,67.07,1 Hour
2026-01-29,sub-psiog-001,MAC-08,rg-mac-08-operations-prod,Microsoft.Storage/storageAccounts/fileServices,File Storage,Storage,team:Operations,291.7,INR,57.58,1 Hour
2026-01-29,sub-psiog-001,MAC-08,rg-mac-08-operations-prod,Microsoft.Network/loadBalancers,Load Balancers,Networking,team:Operations,153.07,INR,91.74,1 Hour
2026-01-29,sub-psiog-001,MAC-08,rg-mac-08-operations-prod,Microsoft.DocumentDB/databaseAccounts,Cosmos DB,Data Services,team:Operations,417.53,INR,89.67,1 Hour
2026-01-30,sub-psiog-001,MAC-01,rg-mac-01-devops-prod,Microsoft.Compute/virtualMachines,Virtual Machines,Compute,team:DevOps,1356.06,INR,74.5,1 Hour
2026-01-30,sub-psiog-001,MAC-01,rg-mac-01-devops-prod,Microsoft.Storage/storageAccounts,Blob Storage,Storage,team:DevOps,314.98,INR,75.47,1 Hour
2026-01-30,sub-psiog-001,MAC-01,rg-mac-01-devops-prod,Microsoft.Network/loadBalancers,Load Balancers,Networking,team:DevOps,213.78,INR,8.56,1 Hour
2026-01-30,sub-psiog-001,MAC-01,rg-mac-01-devops-prod,Microsoft.DocumentDB/databaseAccounts,Cosmos DB,Data Services,team:DevOps,451.77,INR,35.39,1 Hour
2026-01-30,sub-psiog-001,MAC-01,rg-mac-01-platform-prod,Microsoft.Compute/virtualMachines,Virtual Machines,Compute,team:Platform,1001.65,INR,7.14,1 Hour
2026-01-30,sub-psiog-001,MAC-01,rg-mac-01-platform-prod,Microsoft.Storage/storageAccounts/fileServices,File Storage,Storage,team:Platform,316.28,INR,88.23,1 Hour
2026-01-30,sub-psiog-001,MAC-01,rg-mac-01-platform-prod,Microsoft.Network/loadBalancers,Load Balancers,Networking,team:Platform,242.36,INR,17.13,1 Hour
2026-01-30,sub-psiog-001,MAC-01,rg-mac-01-platform-prod,Microsoft.Sql/servers/databases,SQL Database,Data Services,team:Platform,396.47,INR,71.03,1 Hour
2026-01-30,sub-psiog-001,MAC-02,rg-mac-02-dataengineering-prod,Microsoft.ContainerService/managedClusters,AKS Clusters,Compute,team:DataEngineering,1075.46,INR,21.08,1 Hour
2026-01-30,sub-psiog-001,MAC-02,rg-mac-02-dataengineering-prod,Microsoft.Storage/storageAccounts,Blob Storage,Storage,team:DataEngineering,575.09,INR,47.39,1 Hour
2026-01-30,sub-psiog-001,MAC-02,rg-mac-02-dataengineering-prod,Microsoft.Network/loadBalancers,Load Balancers,Networking,team:DataEngineering,173.78,INR,75.69,1 Hour
2026-01-30,sub-psiog-001,MAC-02,rg-mac-02-dataengineering-prod,Microsoft.DocumentDB/databaseAccounts,Cosmos DB,Data Services,team:DataEngineering,847.26,INR,63.77,1 Hour
2026-01-30,sub-psiog-001,MAC-02,rg-mac-02-analytics-prod,Microsoft.Compute/virtualMachines,Virtual Machines,Compute,team:Analytics,808.1,INR,13.71,1 Hour
2026-01-30,sub-psiog-001,MAC-02,rg-mac-02-analytics-prod,Microsoft.Storage/storageAccounts,Blob Storage,Storage,team:Analytics,597.74,INR,79.61,1 Hour
2026-01-30,sub-psiog-001,MAC-02,rg-mac-02-analytics-prod,Microsoft.Network/loadBalancers,Load Balancers,Networking,team:Analytics,154.05,INR,33.87,1 Hour
2026-01-30,sub-psiog-001,MAC-02,rg-mac-02-analytics-prod,Microsoft.DocumentDB/databaseAccounts,Cosmos DB,Data Services,team:Analytics,883.48,INR,35.19,1 Hour
2026-01-30,sub-psiog-001,MAC-03,rg-mac-03-product-prod,Microsoft.ContainerService/managedClusters,AKS Clusters,Compute,team:Product,676.72,INR,31.77,1 Hour
2026-01-30,sub-psiog-001,MAC-03,rg-mac-03-product-prod,Microsoft.Storage/storageAccounts/fileServices,File Storage,Storage,team:Product,197.92,INR,10.78,1 Hour
2026-01-30,sub-psiog-001,MAC-03,rg-mac-03-product-prod,Microsoft.Network/virtualNetworks,Virtual Networks,Networking,team:Product,142.69,INR,3.79,1 Hour
2026-01-30,sub-psiog-001,MAC-03,rg-mac-03-product-prod,Microsoft.DocumentDB/databaseAccounts,Cosmos DB,Data Services,team:Product,298.65,INR,75.9,1 Hour
2026-01-30,sub-psiog-001,MAC-03,rg-mac-03-frontend-prod,Microsoft.Compute/virtualMachines,Virtual Machines,Compute,team:Frontend,495.53,INR,56.05,1 Hour
2026-01-30,sub-psiog-001,MAC-03,rg-mac-03-frontend-prod,Microsoft.Storage/storageAccounts,Blob Storage,Storage,team:Frontend,135.85,INR,78.54,1 Hour
2026-01-30,sub-psiog-001,MAC-03,rg-mac-03-frontend-prod,Microsoft.Network/virtualNetworks,Virtual Networks,Networking,team:Frontend,121.35,INR,59.57,1 Hour
2026-01-30,sub-psiog-001,MAC-03,rg-mac-03-frontend-prod,Microsoft.DocumentDB/databaseAccounts,Cosmos DB,Data Services,team:Frontend,191.43,INR,89.2,1 Hour
2026-01-30,sub-psiog-001,MAC-04,rg-mac-04-backend-prod,Microsoft.ContainerService/managedClusters,AKS Clusters,Compute,team:Backend,1101.88,INR,89.32,1 Hour
2026-01-30,sub-psiog-001,MAC-04,rg-mac-04-backend-prod,Microsoft.Storage/storageAccounts,Blob Storage,Storage,team:Backend,369.71,INR,2.17,1 Hour
2026-01-30,sub-psiog-001,MAC-04,rg-mac-04-backend-prod,Microsoft.Network/loadBalancers,Load Balancers,Networking,team:Backend,234.51,INR,19.41,1 Hour
2026-01-30,sub-psiog-001,MAC-04,rg-mac-04-backend-prod,Microsoft.Sql/servers/databases,SQL Database,Data Services,team:Backend,459.06,INR,48.74,1 Hour
2026-01-30,sub-psiog-001,MAC-04,rg-mac-04-qa-prod,Microsoft.Compute/virtualMachines,Virtual Machines,Compute,team:QA,374.77,INR,44.13,1 Hour
2026-01-30,sub-psiog-001,MAC-04,rg-mac-04-qa-prod,Microsoft.Storage/storageAccounts,Blob Storage,Storage,team:QA,178.55,INR,80.34,1 Hour
2026-01-30,sub-psiog-001,MAC-04,rg-mac-04-qa-prod,Microsoft.Network/loadBalancers,Load Balancers,Networking,team:QA,88.26,INR,67.55,1 Hour
2026-01-30,sub-psiog-001,MAC-04,rg-mac-04-qa-prod,Microsoft.Sql/servers/databases,SQL Database,Data Services,team:QA,244.62,INR,29.74,1 Hour
2026-01-30,sub-psiog-001,MAC-05,rg-mac-05-security-prod,Microsoft.Compute/virtualMachines,Virtual Machines,Compute,team:Security,799.87,INR,80.86,1 Hour
2026-01-30,sub-psiog-001,MAC-05,rg-mac-05-security-prod,Microsoft.Storage/storageAccounts,Blob Storage,Storage,team:Security,290.05,INR,3.58,1 Hour
2026-01-30,sub-psiog-001,MAC-05,rg-mac-05-security-prod,Microsoft.Network/loadBalancers,Load Balancers,Networking,team:Security,328.1,INR,91.96,1 Hour
2026-01-30,sub-psiog-001,MAC-05,rg-mac-05-security-prod,Microsoft.DocumentDB/databaseAccounts,Cosmos DB,Data Services,team:Security,327.81,INR,67.41,1 Hour
2026-01-30,sub-psiog-001,MAC-05,rg-mac-05-compliance-prod,Microsoft.ContainerService/managedClusters,AKS Clusters,Compute,team:Compliance,370.39,INR,77.02,1 Hour
2026-01-30,sub-psiog-001,MAC-05,rg-mac-05-compliance-prod,Microsoft.Storage/storageAccounts/fileServices,File Storage,Storage,team:Compliance,200.58,INR,94.42,1 Hour
2026-01-30,sub-psiog-001,MAC-05,rg-mac-05-compliance-prod,Microsoft.Network/loadBalancers,Load Balancers,Networking,team:Compliance,175.36,INR,93.3,1 Hour
2026-01-30,sub-psiog-001,MAC-05,rg-mac-05-compliance-prod,Microsoft.Sql/servers/databases,SQL Database,Data Services,team:Compliance,289.7,INR,27.38,1 Hour
2026-01-30,sub-psiog-001,MAC-06,rg-mac-06-infrastructure-prod,Microsoft.ContainerService/managedClusters,AKS Clusters,Compute,team:Infrastructure,1359.62,INR,43.51,1 Hour
2026-01-30,sub-psiog-001,MAC-06,rg-mac-06-infrastructure-prod,Microsoft.Storage/storageAccounts/fileServices,File Storage,Storage,team:Infrastructure,418.74,INR,72.31,1 Hour
2026-01-30,sub-psiog-001,MAC-06,rg-mac-06-infrastructure-prod,Microsoft.Network/loadBalancers,Load Balancers,Networking,team:Infrastructure,395.68,INR,16.06,1 Hour
2026-01-30,sub-psiog-001,MAC-06,rg-mac-06-infrastructure-prod,Microsoft.Sql/servers/databases,SQL Database,Data Services,team:Infrastructure,438.38,INR,37.21,1 Hour
2026-01-30,sub-psiog-001,MAC-06,rg-mac-06-cloudops-prod,Microsoft.Compute/virtualMachines,Virtual Machines,Compute,team:CloudOps,1548.47,INR,88.44,1 Hour
2026-01-30,sub-psiog-001,MAC-06,rg-mac-06-cloudops-prod,Microsoft.Storage/storageAccounts,Blob Storage,Storage,team:CloudOps,394.93,INR,50.67,1 Hour
2026-01-30,sub-psiog-001,MAC-06,rg-mac-06-cloudops-prod,Microsoft.Network/loadBalancers,Load Balancers,Networking,team:CloudOps,339.91,INR,20.9,1 Hour
2026-01-30,sub-psiog-001,MAC-06,rg-mac-06-cloudops-prod,Microsoft.Sql/servers/databases,SQL Database,Data Services,team:CloudOps,365.31,INR,39.93,1 Hour
2026-01-30,sub-psiog-001,MAC-07,rg-mac-07-ml-prod,Microsoft.ContainerService/managedClusters,AKS Clusters,Compute,team:ML,1544.35,INR,46.36,1 Hour
2026-01-30,sub-psiog-001,MAC-07,rg-mac-07-ml-prod,Microsoft.Storage/storageAccounts/fileServices,File Storage,Storage,team:ML,557.03,INR,90.18,1 Hour
2026-01-30,sub-psiog-001,MAC-07,rg-mac-07-ml-prod,Microsoft.Network/virtualNetworks,Virtual Networks,Networking,team:ML,240.91,INR,9.83,1 Hour
2026-01-30,sub-psiog-001,MAC-07,rg-mac-07-ml-prod,Microsoft.Sql/servers/databases,SQL Database,Data Services,team:ML,729.78,INR,42.48,1 Hour
2026-01-30,sub-psiog-001,MAC-07,rg-mac-07-research-prod,Microsoft.Compute/virtualMachines,Virtual Machines,Compute,team:Research,831.66,INR,6.81,1 Hour
2026-01-30,sub-psiog-001,MAC-07,rg-mac-07-research-prod,Microsoft.Storage/storageAccounts/fileServices,File Storage,Storage,team:Research,547.07,INR,1.42,1 Hour
2026-01-30,sub-psiog-001,MAC-07,rg-mac-07-research-prod,Microsoft.Network/loadBalancers,Load Balancers,Networking,team:Research,207.51,INR,59.32,1 Hour
2026-01-30,sub-psiog-001,MAC-07,rg-mac-07-research-prod,Microsoft.DocumentDB/databaseAccounts,Cosmos DB,Data Services,team:Research,756.06,INR,44.99,1 Hour
2026-01-30,sub-psiog-001,MAC-08,rg-mac-08-finance-prod,Microsoft.Compute/virtualMachines,Virtual Machines,Compute,team:Finance,286.74,INR,61.77,1 Hour
2026-01-30,sub-psiog-001,MAC-08,rg-mac-08-finance-prod,Microsoft.Storage/storageAccounts/fileServices,File Storage,Storage,team:Finance,200.46,INR,63.84,1 Hour
2026-01-30,sub-psiog-001,MAC-08,rg-mac-08-finance-prod,Microsoft.Network/virtualNetworks,Virtual Networks,Networking,team:Finance,102.84,INR,23.51,1 Hour
2026-01-30,sub-psiog-001,MAC-08,rg-mac-08-finance-prod,Microsoft.DocumentDB/databaseAccounts,Cosmos DB,Data Services,team:Finance,457.99,INR,36.45,1 Hour
2026-01-30,sub-psiog-001,MAC-08,rg-mac-08-operations-prod,Microsoft.ContainerService/managedClusters,AKS Clusters,Compute,team:Operations,463.04,INR,44.79,1 Hour
2026-01-30,sub-psiog-001,MAC-08,rg-mac-08-operations-prod,Microsoft.Storage/storageAccounts,Blob Storage,Storage,team:Operations,359.01,INR,49.36,1 Hour
2026-01-30,sub-psiog-001,MAC-08,rg-mac-08-operations-prod,Microsoft.Network/loadBalancers,Load Balancers,Networking,team:Operations,123.85,INR,55.75,1 Hour
2026-01-30,sub-psiog-001,MAC-08,rg-mac-08-operations-prod,Microsoft.DocumentDB/databaseAccounts,Cosmos DB,Data Services,team:Operations,433.51,INR,73.0,1 Hour
2026-01-31,sub-psiog-001,MAC-01,rg-mac-01-devops-prod,Microsoft.ContainerService/managedClusters,AKS Clusters,Compute,team:DevOps,1363.25,INR,96.29,1 Hour
2026-01-31,sub-psiog-001,MAC-01,rg-mac-01-devops-prod,Microsoft.Storage/storageAccounts/fileServices,File Storage,Storage,team:DevOps,330.65,INR,7.62,1 Hour
2026-01-31,sub-psiog-001,MAC-01,rg-mac-01-devops-prod,Microsoft.Network/loadBalancers,Load Balancers,Networking,team:DevOps,202.71,INR,46.68,1 Hour
2026-01-31,sub-psiog-001,MAC-01,rg-mac-01-devops-prod,Microsoft.Sql/servers/databases,SQL Database,Data Services,team:DevOps,374.36,INR,95.08,1 Hour
2026-01-31,sub-psiog-001,MAC-01,rg-mac-01-platform-prod,Microsoft.Compute/virtualMachines,Virtual Machines,Compute,team:Platform,1067.86,INR,75.52,1 Hour
2026-01-31,sub-psiog-001,MAC-01,rg-mac-01-platform-prod,Microsoft.Storage/storageAccounts,Blob Storage,Storage,team:Platform,282.29,INR,9.59,1 Hour
2026-01-31,sub-psiog-001,MAC-01,rg-mac-01-platform-prod,Microsoft.Network/loadBalancers,Load Balancers,Networking,team:Platform,254.92,INR,64.11,1 Hour
2026-01-31,sub-psiog-001,MAC-01,rg-mac-01-platform-prod,Microsoft.DocumentDB/databaseAccounts,Cosmos DB,Data Services,team:Platform,451.97,INR,10.51,1 Hour
2026-01-31,sub-psiog-001,MAC-02,rg-mac-02-dataengineering-prod,Microsoft.Compute/virtualMachines,Virtual Machines,Compute,team:DataEngineering,864.3,INR,24.43,1 Hour
2026-01-31,sub-psiog-001,MAC-02,rg-mac-02-dataengineering-prod,Microsoft.Storage/storageAccounts,Blob Storage,Storage,team:DataEngineering,649.69,INR,75.24,1 Hour
2026-01-31,sub-psiog-001,MAC-02,rg-mac-02-dataengineering-prod,Microsoft.Network/loadBalancers,Load Balancers,Networking,team:DataEngineering,163.99,INR,28.16,1 Hour
2026-01-31,sub-psiog-001,MAC-02,rg-mac-02-dataengineering-prod,Microsoft.Sql/servers/databases,SQL Database,Data Services,team:DataEngineering,854.59,INR,16.06,1 Hour
2026-01-31,sub-psiog-001,MAC-02,rg-mac-02-analytics-prod,Microsoft.ContainerService/managedClusters,AKS Clusters,Compute,team:Analytics,770.58,INR,6.61,1 Hour
2026-01-31,sub-psiog-001,MAC-02,rg-mac-02-analytics-prod,Microsoft.Storage/storageAccounts/fileServices,File Storage,Storage,team:Analytics,625.49,INR,14.2,1 Hour
2026-01-31,sub-psiog-001,MAC-02,rg-mac-02-analytics-prod,Microsoft.Network/virtualNetworks,Virtual Networks,Networking,team:Analytics,191.52,INR,77.38,1 Hour
2026-01-31,sub-psiog-001,MAC-02,rg-mac-02-analytics-prod,Microsoft.Sql/servers/databases,SQL Database,Data Services,team:Analytics,858.75,INR,77.02,1 Hour
2026-01-31,sub-psiog-001,MAC-03,rg-mac-03-product-prod,Microsoft.ContainerService/managedClusters,AKS Clusters,Compute,team:Product,614.53,INR,9.25,1 Hour
2026-01-31,sub-psiog-001,MAC-03,rg-mac-03-product-prod,Microsoft.Storage/storageAccounts,Blob Storage,Storage,team:Product,240.45,INR,74.01,1 Hour
2026-01-31,sub-psiog-001,MAC-03,rg-mac-03-product-prod,Microsoft.Network/loadBalancers,Load Balancers,Networking,team:Product,129.12,INR,74.95,1 Hour
2026-01-31,sub-psiog-001,MAC-03,rg-mac-03-product-prod,Microsoft.DocumentDB/databaseAccounts,Cosmos DB,Data Services,team:Product,293.42,INR,39.59,1 Hour
2026-01-31,sub-psiog-001,MAC-03,rg-mac-03-frontend-prod,Microsoft.Compute/virtualMachines,Virtual Machines,Compute,team:Frontend,489.31,INR,75.33,1 Hour
2026-01-31,sub-psiog-001,MAC-03,rg-mac-03-frontend-prod,Microsoft.Storage/storageAccounts,Blob Storage,Storage,team:Frontend,146.42,INR,4.0,1 Hour
2026-01-31,sub-psiog-001,MAC-03,rg-mac-03-frontend-prod,Microsoft.Network/loadBalancers,Load Balancers,Networking,team:Frontend,113.32,INR,11.68,1 Hour
2026-01-31,sub-psiog-001,MAC-03,rg-mac-03-frontend-prod,Microsoft.Sql/servers/databases,SQL Database,Data Services,team:Frontend,226.74,INR,16.81,1 Hour
2026-01-31,sub-psiog-001,MAC-04,rg-mac-04-backend-prod,Microsoft.Compute/virtualMachines,Virtual Machines,Compute,team:Backend,967.54,INR,67.68,1 Hour
2026-01-31,sub-psiog-001,MAC-04,rg-mac-04-backend-prod,Microsoft.Storage/storageAccounts,Blob Storage,Storage,team:Backend,347.34,INR,61.96,1 Hour
2026-01-31,sub-psiog-001,MAC-04,rg-mac-04-backend-prod,Microsoft.Network/virtualNetworks,Virtual Networks,Networking,team:Backend,264.47,INR,99.71,1 Hour
2026-01-31,sub-psiog-001,MAC-04,rg-mac-04-backend-prod,Microsoft.Sql/servers/databases,SQL Database,Data Services,team:Backend,580.72,INR,86.71,1 Hour
2026-01-31,sub-psiog-001,MAC-04,rg-mac-04-qa-prod,Microsoft.Compute/virtualMachines,Virtual Machines,Compute,team:QA,435.41,INR,91.43,1 Hour
2026-01-31,sub-psiog-001,MAC-04,rg-mac-04-qa-prod,Microsoft.Storage/storageAccounts,Blob Storage,Storage,team:QA,191.49,INR,61.3,1 Hour
2026-01-31,sub-psiog-001,MAC-04,rg-mac-04-qa-prod,Microsoft.Network/virtualNetworks,Virtual Networks,Networking,team:QA,91.32,INR,47.18,1 Hour
2026-01-31,sub-psiog-001,MAC-04,rg-mac-04-qa-prod,Microsoft.Sql/servers/databases,SQL Database,Data Services,team:QA,266.18,INR,72.83,1 Hour
2026-01-31,sub-psiog-001,MAC-05,rg-mac-05-security-prod,Microsoft.ContainerService/managedClusters,AKS Clusters,Compute,team:Security,714.15,INR,46.69,1 Hour
2026-01-31,sub-psiog-001,MAC-05,rg-mac-05-security-prod,Microsoft.Storage/storageAccounts,Blob Storage,Storage,team:Security,280.45,INR,94.93,1 Hour
2026-01-31,sub-psiog-001,MAC-05,rg-mac-05-security-prod,Microsoft.Network/loadBalancers,Load Balancers,Networking,team:Security,286.46,INR,49.31,1 Hour
2026-01-31,sub-psiog-001,MAC-05,rg-mac-05-security-prod,Microsoft.DocumentDB/databaseAccounts,Cosmos DB,Data Services,team:Security,374.22,INR,57.43,1 Hour
2026-01-31,sub-psiog-001,MAC-05,rg-mac-05-compliance-prod,Microsoft.Compute/virtualMachines,Virtual Machines,Compute,team:Compliance,316.89,INR,13.2,1 Hour
2026-01-31,sub-psiog-001,MAC-05,rg-mac-05-compliance-prod,Microsoft.Storage/storageAccounts/fileServices,File Storage,Storage,team:Compliance,254.06,INR,26.51,1 Hour
2026-01-31,sub-psiog-001,MAC-05,rg-mac-05-compliance-prod,Microsoft.Network/loadBalancers,Load Balancers,Networking,team:Compliance,137.86,INR,28.98,1 Hour
2026-01-31,sub-psiog-001,MAC-05,rg-mac-05-compliance-prod,Microsoft.DocumentDB/databaseAccounts,Cosmos DB,Data Services,team:Compliance,311.31,INR,43.2,1 Hour
2026-01-31,sub-psiog-001,MAC-06,rg-mac-06-infrastructure-prod,Microsoft.ContainerService/managedClusters,AKS Clusters,Compute,team:Infrastructure,1572.35,INR,85.02,1 Hour
2026-01-31,sub-psiog-001,MAC-06,rg-mac-06-infrastructure-prod,Microsoft.Storage/storageAccounts,Blob Storage,Storage,team:Infrastructure,469.75,INR,22.02,1 Hour
2026-01-31,sub-psiog-001,MAC-06,rg-mac-06-infrastructure-prod,Microsoft.Network/loadBalancers,Load Balancers,Networking,team:Infrastructure,395.48,INR,29.34,1 Hour
2026-01-31,sub-psiog-001,MAC-06,rg-mac-06-infrastructure-prod,Microsoft.Sql/servers/databases,SQL Database,Data Services,team:Infrastructure,468.39,INR,40.13,1 Hour
2026-01-31,sub-psiog-001,MAC-06,rg-mac-06-cloudops-prod,Microsoft.Compute/virtualMachines,Virtual Machines,Compute,team:CloudOps,1221.6,INR,5.01,1 Hour
2026-01-31,sub-psiog-001,MAC-06,rg-mac-06-cloudops-prod,Microsoft.Storage/storageAccounts/fileServices,File Storage,Storage,team:CloudOps,398.59,INR,64.93,1 Hour
2026-01-31,sub-psiog-001,MAC-06,rg-mac-06-cloudops-prod,Microsoft.Network/loadBalancers,Load Balancers,Networking,team:CloudOps,373.55,INR,45.1,1 Hour
2026-01-31,sub-psiog-001,MAC-06,rg-mac-06-cloudops-prod,Microsoft.DocumentDB/databaseAccounts,Cosmos DB,Data Services,team:CloudOps,382.83,INR,26.04,1 Hour
2026-01-31,sub-psiog-001,MAC-07,rg-mac-07-ml-prod,Microsoft.ContainerService/managedClusters,AKS Clusters,Compute,team:ML,1766.0,INR,62.6,1 Hour
2026-01-31,sub-psiog-001,MAC-07,rg-mac-07-ml-prod,Microsoft.Storage/storageAccounts,Blob Storage,Storage,team:ML,516.52,INR,88.34,1 Hour
2026-01-31,sub-psiog-001,MAC-07,rg-mac-07-ml-prod,Microsoft.Network/virtualNetworks,Virtual Networks,Networking,team:ML,228.28,INR,4.49,1 Hour
2026-01-31,sub-psiog-001,MAC-07,rg-mac-07-ml-prod,Microsoft.Sql/servers/databases,SQL Database,Data Services,team:ML,685.28,INR,46.03,1 Hour
2026-01-31,sub-psiog-001,MAC-07,rg-mac-07-research-prod,Microsoft.Compute/virtualMachines,Virtual Machines,Compute,team:Research,816.8,INR,19.03,1 Hour
2026-01-31,sub-psiog-001,MAC-07,rg-mac-07-research-prod,Microsoft.Storage/storageAccounts,Blob Storage,Storage,team:Research,535.37,INR,90.43,1 Hour
2026-01-31,sub-psiog-001,MAC-07,rg-mac-07-research-prod,Microsoft.Network/virtualNetworks,Virtual Networks,Networking,team:Research,213.41,INR,75.6,1 Hour
2026-01-31,sub-psiog-001,MAC-07,rg-mac-07-research-prod,Microsoft.Sql/servers/databases,SQL Database,Data Services,team:Research,666.31,INR,21.73,1 Hour
2026-01-31,sub-psiog-001,MAC-08,rg-mac-08-finance-prod,Microsoft.Compute/virtualMachines,Virtual Machines,Compute,team:Finance,303.73,INR,90.43,1 Hour
2026-01-31,sub-psiog-001,MAC-08,rg-mac-08-finance-prod,Microsoft.Storage/storageAccounts/fileServices,File Storage,Storage,team:Finance,237.31,INR,11.79,1 Hour
2026-01-31,sub-psiog-001,MAC-08,rg-mac-08-finance-prod,Microsoft.Network/virtualNetworks,Virtual Networks,Networking,team:Finance,101.56,INR,30.73,1 Hour
2026-01-31,sub-psiog-001,MAC-08,rg-mac-08-finance-prod,Microsoft.Sql/servers/databases,SQL Database,Data Services,team:Finance,427.29,INR,71.27,1 Hour
2026-01-31,sub-psiog-001,MAC-08,rg-mac-08-operations-prod,Microsoft.Compute/virtualMachines,Virtual Machines,Compute,team:Operations,544.7,INR,98.49,1 Hour
2026-01-31,sub-psiog-001,MAC-08,rg-mac-08-operations-prod,Microsoft.Storage/storageAccounts,Blob Storage,Storage,team:Operations,358.55,INR,54.55,1 Hour
2026-01-31,sub-psiog-001,MAC-08,rg-mac-08-operations-prod,Microsoft.Network/virtualNetworks,Virtual Networks,Networking,team:Operations,155.98,INR,6.64,1 Hour
2026-01-31,sub-psiog-001,MAC-08,rg-mac-08-operations-prod,Microsoft.Sql/servers/databases,SQL Database,Data Services,team:Operations,374.67,INR,5.48,1 Hour
2026-02-01,sub-psiog-001,MAC-01,rg-mac-01-devops-prod,Microsoft.ContainerService/managedClusters,AKS Clusters,Compute,team:DevOps,1243.21,INR,82.15,1 Hour
2026-02-01,sub-psiog-001,MAC-01,rg-mac-01-devops-prod,Microsoft.Storage/storageAccounts/fileServices,File Storage,Storage,team:DevOps,275.92,INR,42.17,1 Hour
2026-02-01,sub-psiog-001,MAC-01,rg-mac-01-devops-prod,Microsoft.Network/loadBalancers,Load Balancers,Networking,team:DevOps,190.56,INR,70.85,1 Hour
2026-02-01,sub-psiog-001,MAC-01,rg-mac-01-devops-prod,Microsoft.Sql/servers/databases,SQL Database,Data Services,team:DevOps,468.57,INR,20.97,1 Hour
2026-02-01,sub-psiog-001,MAC-01,rg-mac-01-platform-prod,Microsoft.Compute/virtualMachines,Virtual Machines,Compute,team:Platform,1236.4,INR,74.19,1 Hour
2026-02-01,sub-psiog-001,MAC-01,rg-mac-01-platform-prod,Microsoft.Storage/storageAccounts,Blob Storage,Storage,team:Platform,341.18,INR,34.34,1 Hour
2026-02-01,sub-psiog-001,MAC-01,rg-mac-01-platform-prod,Microsoft.Network/loadBalancers,Load Balancers,Networking,team:Platform,283.52,INR,41.82,1 Hour
2026-02-01,sub-psiog-001,MAC-01,rg-mac-01-platform-prod,Microsoft.DocumentDB/databaseAccounts,Cosmos DB,Data Services,team:Platform,378.53,INR,42.84,1 Hour
2026-02-01,sub-psiog-001,MAC-02,rg-mac-02-dataengineering-prod,Microsoft.Compute/virtualMachines,Virtual Machines,Compute,team:DataEngineering,998.81,INR,99.58,1 Hour
2026-02-01,sub-psiog-001,MAC-02,rg-mac-02-dataengineering-prod,Microsoft.Storage/storageAccounts,Blob Storage,Storage,team:DataEngineering,652.5,INR,51.09,1 Hour
2026-02-01,sub-psiog-001,MAC-02,rg-mac-02-dataengineering-prod,Microsoft.Network/loadBalancers,Load Balancers,Networking,team:DataEngineering,163.85,INR,19.93,1 Hour
2026-02-01,sub-psiog-001,MAC-02,rg-mac-02-dataengineering-prod,Microsoft.Sql/servers/databases,SQL Database,Data Services,team:DataEngineering,965.19,INR,53.55,1 Hour
2026-02-01,sub-psiog-001,MAC-02,rg-mac-02-analytics-prod,Microsoft.ContainerService/managedClusters,AKS Clusters,Compute,team:Analytics,990.97,INR,73.87,1 Hour
2026-02-01,sub-psiog-001,MAC-02,rg-mac-02-analytics-prod,Microsoft.Storage/storageAccounts,Blob Storage,Storage,team:Analytics,660.77,INR,98.07,1 Hour
2026-02-01,sub-psiog-001,MAC-02,rg-mac-02-analytics-prod,Microsoft.Network/loadBalancers,Load Balancers,Networking,team:Analytics,166.12,INR,53.97,1 Hour
2026-02-01,sub-psiog-001,MAC-02,rg-mac-02-analytics-prod,Microsoft.Sql/servers/databases,SQL Database,Data Services,team:Analytics,803.24,INR,50.17,1 Hour
2026-02-01,sub-psiog-001,MAC-03,rg-mac-03-product-prod,Microsoft.Compute/virtualMachines,Virtual Machines,Compute,team:Product,625.45,INR,88.71,1 Hour
2026-02-01,sub-psiog-001,MAC-03,rg-mac-03-product-prod,Microsoft.Storage/storageAccounts/fileServices,File Storage,Storage,team:Product,191.85,INR,88.2,1 Hour
2026-02-01,sub-psiog-001,MAC-03,rg-mac-03-product-prod,Microsoft.Network/virtualNetworks,Virtual Networks,Networking,team:Product,125.35,INR,53.35,1 Hour
2026-02-01,sub-psiog-001,MAC-03,rg-mac-03-product-prod,Microsoft.DocumentDB/databaseAccounts,Cosmos DB,Data Services,team:Product,308.57,INR,69.79,1 Hour
2026-02-01,sub-psiog-001,MAC-03,rg-mac-03-frontend-prod,Microsoft.Compute/virtualMachines,Virtual Machines,Compute,team:Frontend,508.49,INR,44.29,1 Hour
2026-02-01,sub-psiog-001,MAC-03,rg-mac-03-frontend-prod,Microsoft.Storage/storageAccounts/fileServices,File Storage,Storage,team:Frontend,162.6,INR,16.86,1 Hour
2026-02-01,sub-psiog-001,MAC-03,rg-mac-03-frontend-prod,Microsoft.Network/virtualNetworks,Virtual Networks,Networking,team:Frontend,116.49,INR,58.72,1 Hour
2026-02-01,sub-psiog-001,MAC-03,rg-mac-03-frontend-prod,Microsoft.Sql/servers/databases,SQL Database,Data Services,team:Frontend,240.38,INR,70.12,1 Hour
2026-02-01,sub-psiog-001,MAC-04,rg-mac-04-backend-prod,Microsoft.Compute/virtualMachines,Virtual Machines,Compute,team:Backend,974.59,INR,28.65,1 Hour
2026-02-01,sub-psiog-001,MAC-04,rg-mac-04-backend-prod,Microsoft.Storage/storageAccounts/fileServices,File Storage,Storage,team:Backend,350.9,INR,90.79,1 Hour
2026-02-01,sub-psiog-001,MAC-04,rg-mac-04-backend-prod,Microsoft.Network/virtualNetworks,Virtual Networks,Networking,team:Backend,236.25,INR,24.43,1 Hour
2026-02-01,sub-psiog-001,MAC-04,rg-mac-04-backend-prod,Microsoft.Sql/servers/databases,SQL Database,Data Services,team:Backend,481.37,INR,96.43,1 Hour
2026-02-01,sub-psiog-001,MAC-04,rg-mac-04-qa-prod,Microsoft.ContainerService/managedClusters,AKS Clusters,Compute,team:QA,426.92,INR,25.56,1 Hour
2026-02-01,sub-psiog-001,MAC-04,rg-mac-04-qa-prod,Microsoft.Storage/storageAccounts,Blob Storage,Storage,team:QA,210.57,INR,56.79,1 Hour
2026-02-01,sub-psiog-001,MAC-04,rg-mac-04-qa-prod,Microsoft.Network/virtualNetworks,Virtual Networks,Networking,team:QA,106.15,INR,17.36,1 Hour
2026-02-01,sub-psiog-001,MAC-04,rg-mac-04-qa-prod,Microsoft.DocumentDB/databaseAccounts,Cosmos DB,Data Services,team:QA,242.82,INR,61.32,1 Hour
2026-02-01,sub-psiog-001,MAC-05,rg-mac-05-security-prod,Microsoft.ContainerService/managedClusters,AKS Clusters,Compute,team:Security,723.6,INR,58.93,1 Hour
2026-02-01,sub-psiog-001,MAC-05,rg-mac-05-security-prod,Microsoft.Storage/storageAccounts/fileServices,File Storage,Storage,team:Security,233.09,INR,75.14,1 Hour
2026-02-01,sub-psiog-001,MAC-05,rg-mac-05-security-prod,Microsoft.Network/loadBalancers,Load Balancers,Networking,team:Security,337.57,INR,21.97,1 Hour
2026-02-01,sub-psiog-001,MAC-05,rg-mac-05-security-prod,Microsoft.Sql/servers/databases,SQL Database,Data Services,team:Security,384.06,INR,10.8,1 Hour
2026-02-01,sub-psiog-001,MAC-05,rg-mac-05-compliance-prod,Microsoft.Compute/virtualMachines,Virtual Machines,Compute,team:Compliance,334.36,INR,97.39,1 Hour
2026-02-01,sub-psiog-001,MAC-05,rg-mac-05-compliance-prod,Microsoft.Storage/storageAccounts,Blob Storage,Storage,team:Compliance,260.06,INR,50.06,1 Hour
2026-02-01,sub-psiog-001,MAC-05,rg-mac-05-compliance-prod,Microsoft.Network/loadBalancers,Load Balancers,Networking,team:Compliance,148.03,INR,93.37,1 Hour
2026-02-01,sub-psiog-001,MAC-05,rg-mac-05-compliance-prod,Microsoft.DocumentDB/databaseAccounts,Cosmos DB,Data Services,team:Compliance,307.33,INR,80.08,1 Hour
2026-02-01,sub-psiog-001,MAC-06,rg-mac-06-infrastructure-prod,Microsoft.Compute/virtualMachines,Virtual Machines,Compute,team:Infrastructure,1593.22,INR,24.11,1 Hour
2026-02-01,sub-psiog-001,MAC-06,rg-mac-06-infrastructure-prod,Microsoft.Storage/storageAccounts/fileServices,File Storage,Storage,team:Infrastructure,430.48,INR,28.98,1 Hour
2026-02-01,sub-psiog-001,MAC-06,rg-mac-06-infrastructure-prod,Microsoft.Network/virtualNetworks,Virtual Networks,Networking,team:Infrastructure,327.16,INR,26.24,1 Hour
2026-02-01,sub-psiog-001,MAC-06,rg-mac-06-infrastructure-prod,Microsoft.Sql/servers/databases,SQL Database,Data Services,team:Infrastructure,460.74,INR,88.79,1 Hour
2026-02-01,sub-psiog-001,MAC-06,rg-mac-06-cloudops-prod,Microsoft.Compute/virtualMachines,Virtual Machines,Compute,team:CloudOps,1578.27,INR,84.14,1 Hour
2026-02-01,sub-psiog-001,MAC-06,rg-mac-06-cloudops-prod,Microsoft.Storage/storageAccounts,Blob Storage,Storage,team:CloudOps,384.6,INR,32.9,1 Hour
2026-02-01,sub-psiog-001,MAC-06,rg-mac-06-cloudops-prod,Microsoft.Network/loadBalancers,Load Balancers,Networking,team:CloudOps,342.68,INR,77.52,1 Hour
2026-02-01,sub-psiog-001,MAC-06,rg-mac-06-cloudops-prod,Microsoft.DocumentDB/databaseAccounts,Cosmos DB,Data Services,team:CloudOps,466.16,INR,96.43,1 Hour
2026-02-01,sub-psiog-001,MAC-07,rg-mac-07-ml-prod,Microsoft.ContainerService/managedClusters,AKS Clusters,Compute,team:ML,1711.73,INR,60.57,1 Hour
2026-02-01,sub-psiog-001,MAC-07,rg-mac-07-ml-prod,Microsoft.Storage/storageAccounts/fileServices,File Storage,Storage,team:ML,512.17,INR,80.35,1 Hour
2026-02-01,sub-psiog-001,MAC-07,rg-mac-07-ml-prod,Microsoft.Network/virtualNetworks,Virtual Networks,Networking,team:ML,204.12,INR,62.48,1 Hour
2026-02-01,sub-psiog-001,MAC-07,rg-mac-07-ml-prod,Microsoft.DocumentDB/databaseAccounts,Cosmos DB,Data Services,team:ML,749.52,INR,34.84,1 Hour
2026-02-01,sub-psiog-001,MAC-07,rg-mac-07-research-prod,Microsoft.ContainerService/managedClusters,AKS Clusters,Compute,team:Research,848.94,INR,31.67,1 Hour
2026-02-01,sub-psiog-001,MAC-07,rg-mac-07-research-prod,Microsoft.Storage/storageAccounts/fileServices,File Storage,Storage,team:Research,428.99,INR,18.0,1 Hour
2026-02-01,sub-psiog-001,MAC-07,rg-mac-07-research-prod,Microsoft.Network/loadBalancers,Load Balancers,Networking,team:Research,198.28,INR,20.73,1 Hour
2026-02-01,sub-psiog-001,MAC-07,rg-mac-07-research-prod,Microsoft.DocumentDB/databaseAccounts,Cosmos DB,Data Services,team:Research,722.55,INR,9.07,1 Hour
2026-02-01,sub-psiog-001,MAC-08,rg-mac-08-finance-prod,Microsoft.Compute/virtualMachines,Virtual Machines,Compute,team:Finance,347.12,INR,7.24,1 Hour
2026-02-01,sub-psiog-001,MAC-08,rg-mac-08-finance-prod,Microsoft.Storage/storageAccounts/fileServices,File Storage,Storage,team:Finance,186.2,INR,30.75,1 Hour
2026-02-01,sub-psiog-001,MAC-08,rg-mac-08-finance-prod,Microsoft.Network/virtualNetworks,Virtual Networks,Networking,team:Finance,119.25,INR,6.6,1 Hour
2026-02-01,sub-psiog-001,MAC-08,rg-mac-08-finance-prod,Microsoft.DocumentDB/databaseAccounts,Cosmos DB,Data Services,team:Finance,527.6,INR,82.56,1 Hour
2026-02-01,sub-psiog-001,MAC-08,rg-mac-08-operations-prod,Microsoft.Compute/virtualMachines,Virtual Machines,Compute,team:Operations,408.73,INR,73.63,1 Hour
2026-02-01,sub-psiog-001,MAC-08,rg-mac-08-operations-prod,Microsoft.Storage/storageAccounts/fileServices,File Storage,Storage,team:Operations,285.43,INR,49.15,1 Hour
2026-02-01,sub-psiog-001,MAC-08,rg-mac-08-operations-prod,Microsoft.Network/loadBalancers,Load Balancers,Networking,team:Operations,158.58,INR,44.7,1 Hour
2026-02-01,sub-psiog-001,MAC-08,rg-mac-08-operations-prod,Microsoft.DocumentDB/databaseAccounts,Cosmos DB,Data Services,team:Operations,366.86,INR,41.35,1 Hour
2026-02-02,sub-psiog-001,MAC-01,rg-mac-01-devops-prod,Microsoft.ContainerService/managedClusters,AKS Clusters,Compute,team:DevOps,1433.9,INR,55.36,1 Hour
2026-02-02,sub-psiog-001,MAC-01,rg-mac-01-devops-prod,Microsoft.Storage/storageAccounts,Blob Storage,Storage,team:DevOps,301.78,INR,79.29,1 Hour
2026-02-02,sub-psiog-001,MAC-01,rg-mac-01-devops-prod,Microsoft.Network/virtualNetworks,Virtual Networks,Networking,team:DevOps,206.18,INR,62.77,1 Hour
2026-02-02,sub-psiog-001,MAC-01,rg-mac-01-devops-prod,Microsoft.DocumentDB/databaseAccounts,Cosmos DB,Data Services,team:DevOps,478.91,INR,33.42,1 Hour
2026-02-02,sub-psiog-001,MAC-01,rg-mac-01-platform-prod,Microsoft.ContainerService/managedClusters,AKS Clusters,Compute,team:Platform,1032.47,INR,21.81,1 Hour
2026-02-02,sub-psiog-001,MAC-01,rg-mac-01-platform-prod,Microsoft.Storage/storageAccounts,Blob Storage,Storage,team:Platform,312.21,INR,61.19,1 Hour
2026-02-02,sub-psiog-001,MAC-01,rg-mac-01-platform-prod,Microsoft.Network/loadBalancers,Load Balancers,Networking,team:Platform,231.89,INR,99.9,1 Hour
2026-02-02,sub-psiog-001,MAC-01,rg-mac-01-platform-prod,Microsoft.DocumentDB/databaseAccounts,Cosmos DB,Data Services,team:Platform,443.24,INR,71.56,1 Hour
2026-02-02,sub-psiog-001,MAC-02,rg-mac-02-dataengineering-prod,Microsoft.Compute/virtualMachines,Virtual Machines,Compute,team:DataEngineering,1052.23,INR,84.17,1 Hour
2026-02-02,sub-psiog-001,MAC-02,rg-mac-02-dataengineering-prod,Microsoft.Storage/storageAccounts/fileServices,File Storage,Storage,team:DataEngineering,732.09,INR,10.15,1 Hour
2026-02-02,sub-psiog-001,MAC-02,rg-mac-02-dataengineering-prod,Microsoft.Network/virtualNetworks,Virtual Networks,Networking,team:DataEngineering,177.78,INR,58.97,1 Hour
2026-02-02,sub-psiog-001,MAC-02,rg-mac-02-dataengineering-prod,Microsoft.DocumentDB/databaseAccounts,Cosmos DB,Data Services,team:DataEngineering,894.58,INR,75.86,1 Hour
2026-02-02,sub-psiog-001,MAC-02,rg-mac-02-analytics-prod,Microsoft.ContainerService/managedClusters,AKS Clusters,Compute,team:Analytics,797.12,INR,86.24,1 Hour
2026-02-02,sub-psiog-001,MAC-02,rg-mac-02-analytics-prod,Microsoft.Storage/storageAccounts/fileServices,File Storage,Storage,team:Analytics,605.75,INR,24.43,1 Hour
2026-02-02,sub-psiog-001,MAC-02,rg-mac-02-analytics-prod,Microsoft.Network/loadBalancers,Load Balancers,Networking,team:Analytics,149.92,INR,29.58,1 Hour
2026-02-02,sub-psiog-001,MAC-02,rg-mac-02-analytics-prod,Microsoft.DocumentDB/databaseAccounts,Cosmos DB,Data Services,team:Analytics,904.5,INR,45.64,1 Hour
2026-02-02,sub-psiog-001,MAC-03,rg-mac-03-product-prod,Microsoft.ContainerService/managedClusters,AKS Clusters,Compute,team:Product,732.97,INR,20.05,1 Hour
2026-02-02,sub-psiog-001,MAC-03,rg-mac-03-product-prod,Microsoft.Storage/storageAccounts/fileServices,File Storage,Storage,team:Product,200.74,INR,57.42,1 Hour
2026-02-02,sub-psiog-001,MAC-03,rg-mac-03-product-prod,Microsoft.Network/loadBalancers,Load Balancers,Networking,team:Product,145.66,INR,24.79,1 Hour
2026-02-02,sub-psiog-001,MAC-03,rg-mac-03-product-prod,Microsoft.DocumentDB/databaseAccounts,Cosmos DB,Data Services,team:Product,360.53,INR,16.5,1 Hour
2026-02-02,sub-psiog-001,MAC-03,rg-mac-03-frontend-prod,Microsoft.ContainerService/managedClusters,AKS Clusters,Compute,team:Frontend,574.69,INR,57.11,1 Hour
2026-02-02,sub-psiog-001,MAC-03,rg-mac-03-frontend-prod,Microsoft.Storage/storageAccounts/fileServices,File Storage,Storage,team:Frontend,182.19,INR,84.77,1 Hour
2026-02-02,sub-psiog-001,MAC-03,rg-mac-03-frontend-prod,Microsoft.Network/loadBalancers,Load Balancers,Networking,team:Frontend,103.08,INR,19.45,1 Hour
2026-02-02,sub-psiog-001,MAC-03,rg-mac-03-frontend-prod,Microsoft.DocumentDB/databaseAccounts,Cosmos DB,Data Services,team:Frontend,231.32,INR,10.61,1 Hour
2026-02-02,sub-psiog-001,MAC-04,rg-mac-04-backend-prod,Microsoft.Compute/virtualMachines,Virtual Machines,Compute,team:Backend,1033.98,INR,18.19,1 Hour
2026-02-02,sub-psiog-001,MAC-04,rg-mac-04-backend-prod,Microsoft.Storage/storageAccounts,Blob Storage,Storage,team:Backend,363.67,INR,89.91,1 Hour
2026-02-02,sub-psiog-001,MAC-04,rg-mac-04-backend-prod,Microsoft.Network/loadBalancers,Load Balancers,Networking,team:Backend,248.25,INR,89.52,1 Hour
2026-02-02,sub-psiog-001,MAC-04,rg-mac-04-backend-prod,Microsoft.DocumentDB/databaseAccounts,Cosmos DB,Data Services,team:Backend,480.83,INR,61.3,1 Hour
2026-02-02,sub-psiog-001,MAC-04,rg-mac-04-qa-prod,Microsoft.Compute/virtualMachines,Virtual Machines,Compute,team:QA,403.7,INR,95.34,1 Hour
2026-02-02,sub-psiog-001,MAC-04,rg-mac-04-qa-prod,Microsoft.Storage/storageAccounts/fileServices,File Storage,Storage,team:QA,197.83,INR,41.47,1 Hour
2026-02-02,sub-psiog-001,MAC-04,rg-mac-04-qa-prod,Microsoft.Network/virtualNetworks,Virtual Networks,Networking,team:QA,84.39,INR,96.53,1 Hour
2026-02-02,sub-psiog-001,MAC-04,rg-mac-04-qa-prod,Microsoft.Sql/servers/databases,SQL Database,Data Services,team:QA,241.69,INR,20.7,1 Hour
2026-02-02,sub-psiog-001,MAC-05,rg-mac-05-security-prod,Microsoft.Compute/virtualMachines,Virtual Machines,Compute,team:Security,737.87,INR,9.11,1 Hour
2026-02-02,sub-psiog-001,MAC-05,rg-mac-05-security-prod,Microsoft.Storage/storageAccounts/fileServices,File Storage,Storage,team:Security,246.09,INR,15.28,1 Hour
2026-02-02,sub-psiog-001,MAC-05,rg-mac-05-security-prod,Microsoft.Network/virtualNetworks,Virtual Networks,Networking,team:Security,293.75,INR,47.76,1 Hour
2026-02-02,sub-psiog-001,MAC-05,rg-mac-05-security-prod,Microsoft.DocumentDB/databaseAccounts,Cosmos DB,Data Services,team:Security,399.21,INR,14.26,1 Hour
2026-02-02,sub-psiog-001,MAC-05,rg-mac-05-compliance-prod,Microsoft.ContainerService/managedClusters,AKS Clusters,Compute,team:Compliance,408.23,INR,16.95,1 Hour
2026-02-02,sub-psiog-001,MAC-05,rg-mac-05-compliance-prod,Microsoft.Storage/storageAccounts,Blob Storage,Storage,team:Compliance,205.89,INR,18.64,1 Hour
2026-02-02,sub-psiog-001,MAC-05,rg-mac-05-compliance-prod,Microsoft.Network/virtualNetworks,Virtual Networks,Networking,team:Compliance,159.44,INR,3.69,1 Hour
2026-02-02,sub-psiog-001,MAC-05,rg-mac-05-compliance-prod,Microsoft.Sql/servers/databases,SQL Database,Data Services,team:Compliance,315.55,INR,28.09,1 Hour
2026-02-02,sub-psiog-001,MAC-06,rg-mac-06-infrastructure-prod,Microsoft.ContainerService/managedClusters,AKS Clusters,Compute,team:Infrastructure,1701.64,INR,49.64,1 Hour
2026-02-02,sub-psiog-001,MAC-06,rg-mac-06-infrastructure-prod,Microsoft.Storage/storageAccounts/fileServices,File Storage,Storage,team:Infrastructure,435.58,INR,70.92,1 Hour
2026-02-02,sub-psiog-001,MAC-06,rg-mac-06-infrastructure-prod,Microsoft.Network/virtualNetworks,Virtual Networks,Networking,team:Infrastructure,378.47,INR,71.86,1 Hour
2026-02-02,sub-psiog-001,MAC-06,rg-mac-06-infrastructure-prod,Microsoft.Sql/servers/databases,SQL Database,Data Services,team:Infrastructure,504.8,INR,99.05,1 Hour
2026-02-02,sub-psiog-001,MAC-06,rg-mac-06-cloudops-prod,Microsoft.ContainerService/managedClusters,AKS Clusters,Compute,team:CloudOps,1331.47,INR,19.52,1 Hour
2026-02-02,sub-psiog-001,MAC-06,rg-mac-06-cloudops-prod,Microsoft.Storage/storageAccounts,Blob Storage,Storage,team:CloudOps,458.67,INR,34.9,1 Hour
2026-02-02,sub-psiog-001,MAC-06,rg-mac-06-cloudops-prod,Microsoft.Network/virtualNetworks,Virtual Networks,Networking,team:CloudOps,380.27,INR,1.44,1 Hour
2026-02-02,sub-psiog-001,MAC-06,rg-mac-06-cloudops-prod,Microsoft.DocumentDB/databaseAccounts,Cosmos DB,Data Services,team:CloudOps,409.12,INR,54.53,1 Hour
2026-02-02,sub-psiog-001,MAC-07,rg-mac-07-ml-prod,Microsoft.Compute/virtualMachines,Virtual Machines,Compute,team:ML,1629.9,INR,60.68,1 Hour
2026-02-02,sub-psiog-001,MAC-07,rg-mac-07-ml-prod,Microsoft.Storage/storageAccounts,Blob Storage,Storage,team:ML,609.77,INR,58.09,1 Hour
2026-02-02,sub-psiog-001,MAC-07,rg-mac-07-ml-prod,Microsoft.Network/loadBalancers,Load Balancers,Networking,team:ML,181.75,INR,16.38,1 Hour
2026-02-02,sub-psiog-001,MAC-07,rg-mac-07-ml-prod,Microsoft.DocumentDB/databaseAccounts,Cosmos DB,Data Services,team:ML,837.23,INR,25.85,1 Hour
2026-02-02,sub-psiog-001,MAC-07,rg-mac-07-research-prod,Microsoft.Compute/virtualMachines,Virtual Machines,Compute,team:Research,800.93,INR,37.15,1 Hour
2026-02-02,sub-psiog-001,MAC-07,rg-mac-07-research-prod,Microsoft.Storage/storageAccounts,Blob Storage,Storage,team:Research,501.93,INR,63.86,1 Hour
2026-02-02,sub-psiog-001,MAC-07,rg-mac-07-research-prod,Microsoft.Network/virtualNetworks,Virtual Networks,Networking,team:Research,171.69,INR,66.97,1 Hour
2026-02-02,sub-psiog-001,MAC-07,rg-mac-07-research-prod,Microsoft.Sql/servers/databases,SQL Database,Data Services,team:Research,658.73,INR,30.51,1 Hour
2026-02-02,sub-psiog-001,MAC-08,rg-mac-08-finance-prod,Microsoft.Compute/virtualMachines,Virtual Machines,Compute,team:Finance,331.88,INR,34.77,1 Hour
2026-02-02,sub-psiog-001,MAC-08,rg-mac-08-finance-prod,Microsoft.Storage/storageAccounts,Blob Storage,Storage,team:Finance,205.88,INR,34.39,1 Hour
2026-02-02,sub-psiog-001,MAC-08,rg-mac-08-finance-prod,Microsoft.Network/virtualNetworks,Virtual Networks,Networking,team:Finance,91.01,INR,20.69,1 Hour
2026-02-02,sub-psiog-001,MAC-08,rg-mac-08-finance-prod,Microsoft.DocumentDB/databaseAccounts,Cosmos DB,Data Services,team:Finance,503.31,INR,83.07,1 Hour
2026-02-02,sub-psiog-001,MAC-08,rg-mac-08-operations-prod,Microsoft.Compute/virtualMachines,Virtual Machines,Compute,team:Operations,465.28,INR,78.75,1 Hour
2026-02-02,sub-psiog-001,MAC-08,rg-mac-08-operations-prod,Microsoft.Storage/storageAccounts/fileServices,File Storage,Storage,team:Operations,274.85,INR,20.51,1 Hour
2026-02-02,sub-psiog-001,MAC-08,rg-mac-08-operations-prod,Microsoft.Network/virtualNetworks,Virtual Networks,Networking,team:Operations,151.12,INR,4.89,1 Hour
2026-02-02,sub-psiog-001,MAC-08,rg-mac-08-operations-prod,Microsoft.Sql/servers/databases,SQL Database,Data Services,team:Operations,381.4,INR,15.26,1 Hour
2026-02-03,sub-psiog-001,MAC-01,rg-mac-01-devops-prod,Microsoft.ContainerService/managedClusters,AKS Clusters,Compute,team:DevOps,1177.66,INR,79.45,1 Hour
2026-02-03,sub-psiog-001,MAC-01,rg-mac-01-devops-prod,Microsoft.Storage/storageAccounts,Blob Storage,Storage,team:DevOps,331.99,INR,5.89,1 Hour
2026-02-03,sub-psiog-001,MAC-01,rg-mac-01-devops-prod,Microsoft.Network/loadBalancers,Load Balancers,Networking,team:DevOps,227.61,INR,24.72,1 Hour
2026-02-03,sub-psiog-001,MAC-01,rg-mac-01-devops-prod,Microsoft.Sql/servers/databases,SQL Database,Data Services,team:DevOps,472.09,INR,74.4,1 Hour
2026-02-03,sub-psiog-001,MAC-01,rg-mac-01-platform-prod,Microsoft.Compute/virtualMachines,Virtual Machines,Compute,team:Platform,1118.52,INR,4.09,1 Hour
2026-02-03,sub-psiog-001,MAC-01,rg-mac-01-platform-prod,Microsoft.Storage/storageAccounts/fileServices,File Storage,Storage,team:Platform,292.98,INR,41.92,1 Hour
2026-02-03,sub-psiog-001,MAC-01,rg-mac-01-platform-prod,Microsoft.Network/loadBalancers,Load Balancers,Networking,team:Platform,245.58,INR,25.46,1 Hour
2026-02-03,sub-psiog-001,MAC-01,rg-mac-01-platform-prod,Microsoft.DocumentDB/databaseAccounts,Cosmos DB,Data Services,team:Platform,351.82,INR,86.12,1 Hour
2026-02-03,sub-psiog-001,MAC-02,rg-mac-02-dataengineering-prod,Microsoft.Compute/virtualMachines,Virtual Machines,Compute,team:DataEngineering,1098.42,INR,3.3,1 Hour
2026-02-03,sub-psiog-001,MAC-02,rg-mac-02-dataengineering-prod,Microsoft.Storage/storageAccounts,Blob Storage,Storage,team:DataEngineering,668.3,INR,44.61,1 Hour
2026-02-03,sub-psiog-001,MAC-02,rg-mac-02-dataengineering-prod,Microsoft.Network/virtualNetworks,Virtual Networks,Networking,team:DataEngineering,168.08,INR,22.31,1 Hour
2026-02-03,sub-psiog-001,MAC-02,rg-mac-02-dataengineering-prod,Microsoft.Sql/servers/databases,SQL Database,Data Services,team:DataEngineering,892.24,INR,86.53,1 Hour
2026-02-03,sub-psiog-001,MAC-02,rg-mac-02-analytics-prod,Microsoft.ContainerService/managedClusters,AKS Clusters,Compute,team:Analytics,1028.07,INR,68.41,1 Hour
2026-02-03,sub-psiog-001,MAC-02,rg-mac-02-analytics-prod,Microsoft.Storage/storageAccounts,Blob Storage,Storage,team:Analytics,643.57,INR,90.39,1 Hour
2026-02-03,sub-psiog-001,MAC-02,rg-mac-02-analytics-prod,Microsoft.Network/virtualNetworks,Virtual Networks,Networking,team:Analytics,166.23,INR,2.46,1 Hour
2026-02-03,sub-psiog-001,MAC-02,rg-mac-02-analytics-prod,Microsoft.Sql/servers/databases,SQL Database,Data Services,team:Analytics,898.54,INR,23.58,1 Hour
2026-02-03,sub-psiog-001,MAC-03,rg-mac-03-product-prod,Microsoft.ContainerService/managedClusters,AKS Clusters,Compute,team:Product,659.0,INR,63.07,1 Hour
2026-02-03,sub-psiog-001,MAC-03,rg-mac-03-product-prod,Microsoft.Storage/storageAccounts/fileServices,File Storage,Storage,team:Product,212.58,INR,70.77,1 Hour
2026-02-03,sub-psiog-001,MAC-03,rg-mac-03-product-prod,Microsoft.Network/loadBalancers,Load Balancers,Networking,team:Product,110.63,INR,26.27,1 Hour
2026-02-03,sub-psiog-001,MAC-03,rg-mac-03-product-prod,Microsoft.DocumentDB/databaseAccounts,Cosmos DB,Data Services,team:Product,348.59,INR,38.53,1 Hour
2026-02-03,sub-psiog-001,MAC-03,rg-mac-03-frontend-prod,Microsoft.Compute/virtualMachines,Virtual Machines,Compute,team:Frontend,609.15,INR,54.96,1 Hour
2026-02-03,sub-psiog-001,MAC-03,rg-mac-03-frontend-prod,Microsoft.Storage/storageAccounts,Blob Storage,Storage,team:Frontend,158.93,INR,11.13,1 Hour
2026-02-03,sub-psiog-001,MAC-03,rg-mac-03-frontend-prod,Microsoft.Network/virtualNetworks,Virtual Networks,Networking,team:Frontend,108.25,INR,56.29,1 Hour
2026-02-03,sub-psiog-001,MAC-03,rg-mac-03-frontend-prod,Microsoft.Sql/servers/databases,SQL Database,Data Services,team:Frontend,217.84,INR,63.26,1 Hour
2026-02-03,sub-psiog-001,MAC-04,rg-mac-04-backend-prod,Microsoft.ContainerService/managedClusters,AKS Clusters,Compute,team:Backend,912.97,INR,54.64,1 Hour
2026-02-03,sub-psiog-001,MAC-04,rg-mac-04-backend-prod,Microsoft.Storage/storageAccounts,Blob Storage,Storage,team:Backend,389.37,INR,72.79,1 Hour
2026-02-03,sub-psiog-001,MAC-04,rg-mac-04-backend-prod,Microsoft.Network/virtualNetworks,Virtual Networks,Networking,team:Backend,259.17,INR,66.79,1 Hour
2026-02-03,sub-psiog-001,MAC-04,rg-mac-04-backend-prod,Microsoft.DocumentDB/databaseAccounts,Cosmos DB,Data Services,team:Backend,521.69,INR,80.6,1 Hour
2026-02-03,sub-psiog-001,MAC-04,rg-mac-04-qa-prod,Microsoft.Compute/virtualMachines,Virtual Machines,Compute,team:QA,465.54,INR,41.92,1 Hour
2026-02-03,sub-psiog-001,MAC-04,rg-mac-04-qa-prod,Microsoft.Storage/storageAccounts,Blob Storage,Storage,team:QA,163.96,INR,38.94,1 Hour
2026-02-03,sub-psiog-001,MAC-04,rg-mac-04-qa-prod,Microsoft.Network/loadBalancers,Load Balancers,Networking,team:QA,92.76,INR,66.28,1 Hour
2026-02-03,sub-psiog-001,MAC-04,rg-mac-04-qa-prod,Microsoft.Sql/servers/databases,SQL Database,Data Services,team:QA,259.68,INR,30.75,1 Hour
2026-02-03,sub-psiog-001,MAC-05,rg-mac-05-security-prod,Microsoft.ContainerService/managedClusters,AKS Clusters,Compute,team:Security,663.04,INR,94.98,1 Hour
2026-02-03,sub-psiog-001,MAC-05,rg-mac-05-security-prod,Microsoft.Storage/storageAccounts,Blob Storage,Storage,team:Security,277.55,INR,48.37,1 Hour
2026-02-03,sub-psiog-001,MAC-05,rg-mac-05-security-prod,Microsoft.Network/virtualNetworks,Virtual Networks,Networking,team:Security,331.16,INR,59.21,1 Hour
2026-02-03,sub-psiog-001,MAC-05,rg-mac-05-security-prod,Microsoft.DocumentDB/databaseAccounts,Cosmos DB,Data Services,team:Security,330.75,INR,91.79,1 Hour
2026-02-03,sub-psiog-001,MAC-05,rg-mac-05-compliance-prod,Microsoft.Compute/virtualMachines,Virtual Machines,Compute,team:Compliance,416.5,INR,7.92,1 Hour
2026-02-03,sub-psiog-001,MAC-05,rg-mac-05-compliance-prod,Microsoft.Storage/storageAccounts,Blob Storage,Storage,team:Compliance,216.56,INR,59.58,1 Hour
2026-02-03,sub-psiog-001,MAC-05,rg-mac-05-compliance-prod,Microsoft.Network/loadBalancers,Load Balancers,Networking,team:Compliance,156.39,INR,68.22,1 Hour
2026-02-03,sub-psiog-001,MAC-05,rg-mac-05-compliance-prod,Microsoft.DocumentDB/databaseAccounts,Cosmos DB,Data Services,team:Compliance,319.24,INR,23.52,1 Hour
2026-02-03,sub-psiog-001,MAC-06,rg-mac-06-infrastructure-prod,Microsoft.Compute/virtualMachines,Virtual Machines,Compute,team:Infrastructure,1388.65,INR,46.78,1 Hour
2026-02-03,sub-psiog-001,MAC-06,rg-mac-06-infrastructure-prod,Microsoft.Storage/storageAccounts,Blob Storage,Storage,team:Infrastructure,437.41,INR,26.93,1 Hour
2026-02-03,sub-psiog-001,MAC-06,rg-mac-06-infrastructure-prod,Microsoft.Network/loadBalancers,Load Balancers,Networking,team:Infrastructure,400.17,INR,21.7,1 Hour
2026-02-03,sub-psiog-001,MAC-06,rg-mac-06-infrastructure-prod,Microsoft.DocumentDB/databaseAccounts,Cosmos DB,Data Services,team:Infrastructure,469.79,INR,60.99,1 Hour
2026-02-03,sub-psiog-001,MAC-06,rg-mac-06-cloudops-prod,Microsoft.ContainerService/managedClusters,AKS Clusters,Compute,team:CloudOps,1265.8,INR,99.67,1 Hour
2026-02-03,sub-psiog-001,MAC-06,rg-mac-06-cloudops-prod,Microsoft.Storage/storageAccounts/fileServices,File Storage,Storage,team:CloudOps,457.62,INR,75.55,1 Hour
2026-02-03,sub-psiog-001,MAC-06,rg-mac-06-cloudops-prod,Microsoft.Network/loadBalancers,Load Balancers,Networking,team:CloudOps,318.89,INR,18.52,1 Hour
2026-02-03,sub-psiog-001,MAC-06,rg-mac-06-cloudops-prod,Microsoft.Sql/servers/databases,SQL Database,Data Services,team:CloudOps,445.21,INR,39.82,1 Hour
2026-02-03,sub-psiog-001,MAC-07,rg-mac-07-ml-prod,Microsoft.ContainerService/managedClusters,AKS Clusters,Compute,team:ML,1912.3,INR,48.63,1 Hour
2026-02-03,sub-psiog-001,MAC-07,rg-mac-07-ml-prod,Microsoft.Storage/storageAccounts,Blob Storage,Storage,team:ML,512.09,INR,81.5,1 Hour
2026-02-03,sub-psiog-001,MAC-07,rg-mac-07-ml-prod,Microsoft.Network/loadBalancers,Load Balancers,Networking,team:ML,205.7,INR,17.29,1 Hour
2026-02-03,sub-psiog-001,MAC-07,rg-mac-07-ml-prod,Microsoft.Sql/servers/databases,SQL Database,Data Services,team:ML,814.79,INR,29.51,1 Hour
2026-02-03,sub-psiog-001,MAC-07,rg-mac-07-research-prod,Microsoft.Compute/virtualMachines,Virtual Machines,Compute,team:Research,762.26,INR,31.9,1 Hour
2026-02-03,sub-psiog-001,MAC-07,rg-mac-07-research-prod,Microsoft.Storage/storageAccounts/fileServices,File Storage,Storage,team:Research,546.38,INR,68.53,1 Hour
2026-02-03,sub-psiog-001,MAC-07,rg-mac-07-research-prod,Microsoft.Network/loadBalancers,Load Balancers,Networking,team:Research,168.21,INR,40.4,1 Hour
2026-02-03,sub-psiog-001,MAC-07,rg-mac-07-research-prod,Microsoft.Sql/servers/databases,SQL Database,Data Services,team:Research,669.64,INR,11.66,1 Hour
2026-02-03,sub-psiog-001,MAC-08,rg-mac-08-finance-prod,Microsoft.ContainerService/managedClusters,AKS Clusters,Compute,team:Finance,306.53,INR,90.33,1 Hour
2026-02-03,sub-psiog-001,MAC-08,rg-mac-08-finance-prod,Microsoft.Storage/storageAccounts,Blob Storage,Storage,team:Finance,192.8,INR,61.21,1 Hour
2026-02-03,sub-psiog-001,MAC-08,rg-mac-08-finance-prod,Microsoft.Network/virtualNetworks,Virtual Networks,Networking,team:Finance,115.14,INR,20.55,1 Hour
2026-02-03,sub-psiog-001,MAC-08,rg-mac-08-finance-prod,Microsoft.Sql/servers/databases,SQL Database,Data Services,team:Finance,432.91,INR,22.99,1 Hour
2026-02-03,sub-psiog-001,MAC-08,rg-mac-08-operations-prod,Microsoft.ContainerService/managedClusters,AKS Clusters,Compute,team:Operations,522.8,INR,31.61,1 Hour
2026-02-03,sub-psiog-001,MAC-08,rg-mac-08-operations-prod,Microsoft.Storage/storageAccounts,Blob Storage,Storage,team:Operations,339.33,INR,12.98,1 Hour
2026-02-03,sub-psiog-001,MAC-08,rg-mac-08-operations-prod,Microsoft.Network/virtualNetworks,Virtual Networks,Networking,team:Operations,127.79,INR,28.78,1 Hour
2026-02-03,sub-psiog-001,MAC-08,rg-mac-08-operations-prod,Microsoft.Sql/servers/databases,SQL Database,Data Services,team:Operations,373.18,INR,51.99,1 Hour
2026-02-04,sub-psiog-001,MAC-01,rg-mac-01-devops-prod,Microsoft.ContainerService/managedClusters,AKS Clusters,Compute,team:DevOps,1242.79,INR,14.57,1 Hour
2026-02-04,sub-psiog-001,MAC-01,rg-mac-01-devops-prod,Microsoft.Storage/storageAccounts/fileServices,File Storage,Storage,team:DevOps,320.04,INR,62.04,1 Hour
2026-02-04,sub-psiog-001,MAC-01,rg-mac-01-devops-prod,Microsoft.Network/loadBalancers,Load Balancers,Networking,team:DevOps,210.74,INR,16.54,1 Hour
2026-02-04,sub-psiog-001,MAC-01,rg-mac-01-devops-prod,Microsoft.DocumentDB/databaseAccounts,Cosmos DB,Data Services,team:DevOps,420.8,INR,24.13,1 Hour
2026-02-04,sub-psiog-001,MAC-01,rg-mac-01-platform-prod,Microsoft.Compute/virtualMachines,Virtual Machines,Compute,team:Platform,1236.55,INR,7.59,1 Hour
2026-02-04,sub-psiog-001,MAC-01,rg-mac-01-platform-prod,Microsoft.Storage/storageAccounts/fileServices,File Storage,Storage,team:Platform,306.03,INR,54.94,1 Hour
2026-02-04,sub-psiog-001,MAC-01,rg-mac-01-platform-prod,Microsoft.Network/loadBalancers,Load Balancers,Networking,team:Platform,306.74,INR,74.57,1 Hour
2026-02-04,sub-psiog-001,MAC-01,rg-mac-01-platform-prod,Microsoft.DocumentDB/databaseAccounts,Cosmos DB,Data Services,team:Platform,382.33,INR,83.01,1 Hour
2026-02-04,sub-psiog-001,MAC-02,rg-mac-02-dataengineering-prod,Microsoft.Compute/virtualMachines,Virtual Machines,Compute,team:DataEngineering,1035.53,INR,47.49,1 Hour
2026-02-04,sub-psiog-001,MAC-02,rg-mac-02-dataengineering-prod,Microsoft.Storage/storageAccounts/fileServices,File Storage,Storage,team:DataEngineering,653.19,INR,1.42,1 Hour
2026-02-04,sub-psiog-001,MAC-02,rg-mac-02-dataengineering-prod,Microsoft.Network/virtualNetworks,Virtual Networks,Networking,team:DataEngineering,189.87,INR,10.86,1 Hour
2026-02-04,sub-psiog-001,MAC-02,rg-mac-02-dataengineering-prod,Microsoft.Sql/servers/databases,SQL Database,Data Services,team:DataEngineering,992.95,INR,93.74,1 Hour
2026-02-04,sub-psiog-001,MAC-02,rg-mac-02-analytics-prod,Microsoft.Compute/virtualMachines,Virtual Machines,Compute,team:Analytics,893.03,INR,20.89,1 Hour
2026-02-04,sub-psiog-001,MAC-02,rg-mac-02-analytics-prod,Microsoft.Storage/storageAccounts/fileServices,File Storage,Storage,team:Analytics,603.52,INR,97.63,1 Hour
2026-02-04,sub-psiog-001,MAC-02,rg-mac-02-analytics-prod,Microsoft.Network/virtualNetworks,Virtual Networks,Networking,team:Analytics,175.13,INR,99.34,1 Hour
2026-02-04,sub-psiog-001,MAC-02,rg-mac-02-analytics-prod,Microsoft.DocumentDB/databaseAccounts,Cosmos DB,Data Services,team:Analytics,1025.69,INR,60.69,1 Hour
2026-02-04,sub-psiog-001,MAC-03,rg-mac-03-product-prod,Microsoft.ContainerService/managedClusters,AKS Clusters,Compute,team:Product,580.61,INR,19.27,1 Hour
2026-02-04,sub-psiog-001,MAC-03,rg-mac-03-product-prod,Microsoft.Storage/storageAccounts/fileServices,File Storage,Storage,team:Product,214.11,INR,97.02,1 Hour
2026-02-04,sub-psiog-001,MAC-03,rg-mac-03-product-prod,Microsoft.Network/loadBalancers,Load Balancers,Networking,team:Product,139.31,INR,62.65,1 Hour
2026-02-04,sub-psiog-001,MAC-03,rg-mac-03-product-prod,Microsoft.DocumentDB/databaseAccounts,Cosmos DB,Data Services,team:Product,273.41,INR,82.37,1 Hour
2026-02-04,sub-psiog-001,MAC-03,rg-mac-03-frontend-prod,Microsoft.Compute/virtualMachines,Virtual Machines,Compute,team:Frontend,566.56,INR,7.44,1 Hour
2026-02-04,sub-psiog-001,MAC-03,rg-mac-03-frontend-prod,Microsoft.Storage/storageAccounts/fileServices,File Storage,Storage,team:Frontend,179.23,INR,16.21,1 Hour
2026-02-04,sub-psiog-001,MAC-03,rg-mac-03-frontend-prod,Microsoft.Network/loadBalancers,Load Balancers,Networking,team:Frontend,98.78,INR,44.67,1 Hour
2026-02-04,sub-psiog-001,MAC-03,rg-mac-03-frontend-prod,Microsoft.Sql/servers/databases,SQL Database,Data Services,team:Frontend,193.33,INR,34.89,1 Hour
2026-02-04,sub-psiog-001,MAC-04,rg-mac-04-backend-prod,Microsoft.ContainerService/managedClusters,AKS Clusters,Compute,team:Backend,1151.22,INR,69.27,1 Hour
2026-02-04,sub-psiog-001,MAC-04,rg-mac-04-backend-prod,Microsoft.Storage/storageAccounts/fileServices,File Storage,Storage,team:Backend,387.71,INR,25.65,1 Hour
2026-02-04,sub-psiog-001,MAC-04,rg-mac-04-backend-prod,Microsoft.Network/loadBalancers,Load Balancers,Networking,team:Backend,233.81,INR,87.62,1 Hour
2026-02-04,sub-psiog-001,MAC-04,rg-mac-04-backend-prod,Microsoft.DocumentDB/databaseAccounts,Cosmos DB,Data Services,team:Backend,519.57,INR,43.42,1 Hour
2026-02-04,sub-psiog-001,MAC-04,rg-mac-04-qa-prod,Microsoft.ContainerService/managedClusters,AKS Clusters,Compute,team:QA,486.62,INR,58.53,1 Hour
2026-02-04,sub-psiog-001,MAC-04,rg-mac-04-qa-prod,Microsoft.Storage/storageAccounts/fileServices,File Storage,Storage,team:QA,183.16,INR,2.12,1 Hour
2026-02-04,sub-psiog-001,MAC-04,rg-mac-04-qa-prod,Microsoft.Network/virtualNetworks,Virtual Networks,Networking,team:QA,110.24,INR,93.14,1 Hour
2026-02-04,sub-psiog-001,MAC-04,rg-mac-04-qa-prod,Microsoft.Sql/servers/databases,SQL Database,Data Services,team:QA,257.32,INR,2.88,1 Hour
2026-02-04,sub-psiog-001,MAC-05,rg-mac-05-security-prod,Microsoft.ContainerService/managedClusters,AKS Clusters,Compute,team:Security,834.64,INR,52.86,1 Hour
2026-02-04,sub-psiog-001,MAC-05,rg-mac-05-security-prod,Microsoft.Storage/storageAccounts/fileServices,File Storage,Storage,team:Security,261.97,INR,46.73,1 Hour
2026-02-04,sub-psiog-001,MAC-05,rg-mac-05-security-prod,Microsoft.Network/loadBalancers,Load Balancers,Networking,team:Security,325.33,INR,74.63,1 Hour
2026-02-04,sub-psiog-001,MAC-05,rg-mac-05-security-prod,Microsoft.DocumentDB/databaseAccounts,Cosmos DB,Data Services,team:Security,332.62,INR,47.62,1 Hour
2026-02-04,sub-psiog-001,MAC-05,rg-mac-05-compliance-prod,Microsoft.ContainerService/managedClusters,AKS Clusters,Compute,team:Compliance,394.03,INR,99.69,1 Hour
2026-02-04,sub-psiog-001,MAC-05,rg-mac-05-compliance-prod,Microsoft.Storage/storageAccounts/fileServices,File Storage,Storage,team:Compliance,223.89,INR,58.79,1 Hour
2026-02-04,sub-psiog-001,MAC-05,rg-mac-05-compliance-prod,Microsoft.Network/virtualNetworks,Virtual Networks,Networking,team:Compliance,164.3,INR,10.1,1 Hour
2026-02-04,sub-psiog-001,MAC-05,rg-mac-05-compliance-prod,Microsoft.DocumentDB/databaseAccounts,Cosmos DB,Data Services,team:Compliance,317.18,INR,85.64,1 Hour
2026-02-04,sub-psiog-001,MAC-06,rg-mac-06-infrastructure-prod,Microsoft.ContainerService/managedClusters,AKS Clusters,Compute,team:Infrastructure,1667.04,INR,6.17,1 Hour
2026-02-04,sub-psiog-001,MAC-06,rg-mac-06-infrastructure-prod,Microsoft.Storage/storageAccounts,Blob Storage,Storage,team:Infrastructure,429.39,INR,23.75,1 Hour
2026-02-04,sub-psiog-001,MAC-06,rg-mac-06-infrastructure-prod,Microsoft.Network/loadBalancers,Load Balancers,Networking,team:Infrastructure,358.59,INR,97.97,1 Hour
2026-02-04,sub-psiog-001,MAC-06,rg-mac-06-infrastructure-prod,Microsoft.Sql/servers/databases,SQL Database,Data Services,team:Infrastructure,446.21,INR,44.52,1 Hour
2026-02-04,sub-psiog-001,MAC-06,rg-mac-06-cloudops-prod,Microsoft.Compute/virtualMachines,Virtual Machines,Compute,team:CloudOps,1396.03,INR,10.69,1 Hour
2026-02-04,sub-psiog-001,MAC-06,rg-mac-06-cloudops-prod,Microsoft.Storage/storageAccounts,Blob Storage,Storage,team:CloudOps,412.17,INR,46.8,1 Hour
2026-02-04,sub-psiog-001,MAC-06,rg-mac-06-cloudops-prod,Microsoft.Network/virtualNetworks,Virtual Networks,Networking,team:CloudOps,372.89,INR,79.52,1 Hour
2026-02-04,sub-psiog-001,MAC-06,rg-mac-06-cloudops-prod,Microsoft.Sql/servers/databases,SQL Database,Data Services,team:CloudOps,385.14,INR,60.98,1 Hour
2026-02-04,sub-psiog-001,MAC-07,rg-mac-07-ml-prod,Microsoft.ContainerService/managedClusters,AKS Clusters,Compute,team:ML,1578.66,INR,14.84,1 Hour
2026-02-04,sub-psiog-001,MAC-07,rg-mac-07-ml-prod,Microsoft.Storage/storageAccounts/fileServices,File Storage,Storage,team:ML,587.79,INR,12.16,1 Hour
2026-02-04,sub-psiog-001,MAC-07,rg-mac-07-ml-prod,Microsoft.Network/virtualNetworks,Virtual Networks,Networking,team:ML,206.63,INR,61.35,1 Hour
2026-02-04,sub-psiog-001,MAC-07,rg-mac-07-ml-prod,Microsoft.Sql/servers/databases,SQL Database,Data Services,team:ML,654.12,INR,67.9,1 Hour
2026-02-04,sub-psiog-001,MAC-07,rg-mac-07-research-prod,Microsoft.Compute/virtualMachines,Virtual Machines,Compute,team:Research,732.55,INR,5.51,1 Hour
2026-02-04,sub-psiog-001,MAC-07,rg-mac-07-research-prod,Microsoft.Storage/storageAccounts/fileServices,File Storage,Storage,team:Research,517.36,INR,14.66,1 Hour
2026-02-04,sub-psiog-001,MAC-07,rg-mac-07-research-prod,Microsoft.Network/loadBalancers,Load Balancers,Networking,team:Research,175.49,INR,70.53,1 Hour
2026-02-04,sub-psiog-001,MAC-07,rg-mac-07-research-prod,Microsoft.Sql/servers/databases,SQL Database,Data Services,team:Research,628.62,INR,29.36,1 Hour
2026-02-04,sub-psiog-001,MAC-08,rg-mac-08-finance-prod,Microsoft.Compute/virtualMachines,Virtual Machines,Compute,team:Finance,317.78,INR,88.85,1 Hour
2026-02-04,sub-psiog-001,MAC-08,rg-mac-08-finance-prod,Microsoft.Storage/storageAccounts,Blob Storage,Storage,team:Finance,183.0,INR,15.55,1 Hour
2026-02-04,sub-psiog-001,MAC-08,rg-mac-08-finance-prod,Microsoft.Network/virtualNetworks,Virtual Networks,Networking,team:Finance,93.13,INR,98.35,1 Hour
2026-02-04,sub-psiog-001,MAC-08,rg-mac-08-finance-prod,Microsoft.DocumentDB/databaseAccounts,Cosmos DB,Data Services,team:Finance,495.47,INR,13.07,1 Hour
2026-02-04,sub-psiog-001,MAC-08,rg-mac-08-operations-prod,Microsoft.Compute/virtualMachines,Virtual Machines,Compute,team:Operations,444.31,INR,46.33,1 Hour
2026-02-04,sub-psiog-001,MAC-08,rg-mac-08-operations-prod,Microsoft.Storage/storageAccounts/fileServices,File Storage,Storage,team:Operations,299.06,INR,76.3,1 Hour
2026-02-04,sub-psiog-001,MAC-08,rg-mac-08-operations-prod,Microsoft.Network/loadBalancers,Load Balancers,Networking,team:Operations,122.33,INR,76.84,1 Hour
2026-02-04,sub-psiog-001,MAC-08,rg-mac-08-operations-prod,Microsoft.DocumentDB/databaseAccounts,Cosmos DB,Data Services,team:Operations,441.01,INR,10.71,1 Hour
2026-02-05,sub-psiog-001,MAC-01,rg-mac-01-devops-prod,Microsoft.Compute/virtualMachines,Virtual Machines,Compute,team:DevOps,1371.85,INR,66.46,1 Hour
2026-02-05,sub-psiog-001,MAC-01,rg-mac-01-devops-prod,Microsoft.Storage/storageAccounts/fileServices,File Storage,Storage,team:DevOps,318.35,INR,73.48,1 Hour
2026-02-05,sub-psiog-001,MAC-01,rg-mac-01-devops-prod,Microsoft.Network/virtualNetworks,Virtual Networks,Networking,team:DevOps,211.42,INR,22.06,1 Hour
2026-02-05,sub-psiog-001,MAC-01,rg-mac-01-devops-prod,Microsoft.DocumentDB/databaseAccounts,Cosmos DB,Data Services,team:DevOps,436.13,INR,12.46,1 Hour
2026-02-05,sub-psiog-001,MAC-01,rg-mac-01-platform-prod,Microsoft.ContainerService/managedClusters,AKS Clusters,Compute,team:Platform,1188.06,INR,40.19,1 Hour
2026-02-05,sub-psiog-001,MAC-01,rg-mac-01-platform-prod,Microsoft.Storage/storageAccounts/fileServices,File Storage,Storage,team:Platform,294.89,INR,33.18,1 Hour
2026-02-05,sub-psiog-001,MAC-01,rg-mac-01-platform-prod,Microsoft.Network/loadBalancers,Load Balancers,Networking,team:Platform,239.28,INR,6.67,1 Hour
2026-02-05,sub-psiog-001,MAC-01,rg-mac-01-platform-prod,Microsoft.Sql/servers/databases,SQL Database,Data Services,team:Platform,442.73,INR,76.69,1 Hour
2026-02-05,sub-psiog-001,MAC-02,rg-mac-02-dataengineering-prod,Microsoft.ContainerService/managedClusters,AKS Clusters,Compute,team:DataEngineering,915.81,INR,55.73,1 Hour
2026-02-05,sub-psiog-001,MAC-02,rg-mac-02-dataengineering-prod,Microsoft.Storage/storageAccounts/fileServices,File Storage,Storage,team:DataEngineering,608.73,INR,73.71,1 Hour
2026-02-05,sub-psiog-001,MAC-02,rg-mac-02-dataengineering-prod,Microsoft.Network/loadBalancers,Load Balancers,Networking,team:DataEngineering,194.47,INR,92.71,1 Hour
2026-02-05,sub-psiog-001,MAC-02,rg-mac-02-dataengineering-prod,Microsoft.DocumentDB/databaseAccounts,Cosmos DB,Data Services,team:DataEngineering,1000.87,INR,85.87,1 Hour
2026-02-05,sub-psiog-001,MAC-02,rg-mac-02-analytics-prod,Microsoft.Compute/virtualMachines,Virtual Machines,Compute,team:Analytics,872.01,INR,90.99,1 Hour
2026-02-05,sub-psiog-001,MAC-02,rg-mac-02-analytics-prod,Microsoft.Storage/storageAccounts/fileServices,File Storage,Storage,team:Analytics,507.41,INR,48.23,1 Hour
2026-02-05,sub-psiog-001,MAC-02,rg-mac-02-analytics-prod,Microsoft.Network/virtualNetworks,Virtual Networks,Networking,team:Analytics,159.88,INR,63.93,1 Hour
2026-02-05,sub-psiog-001,MAC-02,rg-mac-02-analytics-prod,Microsoft.DocumentDB/databaseAccounts,Cosmos DB,Data Services,team:Analytics,811.12,INR,29.92,1 Hour
2026-02-05,sub-psiog-001,MAC-03,rg-mac-03-product-prod,Microsoft.ContainerService/managedClusters,AKS Clusters,Compute,team:Product,574.11,INR,99.38,1 Hour
2026-02-05,sub-psiog-001,MAC-03,rg-mac-03-product-prod,Microsoft.Storage/storageAccounts/fileServices,File Storage,Storage,team:Product,222.99,INR,64.17,1 Hour
2026-02-05,sub-psiog-001,MAC-03,rg-mac-03-product-prod,Microsoft.Network/loadBalancers,Load Balancers,Networking,team:Product,119.75,INR,58.76,1 Hour
2026-02-05,sub-psiog-001,MAC-03,rg-mac-03-product-prod,Microsoft.DocumentDB/databaseAccounts,Cosmos DB,Data Services,team:Product,323.33,INR,73.39,1 Hour
2026-02-05,sub-psiog-001,MAC-03,rg-mac-03-frontend-prod,Microsoft.ContainerService/managedClusters,AKS Clusters,Compute,team:Frontend,454.87,INR,87.37,1 Hour
2026-02-05,sub-psiog-001,MAC-03,rg-mac-03-frontend-prod,Microsoft.Storage/storageAccounts,Blob Storage,Storage,team:Frontend,147.66,INR,36.03,1 Hour
2026-02-05,sub-psiog-001,MAC-03,rg-mac-03-frontend-prod,Microsoft.Network/virtualNetworks,Virtual Networks,Networking,team:Frontend,100.01,INR,69.96,1 Hour
2026-02-05,sub-psiog-001,MAC-03,rg-mac-03-frontend-prod,Microsoft.Sql/servers/databases,SQL Database,Data Services,team:Frontend,211.76,INR,53.31,1 Hour
2026-02-05,sub-psiog-001,MAC-04,rg-mac-04-backend-prod,Microsoft.Compute/virtualMachines,Virtual Machines,Compute,team:Backend,1094.93,INR,74.42,1 Hour
2026-02-05,sub-psiog-001,MAC-04,rg-mac-04-backend-prod,Microsoft.Storage/storageAccounts/fileServices,File Storage,Storage,team:Backend,359.64,INR,32.19,1 Hour
2026-02-05,sub-psiog-001,MAC-04,rg-mac-04-backend-prod,Microsoft.Network/loadBalancers,Load Balancers,Networking,team:Backend,240.25,INR,72.37,1 Hour
2026-02-05,sub-psiog-001,MAC-04,rg-mac-04-backend-prod,Microsoft.Sql/servers/databases,SQL Database,Data Services,team:Backend,497.67,INR,96.87,1 Hour
2026-02-05,sub-psiog-001,MAC-04,rg-mac-04-qa-prod,Microsoft.Compute/virtualMachines,Virtual Machines,Compute,team:QA,387.55,INR,36.94,1 Hour
2026-02-05,sub-psiog-001,MAC-04,rg-mac-04-qa-prod,Microsoft.Storage/storageAccounts,Blob Storage,Storage,team:QA,167.36,INR,60.33,1 Hour
2026-02-05,sub-psiog-001,MAC-04,rg-mac-04-qa-prod,Microsoft.Network/virtualNetworks,Virtual Networks,Networking,team:QA,87.53,INR,4.22,1 Hour
2026-02-05,sub-psiog-001,MAC-04,rg-mac-04-qa-prod,Microsoft.Sql/servers/databases,SQL Database,Data Services,team:QA,297.99,INR,42.45,1 Hour
2026-02-05,sub-psiog-001,MAC-05,rg-mac-05-security-prod,Microsoft.Compute/virtualMachines,Virtual Machines,Compute,team:Security,639.38,INR,16.29,1 Hour
2026-02-05,sub-psiog-001,MAC-05,rg-mac-05-security-prod,Microsoft.Storage/storageAccounts/fileServices,File Storage,Storage,team:Security,248.67,INR,97.55,1 Hour
2026-02-05,sub-psiog-001,MAC-05,rg-mac-05-security-prod,Microsoft.Network/virtualNetworks,Virtual Networks,Networking,team:Security,347.64,INR,36.98,1 Hour
2026-02-05,sub-psiog-001,MAC-05,rg-mac-05-security-prod,Microsoft.Sql/servers/databases,SQL Database,Data Services,team:Security,327.4,INR,17.57,1 Hour
2026-02-05,sub-psiog-001,MAC-05,rg-mac-05-compliance-prod,Microsoft.ContainerService/managedClusters,AKS Clusters,Compute,team:Compliance,420.65,INR,38.25,1 Hour
2026-02-05,sub-psiog-001,MAC-05,rg-mac-05-compliance-prod,Microsoft.Storage/storageAccounts/fileServices,File Storage,Storage,team:Compliance,218.61,INR,30.04,1 Hour
2026-02-05,sub-psiog-001,MAC-05,rg-mac-05-compliance-prod,Microsoft.Network/loadBalancers,Load Balancers,Networking,team:Compliance,145.39,INR,37.4,1 Hour
2026-02-05,sub-psiog-001,MAC-05,rg-mac-05-compliance-prod,Microsoft.DocumentDB/databaseAccounts,Cosmos DB,Data Services,team:Compliance,338.82,INR,57.2,1 Hour
2026-02-05,sub-psiog-001,MAC-06,rg-mac-06-infrastructure-prod,Microsoft.ContainerService/managedClusters,AKS Clusters,Compute,team:Infrastructure,1301.19,INR,27.63,1 Hour
2026-02-05,sub-psiog-001,MAC-06,rg-mac-06-infrastructure-prod,Microsoft.Storage/storageAccounts,Blob Storage,Storage,team:Infrastructure,447.8,INR,42.33,1 Hour
2026-02-05,sub-psiog-001,MAC-06,rg-mac-06-infrastructure-prod,Microsoft.Network/loadBalancers,Load Balancers,Networking,team:Infrastructure,429.17,INR,89.27,1 Hour
2026-02-05,sub-psiog-001,MAC-06,rg-mac-06-infrastructure-prod,Microsoft.Sql/servers/databases,SQL Database,Data Services,team:Infrastructure,476.36,INR,82.81,1 Hour
2026-02-05,sub-psiog-001,MAC-06,rg-mac-06-cloudops-prod,Microsoft.Compute/virtualMachines,Virtual Machines,Compute,team:CloudOps,1529.38,INR,35.14,1 Hour
2026-02-05,sub-psiog-001,MAC-06,rg-mac-06-cloudops-prod,Microsoft.Storage/storageAccounts,Blob Storage,Storage,team:CloudOps,386.28,INR,88.76,1 Hour
2026-02-05,sub-psiog-001,MAC-06,rg-mac-06-cloudops-prod,Microsoft.Network/loadBalancers,Load Balancers,Networking,team:CloudOps,354.3,INR,22.4,1 Hour
2026-02-05,sub-psiog-001,MAC-06,rg-mac-06-cloudops-prod,Microsoft.DocumentDB/databaseAccounts,Cosmos DB,Data Services,team:CloudOps,412.94,INR,82.41,1 Hour
2026-02-05,sub-psiog-001,MAC-07,rg-mac-07-ml-prod,Microsoft.Compute/virtualMachines,Virtual Machines,Compute,team:ML,1761.54,INR,32.66,1 Hour
2026-02-05,sub-psiog-001,MAC-07,rg-mac-07-ml-prod,Microsoft.Storage/storageAccounts,Blob Storage,Storage,team:ML,504.61,INR,91.45,1 Hour
2026-02-05,sub-psiog-001,MAC-07,rg-mac-07-ml-prod,Microsoft.Network/loadBalancers,Load Balancers,Networking,team:ML,187.83,INR,92.9,1 Hour
2026-02-05,sub-psiog-001,MAC-07,rg-mac-07-ml-prod,Microsoft.Sql/servers/databases,SQL Database,Data Services,team:ML,725.95,INR,37.74,1 Hour
2026-02-05,sub-psiog-001,MAC-07,rg-mac-07-research-prod,Microsoft.Compute/virtualMachines,Virtual Machines,Compute,team:Research,841.99,INR,45.51,1 Hour
2026-02-05,sub-psiog-001,MAC-07,rg-mac-07-research-prod,Microsoft.Storage/storageAccounts,Blob Storage,Storage,team:Research,546.35,INR,23.78,1 Hour
2026-02-05,sub-psiog-001,MAC-07,rg-mac-07-research-prod,Microsoft.Network/virtualNetworks,Virtual Networks,Networking,team:Research,183.52,INR,10.18,1 Hour
2026-02-05,sub-psiog-001,MAC-07,rg-mac-07-research-prod,Microsoft.DocumentDB/databaseAccounts,Cosmos DB,Data Services,team:Research,650.39,INR,39.51,1 Hour
2026-02-05,sub-psiog-001,MAC-08,rg-mac-08-finance-prod,Microsoft.Compute/virtualMachines,Virtual Machines,Compute,team:Finance,315.57,INR,68.07,1 Hour
2026-02-05,sub-psiog-001,MAC-08,rg-mac-08-finance-prod,Microsoft.Storage/storageAccounts/fileServices,File Storage,Storage,team:Finance,211.78,INR,97.11,1 Hour
2026-02-05,sub-psiog-001,MAC-08,rg-mac-08-finance-prod,Microsoft.Network/loadBalancers,Load Balancers,Networking,team:Finance,102.17,INR,87.61,1 Hour
2026-02-05,sub-psiog-001,MAC-08,rg-mac-08-finance-prod,Microsoft.DocumentDB/databaseAccounts,Cosmos DB,Data Services,team:Finance,436.44,INR,98.11,1 Hour
2026-02-05,sub-psiog-001,MAC-08,rg-mac-08-operations-prod,Microsoft.Compute/virtualMachines,Virtual Machines,Compute,team:Operations,501.02,INR,82.42,1 Hour
2026-02-05,sub-psiog-001,MAC-08,rg-mac-08-operations-prod,Microsoft.Storage/storageAccounts,Blob Storage,Storage,team:Operations,352.9,INR,3.67,1 Hour
2026-02-05,sub-psiog-001,MAC-08,rg-mac-08-operations-prod,Microsoft.Network/loadBalancers,Load Balancers,Networking,team:Operations,156.01,INR,37.95,1 Hour
2026-02-05,sub-psiog-001,MAC-08,rg-mac-08-operations-prod,Microsoft.DocumentDB/databaseAccounts,Cosmos DB,Data Services,team:Operations,432.35,INR,60.2,1 Hour
2026-02-06,sub-psiog-001,MAC-01,rg-mac-01-devops-prod,Microsoft.ContainerService/managedClusters,AKS Clusters,Compute,team:DevOps,1201.39,INR,78.4,1 Hour
2026-02-06,sub-psiog-001,MAC-01,rg-mac-01-devops-prod,Microsoft.Storage/storageAccounts,Blob Storage,Storage,team:DevOps,300.74,INR,14.76,1 Hour
2026-02-06,sub-psiog-001,MAC-01,rg-mac-01-devops-prod,Microsoft.Network/loadBalancers,Load Balancers,Networking,team:DevOps,209.35,INR,3.74,1 Hour
2026-02-06,sub-psiog-001,MAC-01,rg-mac-01-devops-prod,Microsoft.Sql/servers/databases,SQL Database,Data Services,team:DevOps,376.34,INR,15.37,1 Hour
2026-02-06,sub-psiog-001,MAC-01,rg-mac-01-platform-prod,Microsoft.ContainerService/managedClusters,AKS Clusters,Compute,team:Platform,1193.55,INR,32.99,1 Hour
2026-02-06,sub-psiog-001,MAC-01,rg-mac-01-platform-prod,Microsoft.Storage/storageAccounts,Blob Storage,Storage,team:Platform,325.79,INR,65.73,1 Hour
2026-02-06,sub-psiog-001,MAC-01,rg-mac-01-platform-prod,Microsoft.Network/loadBalancers,Load Balancers,Networking,team:Platform,304.8,INR,64.54,1 Hour
2026-02-06,sub-psiog-001,MAC-01,rg-mac-01-platform-prod,Microsoft.Sql/servers/databases,SQL Database,Data Services,team:Platform,382.47,INR,35.24,1 Hour
2026-02-06,sub-psiog-001,MAC-02,rg-mac-02-dataengineering-prod,Microsoft.Compute/virtualMachines,Virtual Machines,Compute,team:DataEngineering,1074.06,INR,43.23,1 Hour
2026-02-06,sub-psiog-001,MAC-02,rg-mac-02-dataengineering-prod,Microsoft.Storage/storageAccounts/fileServices,File Storage,Storage,team:DataEngineering,601.76,INR,60.99,1 Hour
2026-02-06,sub-psiog-001,MAC-02,rg-mac-02-dataengineering-prod,Microsoft.Network/virtualNetworks,Virtual Networks,Networking,team:DataEngineering,206.86,INR,85.34,1 Hour
2026-02-06,sub-psiog-001,MAC-02,rg-mac-02-dataengineering-prod,Microsoft.Sql/servers/databases,SQL Database,Data Services,team:DataEngineering,867.37,INR,6.65,1 Hour
2026-02-06,sub-psiog-001,MAC-02,rg-mac-02-analytics-prod,Microsoft.ContainerService/managedClusters,AKS Clusters,Compute,team:Analytics,812.01,INR,27.16,1 Hour
2026-02-06,sub-psiog-001,MAC-02,rg-mac-02-analytics-prod,Microsoft.Storage/storageAccounts,Blob Storage,Storage,team:Analytics,644.77,INR,24.58,1 Hour
2026-02-06,sub-psiog-001,MAC-02,rg-mac-02-analytics-prod,Microsoft.Network/loadBalancers,Load Balancers,Networking,team:Analytics,148.09,INR,51.74,1 Hour
2026-02-06,sub-psiog-001,MAC-02,rg-mac-02-analytics-prod,Microsoft.DocumentDB/databaseAccounts,Cosmos DB,Data Services,team:Analytics,955.4,INR,97.92,1 Hour
2026-02-06,sub-psiog-001,MAC-03,rg-mac-03-product-prod,Microsoft.ContainerService/managedClusters,AKS Clusters,Compute,team:Product,696.84,INR,20.39,1 Hour
2026-02-06,sub-psiog-001,MAC-03,rg-mac-03-product-prod,Microsoft.Storage/storageAccounts/fileServices,File Storage,Storage,team:Product,189.12,INR,33.14,1 Hour
2026-02-06,sub-psiog-001,MAC-03,rg-mac-03-product-prod,Microsoft.Network/virtualNetworks,Virtual Networks,Networking,team:Product,136.94,INR,36.75,1 Hour
2026-02-06,sub-psiog-001,MAC-03,rg-mac-03-product-prod,Microsoft.DocumentDB/databaseAccounts,Cosmos DB,Data Services,team:Product,306.75,INR,71.56,1 Hour
2026-02-06,sub-psiog-001,MAC-03,rg-mac-03-frontend-prod,Microsoft.ContainerService/managedClusters,AKS Clusters,Compute,team:Frontend,563.64,INR,49.01,1 Hour
2026-02-06,sub-psiog-001,MAC-03,rg-mac-03-frontend-prod,Microsoft.Storage/storageAccounts/fileServices,File Storage,Storage,team:Frontend,179.01,INR,27.26,1 Hour
2026-02-06,sub-psiog-001,MAC-03,rg-mac-03-frontend-prod,Microsoft.Network/loadBalancers,Load Balancers,Networking,team:Frontend,115.78,INR,39.75,1 Hour
2026-02-06,sub-psiog-001,MAC-03,rg-mac-03-frontend-prod,Microsoft.DocumentDB/databaseAccounts,Cosmos DB,Data Services,team:Frontend,237.94,INR,88.08,1 Hour
2026-02-06,sub-psiog-001,MAC-04,rg-mac-04-backend-prod,Microsoft.ContainerService/managedClusters,AKS Clusters,Compute,team:Backend,999.93,INR,74.59,1 Hour
2026-02-06,sub-psiog-001,MAC-04,rg-mac-04-backend-prod,Microsoft.Storage/storageAccounts,Blob Storage,Storage,team:Backend,430.54,INR,21.17,1 Hour
2026-02-06,sub-psiog-001,MAC-04,rg-mac-04-backend-prod,Microsoft.Network/virtualNetworks,Virtual Networks,Networking,team:Backend,235.31,INR,76.46,1 Hour
2026-02-06,sub-psiog-001,MAC-04,rg-mac-04-backend-prod,Microsoft.Sql/servers/databases,SQL Database,Data Services,team:Backend,586.61,INR,23.22,1 Hour
2026-02-06,sub-psiog-001,MAC-04,rg-mac-04-qa-prod,Microsoft.Compute/virtualMachines,Virtual Machines,Compute,team:QA,457.08,INR,42.05,1 Hour
2026-02-06,sub-psiog-001,MAC-04,rg-mac-04-qa-prod,Microsoft.Storage/storageAccounts,Blob Storage,Storage,team:QA,176.24,INR,72.57,1 Hour
2026-02-06,sub-psiog-001,MAC-04,rg-mac-04-qa-prod,Microsoft.Network/virtualNetworks,Virtual Networks,Networking,team:QA,96.53,INR,11.85,1 Hour
2026-02-06,sub-psiog-001,MAC-04,rg-mac-04-qa-prod,Microsoft.Sql/servers/databases,SQL Database,Data Services,team:QA,298.24,INR,52.4,1 Hour
2026-02-06,sub-psiog-001,MAC-05,rg-mac-05-security-prod,Microsoft.ContainerService/managedClusters,AKS Clusters,Compute,team:Security,785.41,INR,69.3,1 Hour
2026-02-06,sub-psiog-001,MAC-05,rg-mac-05-security-prod,Microsoft.Storage/storageAccounts/fileServices,File Storage,Storage,team:Security,296.37,INR,28.81,1 Hour
2026-02-06,sub-psiog-001,MAC-05,rg-mac-05-security-prod,Microsoft.Network/virtualNetworks,Virtual Networks,Networking,team:Security,273.97,INR,73.94,1 Hour
2026-02-06,sub-psiog-001,MAC-05,rg-mac-05-security-prod,Microsoft.Sql/servers/databases,SQL Database,Data Services,team:Security,357.11,INR,90.17,1 Hour
2026-02-06,sub-psiog-001,MAC-05,rg-mac-05-compliance-prod,Microsoft.Compute/virtualMachines,Virtual Machines,Compute,team:Compliance,338.18,INR,5.93,1 Hour
2026-02-06,sub-psiog-001,MAC-05,rg-mac-05-compliance-prod,Microsoft.Storage/storageAccounts/fileServices,File Storage,Storage,team:Compliance,249.58,INR,53.47,1 Hour
2026-02-06,sub-psiog-001,MAC-05,rg-mac-05-compliance-prod,Microsoft.Network/loadBalancers,Load Balancers,Networking,team:Compliance,170.08,INR,46.73,1 Hour
2026-02-06,sub-psiog-001,MAC-05,rg-mac-05-compliance-prod,Microsoft.DocumentDB/databaseAccounts,Cosmos DB,Data Services,team:Compliance,326.17,INR,96.59,1 Hour
2026-02-06,sub-psiog-001,MAC-06,rg-mac-06-infrastructure-prod,Microsoft.ContainerService/managedClusters,AKS Clusters,Compute,team:Infrastructure,1562.65,INR,82.01,1 Hour
2026-02-06,sub-psiog-001,MAC-06,rg-mac-06-infrastructure-prod,Microsoft.Storage/storageAccounts,Blob Storage,Storage,team:Infrastructure,382.78,INR,40.69,1 Hour
2026-02-06,sub-psiog-001,MAC-06,rg-mac-06-infrastructure-prod,Microsoft.Network/virtualNetworks,Virtual Networks,Networking,team:Infrastructure,397.55,INR,92.15,1 Hour
2026-02-06,sub-psiog-001,MAC-06,rg-mac-06-infrastructure-prod,Microsoft.DocumentDB/databaseAccounts,Cosmos DB,Data Services,team:Infrastructure,458.48,INR,65.63,1 Hour
2026-02-06,sub-psiog-001,MAC-06,rg-mac-06-cloudops-prod,Microsoft.Compute/virtualMachines,Virtual Machines,Compute,team:CloudOps,1414.59,INR,57.63,1 Hour
2026-02-06,sub-psiog-001,MAC-06,rg-mac-06-cloudops-prod,Microsoft.Storage/storageAccounts,Blob Storage,Storage,team:CloudOps,410.58,INR,69.03,1 Hour
2026-02-06,sub-psiog-001,MAC-06,rg-mac-06-cloudops-prod,Microsoft.Network/virtualNetworks,Virtual Networks,Networking,team:CloudOps,370.99,INR,20.98,1 Hour
2026-02-06,sub-psiog-001,MAC-06,rg-mac-06-cloudops-prod,Microsoft.DocumentDB/databaseAccounts,Cosmos DB,Data Services,team:CloudOps,446.27,INR,42.93,1 Hour
2026-02-06,sub-psiog-001,MAC-07,rg-mac-07-ml-prod,Microsoft.Compute/virtualMachines,Virtual Machines,Compute,team:ML,1844.25,INR,45.17,1 Hour
2026-02-06,sub-psiog-001,MAC-07,rg-mac-07-ml-prod,Microsoft.Storage/storageAccounts/fileServices,File Storage,Storage,team:ML,521.46,INR,24.28,1 Hour
2026-02-06,sub-psiog-001,MAC-07,rg-mac-07-ml-prod,Microsoft.Network/loadBalancers,Load Balancers,Networking,team:ML,184.19,INR,57.95,1 Hour
2026-02-06,sub-psiog-001,MAC-07,rg-mac-07-ml-prod,Microsoft.DocumentDB/databaseAccounts,Cosmos DB,Data Services,team:ML,736.38,INR,59.85,1 Hour
2026-02-06,sub-psiog-001,MAC-07,rg-mac-07-research-prod,Microsoft.ContainerService/managedClusters,AKS Clusters,Compute,team:Research,890.01,INR,12.33,1 Hour
2026-02-06,sub-psiog-001,MAC-07,rg-mac-07-research-prod,Microsoft.Storage/storageAccounts,Blob Storage,Storage,team:Research,420.08,INR,88.96,1 Hour
2026-02-06,sub-psiog-001,MAC-07,rg-mac-07-research-prod,Microsoft.Network/loadBalancers,Load Balancers,Networking,team:Research,212.03,INR,94.11,1 Hour
2026-02-06,sub-psiog-001,MAC-07,rg-mac-07-research-prod,Microsoft.Sql/servers/databases,SQL Database,Data Services,team:Research,595.25,INR,54.78,1 Hour
2026-02-06,sub-psiog-001,MAC-08,rg-mac-08-finance-prod,Microsoft.Compute/virtualMachines,Virtual Machines,Compute,team:Finance,345.61,INR,26.43,1 Hour
2026-02-06,sub-psiog-001,MAC-08,rg-mac-08-finance-prod,Microsoft.Storage/storageAccounts/fileServices,File Storage,Storage,team:Finance,215.67,INR,50.06,1 Hour
2026-02-06,sub-psiog-001,MAC-08,rg-mac-08-finance-prod,Microsoft.Network/virtualNetworks,Virtual Networks,Networking,team:Finance,102.02,INR,93.17,1 Hour
2026-02-06,sub-psiog-001,MAC-08,rg-mac-08-finance-prod,Microsoft.Sql/servers/databases,SQL Database,Data Services,team:Finance,498.71,INR,38.58,1 Hour
2026-02-06,sub-psiog-001,MAC-08,rg-mac-08-operations-prod,Microsoft.ContainerService/managedClusters,AKS Clusters,Compute,team:Operations,512.44,INR,69.04,1 Hour
2026-02-06,sub-psiog-001,MAC-08,rg-mac-08-operations-prod,Microsoft.Storage/storageAccounts/fileServices,File Storage,Storage,team:Operations,310.56,INR,40.15,1 Hour
2026-02-06,sub-psiog-001,MAC-08,rg-mac-08-operations-prod,Microsoft.Network/loadBalancers,Load Balancers,Networking,team:Operations,154.72,INR,84.92,1 Hour
2026-02-06,sub-psiog-001,MAC-08,rg-mac-08-operations-prod,Microsoft.DocumentDB/databaseAccounts,Cosmos DB,Data Services,team:Operations,409.04,INR,15.43,1 Hour
2026-02-07,sub-psiog-001,MAC-01,rg-mac-01-devops-prod,Microsoft.Compute/virtualMachines,Virtual Machines,Compute,team:DevOps,1417.18,INR,34.61,1 Hour
2026-02-07,sub-psiog-001,MAC-01,rg-mac-01-devops-prod,Microsoft.Storage/storageAccounts,Blob Storage,Storage,team:DevOps,316.33,INR,10.97,1 Hour
2026-02-07,sub-psiog-001,MAC-01,rg-mac-01-devops-prod,Microsoft.Network/virtualNetworks,Virtual Networks,Networking,team:DevOps,206.2,INR,17.94,1 Hour
2026-02-07,sub-psiog-001,MAC-01,rg-mac-01-devops-prod,Microsoft.DocumentDB/databaseAccounts,Cosmos DB,Data Services,team:DevOps,456.38,INR,98.2,1 Hour
2026-02-07,sub-psiog-001,MAC-01,rg-mac-01-platform-prod,Microsoft.Compute/virtualMachines,Virtual Machines,Compute,team:Platform,1123.98,INR,61.38,1 Hour
2026-02-07,sub-psiog-001,MAC-01,rg-mac-01-platform-prod,Microsoft.Storage/storageAccounts/fileServices,File Storage,Storage,team:Platform,275.09,INR,9.88,1 Hour
2026-02-07,sub-psiog-001,MAC-01,rg-mac-01-platform-prod,Microsoft.Network/loadBalancers,Load Balancers,Networking,team:Platform,281.26,INR,81.56,1 Hour
2026-02-07,sub-psiog-001,MAC-01,rg-mac-01-platform-prod,Microsoft.Sql/servers/databases,SQL Database,Data Services,team:Platform,463.69,INR,63.76,1 Hour
2026-02-07,sub-psiog-001,MAC-02,rg-mac-02-dataengineering-prod,Microsoft.ContainerService/managedClusters,AKS Clusters,Compute,team:DataEngineering,1018.38,INR,75.26,1 Hour
2026-02-07,sub-psiog-001,MAC-02,rg-mac-02-dataengineering-prod,Microsoft.Storage/storageAccounts/fileServices,File Storage,Storage,team:DataEngineering,562.52,INR,31.9,1 Hour
2026-02-07,sub-psiog-001,MAC-02,rg-mac-02-dataengineering-prod,Microsoft.Network/virtualNetworks,Virtual Networks,Networking,team:DataEngineering,183.14,INR,84.22,1 Hour
2026-02-07,sub-psiog-001,MAC-02,rg-mac-02-dataengineering-prod,Microsoft.Sql/servers/databases,SQL Database,Data Services,team:DataEngineering,1037.12,INR,60.26,1 Hour
2026-02-07,sub-psiog-001,MAC-02,rg-mac-02-analytics-prod,Microsoft.Compute/virtualMachines,Virtual Machines,Compute,team:Analytics,781.67,INR,13.0,1 Hour
2026-02-07,sub-psiog-001,MAC-02,rg-mac-02-analytics-prod,Microsoft.Storage/storageAccounts/fileServices,File Storage,Storage,team:Analytics,663.27,INR,82.31,1 Hour
2026-02-07,sub-psiog-001,MAC-02,rg-mac-02-analytics-prod,Microsoft.Network/virtualNetworks,Virtual Networks,Networking,team:Analytics,149.01,INR,45.93,1 Hour
2026-02-07,sub-psiog-001,MAC-02,rg-mac-02-analytics-prod,Microsoft.Sql/servers/databases,SQL Database,Data Services,team:Analytics,855.76,INR,25.33,1 Hour
2026-02-07,sub-psiog-001,MAC-03,rg-mac-03-product-prod,Microsoft.ContainerService/managedClusters,AKS Clusters,Compute,team:Product,615.6,INR,75.55,1 Hour
2026-02-07,sub-psiog-001,MAC-03,rg-mac-03-product-prod,Microsoft.Storage/storageAccounts/fileServices,File Storage,Storage,team:Product,228.78,INR,40.42,1 Hour
2026-02-07,sub-psiog-001,MAC-03,rg-mac-03-product-prod,Microsoft.Network/loadBalancers,Load Balancers,Networking,team:Product,146.46,INR,55.48,1 Hour
2026-02-07,sub-psiog-001,MAC-03,rg-mac-03-product-prod,Microsoft.Sql/servers/databases,SQL Database,Data Services,team:Product,333.37,INR,49.02,1 Hour
2026-02-07,sub-psiog-001,MAC-03,rg-mac-03-frontend-prod,Microsoft.Compute/virtualMachines,Virtual Machines,Compute,team:Frontend,492.4,INR,3.1,1 Hour
2026-02-07,sub-psiog-001,MAC-03,rg-mac-03-frontend-prod,Microsoft.Storage/storageAccounts,Blob Storage,Storage,team:Frontend,143.16,INR,76.31,1 Hour
2026-02-07,sub-psiog-001,MAC-03,rg-mac-03-frontend-prod,Microsoft.Network/loadBalancers,Load Balancers,Networking,team:Frontend,95.68,INR,90.0,1 Hour
2026-02-07,sub-psiog-001,MAC-03,rg-mac-03-frontend-prod,Microsoft.DocumentDB/databaseAccounts,Cosmos DB,Data Services,team:Frontend,237.9,INR,39.59,1 Hour
2026-02-07,sub-psiog-001,MAC-04,rg-mac-04-backend-prod,Microsoft.Compute/virtualMachines,Virtual Machines,Compute,team:Backend,926.59,INR,95.1,1 Hour
2026-02-07,sub-psiog-001,MAC-04,rg-mac-04-backend-prod,Microsoft.Storage/storageAccounts/fileServices,File Storage,Storage,team:Backend,370.82,INR,74.82,1 Hour
2026-02-07,sub-psiog-001,MAC-04,rg-mac-04-backend-prod,Microsoft.Network/virtualNetworks,Virtual Networks,Networking,team:Backend,239.11,INR,53.14,1 Hour
2026-02-07,sub-psiog-001,MAC-04,rg-mac-04-backend-prod,Microsoft.DocumentDB/databaseAccounts,Cosmos DB,Data Services,team:Backend,609.29,INR,77.07,1 Hour
2026-02-07,sub-psiog-001,MAC-04,rg-mac-04-qa-prod,Microsoft.Compute/virtualMachines,Virtual Machines,Compute,team:QA,460.65,INR,5.23,1 Hour
2026-02-07,sub-psiog-001,MAC-04,rg-mac-04-qa-prod,Microsoft.Storage/storageAccounts/fileServices,File Storage,Storage,team:QA,187.31,INR,34.26,1 Hour
2026-02-07,sub-psiog-001,MAC-04,rg-mac-04-qa-prod,Microsoft.Network/virtualNetworks,Virtual Networks,Networking,team:QA,104.29,INR,19.29,1 Hour
2026-02-07,sub-psiog-001,MAC-04,rg-mac-04-qa-prod,Microsoft.DocumentDB/databaseAccounts,Cosmos DB,Data Services,team:QA,239.53,INR,23.35,1 Hour
2026-02-07,sub-psiog-001,MAC-05,rg-mac-05-security-prod,Microsoft.ContainerService/managedClusters,AKS Clusters,Compute,team:Security,653.5,INR,68.92,1 Hour
2026-02-07,sub-psiog-001,MAC-05,rg-mac-05-security-prod,Microsoft.Storage/storageAccounts/fileServices,File Storage,Storage,team:Security,242.91,INR,17.55,1 Hour
2026-02-07,sub-psiog-001,MAC-05,rg-mac-05-security-prod,Microsoft.Network/virtualNetworks,Virtual Networks,Networking,team:Security,283.81,INR,84.72,1 Hour
2026-02-07,sub-psiog-001,MAC-05,rg-mac-05-security-prod,Microsoft.Sql/servers/databases,SQL Database,Data Services,team:Security,375.99,INR,8.66,1 Hour
2026-02-07,sub-psiog-001,MAC-05,rg-mac-05-compliance-prod,Microsoft.Compute/virtualMachines,Virtual Machines,Compute,team:Compliance,337.36,INR,6.03,1 Hour
2026-02-07,sub-psiog-001,MAC-05,rg-mac-05-compliance-prod,Microsoft.Storage/storageAccounts/fileServices,File Storage,Storage,team:Compliance,261.1,INR,84.65,1 Hour
2026-02-07,sub-psiog-001,MAC-05,rg-mac-05-compliance-prod,Microsoft.Network/virtualNetworks,Virtual Networks,Networking,team:Compliance,154.12,INR,62.76,1 Hour
2026-02-07,sub-psiog-001,MAC-05,rg-mac-05-compliance-prod,Microsoft.DocumentDB/databaseAccounts,Cosmos DB,Data Services,team:Compliance,319.97,INR,97.23,1 Hour
2026-02-07,sub-psiog-001,MAC-06,rg-mac-06-infrastructure-prod,Microsoft.Compute/virtualMachines,Virtual Machines,Compute,team:Infrastructure,1710.61,INR,64.31,1 Hour
2026-02-07,sub-psiog-001,MAC-06,rg-mac-06-infrastructure-prod,Microsoft.Storage/storageAccounts,Blob Storage,Storage,team:Infrastructure,389.81,INR,11.51,1 Hour
2026-02-07,sub-psiog-001,MAC-06,rg-mac-06-infrastructure-prod,Microsoft.Network/virtualNetworks,Virtual Networks,Networking,team:Infrastructure,411.77,INR,38.25,1 Hour
2026-02-07,sub-psiog-001,MAC-06,rg-mac-06-infrastructure-prod,Microsoft.DocumentDB/databaseAccounts,Cosmos DB,Data Services,team:Infrastructure,449.45,INR,33.06,1 Hour
2026-02-07,sub-psiog-001,MAC-06,rg-mac-06-cloudops-prod,Microsoft.Compute/virtualMachines,Virtual Machines,Compute,team:CloudOps,1580.73,INR,66.74,1 Hour
2026-02-07,sub-psiog-001,MAC-06,rg-mac-06-cloudops-prod,Microsoft.Storage/storageAccounts,Blob Storage,Storage,team:CloudOps,389.41,INR,7.77,1 Hour
2026-02-07,sub-psiog-001,MAC-06,rg-mac-06-cloudops-prod,Microsoft.Network/virtualNetworks,Virtual Networks,Networking,team:CloudOps,310.47,INR,21.03,1 Hour
2026-02-07,sub-psiog-001,MAC-06,rg-mac-06-cloudops-prod,Microsoft.DocumentDB/databaseAccounts,Cosmos DB,Data Services,team:CloudOps,423.87,INR,60.98,1 Hour
2026-02-07,sub-psiog-001,MAC-07,rg-mac-07-ml-prod,Microsoft.Compute/virtualMachines,Virtual Machines,Compute,team:ML,1530.94,INR,36.52,1 Hour
2026-02-07,sub-psiog-001,MAC-07,rg-mac-07-ml-prod,Microsoft.Storage/storageAccounts/fileServices,File Storage,Storage,team:ML,468.08,INR,79.36,1 Hour
2026-02-07,sub-psiog-001,MAC-07,rg-mac-07-ml-prod,Microsoft.Network/loadBalancers,Load Balancers,Networking,team:ML,187.06,INR,75.32,1 Hour
2026-02-07,sub-psiog-001,MAC-07,rg-mac-07-ml-prod,Microsoft.Sql/servers/databases,SQL Database,Data Services,team:ML,735.08,INR,33.65,1 Hour
2026-02-07,sub-psiog-001,MAC-07,rg-mac-07-research-prod,Microsoft.Compute/virtualMachines,Virtual Machines,Compute,team:Research,837.04,INR,88.97,1 Hour
2026-02-07,sub-psiog-001,MAC-07,rg-mac-07-research-prod,Microsoft.Storage/storageAccounts/fileServices,File Storage,Storage,team:Research,541.35,INR,54.4,1 Hour
2026-02-07,sub-psiog-001,MAC-07,rg-mac-07-research-prod,Microsoft.Network/loadBalancers,Load Balancers,Networking,team:Research,176.83,INR,1.52,1 Hour
2026-02-07,sub-psiog-001,MAC-07,rg-mac-07-research-prod,Microsoft.Sql/servers/databases,SQL Database,Data Services,team:Research,741.87,INR,20.57,1 Hour
2026-02-07,sub-psiog-001,MAC-08,rg-mac-08-finance-prod,Microsoft.ContainerService/managedClusters,AKS Clusters,Compute,team:Finance,319.08,INR,45.47,1 Hour
2026-02-07,sub-psiog-001,MAC-08,rg-mac-08-finance-prod,Microsoft.Storage/storageAccounts/fileServices,File Storage,Storage,team:Finance,235.48,INR,64.71,1 Hour
2026-02-07,sub-psiog-001,MAC-08,rg-mac-08-finance-prod,Microsoft.Network/virtualNetworks,Virtual Networks,Networking,team:Finance,112.33,INR,35.22,1 Hour
2026-02-07,sub-psiog-001,MAC-08,rg-mac-08-finance-prod,Microsoft.Sql/servers/databases,SQL Database,Data Services,team:Finance,422.75,INR,43.01,1 Hour
2026-02-07,sub-psiog-001,MAC-08,rg-mac-08-operations-prod,Microsoft.ContainerService/managedClusters,AKS Clusters,Compute,team:Operations,456.51,INR,33.64,1 Hour
2026-02-07,sub-psiog-001,MAC-08,rg-mac-08-operations-prod,Microsoft.Storage/storageAccounts,Blob Storage,Storage,team:Operations,300.67,INR,33.51,1 Hour
2026-02-07,sub-psiog-001,MAC-08,rg-mac-08-operations-prod,Microsoft.Network/loadBalancers,Load Balancers,Networking,team:Operations,140.77,INR,2.01,1 Hour
2026-02-07,sub-psiog-001,MAC-08,rg-mac-08-operations-prod,Microsoft.DocumentDB/databaseAccounts,Cosmos DB,Data Services,team:Operations,381.85,INR,83.92,1 Hour
2026-02-08,sub-psiog-001,MAC-01,rg-mac-01-devops-prod,Microsoft.Compute/virtualMachines,Virtual Machines,Compute,team:DevOps,1147.87,INR,47.35,1 Hour
2026-02-08,sub-psiog-001,MAC-01,rg-mac-01-devops-prod,Microsoft.Storage/storageAccounts/fileServices,File Storage,Storage,team:DevOps,355.41,INR,84.14,1 Hour
2026-02-08,sub-psiog-001,MAC-01,rg-mac-01-devops-prod,Microsoft.Network/loadBalancers,Load Balancers,Networking,team:DevOps,233.43,INR,84.02,1 Hour
2026-02-08,sub-psiog-001,MAC-01,rg-mac-01-devops-prod,Microsoft.DocumentDB/databaseAccounts,Cosmos DB,Data Services,team:DevOps,475.05,INR,7.83,1 Hour
2026-02-08,sub-psiog-001,MAC-01,rg-mac-01-platform-prod,Microsoft.ContainerService/managedClusters,AKS Clusters,Compute,team:Platform,1046.86,INR,71.4,1 Hour
2026-02-08,sub-psiog-001,MAC-01,rg-mac-01-platform-prod,Microsoft.Storage/storageAccounts,Blob Storage,Storage,team:Platform,289.84,INR,11.51,1 Hour
2026-02-08,sub-psiog-001,MAC-01,rg-mac-01-platform-prod,Microsoft.Network/virtualNetworks,Virtual Networks,Networking,team:Platform,293.0,INR,48.96,1 Hour
2026-02-08,sub-psiog-001,MAC-01,rg-mac-01-platform-prod,Microsoft.DocumentDB/databaseAccounts,Cosmos DB,Data Services,team:Platform,453.39,INR,27.09,1 Hour
2026-02-08,sub-psiog-001,MAC-02,rg-mac-02-dataengineering-prod,Microsoft.Compute/virtualMachines,Virtual Machines,Compute,team:DataEngineering,1046.08,INR,37.01,1 Hour
2026-02-08,sub-psiog-001,MAC-02,rg-mac-02-dataengineering-prod,Microsoft.Storage/storageAccounts/fileServices,File Storage,Storage,team:DataEngineering,645.03,INR,35.64,1 Hour
2026-02-08,sub-psiog-001,MAC-02,rg-mac-02-dataengineering-prod,Microsoft.Network/virtualNetworks,Virtual Networks,Networking,team:DataEngineering,215.39,INR,41.77,1 Hour
2026-02-08,sub-psiog-001,MAC-02,rg-mac-02-dataengineering-prod,Microsoft.DocumentDB/databaseAccounts,Cosmos DB,Data Services,team:DataEngineering,846.55,INR,61.24,1 Hour
2026-02-08,sub-psiog-001,MAC-02,rg-mac-02-analytics-prod,Microsoft.Compute/virtualMachines,Virtual Machines,Compute,team:Analytics,871.22,INR,98.55,1 Hour
2026-02-08,sub-psiog-001,MAC-02,rg-mac-02-analytics-prod,Microsoft.Storage/storageAccounts,Blob Storage,Storage,team:Analytics,542.63,INR,22.82,1 Hour
2026-02-08,sub-psiog-001,MAC-02,rg-mac-02-analytics-prod,Microsoft.Network/virtualNetworks,Virtual Networks,Networking,team:Analytics,163.55,INR,27.0,1 Hour
2026-02-08,sub-psiog-001,MAC-02,rg-mac-02-analytics-prod,Microsoft.DocumentDB/databaseAccounts,Cosmos DB,Data Services,team:Analytics,909.8,INR,42.89,1 Hour
2026-02-08,sub-psiog-001,MAC-03,rg-mac-03-product-prod,Microsoft.ContainerService/managedClusters,AKS Clusters,Compute,team:Product,644.75,INR,9.64,1 Hour
2026-02-08,sub-psiog-001,MAC-03,rg-mac-03-product-prod,Microsoft.Storage/storageAccounts/fileServices,File Storage,Storage,team:Product,207.2,INR,27.78,1 Hour
2026-02-08,sub-psiog-001,MAC-03,rg-mac-03-product-prod,Microsoft.Network/virtualNetworks,Virtual Networks,Networking,team:Product,125.87,INR,63.82,1 Hour
2026-02-08,sub-psiog-001,MAC-03,rg-mac-03-product-prod,Microsoft.Sql/servers/databases,SQL Database,Data Services,team:Product,275.04,INR,82.98,1 Hour
2026-02-08,sub-psiog-001,MAC-03,rg-mac-03-frontend-prod,Microsoft.Compute/virtualMachines,Virtual Machines,Compute,team:Frontend,499.03,INR,23.93,1 Hour
2026-02-08,sub-psiog-001,MAC-03,rg-mac-03-frontend-prod,Microsoft.Storage/storageAccounts/fileServices,File Storage,Storage,team:Frontend,168.39,INR,45.03,1 Hour
2026-02-08,sub-psiog-001,MAC-03,rg-mac-03-frontend-prod,Microsoft.Network/virtualNetworks,Virtual Networks,Networking,team:Frontend,111.21,INR,50.08,1 Hour
2026-02-08,sub-psiog-001,MAC-03,rg-mac-03-frontend-prod,Microsoft.DocumentDB/databaseAccounts,Cosmos DB,Data Services,team:Frontend,218.28,INR,37.73,1 Hour
2026-02-08,sub-psiog-001,MAC-04,rg-mac-04-backend-prod,Microsoft.Compute/virtualMachines,Virtual Machines,Compute,team:Backend,941.27,INR,58.76,1 Hour
2026-02-08,sub-psiog-001,MAC-04,rg-mac-04-backend-prod,Microsoft.Storage/storageAccounts/fileServices,File Storage,Storage,team:Backend,327.72,INR,49.04,1 Hour
2026-02-08,sub-psiog-001,MAC-04,rg-mac-04-backend-prod,Microsoft.Network/loadBalancers,Load Balancers,Networking,team:Backend,213.94,INR,47.97,1 Hour
2026-02-08,sub-psiog-001,MAC-04,rg-mac-04-backend-prod,Microsoft.Sql/servers/databases,SQL Database,Data Services,team:Backend,548.28,INR,72.31,1 Hour
2026-02-08,sub-psiog-001,MAC-04,rg-mac-04-qa-prod,Microsoft.ContainerService/managedClusters,AKS Clusters,Compute,team:QA,477.48,INR,16.75,1 Hour
2026-02-08,sub-psiog-001,MAC-04,rg-mac-04-qa-prod,Microsoft.Storage/storageAccounts/fileServices,File Storage,Storage,team:QA,193.11,INR,65.95,1 Hour
2026-02-08,sub-psiog-001,MAC-04,rg-mac-04-qa-prod,Microsoft.Network/virtualNetworks,Virtual Networks,Networking,team:QA,93.9,INR,74.07,1 Hour
2026-02-08,sub-psiog-001,MAC-04,rg-mac-04-qa-prod,Microsoft.Sql/servers/databases,SQL Database,Data Services,team:QA,296.32,INR,1.16,1 Hour
2026-02-08,sub-psiog-001,MAC-05,rg-mac-05-security-prod,Microsoft.ContainerService/managedClusters,AKS Clusters,Compute,team:Security,693.93,INR,44.71,1 Hour
2026-02-08,sub-psiog-001,MAC-05,rg-mac-05-security-prod,Microsoft.Storage/storageAccounts/fileServices,File Storage,Storage,team:Security,307.92,INR,34.11,1 Hour
2026-02-08,sub-psiog-001,MAC-05,rg-mac-05-security-prod,Microsoft.Network/loadBalancers,Load Balancers,Networking,team:Security,312.84,INR,10.92,1 Hour
2026-02-08,sub-psiog-001,MAC-05,rg-mac-05-security-prod,Microsoft.DocumentDB/databaseAccounts,Cosmos DB,Data Services,team:Security,429.62,INR,43.39,1 Hour
2026-02-08,sub-psiog-001,MAC-05,rg-mac-05-compliance-prod,Microsoft.ContainerService/managedClusters,AKS Clusters,Compute,team:Compliance,410.01,INR,47.34,1 Hour
2026-02-08,sub-psiog-001,MAC-05,rg-mac-05-compliance-prod,Microsoft.Storage/storageAccounts,Blob Storage,Storage,team:Compliance,204.59,INR,79.04,1 Hour
2026-02-08,sub-psiog-001,MAC-05,rg-mac-05-compliance-prod,Microsoft.Network/virtualNetworks,Virtual Networks,Networking,team:Compliance,173.16,INR,96.31,1 Hour
2026-02-08,sub-psiog-001,MAC-05,rg-mac-05-compliance-prod,Microsoft.DocumentDB/databaseAccounts,Cosmos DB,Data Services,team:Compliance,305.09,INR,38.74,1 Hour
2026-02-08,sub-psiog-001,MAC-06,rg-mac-06-infrastructure-prod,Microsoft.ContainerService/managedClusters,AKS Clusters,Compute,team:Infrastructure,1512.16,INR,79.73,1 Hour
2026-02-08,sub-psiog-001,MAC-06,rg-mac-06-infrastructure-prod,Microsoft.Storage/storageAccounts,Blob Storage,Storage,team:Infrastructure,471.63,INR,45.59,1 Hour
2026-02-08,sub-psiog-001,MAC-06,rg-mac-06-infrastructure-prod,Microsoft.Network/virtualNetworks,Virtual Networks,Networking,team:Infrastructure,370.9,INR,40.9,1 Hour
2026-02-08,sub-psiog-001,MAC-06,rg-mac-06-infrastructure-prod,Microsoft.DocumentDB/databaseAccounts,Cosmos DB,Data Services,team:Infrastructure,433.09,INR,71.08,1 Hour
2026-02-08,sub-psiog-001,MAC-06,rg-mac-06-cloudops-prod,Microsoft.ContainerService/managedClusters,AKS Clusters,Compute,team:CloudOps,1211.1,INR,38.23,1 Hour
2026-02-08,sub-psiog-001,MAC-06,rg-mac-06-cloudops-prod,Microsoft.Storage/storageAccounts/fileServices,File Storage,Storage,team:CloudOps,390.19,INR,56.19,1 Hour
2026-02-08,sub-psiog-001,MAC-06,rg-mac-06-cloudops-prod,Microsoft.Network/virtualNetworks,Virtual Networks,Networking,team:CloudOps,347.99,INR,45.22,1 Hour
2026-02-08,sub-psiog-001,MAC-06,rg-mac-06-cloudops-prod,Microsoft.Sql/servers/databases,SQL Database,Data Services,team:CloudOps,494.93,INR,55.74,1 Hour
2026-02-08,sub-psiog-001,MAC-07,rg-mac-07-ml-prod,Microsoft.Compute/virtualMachines,Virtual Machines,Compute,team:ML,1802.44,INR,71.68,1 Hour
2026-02-08,sub-psiog-001,MAC-07,rg-mac-07-ml-prod,Microsoft.Storage/storageAccounts/fileServices,File Storage,Storage,team:ML,542.83,INR,90.45,1 Hour
2026-02-08,sub-psiog-001,MAC-07,rg-mac-07-ml-prod,Microsoft.Network/virtualNetworks,Virtual Networks,Networking,team:ML,195.33,INR,53.3,1 Hour
2026-02-08,sub-psiog-001,MAC-07,rg-mac-07-ml-prod,Microsoft.DocumentDB/databaseAccounts,Cosmos DB,Data Services,team:ML,837.45,INR,7.52,1 Hour
2026-02-08,sub-psiog-001,MAC-07,rg-mac-07-research-prod,Microsoft.Compute/virtualMachines,Virtual Machines,Compute,team:Research,967.69,INR,99.84,1 Hour
2026-02-08,sub-psiog-001,MAC-07,rg-mac-07-research-prod,Microsoft.Storage/storageAccounts/fileServices,File Storage,Storage,team:Research,529.84,INR,22.3,1 Hour
2026-02-08,sub-psiog-001,MAC-07,rg-mac-07-research-prod,Microsoft.Network/loadBalancers,Load Balancers,Networking,team:Research,190.71,INR,49.45,1 Hour
2026-02-08,sub-psiog-001,MAC-07,rg-mac-07-research-prod,Microsoft.Sql/servers/databases,SQL Database,Data Services,team:Research,695.05,INR,98.36,1 Hour
2026-02-08,sub-psiog-001,MAC-08,rg-mac-08-finance-prod,Microsoft.Compute/virtualMachines,Virtual Machines,Compute,team:Finance,358.81,INR,64.98,1 Hour
2026-02-08,sub-psiog-001,MAC-08,rg-mac-08-finance-prod,Microsoft.Storage/storageAccounts,Blob Storage,Storage,team:Finance,236.07,INR,29.56,1 Hour
2026-02-08,sub-psiog-001,MAC-08,rg-mac-08-finance-prod,Microsoft.Network/loadBalancers,Load Balancers,Networking,team:Finance,119.55,INR,2.78,1 Hour
2026-02-08,sub-psiog-001,MAC-08,rg-mac-08-finance-prod,Microsoft.Sql/servers/databases,SQL Database,Data Services,team:Finance,500.01,INR,94.96,1 Hour
2026-02-08,sub-psiog-001,MAC-08,rg-mac-08-operations-prod,Microsoft.Compute/virtualMachines,Virtual Machines,Compute,team:Operations,482.85,INR,25.39,1 Hour
2026-02-08,sub-psiog-001,MAC-08,rg-mac-08-operations-prod,Microsoft.Storage/storageAccounts,Blob Storage,Storage,team:Operations,276.58,INR,72.97,1 Hour
2026-02-08,sub-psiog-001,MAC-08,rg-mac-08-operations-prod,Microsoft.Network/loadBalancers,Load Balancers,Networking,team:Operations,153.66,INR,19.93,1 Hour
2026-02-08,sub-psiog-001,MAC-08,rg-mac-08-operations-prod,Microsoft.DocumentDB/databaseAccounts,Cosmos DB,Data Services,team:Operations,447.75,INR,45.34,1 Hour
2026-02-09,sub-psiog-001,MAC-01,rg-mac-01-devops-prod,Microsoft.ContainerService/managedClusters,AKS Clusters,Compute,team:DevOps,1205.62,INR,38.2,1 Hour
2026-02-09,sub-psiog-001,MAC-01,rg-mac-01-devops-prod,Microsoft.Storage/storageAccounts,Blob Storage,Storage,team:DevOps,321.69,INR,78.57,1 Hour
2026-02-09,sub-psiog-001,MAC-01,rg-mac-01-devops-prod,Microsoft.Network/loadBalancers,Load Balancers,Networking,team:DevOps,191.35,INR,60.2,1 Hour
2026-02-09,sub-psiog-001,MAC-01,rg-mac-01-devops-prod,Microsoft.Sql/servers/databases,SQL Database,Data Services,team:DevOps,431.32,INR,9.82,1 Hour
2026-02-09,sub-psiog-001,MAC-01,rg-mac-01-platform-prod,Microsoft.Compute/virtualMachines,Virtual Machines,Compute,team:Platform,1269.0,INR,55.93,1 Hour
2026-02-09,sub-psiog-001,MAC-01,rg-mac-01-platform-prod,Microsoft.Storage/storageAccounts,Blob Storage,Storage,team:Platform,293.97,INR,48.85,1 Hour
2026-02-09,sub-psiog-001,MAC-01,rg-mac-01-platform-prod,Microsoft.Network/loadBalancers,Load Balancers,Networking,team:Platform,276.05,INR,83.8,1 Hour
2026-02-09,sub-psiog-001,MAC-01,rg-mac-01-platform-prod,Microsoft.DocumentDB/databaseAccounts,Cosmos DB,Data Services,team:Platform,409.21,INR,19.4,1 Hour
2026-02-09,sub-psiog-001,MAC-02,rg-mac-02-dataengineering-prod,Microsoft.Compute/virtualMachines,Virtual Machines,Compute,team:DataEngineering,1069.47,INR,75.67,1 Hour
2026-02-09,sub-psiog-001,MAC-02,rg-mac-02-dataengineering-prod,Microsoft.Storage/storageAccounts,Blob Storage,Storage,team:DataEngineering,563.88,INR,79.45,1 Hour
2026-02-09,sub-psiog-001,MAC-02,rg-mac-02-dataengineering-prod,Microsoft.Network/loadBalancers,Load Balancers,Networking,team:DataEngineering,186.45,INR,79.68,1 Hour
2026-02-09,sub-psiog-001,MAC-02,rg-mac-02-dataengineering-prod,Microsoft.DocumentDB/databaseAccounts,Cosmos DB,Data Services,team:DataEngineering,1086.19,INR,19.82,1 Hour
2026-02-09,sub-psiog-001,MAC-02,rg-mac-02-analytics-prod,Microsoft.ContainerService/managedClusters,AKS Clusters,Compute,team:Analytics,841.43,INR,89.84,1 Hour
2026-02-09,sub-psiog-001,MAC-02,rg-mac-02-analytics-prod,Microsoft.Storage/storageAccounts,Blob Storage,Storage,team:Analytics,562.27,INR,83.2,1 Hour
2026-02-09,sub-psiog-001,MAC-02,rg-mac-02-analytics-prod,Microsoft.Network/loadBalancers,Load Balancers,Networking,team:Analytics,164.96,INR,48.98,1 Hour
2026-02-09,sub-psiog-001,MAC-02,rg-mac-02-analytics-prod,Microsoft.Sql/servers/databases,SQL Database,Data Services,team:Analytics,925.82,INR,1.08,1 Hour
2026-02-09,sub-psiog-001,MAC-03,rg-mac-03-product-prod,Microsoft.ContainerService/managedClusters,AKS Clusters,Compute,team:Product,729.69,INR,47.0,1 Hour
2026-02-09,sub-psiog-001,MAC-03,rg-mac-03-product-prod,Microsoft.Storage/storageAccounts,Blob Storage,Storage,team:Product,185.28,INR,96.99,1 Hour
2026-02-09,sub-psiog-001,MAC-03,rg-mac-03-product-prod,Microsoft.Network/loadBalancers,Load Balancers,Networking,team:Product,130.97,INR,50.78,1 Hour
2026-02-09,sub-psiog-001,MAC-03,rg-mac-03-product-prod,Microsoft.DocumentDB/databaseAccounts,Cosmos DB,Data Services,team:Product,291.77,INR,88.3,1 Hour
2026-02-09,sub-psiog-001,MAC-03,rg-mac-03-frontend-prod,Microsoft.ContainerService/managedClusters,AKS Clusters,Compute,team:Frontend,528.21,INR,52.83,1 Hour
2026-02-09,sub-psiog-001,MAC-03,rg-mac-03-frontend-prod,Microsoft.Storage/storageAccounts/fileServices,File Storage,Storage,team:Frontend,149.24,INR,74.4,1 Hour
2026-02-09,sub-psiog-001,MAC-03,rg-mac-03-frontend-prod,Microsoft.Network/virtualNetworks,Virtual Networks,Networking,team:Frontend,113.8,INR,71.67,1 Hour
2026-02-09,sub-psiog-001,MAC-03,rg-mac-03-frontend-prod,Microsoft.DocumentDB/databaseAccounts,Cosmos DB,Data Services,team:Frontend,244.38,INR,15.32,1 Hour
2026-02-09,sub-psiog-001,MAC-04,rg-mac-04-backend-prod,Microsoft.ContainerService/managedClusters,AKS Clusters,Compute,team:Backend,920.78,INR,99.79,1 Hour
2026-02-09,sub-psiog-001,MAC-04,rg-mac-04-backend-prod,Microsoft.Storage/storageAccounts/fileServices,File Storage,Storage,team:Backend,325.23,INR,72.03,1 Hour
2026-02-09,sub-psiog-001,MAC-04,rg-mac-04-backend-prod,Microsoft.Network/loadBalancers,Load Balancers,Networking,team:Backend,202.06,INR,41.43,1 Hour
2026-02-09,sub-psiog-001,MAC-04,rg-mac-04-backend-prod,Microsoft.Sql/servers/databases,SQL Database,Data Services,team:Backend,489.26,INR,44.15,1 Hour
2026-02-09,sub-psiog-001,MAC-04,rg-mac-04-qa-prod,Microsoft.Compute/virtualMachines,Virtual Machines,Compute,team:QA,386.91,INR,37.43,1 Hour
2026-02-09,sub-psiog-001,MAC-04,rg-mac-04-qa-prod,Microsoft.Storage/storageAccounts,Blob Storage,Storage,team:QA,191.14,INR,89.64,1 Hour
2026-02-09,sub-psiog-001,MAC-04,rg-mac-04-qa-prod,Microsoft.Network/loadBalancers,Load Balancers,Networking,team:QA,83.95,INR,95.3,1 Hour
2026-02-09,sub-psiog-001,MAC-04,rg-mac-04-qa-prod,Microsoft.Sql/servers/databases,SQL Database,Data Services,team:QA,295.11,INR,68.46,1 Hour
2026-02-09,sub-psiog-001,MAC-05,rg-mac-05-security-prod,Microsoft.Compute/virtualMachines,Virtual Machines,Compute,team:Security,641.64,INR,10.69,1 Hour
2026-02-09,sub-psiog-001,MAC-05,rg-mac-05-security-prod,Microsoft.Storage/storageAccounts/fileServices,File Storage,Storage,team:Security,260.14,INR,1.71,1 Hour
2026-02-09,sub-psiog-001,MAC-05,rg-mac-05-security-prod,Microsoft.Network/virtualNetworks,Virtual Networks,Networking,team:Security,311.2,INR,26.73,1 Hour
2026-02-09,sub-psiog-001,MAC-05,rg-mac-05-security-prod,Microsoft.DocumentDB/databaseAccounts,Cosmos DB,Data Services,team:Security,424.87,INR,75.06,1 Hour
2026-02-09,sub-psiog-001,MAC-05,rg-mac-05-compliance-prod,Microsoft.ContainerService/managedClusters,AKS Clusters,Compute,team:Compliance,366.61,INR,89.78,1 Hour
2026-02-09,sub-psiog-001,MAC-05,rg-mac-05-compliance-prod,Microsoft.Storage/storageAccounts/fileServices,File Storage,Storage,team:Compliance,236.11,INR,53.98,1 Hour
2026-02-09,sub-psiog-001,MAC-05,rg-mac-05-compliance-prod,Microsoft.Network/virtualNetworks,Virtual Networks,Networking,team:Compliance,155.44,INR,1.72,1 Hour
2026-02-09,sub-psiog-001,MAC-05,rg-mac-05-compliance-prod,Microsoft.DocumentDB/databaseAccounts,Cosmos DB,Data Services,team:Compliance,280.75,INR,91.13,1 Hour
2026-02-09,sub-psiog-001,MAC-06,rg-mac-06-infrastructure-prod,Microsoft.Compute/virtualMachines,Virtual Machines,Compute,team:Infrastructure,1546.69,INR,43.39,1 Hour
2026-02-09,sub-psiog-001,MAC-06,rg-mac-06-infrastructure-prod,Microsoft.Storage/storageAccounts/fileServices,File Storage,Storage,team:Infrastructure,444.06,INR,85.8,1 Hour
2026-02-09,sub-psiog-001,MAC-06,rg-mac-06-infrastructure-prod,Microsoft.Network/loadBalancers,Load Balancers,Networking,team:Infrastructure,391.28,INR,6.87,1 Hour
2026-02-09,sub-psiog-001,MAC-06,rg-mac-06-infrastructure-prod,Microsoft.DocumentDB/databaseAccounts,Cosmos DB,Data Services,team:Infrastructure,490.59,INR,63.07,1 Hour
2026-02-09,sub-psiog-001,MAC-06,rg-mac-06-cloudops-prod,Microsoft.ContainerService/managedClusters,AKS Clusters,Compute,team:CloudOps,1272.04,INR,25.41,1 Hour
2026-02-09,sub-psiog-001,MAC-06,rg-mac-06-cloudops-prod,Microsoft.Storage/storageAccounts,Blob Storage,Storage,team:CloudOps,371.3,INR,33.83,1 Hour
2026-02-09,sub-psiog-001,MAC-06,rg-mac-06-cloudops-prod,Microsoft.Network/virtualNetworks,Virtual Networks,Networking,team:CloudOps,367.74,INR,75.45,1 Hour
2026-02-09,sub-psiog-001,MAC-06,rg-mac-06-cloudops-prod,Microsoft.Sql/servers/databases,SQL Database,Data Services,team:CloudOps,447.7,INR,41.09,1 Hour
2026-02-09,sub-psiog-001,MAC-07,rg-mac-07-ml-prod,Microsoft.ContainerService/managedClusters,AKS Clusters,Compute,team:ML,1861.02,INR,40.0,1 Hour
2026-02-09,sub-psiog-001,MAC-07,rg-mac-07-ml-prod,Microsoft.Storage/storageAccounts,Blob Storage,Storage,team:ML,463.41,INR,41.18,1 Hour
2026-02-09,sub-psiog-001,MAC-07,rg-mac-07-ml-prod,Microsoft.Network/virtualNetworks,Virtual Networks,Networking,team:ML,214.13,INR,16.97,1 Hour
2026-02-09,sub-psiog-001,MAC-07,rg-mac-07-ml-prod,Microsoft.DocumentDB/databaseAccounts,Cosmos DB,Data Services,team:ML,690.3,INR,89.47,1 Hour
2026-02-09,sub-psiog-001,MAC-07,rg-mac-07-research-prod,Microsoft.ContainerService/managedClusters,AKS Clusters,Compute,team:Research,764.25,INR,76.7,1 Hour
2026-02-09,sub-psiog-001,MAC-07,rg-mac-07-research-prod,Microsoft.Storage/storageAccounts,Blob Storage,Storage,team:Research,519.91,INR,93.05,1 Hour
2026-02-09,sub-psiog-001,MAC-07,rg-mac-07-research-prod,Microsoft.Network/loadBalancers,Load Balancers,Networking,team:Research,177.43,INR,23.29,1 Hour
2026-02-09,sub-psiog-001,MAC-07,rg-mac-07-research-prod,Microsoft.Sql/servers/databases,SQL Database,Data Services,team:Research,725.44,INR,75.58,1 Hour
2026-02-09,sub-psiog-001,MAC-08,rg-mac-08-finance-prod,Microsoft.Compute/virtualMachines,Virtual Machines,Compute,team:Finance,316.6,INR,90.43,1 Hour
2026-02-09,sub-psiog-001,MAC-08,rg-mac-08-finance-prod,Microsoft.Storage/storageAccounts,Blob Storage,Storage,team:Finance,205.99,INR,43.71,1 Hour
2026-02-09,sub-psiog-001,MAC-08,rg-mac-08-finance-prod,Microsoft.Network/loadBalancers,Load Balancers,Networking,team:Finance,96.99,INR,82.77,1 Hour
2026-02-09,sub-psiog-001,MAC-08,rg-mac-08-finance-prod,Microsoft.Sql/servers/databases,SQL Database,Data Services,team:Finance,548.73,INR,31.86,1 Hour
2026-02-09,sub-psiog-001,MAC-08,rg-mac-08-operations-prod,Microsoft.ContainerService/managedClusters,AKS Clusters,Compute,team:Operations,460.26,INR,5.38,1 Hour
2026-02-09,sub-psiog-001,MAC-08,rg-mac-08-operations-prod,Microsoft.Storage/storageAccounts/fileServices,File Storage,Storage,team:Operations,294.96,INR,90.68,1 Hour
2026-02-09,sub-psiog-001,MAC-08,rg-mac-08-operations-prod,Microsoft.Network/loadBalancers,Load Balancers,Networking,team:Operations,141.36,INR,3.98,1 Hour
2026-02-09,sub-psiog-001,MAC-08,rg-mac-08-operations-prod,Microsoft.DocumentDB/databaseAccounts,Cosmos DB,Data Services,team:Operations,416.69,INR,3.49,1 Hour
2026-02-10,sub-psiog-001,MAC-01,rg-mac-01-devops-prod,Microsoft.Compute/virtualMachines,Virtual Machines,Compute,team:DevOps,1191.24,INR,65.45,1 Hour
2026-02-10,sub-psiog-001,MAC-01,rg-mac-01-devops-prod,Microsoft.Storage/storageAccounts,Blob Storage,Storage,team:DevOps,291.84,INR,88.38,1 Hour
2026-02-10,sub-psiog-001,MAC-01,rg-mac-01-devops-prod,Microsoft.Network/virtualNetworks,Virtual Networks,Networking,team:DevOps,233.35,INR,2.26,1 Hour
2026-02-10,sub-psiog-001,MAC-01,rg-mac-01-devops-prod,Microsoft.DocumentDB/databaseAccounts,Cosmos DB,Data Services,team:DevOps,444.52,INR,96.72,1 Hour
2026-02-10,sub-psiog-001,MAC-01,rg-mac-01-platform-prod,Microsoft.ContainerService/managedClusters,AKS Clusters,Compute,team:Platform,1232.13,INR,34.08,1 Hour
2026-02-10,sub-psiog-001,MAC-01,rg-mac-01-platform-prod,Microsoft.Storage/storageAccounts,Blob Storage,Storage,team:Platform,267.25,INR,24.78,1 Hour
2026-02-10,sub-psiog-001,MAC-01,rg-mac-01-platform-prod,Microsoft.Network/virtualNetworks,Virtual Networks,Networking,team:Platform,257.12,INR,61.52,1 Hour
2026-02-10,sub-psiog-001,MAC-01,rg-mac-01-platform-prod,Microsoft.Sql/servers/databases,SQL Database,Data Services,team:Platform,351.0,INR,46.43,1 Hour
2026-02-10,sub-psiog-001,MAC-02,rg-mac-02-dataengineering-prod,Microsoft.ContainerService/managedClusters,AKS Clusters,Compute,team:DataEngineering,888.42,INR,42.25,1 Hour
2026-02-10,sub-psiog-001,MAC-02,rg-mac-02-dataengineering-prod,Microsoft.Storage/storageAccounts/fileServices,File Storage,Storage,team:DataEngineering,629.69,INR,7.36,1 Hour
2026-02-10,sub-psiog-001,MAC-02,rg-mac-02-dataengineering-prod,Microsoft.Network/virtualNetworks,Virtual Networks,Networking,team:DataEngineering,218.64,INR,92.48,1 Hour
2026-02-10,sub-psiog-001,MAC-02,rg-mac-02-dataengineering-prod,Microsoft.DocumentDB/databaseAccounts,Cosmos DB,Data Services,team:DataEngineering,946.28,INR,20.92,1 Hour
2026-02-10,sub-psiog-001,MAC-02,rg-mac-02-analytics-prod,Microsoft.ContainerService/managedClusters,AKS Clusters,Compute,team:Analytics,916.75,INR,82.87,1 Hour
2026-02-10,sub-psiog-001,MAC-02,rg-mac-02-analytics-prod,Microsoft.Storage/storageAccounts,Blob Storage,Storage,team:Analytics,598.98,INR,95.24,1 Hour
2026-02-10,sub-psiog-001,MAC-02,rg-mac-02-analytics-prod,Microsoft.Network/virtualNetworks,Virtual Networks,Networking,team:Analytics,173.18,INR,26.81,1 Hour
2026-02-10,sub-psiog-001,MAC-02,rg-mac-02-analytics-prod,Microsoft.DocumentDB/databaseAccounts,Cosmos DB,Data Services,team:Analytics,930.41,INR,9.52,1 Hour
2026-02-10,sub-psiog-001,MAC-03,rg-mac-03-product-prod,Microsoft.ContainerService/managedClusters,AKS Clusters,Compute,team:Product,718.19,INR,14.99,1 Hour
2026-02-10,sub-psiog-001,MAC-03,rg-mac-03-product-prod,Microsoft.Storage/storageAccounts/fileServices,File Storage,Storage,team:Product,239.59,INR,32.69,1 Hour
2026-02-10,sub-psiog-001,MAC-03,rg-mac-03-product-prod,Microsoft.Network/loadBalancers,Load Balancers,Networking,team:Product,134.44,INR,75.51,1 Hour
2026-02-10,sub-psiog-001,MAC-03,rg-mac-03-product-prod,Microsoft.Sql/servers/databases,SQL Database,Data Services,team:Product,344.62,INR,26.09,1 Hour
2026-02-10,sub-psiog-001,MAC-03,rg-mac-03-frontend-prod,Microsoft.Compute/virtualMachines,Virtual Machines,Compute,team:Frontend,504.7,INR,73.0,1 Hour
2026-02-10,sub-psiog-001,MAC-03,rg-mac-03-frontend-prod,Microsoft.Storage/storageAccounts/fileServices,File Storage,Storage,team:Frontend,153.15,INR,59.87,1 Hour
2026-02-10,sub-psiog-001,MAC-03,rg-mac-03-frontend-prod,Microsoft.Network/loadBalancers,Load Balancers,Networking,team:Frontend,97.05,INR,13.13,1 Hour
2026-02-10,sub-psiog-001,MAC-03,rg-mac-03-frontend-prod,Microsoft.DocumentDB/databaseAccounts,Cosmos DB,Data Services,team:Frontend,210.06,INR,44.4,1 Hour
2026-02-10,sub-psiog-001,MAC-04,rg-mac-04-backend-prod,Microsoft.ContainerService/managedClusters,AKS Clusters,Compute,team:Backend,1177.06,INR,93.67,1 Hour
2026-02-10,sub-psiog-001,MAC-04,rg-mac-04-backend-prod,Microsoft.Storage/storageAccounts/fileServices,File Storage,Storage,team:Backend,355.6,INR,2.91,1 Hour
2026-02-10,sub-psiog-001,MAC-04,rg-mac-04-backend-prod,Microsoft.Network/virtualNetworks,Virtual Networks,Networking,team:Backend,209.06,INR,43.99,1 Hour
2026-02-10,sub-psiog-001,MAC-04,rg-mac-04-backend-prod,Microsoft.Sql/servers/databases,SQL Database,Data Services,team:Backend,595.45,INR,40.48,1 Hour
2026-02-10,sub-psiog-001,MAC-04,rg-mac-04-qa-prod,Microsoft.ContainerService/managedClusters,AKS Clusters,Compute,team:QA,372.93,INR,2.15,1 Hour
2026-02-10,sub-psiog-001,MAC-04,rg-mac-04-qa-prod,Microsoft.Storage/storageAccounts/fileServices,File Storage,Storage,team:QA,220.53,INR,99.84,1 Hour
2026-02-10,sub-psiog-001,MAC-04,rg-mac-04-qa-prod,Microsoft.Network/virtualNetworks,Virtual Networks,Networking,team:QA,86.44,INR,40.95,1 Hour
2026-02-10,sub-psiog-001,MAC-04,rg-mac-04-qa-prod,Microsoft.DocumentDB/databaseAccounts,Cosmos DB,Data Services,team:QA,306.8,INR,76.1,1 Hour
2026-02-10,sub-psiog-001,MAC-05,rg-mac-05-security-prod,Microsoft.ContainerService/managedClusters,AKS Clusters,Compute,team:Security,664.83,INR,27.02,1 Hour
2026-02-10,sub-psiog-001,MAC-05,rg-mac-05-security-prod,Microsoft.Storage/storageAccounts/fileServices,File Storage,Storage,team:Security,297.23,INR,1.2,1 Hour
2026-02-10,sub-psiog-001,MAC-05,rg-mac-05-security-prod,Microsoft.Network/virtualNetworks,Virtual Networks,Networking,team:Security,350.78,INR,10.28,1 Hour
2026-02-10,sub-psiog-001,MAC-05,rg-mac-05-security-prod,Microsoft.DocumentDB/databaseAccounts,Cosmos DB,Data Services,team:Security,414.01,INR,93.54,1 Hour
2026-02-10,sub-psiog-001,MAC-05,rg-mac-05-compliance-prod,Microsoft.ContainerService/managedClusters,AKS Clusters,Compute,team:Compliance,405.73,INR,91.15,1 Hour
2026-02-10,sub-psiog-001,MAC-05,rg-mac-05-compliance-prod,Microsoft.Storage/storageAccounts/fileServices,File Storage,Storage,team:Compliance,238.02,INR,24.22,1 Hour
2026-02-10,sub-psiog-001,MAC-05,rg-mac-05-compliance-prod,Microsoft.Network/virtualNetworks,Virtual Networks,Networking,team:Compliance,165.74,INR,34.64,1 Hour
2026-02-10,sub-psiog-001,MAC-05,rg-mac-05-compliance-prod,Microsoft.Sql/servers/databases,SQL Database,Data Services,team:Compliance,330.55,INR,43.3,1 Hour
2026-02-10,sub-psiog-001,MAC-06,rg-mac-06-infrastructure-prod,Microsoft.Compute/virtualMachines,Virtual Machines,Compute,team:Infrastructure,1542.34,INR,30.4,1 Hour
2026-02-10,sub-psiog-001,MAC-06,rg-mac-06-infrastructure-prod,Microsoft.Storage/storageAccounts,Blob Storage,Storage,team:Infrastructure,399.17,INR,81.54,1 Hour
2026-02-10,sub-psiog-001,MAC-06,rg-mac-06-infrastructure-prod,Microsoft.Network/loadBalancers,Load Balancers,Networking,team:Infrastructure,336.06,INR,73.27,1 Hour
2026-02-10,sub-psiog-001,MAC-06,rg-mac-06-infrastructure-prod,Microsoft.Sql/servers/databases,SQL Database,Data Services,team:Infrastructure,417.58,INR,96.06,1 Hour
2026-02-10,sub-psiog-001,MAC-06,rg-mac-06-cloudops-prod,Microsoft.ContainerService/managedClusters,AKS Clusters,Compute,team:CloudOps,1461.76,INR,99.78,1 Hour
2026-02-10,sub-psiog-001,MAC-06,rg-mac-06-cloudops-prod,Microsoft.Storage/storageAccounts,Blob Storage,Storage,team:CloudOps,408.8,INR,45.65,1 Hour
2026-02-10,sub-psiog-001,MAC-06,rg-mac-06-cloudops-prod,Microsoft.Network/loadBalancers,Load Balancers,Networking,team:CloudOps,319.04,INR,7.51,1 Hour
2026-02-10,sub-psiog-001,MAC-06,rg-mac-06-cloudops-prod,Microsoft.Sql/servers/databases,SQL Database,Data Services,team:CloudOps,458.74,INR,44.82,1 Hour
2026-02-10,sub-psiog-001,MAC-07,rg-mac-07-ml-prod,Microsoft.Compute/virtualMachines,Virtual Machines,Compute,team:ML,1910.26,INR,51.58,1 Hour
2026-02-10,sub-psiog-001,MAC-07,rg-mac-07-ml-prod,Microsoft.Storage/storageAccounts,Blob Storage,Storage,team:ML,493.11,INR,87.43,1 Hour
2026-02-10,sub-psiog-001,MAC-07,rg-mac-07-ml-prod,Microsoft.Network/virtualNetworks,Virtual Networks,Networking,team:ML,208.72,INR,82.56,1 Hour
2026-02-10,sub-psiog-001,MAC-07,rg-mac-07-ml-prod,Microsoft.Sql/servers/databases,SQL Database,Data Services,team:ML,724.75,INR,71.28,1 Hour
2026-02-10,sub-psiog-001,MAC-07,rg-mac-07-research-prod,Microsoft.Compute/virtualMachines,Virtual Machines,Compute,team:Research,798.92,INR,96.72,1 Hour
2026-02-10,sub-psiog-001,MAC-07,rg-mac-07-research-prod,Microsoft.Storage/storageAccounts,Blob Storage,Storage,team:Research,527.42,INR,41.23,1 Hour
2026-02-10,sub-psiog-001,MAC-07,rg-mac-07-research-prod,Microsoft.Network/virtualNetworks,Virtual Networks,Networking,team:Research,213.45,INR,52.07,1 Hour
2026-02-10,sub-psiog-001,MAC-07,rg-mac-07-research-prod,Microsoft.Sql/servers/databases,SQL Database,Data Services,team:Research,731.6,INR,70.0,1 Hour
2026-02-10,sub-psiog-001,MAC-08,rg-mac-08-finance-prod,Microsoft.ContainerService/managedClusters,AKS Clusters,Compute,team:Finance,316.44,INR,22.39,1 Hour
2026-02-10,sub-psiog-001,MAC-08,rg-mac-08-finance-prod,Microsoft.Storage/storageAccounts,Blob Storage,Storage,team:Finance,222.66,INR,25.0,1 Hour
2026-02-10,sub-psiog-001,MAC-08,rg-mac-08-finance-prod,Microsoft.Network/loadBalancers,Load Balancers,Networking,team:Finance,100.53,INR,69.27,1 Hour
2026-02-10,sub-psiog-001,MAC-08,rg-mac-08-finance-prod,Microsoft.Sql/servers/databases,SQL Database,Data Services,team:Finance,490.66,INR,65.79,1 Hour
2026-02-10,sub-psiog-001,MAC-08,rg-mac-08-operations-prod,Microsoft.Compute/virtualMachines,Virtual Machines,Compute,team:Operations,457.97,INR,87.91,1 Hour
2026-02-10,sub-psiog-001,MAC-08,rg-mac-08-operations-prod,Microsoft.Storage/storageAccounts,Blob Storage,Storage,team:Operations,346.33,INR,25.55,1 Hour
2026-02-10,sub-psiog-001,MAC-08,rg-mac-08-operations-prod,Microsoft.Network/virtualNetworks,Virtual Networks,Networking,team:Operations,152.49,INR,59.59,1 Hour
2026-02-10,sub-psiog-001,MAC-08,rg-mac-08-operations-prod,Microsoft.Sql/servers/databases,SQL Database,Data Services,team:Operations,365.28,INR,68.73,1 Hour
2026-02-11,sub-psiog-001,MAC-01,rg-mac-01-devops-prod,Microsoft.Compute/virtualMachines,Virtual Machines,Compute,team:DevOps,1187.86,INR,78.91,1 Hour
2026-02-11,sub-psiog-001,MAC-01,rg-mac-01-devops-prod,Microsoft.Storage/storageAccounts,Blob Storage,Storage,team:DevOps,287.16,INR,88.2,1 Hour
2026-02-11,sub-psiog-001,MAC-01,rg-mac-01-devops-prod,Microsoft.Network/virtualNetworks,Virtual Networks,Networking,team:DevOps,242.29,INR,46.09,1 Hour
2026-02-11,sub-psiog-001,MAC-01,rg-mac-01-devops-prod,Microsoft.Sql/servers/databases,SQL Database,Data Services,team:DevOps,455.73,INR,73.05,1 Hour
2026-02-11,sub-psiog-001,MAC-01,rg-mac-01-platform-prod,Microsoft.ContainerService/managedClusters,AKS Clusters,Compute,team:Platform,1071.71,INR,88.52,1 Hour
2026-02-11,sub-psiog-001,MAC-01,rg-mac-01-platform-prod,Microsoft.Storage/storageAccounts/fileServices,File Storage,Storage,team:Platform,303.35,INR,57.8,1 Hour
2026-02-11,sub-psiog-001,MAC-01,rg-mac-01-platform-prod,Microsoft.Network/loadBalancers,Load Balancers,Networking,team:Platform,269.95,INR,18.62,1 Hour
2026-02-11,sub-psiog-001,MAC-01,rg-mac-01-platform-prod,Microsoft.Sql/servers/databases,SQL Database,Data Services,team:Platform,355.27,INR,14.84,1 Hour
2026-02-11,sub-psiog-001,MAC-02,rg-mac-02-dataengineering-prod,Microsoft.Compute/virtualMachines,Virtual Machines,Compute,team:DataEngineering,1007.37,INR,23.01,1 Hour
2026-02-11,sub-psiog-001,MAC-02,rg-mac-02-dataengineering-prod,Microsoft.Storage/storageAccounts/fileServices,File Storage,Storage,team:DataEngineering,600.26,INR,88.64,1 Hour
2026-02-11,sub-psiog-001,MAC-02,rg-mac-02-dataengineering-prod,Microsoft.Network/loadBalancers,Load Balancers,Networking,team:DataEngineering,217.53,INR,11.22,1 Hour
2026-02-11,sub-psiog-001,MAC-02,rg-mac-02-dataengineering-prod,Microsoft.Sql/servers/databases,SQL Database,Data Services,team:DataEngineering,1094.77,INR,76.57,1 Hour
2026-02-11,sub-psiog-001,MAC-02,rg-mac-02-analytics-prod,Microsoft.ContainerService/managedClusters,AKS Clusters,Compute,team:Analytics,874.2,INR,69.08,1 Hour
2026-02-11,sub-psiog-001,MAC-02,rg-mac-02-analytics-prod,Microsoft.Storage/storageAccounts,Blob Storage,Storage,team:Analytics,590.84,INR,11.45,1 Hour
2026-02-11,sub-psiog-001,MAC-02,rg-mac-02-analytics-prod,Microsoft.Network/loadBalancers,Load Balancers,Networking,team:Analytics,185.87,INR,35.62,1 Hour
2026-02-11,sub-psiog-001,MAC-02,rg-mac-02-analytics-prod,Microsoft.DocumentDB/databaseAccounts,Cosmos DB,Data Services,team:Analytics,810.62,INR,77.42,1 Hour
2026-02-11,sub-psiog-001,MAC-03,rg-mac-03-product-prod,Microsoft.Compute/virtualMachines,Virtual Machines,Compute,team:Product,553.15,INR,37.66,1 Hour
2026-02-11,sub-psiog-001,MAC-03,rg-mac-03-product-prod,Microsoft.Storage/storageAccounts,Blob Storage,Storage,team:Product,227.72,INR,16.77,1 Hour
2026-02-11,sub-psiog-001,MAC-03,rg-mac-03-product-prod,Microsoft.Network/loadBalancers,Load Balancers,Networking,team:Product,139.48,INR,21.13,1 Hour
2026-02-11,sub-psiog-001,MAC-03,rg-mac-03-product-prod,Microsoft.DocumentDB/databaseAccounts,Cosmos DB,Data Services,team:Product,291.34,INR,50.94,1 Hour
2026-02-11,sub-psiog-001,MAC-03,rg-mac-03-frontend-prod,Microsoft.ContainerService/managedClusters,AKS Clusters,Compute,team:Frontend,483.5,INR,90.23,1 Hour
2026-02-11,sub-psiog-001,MAC-03,rg-mac-03-frontend-prod,Microsoft.Storage/storageAccounts/fileServices,File Storage,Storage,team:Frontend,157.32,INR,2.06,1 Hour
2026-02-11,sub-psiog-001,MAC-03,rg-mac-03-frontend-prod,Microsoft.Network/virtualNetworks,Virtual Networks,Networking,team:Frontend,119.73,INR,33.42,1 Hour
2026-02-11,sub-psiog-001,MAC-03,rg-mac-03-frontend-prod,Microsoft.DocumentDB/databaseAccounts,Cosmos DB,Data Services,team:Frontend,212.48,INR,39.2,1 Hour
2026-02-11,sub-psiog-001,MAC-04,rg-mac-04-backend-prod,Microsoft.ContainerService/managedClusters,AKS Clusters,Compute,team:Backend,993.94,INR,88.49,1 Hour
2026-02-11,sub-psiog-001,MAC-04,rg-mac-04-backend-prod,Microsoft.Storage/storageAccounts,Blob Storage,Storage,team:Backend,387.15,INR,5.65,1 Hour
2026-02-11,sub-psiog-001,MAC-04,rg-mac-04-backend-prod,Microsoft.Network/loadBalancers,Load Balancers,Networking,team:Backend,212.21,INR,98.1,1 Hour
2026-02-11,sub-psiog-001,MAC-04,rg-mac-04-backend-prod,Microsoft.Sql/servers/databases,SQL Database,Data Services,team:Backend,472.13,INR,95.83,1 Hour
2026-02-11,sub-psiog-001,MAC-04,rg-mac-04-qa-prod,Microsoft.Compute/virtualMachines,Virtual Machines,Compute,team:QA,404.12,INR,67.73,1 Hour
2026-02-11,sub-psiog-001,MAC-04,rg-mac-04-qa-prod,Microsoft.Storage/storageAccounts/fileServices,File Storage,Storage,team:QA,172.46,INR,63.66,1 Hour
2026-02-11,sub-psiog-001,MAC-04,rg-mac-04-qa-prod,Microsoft.Network/virtualNetworks,Virtual Networks,Networking,team:QA,102.9,INR,44.41,1 Hour
2026-02-11,sub-psiog-001,MAC-04,rg-mac-04-qa-prod,Microsoft.Sql/servers/databases,SQL Database,Data Services,team:QA,245.71,INR,18.98,1 Hour
2026-02-11,sub-psiog-001,MAC-05,rg-mac-05-security-prod,Microsoft.Compute/virtualMachines,Virtual Machines,Compute,team:Security,797.85,INR,94.9,1 Hour
2026-02-11,sub-psiog-001,MAC-05,rg-mac-05-security-prod,Microsoft.Storage/storageAccounts,Blob Storage,Storage,team:Security,287.09,INR,41.18,1 Hour
2026-02-11,sub-psiog-001,MAC-05,rg-mac-05-security-prod,Microsoft.Network/loadBalancers,Load Balancers,Networking,team:Security,350.33,INR,90.97,1 Hour
2026-02-11,sub-psiog-001,MAC-05,rg-mac-05-security-prod,Microsoft.Sql/servers/databases,SQL Database,Data Services,team:Security,374.18,INR,25.36,1 Hour
2026-02-11,sub-psiog-001,MAC-05,rg-mac-05-compliance-prod,Microsoft.ContainerService/managedClusters,AKS Clusters,Compute,team:Compliance,330.6,INR,92.47,1 Hour
2026-02-11,sub-psiog-001,MAC-05,rg-mac-05-compliance-prod,Microsoft.Storage/storageAccounts/fileServices,File Storage,Storage,team:Compliance,206.42,INR,35.86,1 Hour
2026-02-11,sub-psiog-001,MAC-05,rg-mac-05-compliance-prod,Microsoft.Network/virtualNetworks,Virtual Networks,Networking,team:Compliance,154.54,INR,98.98,1 Hour
2026-02-11,sub-psiog-001,MAC-05,rg-mac-05-compliance-prod,Microsoft.Sql/servers/databases,SQL Database,Data Services,team:Compliance,292.76,INR,4.74,1 Hour
2026-02-11,sub-psiog-001,MAC-06,rg-mac-06-infrastructure-prod,Microsoft.Compute/virtualMachines,Virtual Machines,Compute,team:Infrastructure,1652.54,INR,41.27,1 Hour
2026-02-11,sub-psiog-001,MAC-06,rg-mac-06-infrastructure-prod,Microsoft.Storage/storageAccounts,Blob Storage,Storage,team:Infrastructure,479.07,INR,25.66,1 Hour
2026-02-11,sub-psiog-001,MAC-06,rg-mac-06-infrastructure-prod,Microsoft.Network/virtualNetworks,Virtual Networks,Networking,team:Infrastructure,378.59,INR,3.31,1 Hour
2026-02-11,sub-psiog-001,MAC-06,rg-mac-06-infrastructure-prod,Microsoft.Sql/servers/databases,SQL Database,Data Services,team:Infrastructure,521.5,INR,16.02,1 Hour
2026-02-11,sub-psiog-001,MAC-06,rg-mac-06-cloudops-prod,Microsoft.Compute/virtualMachines,Virtual Machines,Compute,team:CloudOps,1257.11,INR,73.2,1 Hour
2026-02-11,sub-psiog-001,MAC-06,rg-mac-06-cloudops-prod,Microsoft.Storage/storageAccounts,Blob Storage,Storage,team:CloudOps,357.34,INR,63.18,1 Hour
2026-02-11,sub-psiog-001,MAC-06,rg-mac-06-cloudops-prod,Microsoft.Network/virtualNetworks,Virtual Networks,Networking,team:CloudOps,318.98,INR,97.52,1 Hour
2026-02-11,sub-psiog-001,MAC-06,rg-mac-06-cloudops-prod,Microsoft.Sql/servers/databases,SQL Database,Data Services,team:CloudOps,397.54,INR,63.37,1 Hour
2026-02-11,sub-psiog-001,MAC-07,rg-mac-07-ml-prod,Microsoft.ContainerService/managedClusters,AKS Clusters,Compute,team:ML,1517.53,INR,7.02,1 Hour
2026-02-11,sub-psiog-001,MAC-07,rg-mac-07-ml-prod,Microsoft.Storage/storageAccounts,Blob Storage,Storage,team:ML,582.44,INR,47.48,1 Hour
2026-02-11,sub-psiog-001,MAC-07,rg-mac-07-ml-prod,Microsoft.Network/loadBalancers,Load Balancers,Networking,team:ML,193.8,INR,12.84,1 Hour
2026-02-11,sub-psiog-001,MAC-07,rg-mac-07-ml-prod,Microsoft.Sql/servers/databases,SQL Database,Data Services,team:ML,645.31,INR,83.29,1 Hour
2026-02-11,sub-psiog-001,MAC-07,rg-mac-07-research-prod,Microsoft.ContainerService/managedClusters,AKS Clusters,Compute,team:Research,756.01,INR,70.29,1 Hour
2026-02-11,sub-psiog-001,MAC-07,rg-mac-07-research-prod,Microsoft.Storage/storageAccounts,Blob Storage,Storage,team:Research,419.97,INR,49.51,1 Hour
2026-02-11,sub-psiog-001,MAC-07,rg-mac-07-research-prod,Microsoft.Network/loadBalancers,Load Balancers,Networking,team:Research,169.54,INR,73.45,1 Hour
2026-02-11,sub-psiog-001,MAC-07,rg-mac-07-research-prod,Microsoft.DocumentDB/databaseAccounts,Cosmos DB,Data Services,team:Research,666.64,INR,83.89,1 Hour
2026-02-11,sub-psiog-001,MAC-08,rg-mac-08-finance-prod,Microsoft.ContainerService/managedClusters,AKS Clusters,Compute,team:Finance,346.44,INR,1.03,1 Hour
2026-02-11,sub-psiog-001,MAC-08,rg-mac-08-finance-prod,Microsoft.Storage/storageAccounts,Blob Storage,Storage,team:Finance,226.91,INR,74.35,1 Hour
2026-02-11,sub-psiog-001,MAC-08,rg-mac-08-finance-prod,Microsoft.Network/loadBalancers,Load Balancers,Networking,team:Finance,94.38,INR,44.22,1 Hour
2026-02-11,sub-psiog-001,MAC-08,rg-mac-08-finance-prod,Microsoft.Sql/servers/databases,SQL Database,Data Services,team:Finance,548.01,INR,93.14,1 Hour
2026-02-11,sub-psiog-001,MAC-08,rg-mac-08-operations-prod,Microsoft.Compute/virtualMachines,Virtual Machines,Compute,team:Operations,532.94,INR,33.6,1 Hour
2026-02-11,sub-psiog-001,MAC-08,rg-mac-08-operations-prod,Microsoft.Storage/storageAccounts,Blob Storage,Storage,team:Operations,322.08,INR,87.91,1 Hour
2026-02-11,sub-psiog-001,MAC-08,rg-mac-08-operations-prod,Microsoft.Network/virtualNetworks,Virtual Networks,Networking,team:Operations,128.32,INR,69.37,1 Hour
2026-02-11,sub-psiog-001,MAC-08,rg-mac-08-operations-prod,Microsoft.DocumentDB/databaseAccounts,Cosmos DB,Data Services,team:Operations,394.17,INR,7.08,1 Hour
2026-02-12,sub-psiog-001,MAC-01,rg-mac-01-devops-prod,Microsoft.Compute/virtualMachines,Virtual Machines,Compute,team:DevOps,1304.38,INR,87.14,1 Hour
2026-02-12,sub-psiog-001,MAC-01,rg-mac-01-devops-prod,Microsoft.Storage/storageAccounts/fileServices,File Storage,Storage,team:DevOps,321.59,INR,24.11,1 Hour
2026-02-12,sub-psiog-001,MAC-01,rg-mac-01-devops-prod,Microsoft.Network/loadBalancers,Load Balancers,Networking,team:DevOps,198.32,INR,30.93,1 Hour
2026-02-12,sub-psiog-001,MAC-01,rg-mac-01-devops-prod,Microsoft.Sql/servers/databases,SQL Database,Data Services,team:DevOps,383.82,INR,12.64,1 Hour
2026-02-12,sub-psiog-001,MAC-01,rg-mac-01-platform-prod,Microsoft.Compute/virtualMachines,Virtual Machines,Compute,team:Platform,1314.57,INR,12.29,1 Hour
2026-02-12,sub-psiog-001,MAC-01,rg-mac-01-platform-prod,Microsoft.Storage/storageAccounts/fileServices,File Storage,Storage,team:Platform,291.48,INR,41.29,1 Hour
2026-02-12,sub-psiog-001,MAC-01,rg-mac-01-platform-prod,Microsoft.Network/loadBalancers,Load Balancers,Networking,team:Platform,263.04,INR,56.58,1 Hour
2026-02-12,sub-psiog-001,MAC-01,rg-mac-01-platform-prod,Microsoft.Sql/servers/databases,SQL Database,Data Services,team:Platform,431.8,INR,15.78,1 Hour
2026-02-12,sub-psiog-001,MAC-02,rg-mac-02-dataengineering-prod,Microsoft.Compute/virtualMachines,Virtual Machines,Compute,team:DataEngineering,884.14,INR,30.02,1 Hour
2026-02-12,sub-psiog-001,MAC-02,rg-mac-02-dataengineering-prod,Microsoft.Storage/storageAccounts/fileServices,File Storage,Storage,team:DataEngineering,696.61,INR,70.83,1 Hour
2026-02-12,sub-psiog-001,MAC-02,rg-mac-02-dataengineering-prod,Microsoft.Network/loadBalancers,Load Balancers,Networking,team:DataEngineering,185.71,INR,1.39,1 Hour
2026-02-12,sub-psiog-001,MAC-02,rg-mac-02-dataengineering-prod,Microsoft.DocumentDB/databaseAccounts,Cosmos DB,Data Services,team:DataEngineering,987.99,INR,9.16,1 Hour
2026-02-12,sub-psiog-001,MAC-02,rg-mac-02-analytics-prod,Microsoft.Compute/virtualMachines,Virtual Machines,Compute,team:Analytics,819.77,INR,43.35,1 Hour
2026-02-12,sub-psiog-001,MAC-02,rg-mac-02-analytics-prod,Microsoft.Storage/storageAccounts,Blob Storage,Storage,team:Analytics,535.09,INR,92.86,1 Hour
2026-02-12,sub-psiog-001,MAC-02,rg-mac-02-analytics-prod,Microsoft.Network/loadBalancers,Load Balancers,Networking,team:Analytics,154.09,INR,27.67,1 Hour
2026-02-12,sub-psiog-001,MAC-02,rg-mac-02-analytics-prod,Microsoft.Sql/servers/databases,SQL Database,Data Services,team:Analytics,887.24,INR,9.32,1 Hour
2026-02-12,sub-psiog-001,MAC-03,rg-mac-03-product-prod,Microsoft.ContainerService/managedClusters,AKS Clusters,Compute,team:Product,555.29,INR,64.86,1 Hour
2026-02-12,sub-psiog-001,MAC-03,rg-mac-03-product-prod,Microsoft.Storage/storageAccounts,Blob Storage,Storage,team:Product,187.45,INR,40.71,1 Hour
2026-02-12,sub-psiog-001,MAC-03,rg-mac-03-product-prod,Microsoft.Network/loadBalancers,Load Balancers,Networking,team:Product,140.03,INR,80.55,1 Hour
2026-02-12,sub-psiog-001,MAC-03,rg-mac-03-product-prod,Microsoft.Sql/servers/databases,SQL Database,Data Services,team:Product,315.36,INR,16.27,1 Hour
2026-02-12,sub-psiog-001,MAC-03,rg-mac-03-frontend-prod,Microsoft.ContainerService/managedClusters,AKS Clusters,Compute,team:Frontend,585.22,INR,50.85,1 Hour
2026-02-12,sub-psiog-001,MAC-03,rg-mac-03-frontend-prod,Microsoft.Storage/storageAccounts,Blob Storage,Storage,team:Frontend,153.71,INR,52.79,1 Hour
2026-02-12,sub-psiog-001,MAC-03,rg-mac-03-frontend-prod,Microsoft.Network/virtualNetworks,Virtual Networks,Networking,team:Frontend,120.36,INR,39.85,1 Hour
2026-02-12,sub-psiog-001,MAC-03,rg-mac-03-frontend-prod,Microsoft.Sql/servers/databases,SQL Database,Data Services,team:Frontend,234.87,INR,13.35,1 Hour
2026-02-12,sub-psiog-001,MAC-04,rg-mac-04-backend-prod,Microsoft.Compute/virtualMachines,Virtual Machines,Compute,team:Backend,1153.27,INR,20.4,1 Hour
2026-02-12,sub-psiog-001,MAC-04,rg-mac-04-backend-prod,Microsoft.Storage/storageAccounts/fileServices,File Storage,Storage,team:Backend,339.53,INR,64.3,1 Hour
2026-02-12,sub-psiog-001,MAC-04,rg-mac-04-backend-prod,Microsoft.Network/virtualNetworks,Virtual Networks,Networking,team:Backend,235.16,INR,53.99,1 Hour
2026-02-12,sub-psiog-001,MAC-04,rg-mac-04-backend-prod,Microsoft.DocumentDB/databaseAccounts,Cosmos DB,Data Services,team:Backend,468.22,INR,71.15,1 Hour
2026-02-12,sub-psiog-001,MAC-04,rg-mac-04-qa-prod,Microsoft.Compute/virtualMachines,Virtual Machines,Compute,team:QA,480.97,INR,58.45,1 Hour
2026-02-12,sub-psiog-001,MAC-04,rg-mac-04-qa-prod,Microsoft.Storage/storageAccounts,Blob Storage,Storage,team:QA,210.04,INR,62.05,1 Hour
2026-02-12,sub-psiog-001,MAC-04,rg-mac-04-qa-prod,Microsoft.Network/loadBalancers,Load Balancers,Networking,team:QA,95.93,INR,26.36,1 Hour
2026-02-12,sub-psiog-001,MAC-04,rg-mac-04-qa-prod,Microsoft.Sql/servers/databases,SQL Database,Data Services,team:QA,269.19,INR,13.58,1 Hour
2026-02-12,sub-psiog-001,MAC-05,rg-mac-05-security-prod,Microsoft.ContainerService/managedClusters,AKS Clusters,Compute,team:Security,825.72,INR,69.58,1 Hour
2026-02-12,sub-psiog-001,MAC-05,rg-mac-05-security-prod,Microsoft.Storage/storageAccounts/fileServices,File Storage,Storage,team:Security,300.22,INR,8.61,1 Hour
2026-02-12,sub-psiog-001,MAC-05,rg-mac-05-security-prod,Microsoft.Network/loadBalancers,Load Balancers,Networking,team:Security,357.12,INR,73.87,1 Hour
2026-02-12,sub-psiog-001,MAC-05,rg-mac-05-security-prod,Microsoft.Sql/servers/databases,SQL Database,Data Services,team:Security,342.44,INR,71.34,1 Hour
2026-02-12,sub-psiog-001,MAC-05,rg-mac-05-compliance-prod,Microsoft.ContainerService/managedClusters,AKS Clusters,Compute,team:Compliance,376.24,INR,57.02,1 Hour
2026-02-12,sub-psiog-001,MAC-05,rg-mac-05-compliance-prod,Microsoft.Storage/storageAccounts/fileServices,File Storage,Storage,team:Compliance,258.22,INR,33.51,1 Hour
2026-02-12,sub-psiog-001,MAC-05,rg-mac-05-compliance-prod,Microsoft.Network/loadBalancers,Load Balancers,Networking,team:Compliance,186.12,INR,61.79,1 Hour
2026-02-12,sub-psiog-001,MAC-05,rg-mac-05-compliance-prod,Microsoft.Sql/servers/databases,SQL Database,Data Services,team:Compliance,293.45,INR,97.9,1 Hour
2026-02-12,sub-psiog-001,MAC-06,rg-mac-06-infrastructure-prod,Microsoft.ContainerService/managedClusters,AKS Clusters,Compute,team:Infrastructure,1319.6,INR,18.48,1 Hour
2026-02-12,sub-psiog-001,MAC-06,rg-mac-06-infrastructure-prod,Microsoft.Storage/storageAccounts,Blob Storage,Storage,team:Infrastructure,401.72,INR,59.6,1 Hour
2026-02-12,sub-psiog-001,MAC-06,rg-mac-06-infrastructure-prod,Microsoft.Network/loadBalancers,Load Balancers,Networking,team:Infrastructure,364.95,INR,81.31,1 Hour
2026-02-12,sub-psiog-001,MAC-06,rg-mac-06-infrastructure-prod,Microsoft.Sql/servers/databases,SQL Database,Data Services,team:Infrastructure,451.93,INR,30.48,1 Hour
2026-02-12,sub-psiog-001,MAC-06,rg-mac-06-cloudops-prod,Microsoft.ContainerService/managedClusters,AKS Clusters,Compute,team:CloudOps,1497.36,INR,27.03,1 Hour
2026-02-12,sub-psiog-001,MAC-06,rg-mac-06-cloudops-prod,Microsoft.Storage/storageAccounts,Blob Storage,Storage,team:CloudOps,359.52,INR,19.04,1 Hour
2026-02-12,sub-psiog-001,MAC-06,rg-mac-06-cloudops-prod,Microsoft.Network/virtualNetworks,Virtual Networks,Networking,team:CloudOps,376.65,INR,34.69,1 Hour
2026-02-12,sub-psiog-001,MAC-06,rg-mac-06-cloudops-prod,Microsoft.DocumentDB/databaseAccounts,Cosmos DB,Data Services,team:CloudOps,469.32,INR,9.83,1 Hour
2026-02-12,sub-psiog-001,MAC-07,rg-mac-07-ml-prod,Microsoft.ContainerService/managedClusters,AKS Clusters,Compute,team:ML,1516.27,INR,1.72,1 Hour
2026-02-12,sub-psiog-001,MAC-07,rg-mac-07-ml-prod,Microsoft.Storage/storageAccounts,Blob Storage,Storage,team:ML,465.26,INR,96.92,1 Hour
2026-02-12,sub-psiog-001,MAC-07,rg-mac-07-ml-prod,Microsoft.Network/virtualNetworks,Virtual Networks,Networking,team:ML,205.97,INR,94.85,1 Hour
2026-02-12,sub-psiog-001,MAC-07,rg-mac-07-ml-prod,Microsoft.DocumentDB/databaseAccounts,Cosmos DB,Data Services,team:ML,730.95,INR,67.55,1 Hour
2026-02-12,sub-psiog-001,MAC-07,rg-mac-07-research-prod,Microsoft.ContainerService/managedClusters,AKS Clusters,Compute,team:Research,837.21,INR,17.49,1 Hour
2026-02-12,sub-psiog-001,MAC-07,rg-mac-07-research-prod,Microsoft.Storage/storageAccounts,Blob Storage,Storage,team:Research,511.68,INR,2.98,1 Hour
2026-02-12,sub-psiog-001,MAC-07,rg-mac-07-research-prod,Microsoft.Network/virtualNetworks,Virtual Networks,Networking,team:Research,191.82,INR,48.19,1 Hour
2026-02-12,sub-psiog-001,MAC-07,rg-mac-07-research-prod,Microsoft.Sql/servers/databases,SQL Database,Data Services,team:Research,614.35,INR,32.3,1 Hour
2026-02-12,sub-psiog-001,MAC-08,rg-mac-08-finance-prod,Microsoft.ContainerService/managedClusters,AKS Clusters,Compute,team:Finance,336.71,INR,26.24,1 Hour
2026-02-12,sub-psiog-001,MAC-08,rg-mac-08-finance-prod,Microsoft.Storage/storageAccounts,Blob Storage,Storage,team:Finance,233.5,INR,91.72,1 Hour
2026-02-12,sub-psiog-001,MAC-08,rg-mac-08-finance-prod,Microsoft.Network/loadBalancers,Load Balancers,Networking,team:Finance,103.76,INR,86.99,1 Hour
2026-02-12,sub-psiog-001,MAC-08,rg-mac-08-finance-prod,Microsoft.DocumentDB/databaseAccounts,Cosmos DB,Data Services,team:Finance,513.24,INR,95.51,1 Hour
2026-02-12,sub-psiog-001,MAC-08,rg-mac-08-operations-prod,Microsoft.ContainerService/managedClusters,AKS Clusters,Compute,team:Operations,478.72,INR,17.53,1 Hour
2026-02-12,sub-psiog-001,MAC-08,rg-mac-08-operations-prod,Microsoft.Storage/storageAccounts,Blob Storage,Storage,team:Operations,282.36,INR,75.64,1 Hour
2026-02-12,sub-psiog-001,MAC-08,rg-mac-08-operations-prod,Microsoft.Network/loadBalancers,Load Balancers,Networking,team:Operations,133.46,INR,29.84,1 Hour
2026-02-12,sub-psiog-001,MAC-08,rg-mac-08-operations-prod,Microsoft.DocumentDB/databaseAccounts,Cosmos DB,Data Services,team:Operations,430.69,INR,72.72,1 Hour
2026-02-13,sub-psiog-001,MAC-01,rg-mac-01-devops-prod,Microsoft.ContainerService/managedClusters,AKS Clusters,Compute,team:DevOps,1444.77,INR,23.23,1 Hour
2026-02-13,sub-psiog-001,MAC-01,rg-mac-01-devops-prod,Microsoft.Storage/storageAccounts/fileServices,File Storage,Storage,team:DevOps,337.43,INR,29.11,1 Hour
2026-02-13,sub-psiog-001,MAC-01,rg-mac-01-devops-prod,Microsoft.Network/loadBalancers,Load Balancers,Networking,team:DevOps,226.72,INR,36.54,1 Hour
2026-02-13,sub-psiog-001,MAC-01,rg-mac-01-devops-prod,Microsoft.Sql/servers/databases,SQL Database,Data Services,team:DevOps,416.54,INR,51.57,1 Hour
2026-02-13,sub-psiog-001,MAC-01,rg-mac-01-platform-prod,Microsoft.ContainerService/managedClusters,AKS Clusters,Compute,team:Platform,1151.55,INR,21.39,1 Hour
2026-02-13,sub-psiog-001,MAC-01,rg-mac-01-platform-prod,Microsoft.Storage/storageAccounts/fileServices,File Storage,Storage,team:Platform,313.48,INR,10.74,1 Hour
2026-02-13,sub-psiog-001,MAC-01,rg-mac-01-platform-prod,Microsoft.Network/virtualNetworks,Virtual Networks,Networking,team:Platform,242.93,INR,24.31,1 Hour
2026-02-13,sub-psiog-001,MAC-01,rg-mac-01-platform-prod,Microsoft.Sql/servers/databases,SQL Database,Data Services,team:Platform,406.3,INR,4.13,1 Hour
2026-02-13,sub-psiog-001,MAC-02,rg-mac-02-dataengineering-prod,Microsoft.Compute/virtualMachines,Virtual Machines,Compute,team:DataEngineering,982.78,INR,4.42,1 Hour
2026-02-13,sub-psiog-001,MAC-02,rg-mac-02-dataengineering-prod,Microsoft.Storage/storageAccounts/fileServices,File Storage,Storage,team:DataEngineering,673.69,INR,46.57,1 Hour
2026-02-13,sub-psiog-001,MAC-02,rg-mac-02-dataengineering-prod,Microsoft.Network/loadBalancers,Load Balancers,Networking,team:DataEngineering,191.54,INR,66.8,1 Hour
2026-02-13,sub-psiog-001,MAC-02,rg-mac-02-dataengineering-prod,Microsoft.DocumentDB/databaseAccounts,Cosmos DB,Data Services,team:DataEngineering,1026.88,INR,93.87,1 Hour
2026-02-13,sub-psiog-001,MAC-02,rg-mac-02-analytics-prod,Microsoft.ContainerService/managedClusters,AKS Clusters,Compute,team:Analytics,853.46,INR,65.17,1 Hour
2026-02-13,sub-psiog-001,MAC-02,rg-mac-02-analytics-prod,Microsoft.Storage/storageAccounts,Blob Storage,Storage,team:Analytics,532.36,INR,91.83,1 Hour
2026-02-13,sub-psiog-001,MAC-02,rg-mac-02-analytics-prod,Microsoft.Network/virtualNetworks,Virtual Networks,Networking,team:Analytics,166.04,INR,77.96,1 Hour
2026-02-13,sub-psiog-001,MAC-02,rg-mac-02-analytics-prod,Microsoft.DocumentDB/databaseAccounts,Cosmos DB,Data Services,team:Analytics,859.69,INR,20.43,1 Hour
2026-02-13,sub-psiog-001,MAC-03,rg-mac-03-product-prod,Microsoft.Compute/virtualMachines,Virtual Machines,Compute,team:Product,685.88,INR,76.71,1 Hour
2026-02-13,sub-psiog-001,MAC-03,rg-mac-03-product-prod,Microsoft.Storage/storageAccounts,Blob Storage,Storage,team:Product,212.56,INR,10.85,1 Hour
2026-02-13,sub-psiog-001,MAC-03,rg-mac-03-product-prod,Microsoft.Network/loadBalancers,Load Balancers,Networking,team:Product,146.43,INR,34.0,1 Hour
2026-02-13,sub-psiog-001,MAC-03,rg-mac-03-product-prod,Microsoft.Sql/servers/databases,SQL Database,Data Services,team:Product,297.09,INR,55.47,1 Hour
2026-02-13,sub-psiog-001,MAC-03,rg-mac-03-frontend-prod,Microsoft.ContainerService/managedClusters,AKS Clusters,Compute,team:Frontend,573.87,INR,53.42,1 Hour
2026-02-13,sub-psiog-001,MAC-03,rg-mac-03-frontend-prod,Microsoft.Storage/storageAccounts/fileServices,File Storage,Storage,team:Frontend,148.18,INR,32.89,1 Hour
2026-02-13,sub-psiog-001,MAC-03,rg-mac-03-frontend-prod,Microsoft.Network/loadBalancers,Load Balancers,Networking,team:Frontend,123.24,INR,43.6,1 Hour
2026-02-13,sub-psiog-001,MAC-03,rg-mac-03-frontend-prod,Microsoft.Sql/servers/databases,SQL Database,Data Services,team:Frontend,205.58,INR,50.66,1 Hour
2026-02-13,sub-psiog-001,MAC-04,rg-mac-04-backend-prod,Microsoft.Compute/virtualMachines,Virtual Machines,Compute,team:Backend,1024.27,INR,96.93,1 Hour
2026-02-13,sub-psiog-001,MAC-04,rg-mac-04-backend-prod,Microsoft.Storage/storageAccounts,Blob Storage,Storage,team:Backend,391.72,INR,26.24,1 Hour
2026-02-13,sub-psiog-001,MAC-04,rg-mac-04-backend-prod,Microsoft.Network/loadBalancers,Load Balancers,Networking,team:Backend,228.96,INR,75.44,1 Hour
2026-02-13,sub-psiog-001,MAC-04,rg-mac-04-backend-prod,Microsoft.DocumentDB/databaseAccounts,Cosmos DB,Data Services,team:Backend,522.47,INR,62.25,1 Hour
2026-02-13,sub-psiog-001,MAC-04,rg-mac-04-qa-prod,Microsoft.ContainerService/managedClusters,AKS Clusters,Compute,team:QA,434.41,INR,28.19,1 Hour
2026-02-13,sub-psiog-001,MAC-04,rg-mac-04-qa-prod,Microsoft.Storage/storageAccounts,Blob Storage,Storage,team:QA,182.73,INR,14.07,1 Hour
2026-02-13,sub-psiog-001,MAC-04,rg-mac-04-qa-prod,Microsoft.Network/virtualNetworks,Virtual Networks,Networking,team:QA,95.45,INR,89.23,1 Hour
2026-02-13,sub-psiog-001,MAC-04,rg-mac-04-qa-prod,Microsoft.DocumentDB/databaseAccounts,Cosmos DB,Data Services,team:QA,301.45,INR,97.12,1 Hour
2026-02-13,sub-psiog-001,MAC-05,rg-mac-05-security-prod,Microsoft.ContainerService/managedClusters,AKS Clusters,Compute,team:Security,725.4,INR,77.62,1 Hour
2026-02-13,sub-psiog-001,MAC-05,rg-mac-05-security-prod,Microsoft.Storage/storageAccounts/fileServices,File Storage,Storage,team:Security,309.93,INR,96.62,1 Hour
2026-02-13,sub-psiog-001,MAC-05,rg-mac-05-security-prod,Microsoft.Network/loadBalancers,Load Balancers,Networking,team:Security,290.51,INR,43.16,1 Hour
2026-02-13,sub-psiog-001,MAC-05,rg-mac-05-security-prod,Microsoft.Sql/servers/databases,SQL Database,Data Services,team:Security,391.04,INR,40.3,1 Hour
2026-02-13,sub-psiog-001,MAC-05,rg-mac-05-compliance-prod,Microsoft.ContainerService/managedClusters,AKS Clusters,Compute,team:Compliance,373.0,INR,74.12,1 Hour
2026-02-13,sub-psiog-001,MAC-05,rg-mac-05-compliance-prod,Microsoft.Storage/storageAccounts/fileServices,File Storage,Storage,team:Compliance,240.12,INR,6.68,1 Hour
2026-02-13,sub-psiog-001,MAC-05,rg-mac-05-compliance-prod,Microsoft.Network/loadBalancers,Load Balancers,Networking,team:Compliance,156.16,INR,69.07,1 Hour
2026-02-13,sub-psiog-001,MAC-05,rg-mac-05-compliance-prod,Microsoft.Sql/servers/databases,SQL Database,Data Services,team:Compliance,356.53,INR,2.72,1 Hour
2026-02-13,sub-psiog-001,MAC-06,rg-mac-06-infrastructure-prod,Microsoft.Compute/virtualMachines,Virtual Machines,Compute,team:Infrastructure,1703.15,INR,6.61,1 Hour
2026-02-13,sub-psiog-001,MAC-06,rg-mac-06-infrastructure-prod,Microsoft.Storage/storageAccounts,Blob Storage,Storage,team:Infrastructure,431.91,INR,89.83,1 Hour
2026-02-13,sub-psiog-001,MAC-06,rg-mac-06-infrastructure-prod,Microsoft.Network/virtualNetworks,Virtual Networks,Networking,team:Infrastructure,420.45,INR,41.0,1 Hour
2026-02-13,sub-psiog-001,MAC-06,rg-mac-06-infrastructure-prod,Microsoft.DocumentDB/databaseAccounts,Cosmos DB,Data Services,team:Infrastructure,404.43,INR,47.96,1 Hour
2026-02-13,sub-psiog-001,MAC-06,rg-mac-06-cloudops-prod,Microsoft.Compute/virtualMachines,Virtual Machines,Compute,team:CloudOps,1414.55,INR,85.22,1 Hour
2026-02-13,sub-psiog-001,MAC-06,rg-mac-06-cloudops-prod,Microsoft.Storage/storageAccounts/fileServices,File Storage,Storage,team:CloudOps,455.95,INR,62.89,1 Hour
2026-02-13,sub-psiog-001,MAC-06,rg-mac-06-cloudops-prod,Microsoft.Network/virtualNetworks,Virtual Networks,Networking,team:CloudOps,316.97,INR,34.77,1 Hour
2026-02-13,sub-psiog-001,MAC-06,rg-mac-06-cloudops-prod,Microsoft.Sql/servers/databases,SQL Database,Data Services,team:CloudOps,418.92,INR,43.98,1 Hour
2026-02-13,sub-psiog-001,MAC-07,rg-mac-07-ml-prod,Microsoft.ContainerService/managedClusters,AKS Clusters,Compute,team:ML,1890.24,INR,42.84,1 Hour
2026-02-13,sub-psiog-001,MAC-07,rg-mac-07-ml-prod,Microsoft.Storage/storageAccounts,Blob Storage,Storage,team:ML,528.1,INR,65.54,1 Hour
2026-02-13,sub-psiog-001,MAC-07,rg-mac-07-ml-prod,Microsoft.Network/virtualNetworks,Virtual Networks,Networking,team:ML,192.82,INR,93.51,1 Hour
2026-02-13,sub-psiog-001,MAC-07,rg-mac-07-ml-prod,Microsoft.Sql/servers/databases,SQL Database,Data Services,team:ML,702.78,INR,33.63,1 Hour
2026-02-13,sub-psiog-001,MAC-07,rg-mac-07-research-prod,Microsoft.ContainerService/managedClusters,AKS Clusters,Compute,team:Research,993.47,INR,61.22,1 Hour
2026-02-13,sub-psiog-001,MAC-07,rg-mac-07-research-prod,Microsoft.Storage/storageAccounts,Blob Storage,Storage,team:Research,426.04,INR,76.84,1 Hour
2026-02-13,sub-psiog-001,MAC-07,rg-mac-07-research-prod,Microsoft.Network/loadBalancers,Load Balancers,Networking,team:Research,220.96,INR,99.76,1 Hour
2026-02-13,sub-psiog-001,MAC-07,rg-mac-07-research-prod,Microsoft.Sql/servers/databases,SQL Database,Data Services,team:Research,711.53,INR,36.67,1 Hour
2026-02-13,sub-psiog-001,MAC-08,rg-mac-08-finance-prod,Microsoft.Compute/virtualMachines,Virtual Machines,Compute,team:Finance,280.03,INR,60.84,1 Hour
2026-02-13,sub-psiog-001,MAC-08,rg-mac-08-finance-prod,Microsoft.Storage/storageAccounts,Blob Storage,Storage,team:Finance,194.25,INR,94.1,1 Hour
2026-02-13,sub-psiog-001,MAC-08,rg-mac-08-finance-prod,Microsoft.Network/virtualNetworks,Virtual Networks,Networking,team:Finance,102.54,INR,72.96,1 Hour
2026-02-13,sub-psiog-001,MAC-08,rg-mac-08-finance-prod,Microsoft.DocumentDB/databaseAccounts,Cosmos DB,Data Services,team:Finance,437.65,INR,3.84,1 Hour
2026-02-13,sub-psiog-001,MAC-08,rg-mac-08-operations-prod,Microsoft.Compute/virtualMachines,Virtual Machines,Compute,team:Operations,465.24,INR,82.77,1 Hour
2026-02-13,sub-psiog-001,MAC-08,rg-mac-08-operations-prod,Microsoft.Storage/storageAccounts,Blob Storage,Storage,team:Operations,290.97,INR,17.31,1 Hour
2026-02-13,sub-psiog-001,MAC-08,rg-mac-08-operations-prod,Microsoft.Network/loadBalancers,Load Balancers,Networking,team:Operations,136.54,INR,65.51,1 Hour
2026-02-13,sub-psiog-001,MAC-08,rg-mac-08-operations-prod,Microsoft.DocumentDB/databaseAccounts,Cosmos DB,Data Services,team:Operations,417.61,INR,18.98,1 Hour
2026-02-14,sub-psiog-001,MAC-01,rg-mac-01-devops-prod,Microsoft.Compute/virtualMachines,Virtual Machines,Compute,team:DevOps,1274.31,INR,82.49,1 Hour
2026-02-14,sub-psiog-001,MAC-01,rg-mac-01-devops-prod,Microsoft.Storage/storageAccounts,Blob Storage,Storage,team:DevOps,338.04,INR,33.64,1 Hour
2026-02-14,sub-psiog-001,MAC-01,rg-mac-01-devops-prod,Microsoft.Network/loadBalancers,Load Balancers,Networking,team:DevOps,225.01,INR,37.78,1 Hour
2026-02-14,sub-psiog-001,MAC-01,rg-mac-01-devops-prod,Microsoft.Sql/servers/databases,SQL Database,Data Services,team:DevOps,441.57,INR,96.86,1 Hour
2026-02-14,sub-psiog-001,MAC-01,rg-mac-01-platform-prod,Microsoft.Compute/virtualMachines,Virtual Machines,Compute,team:Platform,1062.75,INR,44.88,1 Hour
2026-02-14,sub-psiog-001,MAC-01,rg-mac-01-platform-prod,Microsoft.Storage/storageAccounts/fileServices,File Storage,Storage,team:Platform,269.52,INR,82.09,1 Hour
2026-02-14,sub-psiog-001,MAC-01,rg-mac-01-platform-prod,Microsoft.Network/loadBalancers,Load Balancers,Networking,team:Platform,294.7,INR,21.73,1 Hour
2026-02-14,sub-psiog-001,MAC-01,rg-mac-01-platform-prod,Microsoft.Sql/servers/databases,SQL Database,Data Services,team:Platform,373.96,INR,45.88,1 Hour
2026-02-14,sub-psiog-001,MAC-02,rg-mac-02-dataengineering-prod,Microsoft.ContainerService/managedClusters,AKS Clusters,Compute,team:DataEngineering,879.54,INR,54.71,1 Hour
2026-02-14,sub-psiog-001,MAC-02,rg-mac-02-dataengineering-prod,Microsoft.Storage/storageAccounts/fileServices,File Storage,Storage,team:DataEngineering,560.46,INR,8.65,1 Hour
2026-02-14,sub-psiog-001,MAC-02,rg-mac-02-dataengineering-prod,Microsoft.Network/virtualNetworks,Virtual Networks,Networking,team:DataEngineering,195.8,INR,89.77,1 Hour
2026-02-14,sub-psiog-001,MAC-02,rg-mac-02-dataengineering-prod,Microsoft.DocumentDB/databaseAccounts,Cosmos DB,Data Services,team:DataEngineering,870.59,INR,5.25,1 Hour
2026-02-14,sub-psiog-001,MAC-02,rg-mac-02-analytics-prod,Microsoft.ContainerService/managedClusters,AKS Clusters,Compute,team:Analytics,1003.51,INR,72.25,1 Hour
2026-02-14,sub-psiog-001,MAC-02,rg-mac-02-analytics-prod,Microsoft.Storage/storageAccounts/fileServices,File Storage,Storage,team:Analytics,514.69,INR,77.2,1 Hour
2026-02-14,sub-psiog-001,MAC-02,rg-mac-02-analytics-prod,Microsoft.Network/virtualNetworks,Virtual Networks,Networking,team:Analytics,180.93,INR,5.31,1 Hour
2026-02-14,sub-psiog-001,MAC-02,rg-mac-02-analytics-prod,Microsoft.DocumentDB/databaseAccounts,Cosmos DB,Data Services,team:Analytics,906.6,INR,83.0,1 Hour
2026-02-14,sub-psiog-001,MAC-03,rg-mac-03-product-prod,Microsoft.Compute/virtualMachines,Virtual Machines,Compute,team:Product,610.07,INR,92.24,1 Hour
2026-02-14,sub-psiog-001,MAC-03,rg-mac-03-product-prod,Microsoft.Storage/storageAccounts/fileServices,File Storage,Storage,team:Product,206.75,INR,52.0,1 Hour
2026-02-14,sub-psiog-001,MAC-03,rg-mac-03-product-prod,Microsoft.Network/virtualNetworks,Virtual Networks,Networking,team:Product,142.78,INR,6.77,1 Hour
2026-02-14,sub-psiog-001,MAC-03,rg-mac-03-product-prod,Microsoft.Sql/servers/databases,SQL Database,Data Services,team:Product,371.24,INR,20.09,1 Hour
2026-02-14,sub-psiog-001,MAC-03,rg-mac-03-frontend-prod,Microsoft.ContainerService/managedClusters,AKS Clusters,Compute,team:Frontend,588.88,INR,66.96,1 Hour
2026-02-14,sub-psiog-001,MAC-03,rg-mac-03-frontend-prod,Microsoft.Storage/storageAccounts,Blob Storage,Storage,team:Frontend,150.75,INR,64.07,1 Hour
2026-02-14,sub-psiog-001,MAC-03,rg-mac-03-frontend-prod,Microsoft.Network/virtualNetworks,Virtual Networks,Networking,team:Frontend,100.16,INR,82.01,1 Hour
2026-02-14,sub-psiog-001,MAC-03,rg-mac-03-frontend-prod,Microsoft.Sql/servers/databases,SQL Database,Data Services,team:Frontend,186.65,INR,8.01,1 Hour
2026-02-14,sub-psiog-001,MAC-04,rg-mac-04-backend-prod,Microsoft.ContainerService/managedClusters,AKS Clusters,Compute,team:Backend,1122.56,INR,41.88,1 Hour
2026-02-14,sub-psiog-001,MAC-04,rg-mac-04-backend-prod,Microsoft.Storage/storageAccounts,Blob Storage,Storage,team:Backend,432.51,INR,21.98,1 Hour
2026-02-14,sub-psiog-001,MAC-04,rg-mac-04-backend-prod,Microsoft.Network/loadBalancers,Load Balancers,Networking,team:Backend,259.48,INR,22.29,1 Hour
2026-02-14,sub-psiog-001,MAC-04,rg-mac-04-backend-prod,Microsoft.DocumentDB/databaseAccounts,Cosmos DB,Data Services,team:Backend,580.28,INR,61.65,1 Hour
2026-02-14,sub-psiog-001,MAC-04,rg-mac-04-qa-prod,Microsoft.Compute/virtualMachines,Virtual Machines,Compute,team:QA,469.14,INR,28.35,1 Hour
2026-02-14,sub-psiog-001,MAC-04,rg-mac-04-qa-prod,Microsoft.Storage/storageAccounts,Blob Storage,Storage,team:QA,197.0,INR,2.18,1 Hour
2026-02-14,sub-psiog-001,MAC-04,rg-mac-04-qa-prod,Microsoft.Network/loadBalancers,Load Balancers,Networking,team:QA,87.13,INR,32.91,1 Hour
2026-02-14,sub-psiog-001,MAC-04,rg-mac-04-qa-prod,Microsoft.DocumentDB/databaseAccounts,Cosmos DB,Data Services,team:QA,233.51,INR,13.61,1 Hour
2026-02-14,sub-psiog-001,MAC-05,rg-mac-05-security-prod,Microsoft.Compute/virtualMachines,Virtual Machines,Compute,team:Security,875.11,INR,64.3,1 Hour
2026-02-14,sub-psiog-001,MAC-05,rg-mac-05-security-prod,Microsoft.Storage/storageAccounts/fileServices,File Storage,Storage,team:Security,241.16,INR,29.61,1 Hour
2026-02-14,sub-psiog-001,MAC-05,rg-mac-05-security-prod,Microsoft.Network/virtualNetworks,Virtual Networks,Networking,team:Security,291.09,INR,77.58,1 Hour
2026-02-14,sub-psiog-001,MAC-05,rg-mac-05-security-prod,Microsoft.Sql/servers/databases,SQL Database,Data Services,team:Security,357.23,INR,48.98,1 Hour
2026-02-14,sub-psiog-001,MAC-05,rg-mac-05-compliance-prod,Microsoft.ContainerService/managedClusters,AKS Clusters,Compute,team:Compliance,357.6,INR,11.45,1 Hour
2026-02-14,sub-psiog-001,MAC-05,rg-mac-05-compliance-prod,Microsoft.Storage/storageAccounts,Blob Storage,Storage,team:Compliance,255.72,INR,12.17,1 Hour
2026-02-14,sub-psiog-001,MAC-05,rg-mac-05-compliance-prod,Microsoft.Network/virtualNetworks,Virtual Networks,Networking,team:Compliance,167.9,INR,16.29,1 Hour
2026-02-14,sub-psiog-001,MAC-05,rg-mac-05-compliance-prod,Microsoft.Sql/servers/databases,SQL Database,Data Services,team:Compliance,333.73,INR,16.87,1 Hour
2026-02-14,sub-psiog-001,MAC-06,rg-mac-06-infrastructure-prod,Microsoft.Compute/virtualMachines,Virtual Machines,Compute,team:Infrastructure,1577.93,INR,77.78,1 Hour
2026-02-14,sub-psiog-001,MAC-06,rg-mac-06-infrastructure-prod,Microsoft.Storage/storageAccounts,Blob Storage,Storage,team:Infrastructure,451.99,INR,24.83,1 Hour
2026-02-14,sub-psiog-001,MAC-06,rg-mac-06-infrastructure-prod,Microsoft.Network/virtualNetworks,Virtual Networks,Networking,team:Infrastructure,357.53,INR,1.28,1 Hour
2026-02-14,sub-psiog-001,MAC-06,rg-mac-06-infrastructure-prod,Microsoft.Sql/servers/databases,SQL Database,Data Services,team:Infrastructure,391.21,INR,16.74,1 Hour
2026-02-14,sub-psiog-001,MAC-06,rg-mac-06-cloudops-prod,Microsoft.Compute/virtualMachines,Virtual Machines,Compute,team:CloudOps,1538.07,INR,55.92,1 Hour
2026-02-14,sub-psiog-001,MAC-06,rg-mac-06-cloudops-prod,Microsoft.Storage/storageAccounts,Blob Storage,Storage,team:CloudOps,442.92,INR,3.2,1 Hour
2026-02-14,sub-psiog-001,MAC-06,rg-mac-06-cloudops-prod,Microsoft.Network/loadBalancers,Load Balancers,Networking,team:CloudOps,393.89,INR,54.5,1 Hour
2026-02-14,sub-psiog-001,MAC-06,rg-mac-06-cloudops-prod,Microsoft.DocumentDB/databaseAccounts,Cosmos DB,Data Services,team:CloudOps,480.72,INR,46.21,1 Hour
2026-02-14,sub-psiog-001,MAC-07,rg-mac-07-ml-prod,Microsoft.ContainerService/managedClusters,AKS Clusters,Compute,team:ML,1898.66,INR,61.14,1 Hour
2026-02-14,sub-psiog-001,MAC-07,rg-mac-07-ml-prod,Microsoft.Storage/storageAccounts/fileServices,File Storage,Storage,team:ML,495.77,INR,6.29,1 Hour
2026-02-14,sub-psiog-001,MAC-07,rg-mac-07-ml-prod,Microsoft.Network/loadBalancers,Load Balancers,Networking,team:ML,189.82,INR,80.68,1 Hour
2026-02-14,sub-psiog-001,MAC-07,rg-mac-07-ml-prod,Microsoft.Sql/servers/databases,SQL Database,Data Services,team:ML,681.08,INR,62.92,1 Hour
2026-02-14,sub-psiog-001,MAC-07,rg-mac-07-research-prod,Microsoft.Compute/virtualMachines,Virtual Machines,Compute,team:Research,792.76,INR,12.14,1 Hour
2026-02-14,sub-psiog-001,MAC-07,rg-mac-07-research-prod,Microsoft.Storage/storageAccounts/fileServices,File Storage,Storage,team:Research,416.56,INR,82.85,1 Hour
2026-02-14,sub-psiog-001,MAC-07,rg-mac-07-research-prod,Microsoft.Network/virtualNetworks,Virtual Networks,Networking,team:Research,186.41,INR,6.12,1 Hour
2026-02-14,sub-psiog-001,MAC-07,rg-mac-07-research-prod,Microsoft.Sql/servers/databases,SQL Database,Data Services,team:Research,607.23,INR,84.67,1 Hour
2026-02-14,sub-psiog-001,MAC-08,rg-mac-08-finance-prod,Microsoft.Compute/virtualMachines,Virtual Machines,Compute,team:Finance,343.24,INR,79.34,1 Hour
2026-02-14,sub-psiog-001,MAC-08,rg-mac-08-finance-prod,Microsoft.Storage/storageAccounts,Blob Storage,Storage,team:Finance,201.57,INR,21.56,1 Hour
2026-02-14,sub-psiog-001,MAC-08,rg-mac-08-finance-prod,Microsoft.Network/virtualNetworks,Virtual Networks,Networking,team:Finance,103.03,INR,68.32,1 Hour
2026-02-14,sub-psiog-001,MAC-08,rg-mac-08-finance-prod,Microsoft.Sql/servers/databases,SQL Database,Data Services,team:Finance,546.57,INR,10.99,1 Hour
2026-02-14,sub-psiog-001,MAC-08,rg-mac-08-operations-prod,Microsoft.Compute/virtualMachines,Virtual Machines,Compute,team:Operations,454.38,INR,45.91,1 Hour
2026-02-14,sub-psiog-001,MAC-08,rg-mac-08-operations-prod,Microsoft.Storage/storageAccounts,Blob Storage,Storage,team:Operations,280.49,INR,36.09,1 Hour
2026-02-14,sub-psiog-001,MAC-08,rg-mac-08-operations-prod,Microsoft.Network/loadBalancers,Load Balancers,Networking,team:Operations,137.5,INR,24.73,1 Hour
2026-02-14,sub-psiog-001,MAC-08,rg-mac-08-operations-prod,Microsoft.Sql/servers/databases,SQL Database,Data Services,team:Operations,383.59,INR,93.23,1 Hour
2026-02-15,sub-psiog-001,MAC-01,rg-mac-01-devops-prod,Microsoft.Compute/virtualMachines,Virtual Machines,Compute,team:DevOps,1164.7,INR,33.0,1 Hour
2026-02-15,sub-psiog-001,MAC-01,rg-mac-01-devops-prod,Microsoft.Storage/storageAccounts/fileServices,File Storage,Storage,team:DevOps,323.71,INR,84.29,1 Hour
2026-02-15,sub-psiog-001,MAC-01,rg-mac-01-devops-prod,Microsoft.Network/loadBalancers,Load Balancers,Networking,team:DevOps,198.98,INR,27.59,1 Hour
2026-02-15,sub-psiog-001,MAC-01,rg-mac-01-devops-prod,Microsoft.DocumentDB/databaseAccounts,Cosmos DB,Data Services,team:DevOps,496.09,INR,81.24,1 Hour
2026-02-15,sub-psiog-001,MAC-01,rg-mac-01-platform-prod,Microsoft.ContainerService/managedClusters,AKS Clusters,Compute,team:Platform,1255.87,INR,28.09,1 Hour
2026-02-15,sub-psiog-001,MAC-01,rg-mac-01-platform-prod,Microsoft.Storage/storageAccounts/fileServices,File Storage,Storage,team:Platform,330.39,INR,90.89,1 Hour
2026-02-15,sub-psiog-001,MAC-01,rg-mac-01-platform-prod,Microsoft.Network/loadBalancers,Load Balancers,Networking,team:Platform,292.84,INR,70.46,1 Hour
2026-02-15,sub-psiog-001,MAC-01,rg-mac-01-platform-prod,Microsoft.DocumentDB/databaseAccounts,Cosmos DB,Data Services,team:Platform,436.0,INR,61.12,1 Hour
2026-02-15,sub-psiog-001,MAC-02,rg-mac-02-dataengineering-prod,Microsoft.ContainerService/managedClusters,AKS Clusters,Compute,team:DataEngineering,1090.66,INR,64.31,1 Hour
2026-02-15,sub-psiog-001,MAC-02,rg-mac-02-dataengineering-prod,Microsoft.Storage/storageAccounts,Blob Storage,Storage,team:DataEngineering,631.34,INR,99.14,1 Hour
2026-02-15,sub-psiog-001,MAC-02,rg-mac-02-dataengineering-prod,Microsoft.Network/loadBalancers,Load Balancers,Networking,team:DataEngineering,170.38,INR,16.27,1 Hour
2026-02-15,sub-psiog-001,MAC-02,rg-mac-02-dataengineering-prod,Microsoft.Sql/servers/databases,SQL Database,Data Services,team:DataEngineering,862.07,INR,11.13,1 Hour
2026-02-15,sub-psiog-001,MAC-02,rg-mac-02-analytics-prod,Microsoft.ContainerService/managedClusters,AKS Clusters,Compute,team:Analytics,896.3,INR,81.14,1 Hour
2026-02-15,sub-psiog-001,MAC-02,rg-mac-02-analytics-prod,Microsoft.Storage/storageAccounts,Blob Storage,Storage,team:Analytics,668.93,INR,5.67,1 Hour
2026-02-15,sub-psiog-001,MAC-02,rg-mac-02-analytics-prod,Microsoft.Network/loadBalancers,Load Balancers,Networking,team:Analytics,166.23,INR,84.35,1 Hour
2026-02-15,sub-psiog-001,MAC-02,rg-mac-02-analytics-prod,Microsoft.DocumentDB/databaseAccounts,Cosmos DB,Data Services,team:Analytics,875.43,INR,43.65,1 Hour
2026-02-15,sub-psiog-001,MAC-03,rg-mac-03-product-prod,Microsoft.Compute/virtualMachines,Virtual Machines,Compute,team:Product,651.69,INR,73.7,1 Hour
2026-02-15,sub-psiog-001,MAC-03,rg-mac-03-product-prod,Microsoft.Storage/storageAccounts,Blob Storage,Storage,team:Product,203.0,INR,23.98,1 Hour
2026-02-15,sub-psiog-001,MAC-03,rg-mac-03-product-prod,Microsoft.Network/virtualNetworks,Virtual Networks,Networking,team:Product,129.27,INR,43.42,1 Hour
2026-02-15,sub-psiog-001,MAC-03,rg-mac-03-product-prod,Microsoft.DocumentDB/databaseAccounts,Cosmos DB,Data Services,team:Product,314.8,INR,69.25,1 Hour
2026-02-15,sub-psiog-001,MAC-03,rg-mac-03-frontend-prod,Microsoft.ContainerService/managedClusters,AKS Clusters,Compute,team:Frontend,557.32,INR,73.45,1 Hour
2026-02-15,sub-psiog-001,MAC-03,rg-mac-03-frontend-prod,Microsoft.Storage/storageAccounts/fileServices,File Storage,Storage,team:Frontend,169.0,INR,75.47,1 Hour
2026-02-15,sub-psiog-001,MAC-03,rg-mac-03-frontend-prod,Microsoft.Network/virtualNetworks,Virtual Networks,Networking,team:Frontend,110.55,INR,47.3,1 Hour
2026-02-15,sub-psiog-001,MAC-03,rg-mac-03-frontend-prod,Microsoft.DocumentDB/databaseAccounts,Cosmos DB,Data Services,team:Frontend,228.47,INR,63.44,1 Hour
2026-02-15,sub-psiog-001,MAC-04,rg-mac-04-backend-prod,Microsoft.Compute/virtualMachines,Virtual Machines,Compute,team:Backend,1046.4,INR,59.35,1 Hour
2026-02-15,sub-psiog-001,MAC-04,rg-mac-04-backend-prod,Microsoft.Storage/storageAccounts/fileServices,File Storage,Storage,team:Backend,366.61,INR,72.62,1 Hour
2026-02-15,sub-psiog-001,MAC-04,rg-mac-04-backend-prod,Microsoft.Network/loadBalancers,Load Balancers,Networking,team:Backend,214.14,INR,16.35,1 Hour
2026-02-15,sub-psiog-001,MAC-04,rg-mac-04-backend-prod,Microsoft.Sql/servers/databases,SQL Database,Data Services,team:Backend,532.54,INR,43.26,1 Hour
2026-02-15,sub-psiog-001,MAC-04,rg-mac-04-qa-prod,Microsoft.Compute/virtualMachines,Virtual Machines,Compute,team:QA,473.96,INR,23.18,1 Hour
2026-02-15,sub-psiog-001,MAC-04,rg-mac-04-qa-prod,Microsoft.Storage/storageAccounts/fileServices,File Storage,Storage,team:QA,175.87,INR,93.16,1 Hour
2026-02-15,sub-psiog-001,MAC-04,rg-mac-04-qa-prod,Microsoft.Network/virtualNetworks,Virtual Networks,Networking,team:QA,91.73,INR,85.06,1 Hour
2026-02-15,sub-psiog-001,MAC-04,rg-mac-04-qa-prod,Microsoft.DocumentDB/databaseAccounts,Cosmos DB,Data Services,team:QA,306.25,INR,89.74,1 Hour
2026-02-15,sub-psiog-001,MAC-05,rg-mac-05-security-prod,Microsoft.Compute/virtualMachines,Virtual Machines,Compute,team:Security,787.77,INR,31.75,1 Hour
2026-02-15,sub-psiog-001,MAC-05,rg-mac-05-security-prod,Microsoft.Storage/storageAccounts/fileServices,File Storage,Storage,team:Security,262.46,INR,38.01,1 Hour
2026-02-15,sub-psiog-001,MAC-05,rg-mac-05-security-prod,Microsoft.Network/loadBalancers,Load Balancers,Networking,team:Security,330.99,INR,88.83,1 Hour
2026-02-15,sub-psiog-001,MAC-05,rg-mac-05-security-prod,Microsoft.Sql/servers/databases,SQL Database,Data Services,team:Security,414.23,INR,10.65,1 Hour
2026-02-15,sub-psiog-001,MAC-05,rg-mac-05-compliance-prod,Microsoft.ContainerService/managedClusters,AKS Clusters,Compute,team:Compliance,417.68,INR,14.63,1 Hour
2026-02-15,sub-psiog-001,MAC-05,rg-mac-05-compliance-prod,Microsoft.Storage/storageAccounts,Blob Storage,Storage,team:Compliance,239.83,INR,35.97,1 Hour
2026-02-15,sub-psiog-001,MAC-05,rg-mac-05-compliance-prod,Microsoft.Network/virtualNetworks,Virtual Networks,Networking,team:Compliance,146.43,INR,25.54,1 Hour
2026-02-15,sub-psiog-001,MAC-05,rg-mac-05-compliance-prod,Microsoft.Sql/servers/databases,SQL Database,Data Services,team:Compliance,329.5,INR,47.95,1 Hour
2026-02-15,sub-psiog-001,MAC-06,rg-mac-06-infrastructure-prod,Microsoft.ContainerService/managedClusters,AKS Clusters,Compute,team:Infrastructure,1356.77,INR,62.96,1 Hour
2026-02-15,sub-psiog-001,MAC-06,rg-mac-06-infrastructure-prod,Microsoft.Storage/storageAccounts,Blob Storage,Storage,team:Infrastructure,409.51,INR,72.77,1 Hour
2026-02-15,sub-psiog-001,MAC-06,rg-mac-06-infrastructure-prod,Microsoft.Network/virtualNetworks,Virtual Networks,Networking,team:Infrastructure,414.83,INR,62.48,1 Hour
2026-02-15,sub-psiog-001,MAC-06,rg-mac-06-infrastructure-prod,Microsoft.Sql/servers/databases,SQL Database,Data Services,team:Infrastructure,432.16,INR,92.43,1 Hour
2026-02-15,sub-psiog-001,MAC-06,rg-mac-06-cloudops-prod,Microsoft.Compute/virtualMachines,Virtual Machines,Compute,team:CloudOps,1213.08,INR,57.41,1 Hour
2026-02-15,sub-psiog-001,MAC-06,rg-mac-06-cloudops-prod,Microsoft.Storage/storageAccounts/fileServices,File Storage,Storage,team:CloudOps,422.53,INR,39.01,1 Hour
2026-02-15,sub-psiog-001,MAC-06,rg-mac-06-cloudops-prod,Microsoft.Network/loadBalancers,Load Balancers,Networking,team:CloudOps,366.2,INR,11.27,1 Hour
2026-02-15,sub-psiog-001,MAC-06,rg-mac-06-cloudops-prod,Microsoft.Sql/servers/databases,SQL Database,Data Services,team:CloudOps,435.51,INR,61.96,1 Hour
2026-02-15,sub-psiog-001,MAC-07,rg-mac-07-ml-prod,Microsoft.Compute/virtualMachines,Virtual Machines,Compute,team:ML,1665.56,INR,43.3,1 Hour
2026-02-15,sub-psiog-001,MAC-07,rg-mac-07-ml-prod,Microsoft.Storage/storageAccounts/fileServices,File Storage,Storage,team:ML,562.65,INR,78.55,1 Hour
2026-02-15,sub-psiog-001,MAC-07,rg-mac-07-ml-prod,Microsoft.Network/virtualNetworks,Virtual Networks,Networking,team:ML,224.32,INR,94.69,1 Hour
2026-02-15,sub-psiog-001,MAC-07,rg-mac-07-ml-prod,Microsoft.Sql/servers/databases,SQL Database,Data Services,team:ML,782.71,INR,59.27,1 Hour
2026-02-15,sub-psiog-001,MAC-07,rg-mac-07-research-prod,Microsoft.ContainerService/managedClusters,AKS Clusters,Compute,team:Research,965.92,INR,77.31,1 Hour
2026-02-15,sub-psiog-001,MAC-07,rg-mac-07-research-prod,Microsoft.Storage/storageAccounts/fileServices,File Storage,Storage,team:Research,503.3,INR,56.78,1 Hour
2026-02-15,sub-psiog-001,MAC-07,rg-mac-07-research-prod,Microsoft.Network/virtualNetworks,Virtual Networks,Networking,team:Research,182.66,INR,28.39,1 Hour
2026-02-15,sub-psiog-001,MAC-07,rg-mac-07-research-prod,Microsoft.DocumentDB/databaseAccounts,Cosmos DB,Data Services,team:Research,611.66,INR,17.63,1 Hour
2026-02-15,sub-psiog-001,MAC-08,rg-mac-08-finance-prod,Microsoft.ContainerService/managedClusters,AKS Clusters,Compute,team:Finance,336.93,INR,16.71,1 Hour
2026-02-15,sub-psiog-001,MAC-08,rg-mac-08-finance-prod,Microsoft.Storage/storageAccounts/fileServices,File Storage,Storage,team:Finance,201.13,INR,3.61,1 Hour
2026-02-15,sub-psiog-001,MAC-08,rg-mac-08-finance-prod,Microsoft.Network/virtualNetworks,Virtual Networks,Networking,team:Finance,94.56,INR,15.49,1 Hour
2026-02-15,sub-psiog-001,MAC-08,rg-mac-08-finance-prod,Microsoft.Sql/servers/databases,SQL Database,Data Services,team:Finance,545.47,INR,85.99,1 Hour
2026-02-15,sub-psiog-001,MAC-08,rg-mac-08-operations-prod,Microsoft.Compute/virtualMachines,Virtual Machines,Compute,team:Operations,548.18,INR,88.36,1 Hour
2026-02-15,sub-psiog-001,MAC-08,rg-mac-08-operations-prod,Microsoft.Storage/storageAccounts/fileServices,File Storage,Storage,team:Operations,308.6,INR,54.8,1 Hour
2026-02-15,sub-psiog-001,MAC-08,rg-mac-08-operations-prod,Microsoft.Network/virtualNetworks,Virtual Networks,Networking,team:Operations,154.8,INR,35.33,1 Hour
2026-02-15,sub-psiog-001,MAC-08,rg-mac-08-operations-prod,Microsoft.DocumentDB/databaseAccounts,Cosmos DB,Data Services,team:Operations,395.93,INR,16.16,1 Hour
2026-02-16,sub-psiog-001,MAC-01,rg-mac-01-devops-prod,Microsoft.Compute/virtualMachines,Virtual Machines,Compute,team:DevOps,1337.45,INR,73.51,1 Hour
2026-02-16,sub-psiog-001,MAC-01,rg-mac-01-devops-prod,Microsoft.Storage/storageAccounts,Blob Storage,Storage,team:DevOps,298.78,INR,96.91,1 Hour
2026-02-16,sub-psiog-001,MAC-01,rg-mac-01-devops-prod,Microsoft.Network/loadBalancers,Load Balancers,Networking,team:DevOps,241.2,INR,46.35,1 Hour
2026-02-16,sub-psiog-001,MAC-01,rg-mac-01-devops-prod,Microsoft.Sql/servers/databases,SQL Database,Data Services,team:DevOps,372.63,INR,39.53,1 Hour
2026-02-16,sub-psiog-001,MAC-01,rg-mac-01-platform-prod,Microsoft.Compute/virtualMachines,Virtual Machines,Compute,team:Platform,1114.25,INR,29.69,1 Hour
2026-02-16,sub-psiog-001,MAC-01,rg-mac-01-platform-prod,Microsoft.Storage/storageAccounts,Blob Storage,Storage,team:Platform,341.54,INR,6.16,1 Hour
2026-02-16,sub-psiog-001,MAC-01,rg-mac-01-platform-prod,Microsoft.Network/loadBalancers,Load Balancers,Networking,team:Platform,293.24,INR,70.93,1 Hour
2026-02-16,sub-psiog-001,MAC-01,rg-mac-01-platform-prod,Microsoft.DocumentDB/databaseAccounts,Cosmos DB,Data Services,team:Platform,360.03,INR,67.54,1 Hour
2026-02-16,sub-psiog-001,MAC-02,rg-mac-02-dataengineering-prod,Microsoft.Compute/virtualMachines,Virtual Machines,Compute,team:DataEngineering,1128.76,INR,7.6,1 Hour
2026-02-16,sub-psiog-001,MAC-02,rg-mac-02-dataengineering-prod,Microsoft.Storage/storageAccounts/fileServices,File Storage,Storage,team:DataEngineering,653.35,INR,58.73,1 Hour
2026-02-16,sub-psiog-001,MAC-02,rg-mac-02-dataengineering-prod,Microsoft.Network/virtualNetworks,Virtual Networks,Networking,team:DataEngineering,198.52,INR,82.47,1 Hour
2026-02-16,sub-psiog-001,MAC-02,rg-mac-02-dataengineering-prod,Microsoft.DocumentDB/databaseAccounts,Cosmos DB,Data Services,team:DataEngineering,1093.31,INR,41.49,1 Hour
2026-02-16,sub-psiog-001,MAC-02,rg-mac-02-analytics-prod,Microsoft.Compute/virtualMachines,Virtual Machines,Compute,team:Analytics,853.91,INR,19.26,1 Hour
2026-02-16,sub-psiog-001,MAC-02,rg-mac-02-analytics-prod,Microsoft.Storage/storageAccounts/fileServices,File Storage,Storage,team:Analytics,578.35,INR,39.7,1 Hour
2026-02-16,sub-psiog-001,MAC-02,rg-mac-02-analytics-prod,Microsoft.Network/loadBalancers,Load Balancers,Networking,team:Analytics,165.81,INR,32.54,1 Hour
2026-02-16,sub-psiog-001,MAC-02,rg-mac-02-analytics-prod,Microsoft.DocumentDB/databaseAccounts,Cosmos DB,Data Services,team:Analytics,873.63,INR,81.63,1 Hour
2026-02-16,sub-psiog-001,MAC-03,rg-mac-03-product-prod,Microsoft.ContainerService/managedClusters,AKS Clusters,Compute,team:Product,626.9,INR,25.83,1 Hour
2026-02-16,sub-psiog-001,MAC-03,rg-mac-03-product-prod,Microsoft.Storage/storageAccounts/fileServices,File Storage,Storage,team:Product,219.62,INR,4.4,1 Hour
2026-02-16,sub-psiog-001,MAC-03,rg-mac-03-product-prod,Microsoft.Network/loadBalancers,Load Balancers,Networking,team:Product,120.05,INR,63.92,1 Hour
2026-02-16,sub-psiog-001,MAC-03,rg-mac-03-product-prod,Microsoft.DocumentDB/databaseAccounts,Cosmos DB,Data Services,team:Product,293.12,INR,88.66,1 Hour
2026-02-16,sub-psiog-001,MAC-03,rg-mac-03-frontend-prod,Microsoft.Compute/virtualMachines,Virtual Machines,Compute,team:Frontend,489.13,INR,92.98,1 Hour
2026-02-16,sub-psiog-001,MAC-03,rg-mac-03-frontend-prod,Microsoft.Storage/storageAccounts/fileServices,File Storage,Storage,team:Frontend,144.21,INR,87.47,1 Hour
2026-02-16,sub-psiog-001,MAC-03,rg-mac-03-frontend-prod,Microsoft.Network/loadBalancers,Load Balancers,Networking,team:Frontend,97.07,INR,90.59,1 Hour
2026-02-16,sub-psiog-001,MAC-03,rg-mac-03-frontend-prod,Microsoft.DocumentDB/databaseAccounts,Cosmos DB,Data Services,team:Frontend,220.38,INR,31.32,1 Hour
2026-02-16,sub-psiog-001,MAC-04,rg-mac-04-backend-prod,Microsoft.ContainerService/managedClusters,AKS Clusters,Compute,team:Backend,1019.44,INR,39.03,1 Hour
2026-02-16,sub-psiog-001,MAC-04,rg-mac-04-backend-prod,Microsoft.Storage/storageAccounts,Blob Storage,Storage,team:Backend,409.93,INR,78.78,1 Hour
2026-02-16,sub-psiog-001,MAC-04,rg-mac-04-backend-prod,Microsoft.Network/virtualNetworks,Virtual Networks,Networking,team:Backend,265.46,INR,29.47,1 Hour
2026-02-16,sub-psiog-001,MAC-04,rg-mac-04-backend-prod,Microsoft.Sql/servers/databases,SQL Database,Data Services,team:Backend,565.32,INR,47.04,1 Hour
2026-02-16,sub-psiog-001,MAC-04,rg-mac-04-qa-prod,Microsoft.Compute/virtualMachines,Virtual Machines,Compute,team:QA,428.69,INR,70.14,1 Hour
2026-02-16,sub-psiog-001,MAC-04,rg-mac-04-qa-prod,Microsoft.Storage/storageAccounts,Blob Storage,Storage,team:QA,186.19,INR,93.72,1 Hour
2026-02-16,sub-psiog-001,MAC-04,rg-mac-04-qa-prod,Microsoft.Network/loadBalancers,Load Balancers,Networking,team:QA,91.79,INR,74.95,1 Hour
2026-02-16,sub-psiog-001,MAC-04,rg-mac-04-qa-prod,Microsoft.DocumentDB/databaseAccounts,Cosmos DB,Data Services,team:QA,244.83,INR,10.29,1 Hour
2026-02-16,sub-psiog-001,MAC-05,rg-mac-05-security-prod,Microsoft.Compute/virtualMachines,Virtual Machines,Compute,team:Security,708.81,INR,51.47,1 Hour
2026-02-16,sub-psiog-001,MAC-05,rg-mac-05-security-prod,Microsoft.Storage/storageAccounts/fileServices,File Storage,Storage,team:Security,290.48,INR,8.34,1 Hour
2026-02-16,sub-psiog-001,MAC-05,rg-mac-05-security-prod,Microsoft.Network/virtualNetworks,Virtual Networks,Networking,team:Security,344.15,INR,87.55,1 Hour
2026-02-16,sub-psiog-001,MAC-05,rg-mac-05-security-prod,Microsoft.DocumentDB/databaseAccounts,Cosmos DB,Data Services,team:Security,366.72,INR,25.81,1 Hour
2026-02-16,sub-psiog-001,MAC-05,rg-mac-05-compliance-prod,Microsoft.Compute/virtualMachines,Virtual Machines,Compute,team:Compliance,386.99,INR,33.94,1 Hour
2026-02-16,sub-psiog-001,MAC-05,rg-mac-05-compliance-prod,Microsoft.Storage/storageAccounts/fileServices,File Storage,Storage,team:Compliance,235.8,INR,48.42,1 Hour
2026-02-16,sub-psiog-001,MAC-05,rg-mac-05-compliance-prod,Microsoft.Network/loadBalancers,Load Balancers,Networking,team:Compliance,185.28,INR,81.21,1 Hour
2026-02-16,sub-psiog-001,MAC-05,rg-mac-05-compliance-prod,Microsoft.Sql/servers/databases,SQL Database,Data Services,team:Compliance,328.77,INR,93.87,1 Hour
2026-02-16,sub-psiog-001,MAC-06,rg-mac-06-infrastructure-prod,Microsoft.Compute/virtualMachines,Virtual Machines,Compute,team:Infrastructure,1316.37,INR,92.73,1 Hour
2026-02-16,sub-psiog-001,MAC-06,rg-mac-06-infrastructure-prod,Microsoft.Storage/storageAccounts/fileServices,File Storage,Storage,team:Infrastructure,468.26,INR,70.52,1 Hour
2026-02-16,sub-psiog-001,MAC-06,rg-mac-06-infrastructure-prod,Microsoft.Network/virtualNetworks,Virtual Networks,Networking,team:Infrastructure,410.04,INR,5.66,1 Hour
2026-02-16,sub-psiog-001,MAC-06,rg-mac-06-infrastructure-prod,Microsoft.Sql/servers/databases,SQL Database,Data Services,team:Infrastructure,407.12,INR,93.53,1 Hour
2026-02-16,sub-psiog-001,MAC-06,rg-mac-06-cloudops-prod,Microsoft.ContainerService/managedClusters,AKS Clusters,Compute,team:CloudOps,1465.96,INR,18.54,1 Hour
2026-02-16,sub-psiog-001,MAC-06,rg-mac-06-cloudops-prod,Microsoft.Storage/storageAccounts,Blob Storage,Storage,team:CloudOps,466.78,INR,48.74,1 Hour
2026-02-16,sub-psiog-001,MAC-06,rg-mac-06-cloudops-prod,Microsoft.Network/virtualNetworks,Virtual Networks,Networking,team:CloudOps,333.86,INR,26.76,1 Hour
2026-02-16,sub-psiog-001,MAC-06,rg-mac-06-cloudops-prod,Microsoft.DocumentDB/databaseAccounts,Cosmos DB,Data Services,team:CloudOps,481.95,INR,2.02,1 Hour
2026-02-16,sub-psiog-001,MAC-07,rg-mac-07-ml-prod,Microsoft.ContainerService/managedClusters,AKS Clusters,Compute,team:ML,1937.67,INR,54.63,1 Hour
2026-02-16,sub-psiog-001,MAC-07,rg-mac-07-ml-prod,Microsoft.Storage/storageAccounts,Blob Storage,Storage,team:ML,609.96,INR,80.05,1 Hour
2026-02-16,sub-psiog-001,MAC-07,rg-mac-07-ml-prod,Microsoft.Network/virtualNetworks,Virtual Networks,Networking,team:ML,250.58,INR,17.29,1 Hour
2026-02-16,sub-psiog-001,MAC-07,rg-mac-07-ml-prod,Microsoft.Sql/servers/databases,SQL Database,Data Services,team:ML,755.67,INR,80.14,1 Hour
2026-02-16,sub-psiog-001,MAC-07,rg-mac-07-research-prod,Microsoft.ContainerService/managedClusters,AKS Clusters,Compute,team:Research,935.62,INR,88.06,1 Hour
2026-02-16,sub-psiog-001,MAC-07,rg-mac-07-research-prod,Microsoft.Storage/storageAccounts/fileServices,File Storage,Storage,team:Research,492.88,INR,79.16,1 Hour
2026-02-16,sub-psiog-001,MAC-07,rg-mac-07-research-prod,Microsoft.Network/virtualNetworks,Virtual Networks,Networking,team:Research,215.05,INR,41.09,1 Hour
2026-02-16,sub-psiog-001,MAC-07,rg-mac-07-research-prod,Microsoft.DocumentDB/databaseAccounts,Cosmos DB,Data Services,team:Research,744.36,INR,23.64,1 Hour
2026-02-16,sub-psiog-001,MAC-08,rg-mac-08-finance-prod,Microsoft.Compute/virtualMachines,Virtual Machines,Compute,team:Finance,365.6,INR,63.54,1 Hour
2026-02-16,sub-psiog-001,MAC-08,rg-mac-08-finance-prod,Microsoft.Storage/storageAccounts/fileServices,File Storage,Storage,team:Finance,233.3,INR,51.67,1 Hour
2026-02-16,sub-psiog-001,MAC-08,rg-mac-08-finance-prod,Microsoft.Network/loadBalancers,Load Balancers,Networking,team:Finance,113.63,INR,38.89,1 Hour
2026-02-16,sub-psiog-001,MAC-08,rg-mac-08-finance-prod,Microsoft.Sql/servers/databases,SQL Database,Data Services,team:Finance,540.3,INR,19.65,1 Hour
2026-02-16,sub-psiog-001,MAC-08,rg-mac-08-operations-prod,Microsoft.ContainerService/managedClusters,AKS Clusters,Compute,team:Operations,441.14,INR,54.35,1 Hour
2026-02-16,sub-psiog-001,MAC-08,rg-mac-08-operations-prod,Microsoft.Storage/storageAccounts/fileServices,File Storage,Storage,team:Operations,372.05,INR,1.78,1 Hour
2026-02-16,sub-psiog-001,MAC-08,rg-mac-08-operations-prod,Microsoft.Network/virtualNetworks,Virtual Networks,Networking,team:Operations,135.23,INR,3.78,1 Hour
2026-02-16,sub-psiog-001,MAC-08,rg-mac-08-operations-prod,Microsoft.Sql/servers/databases,SQL Database,Data Services,team:Operations,421.52,INR,85.69,1 Hour
2026-02-17,sub-psiog-001,MAC-01,rg-mac-01-devops-prod,Microsoft.ContainerService/managedClusters,AKS Clusters,Compute,team:DevOps,1245.8,INR,25.76,1 Hour
2026-02-17,sub-psiog-001,MAC-01,rg-mac-01-devops-prod,Microsoft.Storage/storageAccounts/fileServices,File Storage,Storage,team:DevOps,332.78,INR,38.69,1 Hour
2026-02-17,sub-psiog-001,MAC-01,rg-mac-01-devops-prod,Microsoft.Network/virtualNetworks,Virtual Networks,Networking,team:DevOps,223.62,INR,31.71,1 Hour
2026-02-17,sub-psiog-001,MAC-01,rg-mac-01-devops-prod,Microsoft.Sql/servers/databases,SQL Database,Data Services,team:DevOps,384.81,INR,78.2,1 Hour
2026-02-17,sub-psiog-001,MAC-01,rg-mac-01-platform-prod,Microsoft.Compute/virtualMachines,Virtual Machines,Compute,team:Platform,1369.83,INR,84.76,1 Hour
2026-02-17,sub-psiog-001,MAC-01,rg-mac-01-platform-prod,Microsoft.Storage/storageAccounts,Blob Storage,Storage,team:Platform,336.84,INR,14.77,1 Hour
2026-02-17,sub-psiog-001,MAC-01,rg-mac-01-platform-prod,Microsoft.Network/virtualNetworks,Virtual Networks,Networking,team:Platform,300.67,INR,88.99,1 Hour
2026-02-17,sub-psiog-001,MAC-01,rg-mac-01-platform-prod,Microsoft.Sql/servers/databases,SQL Database,Data Services,team:Platform,414.84,INR,32.64,1 Hour
2026-02-17,sub-psiog-001,MAC-02,rg-mac-02-dataengineering-prod,Microsoft.ContainerService/managedClusters,AKS Clusters,Compute,team:DataEngineering,996.48,INR,40.74,1 Hour
2026-02-17,sub-psiog-001,MAC-02,rg-mac-02-dataengineering-prod,Microsoft.Storage/storageAccounts,Blob Storage,Storage,team:DataEngineering,719.09,INR,34.75,1 Hour
2026-02-17,sub-psiog-001,MAC-02,rg-mac-02-dataengineering-prod,Microsoft.Network/virtualNetworks,Virtual Networks,Networking,team:DataEngineering,221.76,INR,56.64,1 Hour
2026-02-17,sub-psiog-001,MAC-02,rg-mac-02-dataengineering-prod,Microsoft.DocumentDB/databaseAccounts,Cosmos DB,Data Services,team:DataEngineering,1115.56,INR,71.27,1 Hour
2026-02-17,sub-psiog-001,MAC-02,rg-mac-02-analytics-prod,Microsoft.ContainerService/managedClusters,AKS Clusters,Compute,team:Analytics,812.24,INR,9.19,1 Hour
2026-02-17,sub-psiog-001,MAC-02,rg-mac-02-analytics-prod,Microsoft.Storage/storageAccounts,Blob Storage,Storage,team:Analytics,577.54,INR,70.84,1 Hour
2026-02-17,sub-psiog-001,MAC-02,rg-mac-02-analytics-prod,Microsoft.Network/virtualNetworks,Virtual Networks,Networking,team:Analytics,171.32,INR,7.47,1 Hour
2026-02-17,sub-psiog-001,MAC-02,rg-mac-02-analytics-prod,Microsoft.DocumentDB/databaseAccounts,Cosmos DB,Data Services,team:Analytics,981.73,INR,55.31,1 Hour
2026-02-17,sub-psiog-001,MAC-03,rg-mac-03-product-prod,Microsoft.ContainerService/managedClusters,AKS Clusters,Compute,team:Product,606.99,INR,45.36,1 Hour
2026-02-17,sub-psiog-001,MAC-03,rg-mac-03-product-prod,Microsoft.Storage/storageAccounts,Blob Storage,Storage,team:Product,219.26,INR,89.97,1 Hour
2026-02-17,sub-psiog-001,MAC-03,rg-mac-03-product-prod,Microsoft.Network/virtualNetworks,Virtual Networks,Networking,team:Product,120.32,INR,50.24,1 Hour
2026-02-17,sub-psiog-001,MAC-03,rg-mac-03-product-prod,Microsoft.DocumentDB/databaseAccounts,Cosmos DB,Data Services,team:Product,369.81,INR,69.55,1 Hour
2026-02-17,sub-psiog-001,MAC-03,rg-mac-03-frontend-prod,Microsoft.ContainerService/managedClusters,AKS Clusters,Compute,team:Frontend,512.16,INR,9.61,1 Hour
2026-02-17,sub-psiog-001,MAC-03,rg-mac-03-frontend-prod,Microsoft.Storage/storageAccounts,Blob Storage,Storage,team:Frontend,162.5,INR,77.85,1 Hour
2026-02-17,sub-psiog-001,MAC-03,rg-mac-03-frontend-prod,Microsoft.Network/loadBalancers,Load Balancers,Networking,team:Frontend,97.55,INR,62.5,1 Hour
2026-02-17,sub-psiog-001,MAC-03,rg-mac-03-frontend-prod,Microsoft.Sql/servers/databases,SQL Database,Data Services,team:Frontend,215.7,INR,75.19,1 Hour
2026-02-17,sub-psiog-001,MAC-04,rg-mac-04-backend-prod,Microsoft.ContainerService/managedClusters,AKS Clusters,Compute,team:Backend,1165.53,INR,54.86,1 Hour
2026-02-17,sub-psiog-001,MAC-04,rg-mac-04-backend-prod,Microsoft.Storage/storageAccounts/fileServices,File Storage,Storage,team:Backend,439.09,INR,45.24,1 Hour
2026-02-17,sub-psiog-001,MAC-04,rg-mac-04-backend-prod,Microsoft.Network/loadBalancers,Load Balancers,Networking,team:Backend,237.22,INR,18.15,1 Hour
2026-02-17,sub-psiog-001,MAC-04,rg-mac-04-backend-prod,Microsoft.Sql/servers/databases,SQL Database,Data Services,team:Backend,502.07,INR,12.19,1 Hour
2026-02-17,sub-psiog-001,MAC-04,rg-mac-04-qa-prod,Microsoft.Compute/virtualMachines,Virtual Machines,Compute,team:QA,477.18,INR,82.8,1 Hour
2026-02-17,sub-psiog-001,MAC-04,rg-mac-04-qa-prod,Microsoft.Storage/storageAccounts,Blob Storage,Storage,team:QA,208.71,INR,76.05,1 Hour
2026-02-17,sub-psiog-001,MAC-04,rg-mac-04-qa-prod,Microsoft.Network/virtualNetworks,Virtual Networks,Networking,team:QA,106.11,INR,40.37,1 Hour
2026-02-17,sub-psiog-001,MAC-04,rg-mac-04-qa-prod,Microsoft.Sql/servers/databases,SQL Database,Data Services,team:QA,302.73,INR,94.86,1 Hour
2026-02-17,sub-psiog-001,MAC-05,rg-mac-05-security-prod,Microsoft.ContainerService/managedClusters,AKS Clusters,Compute,team:Security,714.71,INR,75.44,1 Hour
2026-02-17,sub-psiog-001,MAC-05,rg-mac-05-security-prod,Microsoft.Storage/storageAccounts/fileServices,File Storage,Storage,team:Security,294.02,INR,46.86,1 Hour
2026-02-17,sub-psiog-001,MAC-05,rg-mac-05-security-prod,Microsoft.Network/virtualNetworks,Virtual Networks,Networking,team:Security,373.89,INR,59.86,1 Hour
2026-02-17,sub-psiog-001,MAC-05,rg-mac-05-security-prod,Microsoft.Sql/servers/databases,SQL Database,Data Services,team:Security,391.87,INR,62.97,1 Hour
2026-02-17,sub-psiog-001,MAC-05,rg-mac-05-compliance-prod,Microsoft.Compute/virtualMachines,Virtual Machines,Compute,team:Compliance,366.91,INR,80.94,1 Hour
2026-02-17,sub-psiog-001,MAC-05,rg-mac-05-compliance-prod,Microsoft.Storage/storageAccounts,Blob Storage,Storage,team:Compliance,243.55,INR,67.66,1 Hour
2026-02-17,sub-psiog-001,MAC-05,rg-mac-05-compliance-prod,Microsoft.Network/loadBalancers,Load Balancers,Networking,team:Compliance,175.76,INR,45.72,1 Hour
2026-02-17,sub-psiog-001,MAC-05,rg-mac-05-compliance-prod,Microsoft.DocumentDB/databaseAccounts,Cosmos DB,Data Services,team:Compliance,321.47,INR,75.45,1 Hour
2026-02-17,sub-psiog-001,MAC-06,rg-mac-06-infrastructure-prod,Microsoft.Compute/virtualMachines,Virtual Machines,Compute,team:Infrastructure,1422.43,INR,83.6,1 Hour
2026-02-17,sub-psiog-001,MAC-06,rg-mac-06-infrastructure-prod,Microsoft.Storage/storageAccounts,Blob Storage,Storage,team:Infrastructure,397.91,INR,65.11,1 Hour
2026-02-17,sub-psiog-001,MAC-06,rg-mac-06-infrastructure-prod,Microsoft.Network/loadBalancers,Load Balancers,Networking,team:Infrastructure,428.41,INR,93.19,1 Hour
2026-02-17,sub-psiog-001,MAC-06,rg-mac-06-infrastructure-prod,Microsoft.Sql/servers/databases,SQL Database,Data Services,team:Infrastructure,510.08,INR,72.56,1 Hour
2026-02-17,sub-psiog-001,MAC-06,rg-mac-06-cloudops-prod,Microsoft.Compute/virtualMachines,Virtual Machines,Compute,team:CloudOps,1480.27,INR,37.28,1 Hour
2026-02-17,sub-psiog-001,MAC-06,rg-mac-06-cloudops-prod,Microsoft.Storage/storageAccounts/fileServices,File Storage,Storage,team:CloudOps,385.71,INR,76.85,1 Hour
2026-02-17,sub-psiog-001,MAC-06,rg-mac-06-cloudops-prod,Microsoft.Network/loadBalancers,Load Balancers,Networking,team:CloudOps,400.77,INR,19.3,1 Hour
2026-02-17,sub-psiog-001,MAC-06,rg-mac-06-cloudops-prod,Microsoft.Sql/servers/databases,SQL Database,Data Services,team:CloudOps,458.26,INR,58.5,1 Hour
2026-02-17,sub-psiog-001,MAC-07,rg-mac-07-ml-prod,Microsoft.ContainerService/managedClusters,AKS Clusters,Compute,team:ML,1507.99,INR,52.61,1 Hour
2026-02-17,sub-psiog-001,MAC-07,rg-mac-07-ml-prod,Microsoft.Storage/storageAccounts,Blob Storage,Storage,team:ML,526.67,INR,8.52,1 Hour
2026-02-17,sub-psiog-001,MAC-07,rg-mac-07-ml-prod,Microsoft.Network/virtualNetworks,Virtual Networks,Networking,team:ML,243.6,INR,74.64,1 Hour
2026-02-17,sub-psiog-001,MAC-07,rg-mac-07-ml-prod,Microsoft.DocumentDB/databaseAccounts,Cosmos DB,Data Services,team:ML,700.46,INR,26.99,1 Hour
2026-02-17,sub-psiog-001,MAC-07,rg-mac-07-research-prod,Microsoft.Compute/virtualMachines,Virtual Machines,Compute,team:Research,888.7,INR,99.58,1 Hour
2026-02-17,sub-psiog-001,MAC-07,rg-mac-07-research-prod,Microsoft.Storage/storageAccounts,Blob Storage,Storage,team:Research,530.69,INR,46.3,1 Hour
2026-02-17,sub-psiog-001,MAC-07,rg-mac-07-research-prod,Microsoft.Network/loadBalancers,Load Balancers,Networking,team:Research,223.75,INR,11.44,1 Hour
2026-02-17,sub-psiog-001,MAC-07,rg-mac-07-research-prod,Microsoft.Sql/servers/databases,SQL Database,Data Services,team:Research,789.19,INR,18.97,1 Hour
2026-02-17,sub-psiog-001,MAC-08,rg-mac-08-finance-prod,Microsoft.Compute/virtualMachines,Virtual Machines,Compute,team:Finance,343.61,INR,23.41,1 Hour
2026-02-17,sub-psiog-001,MAC-08,rg-mac-08-finance-prod,Microsoft.Storage/storageAccounts/fileServices,File Storage,Storage,team:Finance,227.05,INR,95.61,1 Hour
2026-02-17,sub-psiog-001,MAC-08,rg-mac-08-finance-prod,Microsoft.Network/loadBalancers,Load Balancers,Networking,team:Finance,107.94,INR,88.46,1 Hour
2026-02-17,sub-psiog-001,MAC-08,rg-mac-08-finance-prod,Microsoft.DocumentDB/databaseAccounts,Cosmos DB,Data Services,team:Finance,474.75,INR,71.12,1 Hour
2026-02-17,sub-psiog-001,MAC-08,rg-mac-08-operations-prod,Microsoft.ContainerService/managedClusters,AKS Clusters,Compute,team:Operations,429.9,INR,17.09,1 Hour
2026-02-17,sub-psiog-001,MAC-08,rg-mac-08-operations-prod,Microsoft.Storage/storageAccounts,Blob Storage,Storage,team:Operations,293.89,INR,34.29,1 Hour
2026-02-17,sub-psiog-001,MAC-08,rg-mac-08-operations-prod,Microsoft.Network/virtualNetworks,Virtual Networks,Networking,team:Operations,149.23,INR,79.09,1 Hour
2026-02-17,sub-psiog-001,MAC-08,rg-mac-08-operations-prod,Microsoft.DocumentDB/databaseAccounts,Cosmos DB,Data Services,team:Operations,434.8,INR,9.14,1 Hour
2026-02-18,sub-psiog-001,MAC-01,rg-mac-01-devops-prod,Microsoft.Compute/virtualMachines,Virtual Machines,Compute,team:DevOps,1379.78,INR,32.59,1 Hour
2026-02-18,sub-psiog-001,MAC-01,rg-mac-01-devops-prod,Microsoft.Storage/storageAccounts,Blob Storage,Storage,team:DevOps,310.32,INR,29.11,1 Hour
2026-02-18,sub-psiog-001,MAC-01,rg-mac-01-devops-prod,Microsoft.Network/loadBalancers,Load Balancers,Networking,team:DevOps,225.73,INR,30.23,1 Hour
2026-02-18,sub-psiog-001,MAC-01,rg-mac-01-devops-prod,Microsoft.Sql/servers/databases,SQL Database,Data Services,team:DevOps,456.93,INR,89.0,1 Hour
2026-02-18,sub-psiog-001,MAC-01,rg-mac-01-platform-prod,Microsoft.Compute/virtualMachines,Virtual Machines,Compute,team:Platform,1060.48,INR,68.92,1 Hour
2026-02-18,sub-psiog-001,MAC-01,rg-mac-01-platform-prod,Microsoft.Storage/storageAccounts/fileServices,File Storage,Storage,team:Platform,339.72,INR,3.02,1 Hour
2026-02-18,sub-psiog-001,MAC-01,rg-mac-01-platform-prod,Microsoft.Network/virtualNetworks,Virtual Networks,Networking,team:Platform,240.28,INR,16.3,1 Hour
2026-02-18,sub-psiog-001,MAC-01,rg-mac-01-platform-prod,Microsoft.DocumentDB/databaseAccounts,Cosmos DB,Data Services,team:Platform,447.92,INR,64.03,1 Hour
2026-02-18,sub-psiog-001,MAC-02,rg-mac-02-dataengineering-prod,Microsoft.Compute/virtualMachines,Virtual Machines,Compute,team:DataEngineering,946.42,INR,72.41,1 Hour
2026-02-18,sub-psiog-001,MAC-02,rg-mac-02-dataengineering-prod,Microsoft.Storage/storageAccounts/fileServices,File Storage,Storage,team:DataEngineering,633.75,INR,67.76,1 Hour
2026-02-18,sub-psiog-001,MAC-02,rg-mac-02-dataengineering-prod,Microsoft.Network/virtualNetworks,Virtual Networks,Networking,team:DataEngineering,179.11,INR,66.85,1 Hour
2026-02-18,sub-psiog-001,MAC-02,rg-mac-02-dataengineering-prod,Microsoft.Sql/servers/databases,SQL Database,Data Services,team:DataEngineering,1050.89,INR,10.81,1 Hour
2026-02-18,sub-psiog-001,MAC-02,rg-mac-02-analytics-prod,Microsoft.Compute/virtualMachines,Virtual Machines,Compute,team:Analytics,1061.72,INR,31.35,1 Hour
2026-02-18,sub-psiog-001,MAC-02,rg-mac-02-analytics-prod,Microsoft.Storage/storageAccounts,Blob Storage,Storage,team:Analytics,583.53,INR,90.72,1 Hour
2026-02-18,sub-psiog-001,MAC-02,rg-mac-02-analytics-prod,Microsoft.Network/virtualNetworks,Virtual Networks,Networking,team:Analytics,171.81,INR,72.57,1 Hour
2026-02-18,sub-psiog-001,MAC-02,rg-mac-02-analytics-prod,Microsoft.Sql/servers/databases,SQL Database,Data Services,team:Analytics,838.06,INR,9.69,1 Hour
2026-02-18,sub-psiog-001,MAC-03,rg-mac-03-product-prod,Microsoft.ContainerService/managedClusters,AKS Clusters,Compute,team:Product,635.53,INR,86.07,1 Hour
2026-02-18,sub-psiog-001,MAC-03,rg-mac-03-product-prod,Microsoft.Storage/storageAccounts,Blob Storage,Storage,team:Product,234.76,INR,49.75,1 Hour
2026-02-18,sub-psiog-001,MAC-03,rg-mac-03-product-prod,Microsoft.Network/loadBalancers,Load Balancers,Networking,team:Product,117.21,INR,77.32,1 Hour
2026-02-18,sub-psiog-001,MAC-03,rg-mac-03-product-prod,Microsoft.Sql/servers/databases,SQL Database,Data Services,team:Product,300.59,INR,24.89,1 Hour
2026-02-18,sub-psiog-001,MAC-03,rg-mac-03-frontend-prod,Microsoft.Compute/virtualMachines,Virtual Machines,Compute,team:Frontend,512.11,INR,15.51,1 Hour
2026-02-18,sub-psiog-001,MAC-03,rg-mac-03-frontend-prod,Microsoft.Storage/storageAccounts,Blob Storage,Storage,team:Frontend,165.61,INR,63.58,1 Hour
2026-02-18,sub-psiog-001,MAC-03,rg-mac-03-frontend-prod,Microsoft.Network/loadBalancers,Load Balancers,Networking,team:Frontend,93.97,INR,16.92,1 Hour
2026-02-18,sub-psiog-001,MAC-03,rg-mac-03-frontend-prod,Microsoft.DocumentDB/databaseAccounts,Cosmos DB,Data Services,team:Frontend,228.75,INR,9.5,1 Hour
2026-02-18,sub-psiog-001,MAC-04,rg-mac-04-backend-prod,Microsoft.Compute/virtualMachines,Virtual Machines,Compute,team:Backend,1059.44,INR,87.93,1 Hour
2026-02-18,sub-psiog-001,MAC-04,rg-mac-04-backend-prod,Microsoft.Storage/storageAccounts/fileServices,File Storage,Storage,team:Backend,397.8,INR,80.67,1 Hour
2026-02-18,sub-psiog-001,MAC-04,rg-mac-04-backend-prod,Microsoft.Network/virtualNetworks,Virtual Networks,Networking,team:Backend,262.89,INR,21.72,1 Hour
2026-02-18,sub-psiog-001,MAC-04,rg-mac-04-backend-prod,Microsoft.Sql/servers/databases,SQL Database,Data Services,team:Backend,514.05,INR,59.5,1 Hour
2026-02-18,sub-psiog-001,MAC-04,rg-mac-04-qa-prod,Microsoft.ContainerService/managedClusters,AKS Clusters,Compute,team:QA,427.68,INR,8.09,1 Hour
2026-02-18,sub-psiog-001,MAC-04,rg-mac-04-qa-prod,Microsoft.Storage/storageAccounts/fileServices,File Storage,Storage,team:QA,205.44,INR,53.45,1 Hour
2026-02-18,sub-psiog-001,MAC-04,rg-mac-04-qa-prod,Microsoft.Network/virtualNetworks,Virtual Networks,Networking,team:QA,95.73,INR,82.31,1 Hour
2026-02-18,sub-psiog-001,MAC-04,rg-mac-04-qa-prod,Microsoft.Sql/servers/databases,SQL Database,Data Services,team:QA,295.05,INR,59.43,1 Hour
2026-02-18,sub-psiog-001,MAC-05,rg-mac-05-security-prod,Microsoft.Compute/virtualMachines,Virtual Machines,Compute,team:Security,760.78,INR,40.61,1 Hour
2026-02-18,sub-psiog-001,MAC-05,rg-mac-05-security-prod,Microsoft.Storage/storageAccounts,Blob Storage,Storage,team:Security,234.6,INR,46.33,1 Hour
2026-02-18,sub-psiog-001,MAC-05,rg-mac-05-security-prod,Microsoft.Network/virtualNetworks,Virtual Networks,Networking,team:Security,361.1,INR,40.9,1 Hour
2026-02-18,sub-psiog-001,MAC-05,rg-mac-05-security-prod,Microsoft.Sql/servers/databases,SQL Database,Data Services,team:Security,366.3,INR,48.41,1 Hour
2026-02-18,sub-psiog-001,MAC-05,rg-mac-05-compliance-prod,Microsoft.ContainerService/managedClusters,AKS Clusters,Compute,team:Compliance,358.5,INR,98.38,1 Hour
2026-02-18,sub-psiog-001,MAC-05,rg-mac-05-compliance-prod,Microsoft.Storage/storageAccounts/fileServices,File Storage,Storage,team:Compliance,249.98,INR,60.52,1 Hour
2026-02-18,sub-psiog-001,MAC-05,rg-mac-05-compliance-prod,Microsoft.Network/virtualNetworks,Virtual Networks,Networking,team:Compliance,145.15,INR,26.99,1 Hour
2026-02-18,sub-psiog-001,MAC-05,rg-mac-05-compliance-prod,Microsoft.Sql/servers/databases,SQL Database,Data Services,team:Compliance,366.0,INR,42.2,1 Hour
2026-02-18,sub-psiog-001,MAC-06,rg-mac-06-infrastructure-prod,Microsoft.ContainerService/managedClusters,AKS Clusters,Compute,team:Infrastructure,1724.61,INR,6.02,1 Hour
2026-02-18,sub-psiog-001,MAC-06,rg-mac-06-infrastructure-prod,Microsoft.Storage/storageAccounts,Blob Storage,Storage,team:Infrastructure,397.62,INR,46.2,1 Hour
2026-02-18,sub-psiog-001,MAC-06,rg-mac-06-infrastructure-prod,Microsoft.Network/loadBalancers,Load Balancers,Networking,team:Infrastructure,345.0,INR,69.69,1 Hour
2026-02-18,sub-psiog-001,MAC-06,rg-mac-06-infrastructure-prod,Microsoft.Sql/servers/databases,SQL Database,Data Services,team:Infrastructure,508.4,INR,71.28,1 Hour
2026-02-18,sub-psiog-001,MAC-06,rg-mac-06-cloudops-prod,Microsoft.Compute/virtualMachines,Virtual Machines,Compute,team:CloudOps,1538.51,INR,35.84,1 Hour
2026-02-18,sub-psiog-001,MAC-06,rg-mac-06-cloudops-prod,Microsoft.Storage/storageAccounts/fileServices,File Storage,Storage,team:CloudOps,450.5,INR,85.92,1 Hour
2026-02-18,sub-psiog-001,MAC-06,rg-mac-06-cloudops-prod,Microsoft.Network/virtualNetworks,Virtual Networks,Networking,team:CloudOps,303.97,INR,67.94,1 Hour
2026-02-18,sub-psiog-001,MAC-06,rg-mac-06-cloudops-prod,Microsoft.DocumentDB/databaseAccounts,Cosmos DB,Data Services,team:CloudOps,409.94,INR,90.79,1 Hour
2026-02-18,sub-psiog-001,MAC-07,rg-mac-07-ml-prod,Microsoft.Compute/virtualMachines,Virtual Machines,Compute,team:ML,1607.17,INR,4.7,1 Hour
2026-02-18,sub-psiog-001,MAC-07,rg-mac-07-ml-prod,Microsoft.Storage/storageAccounts/fileServices,File Storage,Storage,team:ML,494.85,INR,53.84,1 Hour
2026-02-18,sub-psiog-001,MAC-07,rg-mac-07-ml-prod,Microsoft.Network/loadBalancers,Load Balancers,Networking,team:ML,200.88,INR,42.94,1 Hour
2026-02-18,sub-psiog-001,MAC-07,rg-mac-07-ml-prod,Microsoft.Sql/servers/databases,SQL Database,Data Services,team:ML,867.28,INR,35.4,1 Hour
2026-02-18,sub-psiog-001,MAC-07,rg-mac-07-research-prod,Microsoft.ContainerService/managedClusters,AKS Clusters,Compute,team:Research,970.3,INR,56.49,1 Hour
2026-02-18,sub-psiog-001,MAC-07,rg-mac-07-research-prod,Microsoft.Storage/storageAccounts,Blob Storage,Storage,team:Research,443.66,INR,21.22,1 Hour
2026-02-18,sub-psiog-001,MAC-07,rg-mac-07-research-prod,Microsoft.Network/virtualNetworks,Virtual Networks,Networking,team:Research,186.87,INR,26.99,1 Hour
2026-02-18,sub-psiog-001,MAC-07,rg-mac-07-research-prod,Microsoft.DocumentDB/databaseAccounts,Cosmos DB,Data Services,team:Research,628.43,INR,92.69,1 Hour
2026-02-18,sub-psiog-001,MAC-08,rg-mac-08-finance-prod,Microsoft.Compute/virtualMachines,Virtual Machines,Compute,team:Finance,306.65,INR,94.96,1 Hour
2026-02-18,sub-psiog-001,MAC-08,rg-mac-08-finance-prod,Microsoft.Storage/storageAccounts/fileServices,File Storage,Storage,team:Finance,234.16,INR,38.3,1 Hour
2026-02-18,sub-psiog-001,MAC-08,rg-mac-08-finance-prod,Microsoft.Network/virtualNetworks,Virtual Networks,Networking,team:Finance,96.32,INR,77.63,1 Hour
2026-02-18,sub-psiog-001,MAC-08,rg-mac-08-finance-prod,Microsoft.Sql/servers/databases,SQL Database,Data Services,team:Finance,540.08,INR,54.53,1 Hour
2026-02-18,sub-psiog-001,MAC-08,rg-mac-08-operations-prod,Microsoft.ContainerService/managedClusters,AKS Clusters,Compute,team:Operations,465.02,INR,38.81,1 Hour
2026-02-18,sub-psiog-001,MAC-08,rg-mac-08-operations-prod,Microsoft.Storage/storageAccounts,Blob Storage,Storage,team:Operations,313.47,INR,65.26,1 Hour
2026-02-18,sub-psiog-001,MAC-08,rg-mac-08-operations-prod,Microsoft.Network/virtualNetworks,Virtual Networks,Networking,team:Operations,152.11,INR,94.75,1 Hour
2026-02-18,sub-psiog-001,MAC-08,rg-mac-08-operations-prod,Microsoft.DocumentDB/databaseAccounts,Cosmos DB,Data Services,team:Operations,404.82,INR,99.1,1 Hour
2026-02-19,sub-psiog-001,MAC-01,rg-mac-01-devops-prod,Microsoft.Compute/virtualMachines,Virtual Machines,Compute,team:DevOps,1327.22,INR,12.86,1 Hour
2026-02-19,sub-psiog-001,MAC-01,rg-mac-01-devops-prod,Microsoft.Storage/storageAccounts,Blob Storage,Storage,team:DevOps,294.75,INR,20.53,1 Hour
2026-02-19,sub-psiog-001,MAC-01,rg-mac-01-devops-prod,Microsoft.Network/virtualNetworks,Virtual Networks,Networking,team:DevOps,207.02,INR,28.07,1 Hour
2026-02-19,sub-psiog-001,MAC-01,rg-mac-01-devops-prod,Microsoft.DocumentDB/databaseAccounts,Cosmos DB,Data Services,team:DevOps,427.26,INR,7.72,1 Hour
2026-02-19,sub-psiog-001,MAC-01,rg-mac-01-platform-prod,Microsoft.ContainerService/managedClusters,AKS Clusters,Compute,team:Platform,1370.67,INR,63.58,1 Hour
2026-02-19,sub-psiog-001,MAC-01,rg-mac-01-platform-prod,Microsoft.Storage/storageAccounts,Blob Storage,Storage,team:Platform,277.64,INR,40.32,1 Hour
2026-02-19,sub-psiog-001,MAC-01,rg-mac-01-platform-prod,Microsoft.Network/virtualNetworks,Virtual Networks,Networking,team:Platform,297.34,INR,93.98,1 Hour
2026-02-19,sub-psiog-001,MAC-01,rg-mac-01-platform-prod,Microsoft.Sql/servers/databases,SQL Database,Data Services,team:Platform,475.61,INR,2.42,1 Hour
2026-02-19,sub-psiog-001,MAC-02,rg-mac-02-dataengineering-prod,Microsoft.Compute/virtualMachines,Virtual Machines,Compute,team:DataEngineering,994.48,INR,38.5,1 Hour
2026-02-19,sub-psiog-001,MAC-02,rg-mac-02-dataengineering-prod,Microsoft.Storage/storageAccounts,Blob Storage,Storage,team:DataEngineering,742.31,INR,88.2,1 Hour
2026-02-19,sub-psiog-001,MAC-02,rg-mac-02-dataengineering-prod,Microsoft.Network/loadBalancers,Load Balancers,Networking,team:DataEngineering,189.23,INR,28.25,1 Hour
2026-02-19,sub-psiog-001,MAC-02,rg-mac-02-dataengineering-prod,Microsoft.DocumentDB/databaseAccounts,Cosmos DB,Data Services,team:DataEngineering,1069.34,INR,15.49,1 Hour
2026-02-19,sub-psiog-001,MAC-02,rg-mac-02-analytics-prod,Microsoft.ContainerService/managedClusters,AKS Clusters,Compute,team:Analytics,886.61,INR,84.49,1 Hour
2026-02-19,sub-psiog-001,MAC-02,rg-mac-02-analytics-prod,Microsoft.Storage/storageAccounts/fileServices,File Storage,Storage,team:Analytics,644.12,INR,92.12,1 Hour
2026-02-19,sub-psiog-001,MAC-02,rg-mac-02-analytics-prod,Microsoft.Network/virtualNetworks,Virtual Networks,Networking,team:Analytics,184.34,INR,16.93,1 Hour
2026-02-19,sub-psiog-001,MAC-02,rg-mac-02-analytics-prod,Microsoft.Sql/servers/databases,SQL Database,Data Services,team:Analytics,895.3,INR,79.16,1 Hour
2026-02-19,sub-psiog-001,MAC-03,rg-mac-03-product-prod,Microsoft.Compute/virtualMachines,Virtual Machines,Compute,team:Product,638.56,INR,17.45,1 Hour
2026-02-19,sub-psiog-001,MAC-03,rg-mac-03-product-prod,Microsoft.Storage/storageAccounts/fileServices,File Storage,Storage,team:Product,228.94,INR,15.07,1 Hour
2026-02-19,sub-psiog-001,MAC-03,rg-mac-03-product-prod,Microsoft.Network/loadBalancers,Load Balancers,Networking,team:Product,129.38,INR,17.06,1 Hour
2026-02-19,sub-psiog-001,MAC-03,rg-mac-03-product-prod,Microsoft.DocumentDB/databaseAccounts,Cosmos DB,Data Services,team:Product,325.04,INR,50.76,1 Hour
2026-02-19,sub-psiog-001,MAC-03,rg-mac-03-frontend-prod,Microsoft.ContainerService/managedClusters,AKS Clusters,Compute,team:Frontend,488.37,INR,42.18,1 Hour
2026-02-19,sub-psiog-001,MAC-03,rg-mac-03-frontend-prod,Microsoft.Storage/storageAccounts,Blob Storage,Storage,team:Frontend,154.23,INR,45.13,1 Hour
2026-02-19,sub-psiog-001,MAC-03,rg-mac-03-frontend-prod,Microsoft.Network/loadBalancers,Load Balancers,Networking,team:Frontend,106.89,INR,68.42,1 Hour
2026-02-19,sub-psiog-001,MAC-03,rg-mac-03-frontend-prod,Microsoft.Sql/servers/databases,SQL Database,Data Services,team:Frontend,211.95,INR,19.01,1 Hour
2026-02-19,sub-psiog-001,MAC-04,rg-mac-04-backend-prod,Microsoft.ContainerService/managedClusters,AKS Clusters,Compute,team:Backend,1078.63,INR,86.72,1 Hour
2026-02-19,sub-psiog-001,MAC-04,rg-mac-04-backend-prod,Microsoft.Storage/storageAccounts,Blob Storage,Storage,team:Backend,364.0,INR,60.54,1 Hour
2026-02-19,sub-psiog-001,MAC-04,rg-mac-04-backend-prod,Microsoft.Network/virtualNetworks,Virtual Networks,Networking,team:Backend,239.51,INR,67.62,1 Hour
2026-02-19,sub-psiog-001,MAC-04,rg-mac-04-backend-prod,Microsoft.Sql/servers/databases,SQL Database,Data Services,team:Backend,542.85,INR,34.19,1 Hour
2026-02-19,sub-psiog-001,MAC-04,rg-mac-04-qa-prod,Microsoft.Compute/virtualMachines,Virtual Machines,Compute,team:QA,420.57,INR,53.65,1 Hour
2026-02-19,sub-psiog-001,MAC-04,rg-mac-04-qa-prod,Microsoft.Storage/storageAccounts,Blob Storage,Storage,team:QA,185.08,INR,36.16,1 Hour
2026-02-19,sub-psiog-001,MAC-04,rg-mac-04-qa-prod,Microsoft.Network/virtualNetworks,Virtual Networks,Networking,team:QA,101.84,INR,72.73,1 Hour
2026-02-19,sub-psiog-001,MAC-04,rg-mac-04-qa-prod,Microsoft.Sql/servers/databases,SQL Database,Data Services,team:QA,297.06,INR,45.4,1 Hour
2026-02-19,sub-psiog-001,MAC-05,rg-mac-05-security-prod,Microsoft.ContainerService/managedClusters,AKS Clusters,Compute,team:Security,783.24,INR,71.71,1 Hour
2026-02-19,sub-psiog-001,MAC-05,rg-mac-05-security-prod,Microsoft.Storage/storageAccounts/fileServices,File Storage,Storage,team:Security,302.94,INR,83.66,1 Hour
2026-02-19,sub-psiog-001,MAC-05,rg-mac-05-security-prod,Microsoft.Network/virtualNetworks,Virtual Networks,Networking,team:Security,309.74,INR,80.03,1 Hour
2026-02-19,sub-psiog-001,MAC-05,rg-mac-05-security-prod,Microsoft.DocumentDB/databaseAccounts,Cosmos DB,Data Services,team:Security,409.83,INR,63.77,1 Hour
2026-02-19,sub-psiog-001,MAC-05,rg-mac-05-compliance-prod,Microsoft.Compute/virtualMachines,Virtual Machines,Compute,team:Compliance,429.37,INR,33.27,1 Hour
2026-02-19,sub-psiog-001,MAC-05,rg-mac-05-compliance-prod,Microsoft.Storage/storageAccounts,Blob Storage,Storage,team:Compliance,237.31,INR,55.59,1 Hour
2026-02-19,sub-psiog-001,MAC-05,rg-mac-05-compliance-prod,Microsoft.Network/virtualNetworks,Virtual Networks,Networking,team:Compliance,161.27,INR,95.34,1 Hour
2026-02-19,sub-psiog-001,MAC-05,rg-mac-05-compliance-prod,Microsoft.Sql/servers/databases,SQL Database,Data Services,team:Compliance,349.68,INR,84.8,1 Hour
2026-02-19,sub-psiog-001,MAC-06,rg-mac-06-infrastructure-prod,Microsoft.ContainerService/managedClusters,AKS Clusters,Compute,team:Infrastructure,1418.18,INR,48.21,1 Hour
2026-02-19,sub-psiog-001,MAC-06,rg-mac-06-infrastructure-prod,Microsoft.Storage/storageAccounts,Blob Storage,Storage,team:Infrastructure,424.08,INR,99.02,1 Hour
2026-02-19,sub-psiog-001,MAC-06,rg-mac-06-infrastructure-prod,Microsoft.Network/virtualNetworks,Virtual Networks,Networking,team:Infrastructure,408.56,INR,57.28,1 Hour
2026-02-19,sub-psiog-001,MAC-06,rg-mac-06-infrastructure-prod,Microsoft.DocumentDB/databaseAccounts,Cosmos DB,Data Services,team:Infrastructure,451.21,INR,94.9,1 Hour
2026-02-19,sub-psiog-001,MAC-06,rg-mac-06-cloudops-prod,Microsoft.ContainerService/managedClusters,AKS Clusters,Compute,team:CloudOps,1254.81,INR,83.93,1 Hour
2026-02-19,sub-psiog-001,MAC-06,rg-mac-06-cloudops-prod,Microsoft.Storage/storageAccounts,Blob Storage,Storage,team:CloudOps,378.41,INR,45.82,1 Hour
2026-02-19,sub-psiog-001,MAC-06,rg-mac-06-cloudops-prod,Microsoft.Network/virtualNetworks,Virtual Networks,Networking,team:CloudOps,304.22,INR,44.26,1 Hour
2026-02-19,sub-psiog-001,MAC-06,rg-mac-06-cloudops-prod,Microsoft.DocumentDB/databaseAccounts,Cosmos DB,Data Services,team:CloudOps,429.1,INR,73.97,1 Hour
2026-02-19,sub-psiog-001,MAC-07,rg-mac-07-ml-prod,Microsoft.Compute/virtualMachines,Virtual Machines,Compute,team:ML,2000.22,INR,8.52,1 Hour
2026-02-19,sub-psiog-001,MAC-07,rg-mac-07-ml-prod,Microsoft.Storage/storageAccounts/fileServices,File Storage,Storage,team:ML,520.43,INR,27.63,1 Hour
2026-02-19,sub-psiog-001,MAC-07,rg-mac-07-ml-prod,Microsoft.Network/virtualNetworks,Virtual Networks,Networking,team:ML,235.51,INR,59.27,1 Hour
2026-02-19,sub-psiog-001,MAC-07,rg-mac-07-ml-prod,Microsoft.DocumentDB/databaseAccounts,Cosmos DB,Data Services,team:ML,768.98,INR,26.79,1 Hour
2026-02-19,sub-psiog-001,MAC-07,rg-mac-07-research-prod,Microsoft.Compute/virtualMachines,Virtual Machines,Compute,team:Research,981.41,INR,80.92,1 Hour
2026-02-19,sub-psiog-001,MAC-07,rg-mac-07-research-prod,Microsoft.Storage/storageAccounts,Blob Storage,Storage,team:Research,534.99,INR,10.67,1 Hour
2026-02-19,sub-psiog-001,MAC-07,rg-mac-07-research-prod,Microsoft.Network/loadBalancers,Load Balancers,Networking,team:Research,172.41,INR,54.63,1 Hour
2026-02-19,sub-psiog-001,MAC-07,rg-mac-07-research-prod,Microsoft.Sql/servers/databases,SQL Database,Data Services,team:Research,760.0,INR,72.66,1 Hour
2026-02-19,sub-psiog-001,MAC-08,rg-mac-08-finance-prod,Microsoft.Compute/virtualMachines,Virtual Machines,Compute,team:Finance,367.53,INR,71.38,1 Hour
2026-02-19,sub-psiog-001,MAC-08,rg-mac-08-finance-prod,Microsoft.Storage/storageAccounts/fileServices,File Storage,Storage,team:Finance,187.29,INR,6.1,1 Hour
2026-02-19,sub-psiog-001,MAC-08,rg-mac-08-finance-prod,Microsoft.Network/loadBalancers,Load Balancers,Networking,team:Finance,94.43,INR,41.98,1 Hour
2026-02-19,sub-psiog-001,MAC-08,rg-mac-08-finance-prod,Microsoft.Sql/servers/databases,SQL Database,Data Services,team:Finance,558.34,INR,77.09,1 Hour
2026-02-19,sub-psiog-001,MAC-08,rg-mac-08-operations-prod,Microsoft.Compute/virtualMachines,Virtual Machines,Compute,team:Operations,493.44,INR,89.3,1 Hour
2026-02-19,sub-psiog-001,MAC-08,rg-mac-08-operations-prod,Microsoft.Storage/storageAccounts/fileServices,File Storage,Storage,team:Operations,300.75,INR,33.43,1 Hour
2026-02-19,sub-psiog-001,MAC-08,rg-mac-08-operations-prod,Microsoft.Network/virtualNetworks,Virtual Networks,Networking,team:Operations,132.43,INR,44.99,1 Hour
2026-02-19,sub-psiog-001,MAC-08,rg-mac-08-operations-prod,Microsoft.Sql/servers/databases,SQL Database,Data Services,team:Operations,413.7,INR,66.98,1 Hour
2026-02-20,sub-psiog-001,MAC-01,rg-mac-01-devops-prod,Microsoft.Compute/virtualMachines,Virtual Machines,Compute,team:DevOps,1265.33,INR,22.56,1 Hour
2026-02-20,sub-psiog-001,MAC-01,rg-mac-01-devops-prod,Microsoft.Storage/storageAccounts/fileServices,File Storage,Storage,team:DevOps,287.05,INR,67.28,1 Hour
2026-02-20,sub-psiog-001,MAC-01,rg-mac-01-devops-prod,Microsoft.Network/virtualNetworks,Virtual Networks,Networking,team:DevOps,221.47,INR,91.12,1 Hour
2026-02-20,sub-psiog-001,MAC-01,rg-mac-01-devops-prod,Microsoft.DocumentDB/databaseAccounts,Cosmos DB,Data Services,team:DevOps,426.37,INR,93.44,1 Hour
2026-02-20,sub-psiog-001,MAC-01,rg-mac-01-platform-prod,Microsoft.ContainerService/managedClusters,AKS Clusters,Compute,team:Platform,1105.89,INR,52.6,1 Hour
2026-02-20,sub-psiog-001,MAC-01,rg-mac-01-platform-prod,Microsoft.Storage/storageAccounts/fileServices,File Storage,Storage,team:Platform,303.17,INR,64.53,1 Hour
2026-02-20,sub-psiog-001,MAC-01,rg-mac-01-platform-prod,Microsoft.Network/virtualNetworks,Virtual Networks,Networking,team:Platform,270.96,INR,29.73,1 Hour
2026-02-20,sub-psiog-001,MAC-01,rg-mac-01-platform-prod,Microsoft.DocumentDB/databaseAccounts,Cosmos DB,Data Services,team:Platform,404.96,INR,85.93,1 Hour
2026-02-20,sub-psiog-001,MAC-02,rg-mac-02-dataengineering-prod,Microsoft.Compute/virtualMachines,Virtual Machines,Compute,team:DataEngineering,925.79,INR,78.05,1 Hour
2026-02-20,sub-psiog-001,MAC-02,rg-mac-02-dataengineering-prod,Microsoft.Storage/storageAccounts/fileServices,File Storage,Storage,team:DataEngineering,599.89,INR,5.2,1 Hour
2026-02-20,sub-psiog-001,MAC-02,rg-mac-02-dataengineering-prod,Microsoft.Network/loadBalancers,Load Balancers,Networking,team:DataEngineering,221.36,INR,10.7,1 Hour
2026-02-20,sub-psiog-001,MAC-02,rg-mac-02-dataengineering-prod,Microsoft.DocumentDB/databaseAccounts,Cosmos DB,Data Services,team:DataEngineering,1025.75,INR,88.24,1 Hour
2026-02-20,sub-psiog-001,MAC-02,rg-mac-02-analytics-prod,Microsoft.Compute/virtualMachines,Virtual Machines,Compute,team:Analytics,965.14,INR,27.79,1 Hour
2026-02-20,sub-psiog-001,MAC-02,rg-mac-02-analytics-prod,Microsoft.Storage/storageAccounts/fileServices,File Storage,Storage,team:Analytics,524.78,INR,9.2,1 Hour
2026-02-20,sub-psiog-001,MAC-02,rg-mac-02-analytics-prod,Microsoft.Network/loadBalancers,Load Balancers,Networking,team:Analytics,187.77,INR,41.67,1 Hour
2026-02-20,sub-psiog-001,MAC-02,rg-mac-02-analytics-prod,Microsoft.DocumentDB/databaseAccounts,Cosmos DB,Data Services,team:Analytics,953.75,INR,76.37,1 Hour
2026-02-20,sub-psiog-001,MAC-03,rg-mac-03-product-prod,Microsoft.ContainerService/managedClusters,AKS Clusters,Compute,team:Product,724.33,INR,9.51,1 Hour
2026-02-20,sub-psiog-001,MAC-03,rg-mac-03-product-prod,Microsoft.Storage/storageAccounts/fileServices,File Storage,Storage,team:Product,199.26,INR,89.51,1 Hour
2026-02-20,sub-psiog-001,MAC-03,rg-mac-03-product-prod,Microsoft.Network/loadBalancers,Load Balancers,Networking,team:Product,131.13,INR,25.24,1 Hour
2026-02-20,sub-psiog-001,MAC-03,rg-mac-03-product-prod,Microsoft.Sql/servers/databases,SQL Database,Data Services,team:Product,315.33,INR,47.51,1 Hour
2026-02-20,sub-psiog-001,MAC-03,rg-mac-03-frontend-prod,Microsoft.Compute/virtualMachines,Virtual Machines,Compute,team:Frontend,601.78,INR,25.28,1 Hour
2026-02-20,sub-psiog-001,MAC-03,rg-mac-03-frontend-prod,Microsoft.Storage/storageAccounts/fileServices,File Storage,Storage,team:Frontend,180.18,INR,13.37,1 Hour
2026-02-20,sub-psiog-001,MAC-03,rg-mac-03-frontend-prod,Microsoft.Network/virtualNetworks,Virtual Networks,Networking,team:Frontend,100.03,INR,73.71,1 Hour
2026-02-20,sub-psiog-001,MAC-03,rg-mac-03-frontend-prod,Microsoft.Sql/servers/databases,SQL Database,Data Services,team:Frontend,216.26,INR,16.01,1 Hour
2026-02-20,sub-psiog-001,MAC-04,rg-mac-04-backend-prod,Microsoft.ContainerService/managedClusters,AKS Clusters,Compute,team:Backend,940.58,INR,38.65,1 Hour
2026-02-20,sub-psiog-001,MAC-04,rg-mac-04-backend-prod,Microsoft.Storage/storageAccounts,Blob Storage,Storage,team:Backend,362.96,INR,99.41,1 Hour
2026-02-20,sub-psiog-001,MAC-04,rg-mac-04-backend-prod,Microsoft.Network/loadBalancers,Load Balancers,Networking,team:Backend,271.84,INR,8.58,1 Hour
2026-02-20,sub-psiog-001,MAC-04,rg-mac-04-backend-prod,Microsoft.DocumentDB/databaseAccounts,Cosmos DB,Data Services,team:Backend,617.93,INR,35.31,1 Hour
2026-02-20,sub-psiog-001,MAC-04,rg-mac-04-qa-prod,Microsoft.ContainerService/managedClusters,AKS Clusters,Compute,team:QA,479.19,INR,25.68,1 Hour
2026-02-20,sub-psiog-001,MAC-04,rg-mac-04-qa-prod,Microsoft.Storage/storageAccounts,Blob Storage,Storage,team:QA,213.94,INR,90.09,1 Hour
2026-02-20,sub-psiog-001,MAC-04,rg-mac-04-qa-prod,Microsoft.Network/loadBalancers,Load Balancers,Networking,team:QA,90.12,INR,37.08,1 Hour
2026-02-20,sub-psiog-001,MAC-04,rg-mac-04-qa-prod,Microsoft.DocumentDB/databaseAccounts,Cosmos DB,Data Services,team:QA,272.13,INR,57.74,1 Hour
2026-02-20,sub-psiog-001,MAC-05,rg-mac-05-security-prod,Microsoft.ContainerService/managedClusters,AKS Clusters,Compute,team:Security,800.02,INR,98.2,1 Hour
2026-02-20,sub-psiog-001,MAC-05,rg-mac-05-security-prod,Microsoft.Storage/storageAccounts,Blob Storage,Storage,team:Security,263.53,INR,61.2,1 Hour
2026-02-20,sub-psiog-001,MAC-05,rg-mac-05-security-prod,Microsoft.Network/virtualNetworks,Virtual Networks,Networking,team:Security,370.22,INR,8.4,1 Hour
2026-02-20,sub-psiog-001,MAC-05,rg-mac-05-security-prod,Microsoft.Sql/servers/databases,SQL Database,Data Services,team:Security,422.15,INR,4.51,1 Hour
2026-02-20,sub-psiog-001,MAC-05,rg-mac-05-compliance-prod,Microsoft.Compute/virtualMachines,Virtual Machines,Compute,team:Compliance,385.36,INR,88.46,1 Hour
2026-02-20,sub-psiog-001,MAC-05,rg-mac-05-compliance-prod,Microsoft.Storage/storageAccounts,Blob Storage,Storage,team:Compliance,218.41,INR,48.77,1 Hour
2026-02-20,sub-psiog-001,MAC-05,rg-mac-05-compliance-prod,Microsoft.Network/virtualNetworks,Virtual Networks,Networking,team:Compliance,169.07,INR,26.96,1 Hour
2026-02-20,sub-psiog-001,MAC-05,rg-mac-05-compliance-prod,Microsoft.Sql/servers/databases,SQL Database,Data Services,team:Compliance,318.24,INR,7.07,1 Hour
2026-02-20,sub-psiog-001,MAC-06,rg-mac-06-infrastructure-prod,Microsoft.ContainerService/managedClusters,AKS Clusters,Compute,team:Infrastructure,1682.87,INR,84.12,1 Hour
2026-02-20,sub-psiog-001,MAC-06,rg-mac-06-infrastructure-prod,Microsoft.Storage/storageAccounts,Blob Storage,Storage,team:Infrastructure,420.86,INR,58.26,1 Hour
2026-02-20,sub-psiog-001,MAC-06,rg-mac-06-infrastructure-prod,Microsoft.Network/loadBalancers,Load Balancers,Networking,team:Infrastructure,361.13,INR,4.71,1 Hour
2026-02-20,sub-psiog-001,MAC-06,rg-mac-06-infrastructure-prod,Microsoft.Sql/servers/databases,SQL Database,Data Services,team:Infrastructure,433.24,INR,72.31,1 Hour
2026-02-20,sub-psiog-001,MAC-06,rg-mac-06-cloudops-prod,Microsoft.ContainerService/managedClusters,AKS Clusters,Compute,team:CloudOps,1515.85,INR,25.45,1 Hour
2026-02-20,sub-psiog-001,MAC-06,rg-mac-06-cloudops-prod,Microsoft.Storage/storageAccounts/fileServices,File Storage,Storage,team:CloudOps,362.7,INR,66.5,1 Hour
2026-02-20,sub-psiog-001,MAC-06,rg-mac-06-cloudops-prod,Microsoft.Network/loadBalancers,Load Balancers,Networking,team:CloudOps,341.36,INR,76.66,1 Hour
2026-02-20,sub-psiog-001,MAC-06,rg-mac-06-cloudops-prod,Microsoft.DocumentDB/databaseAccounts,Cosmos DB,Data Services,team:CloudOps,428.55,INR,45.88,1 Hour
2026-02-20,sub-psiog-001,MAC-07,rg-mac-07-ml-prod,Microsoft.Compute/virtualMachines,Virtual Machines,Compute,team:ML,2011.12,INR,61.37,1 Hour
2026-02-20,sub-psiog-001,MAC-07,rg-mac-07-ml-prod,Microsoft.Storage/storageAccounts/fileServices,File Storage,Storage,team:ML,581.55,INR,72.85,1 Hour
2026-02-20,sub-psiog-001,MAC-07,rg-mac-07-ml-prod,Microsoft.Network/loadBalancers,Load Balancers,Networking,team:ML,233.82,INR,74.82,1 Hour
2026-02-20,sub-psiog-001,MAC-07,rg-mac-07-ml-prod,Microsoft.DocumentDB/databaseAccounts,Cosmos DB,Data Services,team:ML,802.35,INR,84.28,1 Hour
2026-02-20,sub-psiog-001,MAC-07,rg-mac-07-research-prod,Microsoft.Compute/virtualMachines,Virtual Machines,Compute,team:Research,773.87,INR,93.34,1 Hour
2026-02-20,sub-psiog-001,MAC-07,rg-mac-07-research-prod,Microsoft.Storage/storageAccounts,Blob Storage,Storage,team:Research,553.62,INR,61.79,1 Hour
2026-02-20,sub-psiog-001,MAC-07,rg-mac-07-research-prod,Microsoft.Network/loadBalancers,Load Balancers,Networking,team:Research,197.72,INR,63.04,1 Hour
2026-02-20,sub-psiog-001,MAC-07,rg-mac-07-research-prod,Microsoft.Sql/servers/databases,SQL Database,Data Services,team:Research,680.09,INR,41.5,1 Hour
2026-02-20,sub-psiog-001,MAC-08,rg-mac-08-finance-prod,Microsoft.Compute/virtualMachines,Virtual Machines,Compute,team:Finance,304.39,INR,35.65,1 Hour
2026-02-20,sub-psiog-001,MAC-08,rg-mac-08-finance-prod,Microsoft.Storage/storageAccounts,Blob Storage,Storage,team:Finance,249.21,INR,93.24,1 Hour
2026-02-20,sub-psiog-001,MAC-08,rg-mac-08-finance-prod,Microsoft.Network/virtualNetworks,Virtual Networks,Networking,team:Finance,111.28,INR,50.29,1 Hour
2026-02-20,sub-psiog-001,MAC-08,rg-mac-08-finance-prod,Microsoft.DocumentDB/databaseAccounts,Cosmos DB,Data Services,team:Finance,493.59,INR,78.1,1 Hour
2026-02-20,sub-psiog-001,MAC-08,rg-mac-08-operations-prod,Microsoft.Compute/virtualMachines,Virtual Machines,Compute,team:Operations,567.63,INR,82.95,1 Hour
2026-02-20,sub-psiog-001,MAC-08,rg-mac-08-operations-prod,Microsoft.Storage/storageAccounts,Blob Storage,Storage,team:Operations,365.13,INR,9.95,1 Hour
2026-02-20,sub-psiog-001,MAC-08,rg-mac-08-operations-prod,Microsoft.Network/loadBalancers,Load Balancers,Networking,team:Operations,139.55,INR,10.7,1 Hour
2026-02-20,sub-psiog-001,MAC-08,rg-mac-08-operations-prod,Microsoft.Sql/servers/databases,SQL Database,Data Services,team:Operations,431.74,INR,29.06,1 Hour
2026-02-21,sub-psiog-001,MAC-01,rg-mac-01-devops-prod,Microsoft.Compute/virtualMachines,Virtual Machines,Compute,team:DevOps,1426.33,INR,6.58,1 Hour
2026-02-21,sub-psiog-001,MAC-01,rg-mac-01-devops-prod,Microsoft.Storage/storageAccounts,Blob Storage,Storage,team:DevOps,325.04,INR,36.7,1 Hour
2026-02-21,sub-psiog-001,MAC-01,rg-mac-01-devops-prod,Microsoft.Network/loadBalancers,Load Balancers,Networking,team:DevOps,239.1,INR,10.75,1 Hour
2026-02-21,sub-psiog-001,MAC-01,rg-mac-01-devops-prod,Microsoft.DocumentDB/databaseAccounts,Cosmos DB,Data Services,team:DevOps,391.44,INR,56.18,1 Hour
2026-02-21,sub-psiog-001,MAC-01,rg-mac-01-platform-prod,Microsoft.Compute/virtualMachines,Virtual Machines,Compute,team:Platform,1271.37,INR,73.33,1 Hour
2026-02-21,sub-psiog-001,MAC-01,rg-mac-01-platform-prod,Microsoft.Storage/storageAccounts/fileServices,File Storage,Storage,team:Platform,291.05,INR,20.48,1 Hour
2026-02-21,sub-psiog-001,MAC-01,rg-mac-01-platform-prod,Microsoft.Network/virtualNetworks,Virtual Networks,Networking,team:Platform,254.94,INR,11.42,1 Hour
2026-02-21,sub-psiog-001,MAC-01,rg-mac-01-platform-prod,Microsoft.Sql/servers/databases,SQL Database,Data Services,team:Platform,404.55,INR,90.53,1 Hour
2026-02-21,sub-psiog-001,MAC-02,rg-mac-02-dataengineering-prod,Microsoft.Compute/virtualMachines,Virtual Machines,Compute,team:DataEngineering,915.02,INR,43.61,1 Hour
2026-02-21,sub-psiog-001,MAC-02,rg-mac-02-dataengineering-prod,Microsoft.Storage/storageAccounts,Blob Storage,Storage,team:DataEngineering,611.15,INR,38.18,1 Hour
2026-02-21,sub-psiog-001,MAC-02,rg-mac-02-dataengineering-prod,Microsoft.Network/loadBalancers,Load Balancers,Networking,team:DataEngineering,223.42,INR,86.73,1 Hour
2026-02-21,sub-psiog-001,MAC-02,rg-mac-02-dataengineering-prod,Microsoft.Sql/servers/databases,SQL Database,Data Services,team:DataEngineering,906.26,INR,19.22,1 Hour
2026-02-21,sub-psiog-001,MAC-02,rg-mac-02-analytics-prod,Microsoft.ContainerService/managedClusters,AKS Clusters,Compute,team:Analytics,972.39,INR,65.88,1 Hour
2026-02-21,sub-psiog-001,MAC-02,rg-mac-02-analytics-prod,Microsoft.Storage/storageAccounts,Blob Storage,Storage,team:Analytics,672.63,INR,92.82,1 Hour
2026-02-21,sub-psiog-001,MAC-02,rg-mac-02-analytics-prod,Microsoft.Network/virtualNetworks,Virtual Networks,Networking,team:Analytics,190.48,INR,79.83,1 Hour
2026-02-21,sub-psiog-001,MAC-02,rg-mac-02-analytics-prod,Microsoft.DocumentDB/databaseAccounts,Cosmos DB,Data Services,team:Analytics,1040.67,INR,19.62,1 Hour
2026-02-21,sub-psiog-001,MAC-03,rg-mac-03-product-prod,Microsoft.ContainerService/managedClusters,AKS Clusters,Compute,team:Product,659.78,INR,7.78,1 Hour
2026-02-21,sub-psiog-001,MAC-03,rg-mac-03-product-prod,Microsoft.Storage/storageAccounts/fileServices,File Storage,Storage,team:Product,226.13,INR,58.49,1 Hour
2026-02-21,sub-psiog-001,MAC-03,rg-mac-03-product-prod,Microsoft.Network/virtualNetworks,Virtual Networks,Networking,team:Product,121.31,INR,33.8,1 Hour
2026-02-21,sub-psiog-001,MAC-03,rg-mac-03-product-prod,Microsoft.Sql/servers/databases,SQL Database,Data Services,team:Product,356.67,INR,9.01,1 Hour
2026-02-21,sub-psiog-001,MAC-03,rg-mac-03-frontend-prod,Microsoft.ContainerService/managedClusters,AKS Clusters,Compute,team:Frontend,616.77,INR,33.59,1 Hour
2026-02-21,sub-psiog-001,MAC-03,rg-mac-03-frontend-prod,Microsoft.Storage/storageAccounts/fileServices,File Storage,Storage,team:Frontend,165.62,INR,38.26,1 Hour
2026-02-21,sub-psiog-001,MAC-03,rg-mac-03-frontend-prod,Microsoft.Network/loadBalancers,Load Balancers,Networking,team:Frontend,119.52,INR,59.21,1 Hour
2026-02-21,sub-psiog-001,MAC-03,rg-mac-03-frontend-prod,Microsoft.DocumentDB/databaseAccounts,Cosmos DB,Data Services,team:Frontend,202.39,INR,43.67,1 Hour
2026-02-21,sub-psiog-001,MAC-04,rg-mac-04-backend-prod,Microsoft.Compute/virtualMachines,Virtual Machines,Compute,team:Backend,938.1,INR,40.86,1 Hour
2026-02-21,sub-psiog-001,MAC-04,rg-mac-04-backend-prod,Microsoft.Storage/storageAccounts/fileServices,File Storage,Storage,team:Backend,431.12,INR,69.0,1 Hour
2026-02-21,sub-psiog-001,MAC-04,rg-mac-04-backend-prod,Microsoft.Network/loadBalancers,Load Balancers,Networking,team:Backend,233.69,INR,72.36,1 Hour
2026-02-21,sub-psiog-001,MAC-04,rg-mac-04-backend-prod,Microsoft.DocumentDB/databaseAccounts,Cosmos DB,Data Services,team:Backend,618.82,INR,75.29,1 Hour
2026-02-21,sub-psiog-001,MAC-04,rg-mac-04-qa-prod,Microsoft.Compute/virtualMachines,Virtual Machines,Compute,team:QA,415.6,INR,81.06,1 Hour
2026-02-21,sub-psiog-001,MAC-04,rg-mac-04-qa-prod,Microsoft.Storage/storageAccounts,Blob Storage,Storage,team:QA,194.94,INR,60.67,1 Hour
2026-02-21,sub-psiog-001,MAC-04,rg-mac-04-qa-prod,Microsoft.Network/virtualNetworks,Virtual Networks,Networking,team:QA,98.4,INR,36.32,1 Hour
2026-02-21,sub-psiog-001,MAC-04,rg-mac-04-qa-prod,Microsoft.Sql/servers/databases,SQL Database,Data Services,team:QA,234.89,INR,6.59,1 Hour
2026-02-21,sub-psiog-001,MAC-05,rg-mac-05-security-prod,Microsoft.ContainerService/managedClusters,AKS Clusters,Compute,team:Security,811.92,INR,35.13,1 Hour
2026-02-21,sub-psiog-001,MAC-05,rg-mac-05-security-prod,Microsoft.Storage/storageAccounts/fileServices,File Storage,Storage,team:Security,273.88,INR,96.55,1 Hour
2026-02-21,sub-psiog-001,MAC-05,rg-mac-05-security-prod,Microsoft.Network/virtualNetworks,Virtual Networks,Networking,team:Security,359.4,INR,95.94,1 Hour
2026-02-21,sub-psiog-001,MAC-05,rg-mac-05-security-prod,Microsoft.DocumentDB/databaseAccounts,Cosmos DB,Data Services,team:Security,376.09,INR,66.65,1 Hour
2026-02-21,sub-psiog-001,MAC-05,rg-mac-05-compliance-prod,Microsoft.ContainerService/managedClusters,AKS Clusters,Compute,team:Compliance,401.74,INR,16.51,1 Hour
2026-02-21,sub-psiog-001,MAC-05,rg-mac-05-compliance-prod,Microsoft.Storage/storageAccounts,Blob Storage,Storage,team:Compliance,251.59,INR,76.47,1 Hour
2026-02-21,sub-psiog-001,MAC-05,rg-mac-05-compliance-prod,Microsoft.Network/virtualNetworks,Virtual Networks,Networking,team:Compliance,151.98,INR,65.35,1 Hour
2026-02-21,sub-psiog-001,MAC-05,rg-mac-05-compliance-prod,Microsoft.DocumentDB/databaseAccounts,Cosmos DB,Data Services,team:Compliance,309.17,INR,7.65,1 Hour
2026-02-21,sub-psiog-001,MAC-06,rg-mac-06-infrastructure-prod,Microsoft.Compute/virtualMachines,Virtual Machines,Compute,team:Infrastructure,1475.43,INR,81.62,1 Hour
2026-02-21,sub-psiog-001,MAC-06,rg-mac-06-infrastructure-prod,Microsoft.Storage/storageAccounts,Blob Storage,Storage,team:Infrastructure,484.49,INR,25.89,1 Hour
2026-02-21,sub-psiog-001,MAC-06,rg-mac-06-infrastructure-prod,Microsoft.Network/loadBalancers,Load Balancers,Networking,team:Infrastructure,369.03,INR,15.73,1 Hour
2026-02-21,sub-psiog-001,MAC-06,rg-mac-06-infrastructure-prod,Microsoft.DocumentDB/databaseAccounts,Cosmos DB,Data Services,team:Infrastructure,468.59,INR,98.45,1 Hour
2026-02-21,sub-psiog-001,MAC-06,rg-mac-06-cloudops-prod,Microsoft.Compute/virtualMachines,Virtual Machines,Compute,team:CloudOps,1459.91,INR,98.59,1 Hour
2026-02-21,sub-psiog-001,MAC-06,rg-mac-06-cloudops-prod,Microsoft.Storage/storageAccounts/fileServices,File Storage,Storage,team:CloudOps,366.36,INR,95.68,1 Hour
2026-02-21,sub-psiog-001,MAC-06,rg-mac-06-cloudops-prod,Microsoft.Network/loadBalancers,Load Balancers,Networking,team:CloudOps,383.73,INR,61.29,1 Hour
2026-02-21,sub-psiog-001,MAC-06,rg-mac-06-cloudops-prod,Microsoft.DocumentDB/databaseAccounts,Cosmos DB,Data Services,team:CloudOps,462.52,INR,54.79,1 Hour
2026-02-21,sub-psiog-001,MAC-07,rg-mac-07-ml-prod,Microsoft.ContainerService/managedClusters,AKS Clusters,Compute,team:ML,2011.51,INR,1.37,1 Hour
2026-02-21,sub-psiog-001,MAC-07,rg-mac-07-ml-prod,Microsoft.Storage/storageAccounts/fileServices,File Storage,Storage,team:ML,525.53,INR,58.28,1 Hour
2026-02-21,sub-psiog-001,MAC-07,rg-mac-07-ml-prod,Microsoft.Network/virtualNetworks,Virtual Networks,Networking,team:ML,244.29,INR,17.73,1 Hour
2026-02-21,sub-psiog-001,MAC-07,rg-mac-07-ml-prod,Microsoft.Sql/servers/databases,SQL Database,Data Services,team:ML,672.71,INR,88.3,1 Hour
2026-02-21,sub-psiog-001,MAC-07,rg-mac-07-research-prod,Microsoft.Compute/virtualMachines,Virtual Machines,Compute,team:Research,838.9,INR,93.41,1 Hour
2026-02-21,sub-psiog-001,MAC-07,rg-mac-07-research-prod,Microsoft.Storage/storageAccounts/fileServices,File Storage,Storage,team:Research,484.77,INR,12.93,1 Hour
2026-02-21,sub-psiog-001,MAC-07,rg-mac-07-research-prod,Microsoft.Network/loadBalancers,Load Balancers,Networking,team:Research,227.07,INR,41.09,1 Hour
2026-02-21,sub-psiog-001,MAC-07,rg-mac-07-research-prod,Microsoft.DocumentDB/databaseAccounts,Cosmos DB,Data Services,team:Research,621.94,INR,18.86,1 Hour
2026-02-21,sub-psiog-001,MAC-08,rg-mac-08-finance-prod,Microsoft.Compute/virtualMachines,Virtual Machines,Compute,team:Finance,377.32,INR,76.6,1 Hour
2026-02-21,sub-psiog-001,MAC-08,rg-mac-08-finance-prod,Microsoft.Storage/storageAccounts/fileServices,File Storage,Storage,team:Finance,200.13,INR,58.63,1 Hour
2026-02-21,sub-psiog-001,MAC-08,rg-mac-08-finance-prod,Microsoft.Network/loadBalancers,Load Balancers,Networking,team:Finance,108.38,INR,15.02,1 Hour
2026-02-21,sub-psiog-001,MAC-08,rg-mac-08-finance-prod,Microsoft.Sql/servers/databases,SQL Database,Data Services,team:Finance,522.31,INR,38.12,1 Hour
2026-02-21,sub-psiog-001,MAC-08,rg-mac-08-operations-prod,Microsoft.ContainerService/managedClusters,AKS Clusters,Compute,team:Operations,487.76,INR,99.87,1 Hour
2026-02-21,sub-psiog-001,MAC-08,rg-mac-08-operations-prod,Microsoft.Storage/storageAccounts,Blob Storage,Storage,team:Operations,363.93,INR,33.82,1 Hour
2026-02-21,sub-psiog-001,MAC-08,rg-mac-08-operations-prod,Microsoft.Network/virtualNetworks,Virtual Networks,Networking,team:Operations,163.73,INR,43.21,1 Hour
2026-02-21,sub-psiog-001,MAC-08,rg-mac-08-operations-prod,Microsoft.Sql/servers/databases,SQL Database,Data Services,team:Operations,428.81,INR,76.64,1 Hour
2026-02-22,sub-psiog-001,MAC-01,rg-mac-01-devops-prod,Microsoft.ContainerService/managedClusters,AKS Clusters,Compute,team:DevOps,1501.66,INR,71.15,1 Hour
2026-02-22,sub-psiog-001,MAC-01,rg-mac-01-devops-prod,Microsoft.Storage/storageAccounts/fileServices,File Storage,Storage,team:DevOps,349.78,INR,56.34,1 Hour
2026-02-22,sub-psiog-001,MAC-01,rg-mac-01-devops-prod,Microsoft.Network/virtualNetworks,Virtual Networks,Networking,team:DevOps,221.55,INR,1.33,1 Hour
2026-02-22,sub-psiog-001,MAC-01,rg-mac-01-devops-prod,Microsoft.Sql/servers/databases,SQL Database,Data Services,team:DevOps,491.69,INR,42.54,1 Hour
2026-02-22,sub-psiog-001,MAC-01,rg-mac-01-platform-prod,Microsoft.ContainerService/managedClusters,AKS Clusters,Compute,team:Platform,1211.2,INR,31.64,1 Hour
2026-02-22,sub-psiog-001,MAC-01,rg-mac-01-platform-prod,Microsoft.Storage/storageAccounts/fileServices,File Storage,Storage,team:Platform,274.27,INR,88.44,1 Hour
2026-02-22,sub-psiog-001,MAC-01,rg-mac-01-platform-prod,Microsoft.Network/loadBalancers,Load Balancers,Networking,team:Platform,273.85,INR,50.62,1 Hour
2026-02-22,sub-psiog-001,MAC-01,rg-mac-01-platform-prod,Microsoft.Sql/servers/databases,SQL Database,Data Services,team:Platform,409.91,INR,3.32,1 Hour
2026-02-22,sub-psiog-001,MAC-02,rg-mac-02-dataengineering-prod,Microsoft.Compute/virtualMachines,Virtual Machines,Compute,team:DataEngineering,1129.9,INR,65.97,1 Hour
2026-02-22,sub-psiog-001,MAC-02,rg-mac-02-dataengineering-prod,Microsoft.Storage/storageAccounts,Blob Storage,Storage,team:DataEngineering,607.25,INR,63.3,1 Hour
2026-02-22,sub-psiog-001,MAC-02,rg-mac-02-dataengineering-prod,Microsoft.Network/virtualNetworks,Virtual Networks,Networking,team:DataEngineering,176.29,INR,81.04,1 Hour
2026-02-22,sub-psiog-001,MAC-02,rg-mac-02-dataengineering-prod,Microsoft.DocumentDB/databaseAccounts,Cosmos DB,Data Services,team:DataEngineering,1096.62,INR,13.42,1 Hour
2026-02-22,sub-psiog-001,MAC-02,rg-mac-02-analytics-prod,Microsoft.Compute/virtualMachines,Virtual Machines,Compute,team:Analytics,1077.26,INR,35.28,1 Hour
2026-02-22,sub-psiog-001,MAC-02,rg-mac-02-analytics-prod,Microsoft.Storage/storageAccounts,Blob Storage,Storage,team:Analytics,545.54,INR,47.61,1 Hour
2026-02-22,sub-psiog-001,MAC-02,rg-mac-02-analytics-prod,Microsoft.Network/loadBalancers,Load Balancers,Networking,team:Analytics,178.77,INR,66.12,1 Hour
2026-02-22,sub-psiog-001,MAC-02,rg-mac-02-analytics-prod,Microsoft.DocumentDB/databaseAccounts,Cosmos DB,Data Services,team:Analytics,1045.77,INR,44.01,1 Hour
2026-02-22,sub-psiog-001,MAC-03,rg-mac-03-product-prod,Microsoft.Compute/virtualMachines,Virtual Machines,Compute,team:Product,670.72,INR,50.59,1 Hour
2026-02-22,sub-psiog-001,MAC-03,rg-mac-03-product-prod,Microsoft.Storage/storageAccounts/fileServices,File Storage,Storage,team:Product,200.87,INR,56.44,1 Hour
2026-02-22,sub-psiog-001,MAC-03,rg-mac-03-product-prod,Microsoft.Network/virtualNetworks,Virtual Networks,Networking,team:Product,125.31,INR,3.21,1 Hour
2026-02-22,sub-psiog-001,MAC-03,rg-mac-03-product-prod,Microsoft.Sql/servers/databases,SQL Database,Data Services,team:Product,300.78,INR,69.12,1 Hour
2026-02-22,sub-psiog-001,MAC-03,rg-mac-03-frontend-prod,Microsoft.ContainerService/managedClusters,AKS Clusters,Compute,team:Frontend,624.21,INR,66.13,1 Hour
2026-02-22,sub-psiog-001,MAC-03,rg-mac-03-frontend-prod,Microsoft.Storage/storageAccounts/fileServices,File Storage,Storage,team:Frontend,161.86,INR,20.8,1 Hour
2026-02-22,sub-psiog-001,MAC-03,rg-mac-03-frontend-prod,Microsoft.Network/loadBalancers,Load Balancers,Networking,team:Frontend,113.38,INR,24.11,1 Hour
2026-02-22,sub-psiog-001,MAC-03,rg-mac-03-frontend-prod,Microsoft.DocumentDB/databaseAccounts,Cosmos DB,Data Services,team:Frontend,188.59,INR,47.42,1 Hour
2026-02-22,sub-psiog-001,MAC-04,rg-mac-04-backend-prod,Microsoft.ContainerService/managedClusters,AKS Clusters,Compute,team:Backend,1033.93,INR,89.46,1 Hour
2026-02-22,sub-psiog-001,MAC-04,rg-mac-04-backend-prod,Microsoft.Storage/storageAccounts/fileServices,File Storage,Storage,team:Backend,411.88,INR,59.52,1 Hour
2026-02-22,sub-psiog-001,MAC-04,rg-mac-04-backend-prod,Microsoft.Network/virtualNetworks,Virtual Networks,Networking,team:Backend,219.26,INR,85.04,1 Hour
2026-02-22,sub-psiog-001,MAC-04,rg-mac-04-backend-prod,Microsoft.Sql/servers/databases,SQL Database,Data Services,team:Backend,574.31,INR,51.38,1 Hour
2026-02-22,sub-psiog-001,MAC-04,rg-mac-04-qa-prod,Microsoft.ContainerService/managedClusters,AKS Clusters,Compute,team:QA,489.19,INR,39.94,1 Hour
2026-02-22,sub-psiog-001,MAC-04,rg-mac-04-qa-prod,Microsoft.Storage/storageAccounts/fileServices,File Storage,Storage,team:QA,201.28,INR,85.24,1 Hour
2026-02-22,sub-psiog-001,MAC-04,rg-mac-04-qa-prod,Microsoft.Network/virtualNetworks,Virtual Networks,Networking,team:QA,100.09,INR,3.93,1 Hour
2026-02-22,sub-psiog-001,MAC-04,rg-mac-04-qa-prod,Microsoft.Sql/servers/databases,SQL Database,Data Services,team:QA,248.95,INR,48.05,1 Hour
2026-02-22,sub-psiog-001,MAC-05,rg-mac-05-security-prod,Microsoft.Compute/virtualMachines,Virtual Machines,Compute,team:Security,837.18,INR,27.0,1 Hour
2026-02-22,sub-psiog-001,MAC-05,rg-mac-05-security-prod,Microsoft.Storage/storageAccounts,Blob Storage,Storage,team:Security,304.68,INR,75.36,1 Hour
2026-02-22,sub-psiog-001,MAC-05,rg-mac-05-security-prod,Microsoft.Network/virtualNetworks,Virtual Networks,Networking,team:Security,371.65,INR,85.78,1 Hour
2026-02-22,sub-psiog-001,MAC-05,rg-mac-05-security-prod,Microsoft.Sql/servers/databases,SQL Database,Data Services,team:Security,376.6,INR,96.36,1 Hour
2026-02-22,sub-psiog-001,MAC-05,rg-mac-05-compliance-prod,Microsoft.Compute/virtualMachines,Virtual Machines,Compute,team:Compliance,338.09,INR,97.97,1 Hour
2026-02-22,sub-psiog-001,MAC-05,rg-mac-05-compliance-prod,Microsoft.Storage/storageAccounts/fileServices,File Storage,Storage,team:Compliance,257.14,INR,7.37,1 Hour
2026-02-22,sub-psiog-001,MAC-05,rg-mac-05-compliance-prod,Microsoft.Network/loadBalancers,Load Balancers,Networking,team:Compliance,153.45,INR,29.08,1 Hour
2026-02-22,sub-psiog-001,MAC-05,rg-mac-05-compliance-prod,Microsoft.DocumentDB/databaseAccounts,Cosmos DB,Data Services,team:Compliance,283.64,INR,71.59,1 Hour
2026-02-22,sub-psiog-001,MAC-06,rg-mac-06-infrastructure-prod,Microsoft.Compute/virtualMachines,Virtual Machines,Compute,team:Infrastructure,1488.91,INR,44.99,1 Hour
2026-02-22,sub-psiog-001,MAC-06,rg-mac-06-infrastructure-prod,Microsoft.Storage/storageAccounts,Blob Storage,Storage,team:Infrastructure,492.03,INR,64.5,1 Hour
2026-02-22,sub-psiog-001,MAC-06,rg-mac-06-infrastructure-prod,Microsoft.Network/virtualNetworks,Virtual Networks,Networking,team:Infrastructure,377.8,INR,96.52,1 Hour
2026-02-22,sub-psiog-001,MAC-06,rg-mac-06-infrastructure-prod,Microsoft.DocumentDB/databaseAccounts,Cosmos DB,Data Services,team:Infrastructure,481.81,INR,10.17,1 Hour
2026-02-22,sub-psiog-001,MAC-06,rg-mac-06-cloudops-prod,Microsoft.Compute/virtualMachines,Virtual Machines,Compute,team:CloudOps,1348.57,INR,82.52,1 Hour
2026-02-22,sub-psiog-001,MAC-06,rg-mac-06-cloudops-prod,Microsoft.Storage/storageAccounts,Blob Storage,Storage,team:CloudOps,420.67,INR,51.62,1 Hour
2026-02-22,sub-psiog-001,MAC-06,rg-mac-06-cloudops-prod,Microsoft.Network/virtualNetworks,Virtual Networks,Networking,team:CloudOps,303.25,INR,91.91,1 Hour
2026-02-22,sub-psiog-001,MAC-06,rg-mac-06-cloudops-prod,Microsoft.DocumentDB/databaseAccounts,Cosmos DB,Data Services,team:CloudOps,471.73,INR,88.46,1 Hour
2026-02-22,sub-psiog-001,MAC-07,rg-mac-07-ml-prod,Microsoft.ContainerService/managedClusters,AKS Clusters,Compute,team:ML,1721.49,INR,33.71,1 Hour
2026-02-22,sub-psiog-001,MAC-07,rg-mac-07-ml-prod,Microsoft.Storage/storageAccounts,Blob Storage,Storage,team:ML,565.22,INR,13.43,1 Hour
2026-02-22,sub-psiog-001,MAC-07,rg-mac-07-ml-prod,Microsoft.Network/loadBalancers,Load Balancers,Networking,team:ML,201.99,INR,58.44,1 Hour
2026-02-22,sub-psiog-001,MAC-07,rg-mac-07-ml-prod,Microsoft.DocumentDB/databaseAccounts,Cosmos DB,Data Services,team:ML,785.02,INR,31.38,1 Hour
2026-02-22,sub-psiog-001,MAC-07,rg-mac-07-research-prod,Microsoft.ContainerService/managedClusters,AKS Clusters,Compute,team:Research,844.67,INR,86.18,1 Hour
2026-02-22,sub-psiog-001,MAC-07,rg-mac-07-research-prod,Microsoft.Storage/storageAccounts,Blob Storage,Storage,team:Research,445.23,INR,28.95,1 Hour
2026-02-22,sub-psiog-001,MAC-07,rg-mac-07-research-prod,Microsoft.Network/virtualNetworks,Virtual Networks,Networking,team:Research,184.05,INR,44.06,1 Hour
2026-02-22,sub-psiog-001,MAC-07,rg-mac-07-research-prod,Microsoft.DocumentDB/databaseAccounts,Cosmos DB,Data Services,team:Research,620.27,INR,14.49,1 Hour
2026-02-22,sub-psiog-001,MAC-08,rg-mac-08-finance-prod,Microsoft.ContainerService/managedClusters,AKS Clusters,Compute,team:Finance,362.96,INR,6.25,1 Hour
2026-02-22,sub-psiog-001,MAC-08,rg-mac-08-finance-prod,Microsoft.Storage/storageAccounts/fileServices,File Storage,Storage,team:Finance,217.49,INR,83.57,1 Hour
2026-02-22,sub-psiog-001,MAC-08,rg-mac-08-finance-prod,Microsoft.Network/loadBalancers,Load Balancers,Networking,team:Finance,118.42,INR,66.39,1 Hour
2026-02-22,sub-psiog-001,MAC-08,rg-mac-08-finance-prod,Microsoft.Sql/servers/databases,SQL Database,Data Services,team:Finance,522.08,INR,29.49,1 Hour
2026-02-22,sub-psiog-001,MAC-08,rg-mac-08-operations-prod,Microsoft.ContainerService/managedClusters,AKS Clusters,Compute,team:Operations,460.64,INR,44.44,1 Hour
2026-02-22,sub-psiog-001,MAC-08,rg-mac-08-operations-prod,Microsoft.Storage/storageAccounts,Blob Storage,Storage,team:Operations,304.83,INR,17.46,1 Hour
2026-02-22,sub-psiog-001,MAC-08,rg-mac-08-operations-prod,Microsoft.Network/loadBalancers,Load Balancers,Networking,team:Operations,122.74,INR,77.92,1 Hour
2026-02-22,sub-psiog-001,MAC-08,rg-mac-08-operations-prod,Microsoft.Sql/servers/databases,SQL Database,Data Services,team:Operations,408.17,INR,49.46,1 Hour
2026-02-23,sub-psiog-001,MAC-01,rg-mac-01-devops-prod,Microsoft.Compute/virtualMachines,Virtual Machines,Compute,team:DevOps,1463.04,INR,99.45,1 Hour
2026-02-23,sub-psiog-001,MAC-01,rg-mac-01-devops-prod,Microsoft.Storage/storageAccounts/fileServices,File Storage,Storage,team:DevOps,333.3,INR,11.79,1 Hour
2026-02-23,sub-psiog-001,MAC-01,rg-mac-01-devops-prod,Microsoft.Network/virtualNetworks,Virtual Networks,Networking,team:DevOps,219.61,INR,73.86,1 Hour
2026-02-23,sub-psiog-001,MAC-01,rg-mac-01-devops-prod,Microsoft.DocumentDB/databaseAccounts,Cosmos DB,Data Services,team:DevOps,459.36,INR,84.74,1 Hour
2026-02-23,sub-psiog-001,MAC-01,rg-mac-01-platform-prod,Microsoft.Compute/virtualMachines,Virtual Machines,Compute,team:Platform,1260.58,INR,53.0,1 Hour
2026-02-23,sub-psiog-001,MAC-01,rg-mac-01-platform-prod,Microsoft.Storage/storageAccounts,Blob Storage,Storage,team:Platform,329.37,INR,57.07,1 Hour
2026-02-23,sub-psiog-001,MAC-01,rg-mac-01-platform-prod,Microsoft.Network/loadBalancers,Load Balancers,Networking,team:Platform,293.07,INR,5.33,1 Hour
2026-02-23,sub-psiog-001,MAC-01,rg-mac-01-platform-prod,Microsoft.DocumentDB/databaseAccounts,Cosmos DB,Data Services,team:Platform,481.9,INR,1.11,1 Hour
2026-02-23,sub-psiog-001,MAC-02,rg-mac-02-dataengineering-prod,Microsoft.ContainerService/managedClusters,AKS Clusters,Compute,team:DataEngineering,1072.7,INR,47.31,1 Hour
2026-02-23,sub-psiog-001,MAC-02,rg-mac-02-dataengineering-prod,Microsoft.Storage/storageAccounts/fileServices,File Storage,Storage,team:DataEngineering,700.53,INR,46.47,1 Hour
2026-02-23,sub-psiog-001,MAC-02,rg-mac-02-dataengineering-prod,Microsoft.Network/loadBalancers,Load Balancers,Networking,team:DataEngineering,221.0,INR,83.52,1 Hour
2026-02-23,sub-psiog-001,MAC-02,rg-mac-02-dataengineering-prod,Microsoft.Sql/servers/databases,SQL Database,Data Services,team:DataEngineering,864.33,INR,39.47,1 Hour
2026-02-23,sub-psiog-001,MAC-02,rg-mac-02-analytics-prod,Microsoft.Compute/virtualMachines,Virtual Machines,Compute,team:Analytics,1005.04,INR,97.22,1 Hour
2026-02-23,sub-psiog-001,MAC-02,rg-mac-02-analytics-prod,Microsoft.Storage/storageAccounts,Blob Storage,Storage,team:Analytics,566.38,INR,86.9,1 Hour
2026-02-23,sub-psiog-001,MAC-02,rg-mac-02-analytics-prod,Microsoft.Network/loadBalancers,Load Balancers,Networking,team:Analytics,179.84,INR,90.04,1 Hour
2026-02-23,sub-psiog-001,MAC-02,rg-mac-02-analytics-prod,Microsoft.Sql/servers/databases,SQL Database,Data Services,team:Analytics,1000.71,INR,25.48,1 Hour
2026-02-23,sub-psiog-001,MAC-03,rg-mac-03-product-prod,Microsoft.ContainerService/managedClusters,AKS Clusters,Compute,team:Product,701.06,INR,41.87,1 Hour
2026-02-23,sub-psiog-001,MAC-03,rg-mac-03-product-prod,Microsoft.Storage/storageAccounts,Blob Storage,Storage,team:Product,243.57,INR,68.17,1 Hour
2026-02-23,sub-psiog-001,MAC-03,rg-mac-03-product-prod,Microsoft.Network/virtualNetworks,Virtual Networks,Networking,team:Product,119.71,INR,1.81,1 Hour
2026-02-23,sub-psiog-001,MAC-03,rg-mac-03-product-prod,Microsoft.Sql/servers/databases,SQL Database,Data Services,team:Product,354.43,INR,33.8,1 Hour
2026-02-23,sub-psiog-001,MAC-03,rg-mac-03-frontend-prod,Microsoft.ContainerService/managedClusters,AKS Clusters,Compute,team:Frontend,549.39,INR,84.81,1 Hour
2026-02-23,sub-psiog-001,MAC-03,rg-mac-03-frontend-prod,Microsoft.Storage/storageAccounts/fileServices,File Storage,Storage,team:Frontend,169.88,INR,63.62,1 Hour
2026-02-23,sub-psiog-001,MAC-03,rg-mac-03-frontend-prod,Microsoft.Network/loadBalancers,Load Balancers,Networking,team:Frontend,104.51,INR,99.13,1 Hour
2026-02-23,sub-psiog-001,MAC-03,rg-mac-03-frontend-prod,Microsoft.DocumentDB/databaseAccounts,Cosmos DB,Data Services,team:Frontend,221.27,INR,8.74,1 Hour
2026-02-23,sub-psiog-001,MAC-04,rg-mac-04-backend-prod,Microsoft.Compute/virtualMachines,Virtual Machines,Compute,team:Backend,1107.13,INR,37.35,1 Hour
2026-02-23,sub-psiog-001,MAC-04,rg-mac-04-backend-prod,Microsoft.Storage/storageAccounts/fileServices,File Storage,Storage,team:Backend,365.7,INR,32.12,1 Hour
2026-02-23,sub-psiog-001,MAC-04,rg-mac-04-backend-prod,Microsoft.Network/loadBalancers,Load Balancers,Networking,team:Backend,249.47,INR,49.3,1 Hour
2026-02-23,sub-psiog-001,MAC-04,rg-mac-04-backend-prod,Microsoft.DocumentDB/databaseAccounts,Cosmos DB,Data Services,team:Backend,569.05,INR,14.48,1 Hour
2026-02-23,sub-psiog-001,MAC-04,rg-mac-04-qa-prod,Microsoft.ContainerService/managedClusters,AKS Clusters,Compute,team:QA,425.85,INR,47.2,1 Hour
2026-02-23,sub-psiog-001,MAC-04,rg-mac-04-qa-prod,Microsoft.Storage/storageAccounts/fileServices,File Storage,Storage,team:QA,198.53,INR,2.41,1 Hour
2026-02-23,sub-psiog-001,MAC-04,rg-mac-04-qa-prod,Microsoft.Network/virtualNetworks,Virtual Networks,Networking,team:QA,89.86,INR,83.93,1 Hour
2026-02-23,sub-psiog-001,MAC-04,rg-mac-04-qa-prod,Microsoft.DocumentDB/databaseAccounts,Cosmos DB,Data Services,team:QA,245.01,INR,14.04,1 Hour
2026-02-23,sub-psiog-001,MAC-05,rg-mac-05-security-prod,Microsoft.ContainerService/managedClusters,AKS Clusters,Compute,team:Security,806.77,INR,20.78,1 Hour
2026-02-23,sub-psiog-001,MAC-05,rg-mac-05-security-prod,Microsoft.Storage/storageAccounts/fileServices,File Storage,Storage,team:Security,248.57,INR,35.1,1 Hour
2026-02-23,sub-psiog-001,MAC-05,rg-mac-05-security-prod,Microsoft.Network/virtualNetworks,Virtual Networks,Networking,team:Security,328.65,INR,40.12,1 Hour
2026-02-23,sub-psiog-001,MAC-05,rg-mac-05-security-prod,Microsoft.Sql/servers/databases,SQL Database,Data Services,team:Security,363.26,INR,36.71,1 Hour
2026-02-23,sub-psiog-001,MAC-05,rg-mac-05-compliance-prod,Microsoft.ContainerService/managedClusters,AKS Clusters,Compute,team:Compliance,441.93,INR,33.58,1 Hour
2026-02-23,sub-psiog-001,MAC-05,rg-mac-05-compliance-prod,Microsoft.Storage/storageAccounts,Blob Storage,Storage,team:Compliance,216.61,INR,84.37,1 Hour
2026-02-23,sub-psiog-001,MAC-05,rg-mac-05-compliance-prod,Microsoft.Network/loadBalancers,Load Balancers,Networking,team:Compliance,148.13,INR,10.33,1 Hour
2026-02-23,sub-psiog-001,MAC-05,rg-mac-05-compliance-prod,Microsoft.Sql/servers/databases,SQL Database,Data Services,team:Compliance,363.69,INR,35.3,1 Hour
2026-02-23,sub-psiog-001,MAC-06,rg-mac-06-infrastructure-prod,Microsoft.Compute/virtualMachines,Virtual Machines,Compute,team:Infrastructure,1458.81,INR,18.08,1 Hour
2026-02-23,sub-psiog-001,MAC-06,rg-mac-06-infrastructure-prod,Microsoft.Storage/storageAccounts/fileServices,File Storage,Storage,team:Infrastructure,408.04,INR,14.03,1 Hour
2026-02-23,sub-psiog-001,MAC-06,rg-mac-06-infrastructure-prod,Microsoft.Network/virtualNetworks,Virtual Networks,Networking,team:Infrastructure,409.78,INR,45.24,1 Hour
2026-02-23,sub-psiog-001,MAC-06,rg-mac-06-infrastructure-prod,Microsoft.Sql/servers/databases,SQL Database,Data Services,team:Infrastructure,417.99,INR,32.24,1 Hour
2026-02-23,sub-psiog-001,MAC-06,rg-mac-06-cloudops-prod,Microsoft.ContainerService/managedClusters,AKS Clusters,Compute,team:CloudOps,1223.02,INR,15.73,1 Hour
2026-02-23,sub-psiog-001,MAC-06,rg-mac-06-cloudops-prod,Microsoft.Storage/storageAccounts/fileServices,File Storage,Storage,team:CloudOps,372.58,INR,15.06,1 Hour
2026-02-23,sub-psiog-001,MAC-06,rg-mac-06-cloudops-prod,Microsoft.Network/loadBalancers,Load Balancers,Networking,team:CloudOps,348.4,INR,83.85,1 Hour
2026-02-23,sub-psiog-001,MAC-06,rg-mac-06-cloudops-prod,Microsoft.Sql/servers/databases,SQL Database,Data Services,team:CloudOps,503.03,INR,9.78,1 Hour
2026-02-23,sub-psiog-001,MAC-07,rg-mac-07-ml-prod,Microsoft.ContainerService/managedClusters,AKS Clusters,Compute,team:ML,1713.79,INR,79.28,1 Hour
2026-02-23,sub-psiog-001,MAC-07,rg-mac-07-ml-prod,Microsoft.Storage/storageAccounts,Blob Storage,Storage,team:ML,532.4,INR,85.38,1 Hour
2026-02-23,sub-psiog-001,MAC-07,rg-mac-07-ml-prod,Microsoft.Network/loadBalancers,Load Balancers,Networking,team:ML,231.94,INR,43.58,1 Hour
2026-02-23,sub-psiog-001,MAC-07,rg-mac-07-ml-prod,Microsoft.DocumentDB/databaseAccounts,Cosmos DB,Data Services,team:ML,692.81,INR,40.35,1 Hour
2026-02-23,sub-psiog-001,MAC-07,rg-mac-07-research-prod,Microsoft.Compute/virtualMachines,Virtual Machines,Compute,team:Research,814.09,INR,82.72,1 Hour
2026-02-23,sub-psiog-001,MAC-07,rg-mac-07-research-prod,Microsoft.Storage/storageAccounts/fileServices,File Storage,Storage,team:Research,434.87,INR,17.67,1 Hour
2026-02-23,sub-psiog-001,MAC-07,rg-mac-07-research-prod,Microsoft.Network/loadBalancers,Load Balancers,Networking,team:Research,181.39,INR,28.63,1 Hour
2026-02-23,sub-psiog-001,MAC-07,rg-mac-07-research-prod,Microsoft.Sql/servers/databases,SQL Database,Data Services,team:Research,666.9,INR,57.07,1 Hour
2026-02-23,sub-psiog-001,MAC-08,rg-mac-08-finance-prod,Microsoft.Compute/virtualMachines,Virtual Machines,Compute,team:Finance,358.59,INR,36.07,1 Hour
2026-02-23,sub-psiog-001,MAC-08,rg-mac-08-finance-prod,Microsoft.Storage/storageAccounts/fileServices,File Storage,Storage,team:Finance,208.32,INR,8.3,1 Hour
2026-02-23,sub-psiog-001,MAC-08,rg-mac-08-finance-prod,Microsoft.Network/loadBalancers,Load Balancers,Networking,team:Finance,107.55,INR,17.99,1 Hour
2026-02-23,sub-psiog-001,MAC-08,rg-mac-08-finance-prod,Microsoft.Sql/servers/databases,SQL Database,Data Services,team:Finance,440.39,INR,2.77,1 Hour
2026-02-23,sub-psiog-001,MAC-08,rg-mac-08-operations-prod,Microsoft.ContainerService/managedClusters,AKS Clusters,Compute,team:Operations,485.81,INR,74.24,1 Hour
2026-02-23,sub-psiog-001,MAC-08,rg-mac-08-operations-prod,Microsoft.Storage/storageAccounts/fileServices,File Storage,Storage,team:Operations,379.31,INR,74.98,1 Hour
2026-02-23,sub-psiog-001,MAC-08,rg-mac-08-operations-prod,Microsoft.Network/virtualNetworks,Virtual Networks,Networking,team:Operations,159.83,INR,9.88,1 Hour
2026-02-23,sub-psiog-001,MAC-08,rg-mac-08-operations-prod,Microsoft.DocumentDB/databaseAccounts,Cosmos DB,Data Services,team:Operations,412.68,INR,26.06,1 Hour
2026-02-24,sub-psiog-001,MAC-01,rg-mac-01-devops-prod,Microsoft.Compute/virtualMachines,Virtual Machines,Compute,team:DevOps,1339.27,INR,98.95,1 Hour
2026-02-24,sub-psiog-001,MAC-01,rg-mac-01-devops-prod,Microsoft.Storage/storageAccounts/fileServices,File Storage,Storage,team:DevOps,348.73,INR,4.99,1 Hour
2026-02-24,sub-psiog-001,MAC-01,rg-mac-01-devops-prod,Microsoft.Network/virtualNetworks,Virtual Networks,Networking,team:DevOps,218.86,INR,87.21,1 Hour
2026-02-24,sub-psiog-001,MAC-01,rg-mac-01-devops-prod,Microsoft.DocumentDB/databaseAccounts,Cosmos DB,Data Services,team:DevOps,391.96,INR,3.13,1 Hour
2026-02-24,sub-psiog-001,MAC-01,rg-mac-01-platform-prod,Microsoft.ContainerService/managedClusters,AKS Clusters,Compute,team:Platform,1362.99,INR,72.66,1 Hour
2026-02-24,sub-psiog-001,MAC-01,rg-mac-01-platform-prod,Microsoft.Storage/storageAccounts,Blob Storage,Storage,team:Platform,356.38,INR,51.59,1 Hour
2026-02-24,sub-psiog-001,MAC-01,rg-mac-01-platform-prod,Microsoft.Network/virtualNetworks,Virtual Networks,Networking,team:Platform,293.26,INR,90.52,1 Hour
2026-02-24,sub-psiog-001,MAC-01,rg-mac-01-platform-prod,Microsoft.Sql/servers/databases,SQL Database,Data Services,team:Platform,401.03,INR,3.59,1 Hour
2026-02-24,sub-psiog-001,MAC-02,rg-mac-02-dataengineering-prod,Microsoft.Compute/virtualMachines,Virtual Machines,Compute,team:DataEngineering,992.97,INR,26.2,1 Hour
2026-02-24,sub-psiog-001,MAC-02,rg-mac-02-dataengineering-prod,Microsoft.Storage/storageAccounts/fileServices,File Storage,Storage,team:DataEngineering,603.63,INR,20.17,1 Hour
2026-02-24,sub-psiog-001,MAC-02,rg-mac-02-dataengineering-prod,Microsoft.Network/virtualNetworks,Virtual Networks,Networking,team:DataEngineering,177.17,INR,68.18,1 Hour
2026-02-24,sub-psiog-001,MAC-02,rg-mac-02-dataengineering-prod,Microsoft.DocumentDB/databaseAccounts,Cosmos DB,Data Services,team:DataEngineering,910.88,INR,74.22,1 Hour
2026-02-24,sub-psiog-001,MAC-02,rg-mac-02-analytics-prod,Microsoft.ContainerService/managedClusters,AKS Clusters,Compute,team:Analytics,1006.06,INR,9.79,1 Hour
2026-02-24,sub-psiog-001,MAC-02,rg-mac-02-analytics-prod,Microsoft.Storage/storageAccounts/fileServices,File Storage,Storage,team:Analytics,524.93,INR,60.55,1 Hour
2026-02-24,sub-psiog-001,MAC-02,rg-mac-02-analytics-prod,Microsoft.Network/virtualNetworks,Virtual Networks,Networking,team:Analytics,164.85,INR,67.97,1 Hour
2026-02-24,sub-psiog-001,MAC-02,rg-mac-02-analytics-prod,Microsoft.Sql/servers/databases,SQL Database,Data Services,team:Analytics,915.54,INR,27.05,1 Hour
2026-02-24,sub-psiog-001,MAC-03,rg-mac-03-product-prod,Microsoft.Compute/virtualMachines,Virtual Machines,Compute,team:Product,639.81,INR,57.03,1 Hour
2026-02-24,sub-psiog-001,MAC-03,rg-mac-03-product-prod,Microsoft.Storage/storageAccounts,Blob Storage,Storage,team:Product,223.92,INR,66.59,1 Hour
2026-02-24,sub-psiog-001,MAC-03,rg-mac-03-product-prod,Microsoft.Network/virtualNetworks,Virtual Networks,Networking,team:Product,147.69,INR,33.05,1 Hour
2026-02-24,sub-psiog-001,MAC-03,rg-mac-03-product-prod,Microsoft.DocumentDB/databaseAccounts,Cosmos DB,Data Services,team:Product,359.16,INR,87.6,1 Hour
2026-02-24,sub-psiog-001,MAC-03,rg-mac-03-frontend-prod,Microsoft.ContainerService/managedClusters,AKS Clusters,Compute,team:Frontend,507.2,INR,49.33,1 Hour
2026-02-24,sub-psiog-001,MAC-03,rg-mac-03-frontend-prod,Microsoft.Storage/storageAccounts,Blob Storage,Storage,team:Frontend,142.0,INR,39.65,1 Hour
2026-02-24,sub-psiog-001,MAC-03,rg-mac-03-frontend-prod,Microsoft.Network/virtualNetworks,Virtual Networks,Networking,team:Frontend,98.9,INR,83.34,1 Hour
2026-02-24,sub-psiog-001,MAC-03,rg-mac-03-frontend-prod,Microsoft.DocumentDB/databaseAccounts,Cosmos DB,Data Services,team:Frontend,233.07,INR,23.86,1 Hour
2026-02-24,sub-psiog-001,MAC-04,rg-mac-04-backend-prod,Microsoft.Compute/virtualMachines,Virtual Machines,Compute,team:Backend,1035.04,INR,93.37,1 Hour
2026-02-24,sub-psiog-001,MAC-04,rg-mac-04-backend-prod,Microsoft.Storage/storageAccounts,Blob Storage,Storage,team:Backend,370.38,INR,71.65,1 Hour
2026-02-24,sub-psiog-001,MAC-04,rg-mac-04-backend-prod,Microsoft.Network/loadBalancers,Load Balancers,Networking,team:Backend,221.31,INR,67.5,1 Hour
2026-02-24,sub-psiog-001,MAC-04,rg-mac-04-backend-prod,Microsoft.DocumentDB/databaseAccounts,Cosmos DB,Data Services,team:Backend,511.56,INR,34.93,1 Hour
2026-02-24,sub-psiog-001,MAC-04,rg-mac-04-qa-prod,Microsoft.ContainerService/managedClusters,AKS Clusters,Compute,team:QA,410.37,INR,77.6,1 Hour
2026-02-24,sub-psiog-001,MAC-04,rg-mac-04-qa-prod,Microsoft.Storage/storageAccounts/fileServices,File Storage,Storage,team:QA,222.48,INR,98.93,1 Hour
2026-02-24,sub-psiog-001,MAC-04,rg-mac-04-qa-prod,Microsoft.Network/loadBalancers,Load Balancers,Networking,team:QA,100.43,INR,36.46,1 Hour
2026-02-24,sub-psiog-001,MAC-04,rg-mac-04-qa-prod,Microsoft.Sql/servers/databases,SQL Database,Data Services,team:QA,240.26,INR,2.66,1 Hour
2026-02-24,sub-psiog-001,MAC-05,rg-mac-05-security-prod,Microsoft.ContainerService/managedClusters,AKS Clusters,Compute,team:Security,878.53,INR,63.95,1 Hour
2026-02-24,sub-psiog-001,MAC-05,rg-mac-05-security-prod,Microsoft.Storage/storageAccounts/fileServices,File Storage,Storage,team:Security,311.14,INR,93.51,1 Hour
2026-02-24,sub-psiog-001,MAC-05,rg-mac-05-security-prod,Microsoft.Network/virtualNetworks,Virtual Networks,Networking,team:Security,337.49,INR,42.43,1 Hour
2026-02-24,sub-psiog-001,MAC-05,rg-mac-05-security-prod,Microsoft.DocumentDB/databaseAccounts,Cosmos DB,Data Services,team:Security,420.05,INR,92.37,1 Hour
2026-02-24,sub-psiog-001,MAC-05,rg-mac-05-compliance-prod,Microsoft.Compute/virtualMachines,Virtual Machines,Compute,team:Compliance,352.22,INR,48.33,1 Hour
2026-02-24,sub-psiog-001,MAC-05,rg-mac-05-compliance-prod,Microsoft.Storage/storageAccounts,Blob Storage,Storage,team:Compliance,273.83,INR,79.48,1 Hour
2026-02-24,sub-psiog-001,MAC-05,rg-mac-05-compliance-prod,Microsoft.Network/virtualNetworks,Virtual Networks,Networking,team:Compliance,176.2,INR,95.31,1 Hour
2026-02-24,sub-psiog-001,MAC-05,rg-mac-05-compliance-prod,Microsoft.DocumentDB/databaseAccounts,Cosmos DB,Data Services,team:Compliance,297.9,INR,14.32,1 Hour
2026-02-24,sub-psiog-001,MAC-06,rg-mac-06-infrastructure-prod,Microsoft.ContainerService/managedClusters,AKS Clusters,Compute,team:Infrastructure,1587.1,INR,73.6,1 Hour
2026-02-24,sub-psiog-001,MAC-06,rg-mac-06-infrastructure-prod,Microsoft.Storage/storageAccounts/fileServices,File Storage,Storage,team:Infrastructure,441.36,INR,29.39,1 Hour
2026-02-24,sub-psiog-001,MAC-06,rg-mac-06-infrastructure-prod,Microsoft.Network/virtualNetworks,Virtual Networks,Networking,team:Infrastructure,402.86,INR,90.21,1 Hour
2026-02-24,sub-psiog-001,MAC-06,rg-mac-06-infrastructure-prod,Microsoft.Sql/servers/databases,SQL Database,Data Services,team:Infrastructure,486.57,INR,38.16,1 Hour
2026-02-24,sub-psiog-001,MAC-06,rg-mac-06-cloudops-prod,Microsoft.ContainerService/managedClusters,AKS Clusters,Compute,team:CloudOps,1637.55,INR,33.02,1 Hour
2026-02-24,sub-psiog-001,MAC-06,rg-mac-06-cloudops-prod,Microsoft.Storage/storageAccounts,Blob Storage,Storage,team:CloudOps,478.52,INR,44.5,1 Hour
2026-02-24,sub-psiog-001,MAC-06,rg-mac-06-cloudops-prod,Microsoft.Network/loadBalancers,Load Balancers,Networking,team:CloudOps,391.84,INR,8.76,1 Hour
2026-02-24,sub-psiog-001,MAC-06,rg-mac-06-cloudops-prod,Microsoft.Sql/servers/databases,SQL Database,Data Services,team:CloudOps,439.27,INR,81.41,1 Hour
2026-02-24,sub-psiog-001,MAC-07,rg-mac-07-ml-prod,Microsoft.ContainerService/managedClusters,AKS Clusters,Compute,team:ML,1678.21,INR,86.42,1 Hour
2026-02-24,sub-psiog-001,MAC-07,rg-mac-07-ml-prod,Microsoft.Storage/storageAccounts/fileServices,File Storage,Storage,team:ML,596.06,INR,37.51,1 Hour
2026-02-24,sub-psiog-001,MAC-07,rg-mac-07-ml-prod,Microsoft.Network/virtualNetworks,Virtual Networks,Networking,team:ML,251.14,INR,98.83,1 Hour
2026-02-24,sub-psiog-001,MAC-07,rg-mac-07-ml-prod,Microsoft.Sql/servers/databases,SQL Database,Data Services,team:ML,736.69,INR,22.11,1 Hour
2026-02-24,sub-psiog-001,MAC-07,rg-mac-07-research-prod,Microsoft.Compute/virtualMachines,Virtual Machines,Compute,team:Research,783.28,INR,45.65,1 Hour
2026-02-24,sub-psiog-001,MAC-07,rg-mac-07-research-prod,Microsoft.Storage/storageAccounts/fileServices,File Storage,Storage,team:Research,531.21,INR,15.49,1 Hour
2026-02-24,sub-psiog-001,MAC-07,rg-mac-07-research-prod,Microsoft.Network/loadBalancers,Load Balancers,Networking,team:Research,187.89,INR,45.52,1 Hour
2026-02-24,sub-psiog-001,MAC-07,rg-mac-07-research-prod,Microsoft.Sql/servers/databases,SQL Database,Data Services,team:Research,809.02,INR,12.04,1 Hour
2026-02-24,sub-psiog-001,MAC-08,rg-mac-08-finance-prod,Microsoft.Compute/virtualMachines,Virtual Machines,Compute,team:Finance,364.39,INR,15.14,1 Hour
2026-02-24,sub-psiog-001,MAC-08,rg-mac-08-finance-prod,Microsoft.Storage/storageAccounts/fileServices,File Storage,Storage,team:Finance,219.44,INR,49.23,1 Hour
2026-02-24,sub-psiog-001,MAC-08,rg-mac-08-finance-prod,Microsoft.Network/virtualNetworks,Virtual Networks,Networking,team:Finance,108.18,INR,82.43,1 Hour
2026-02-24,sub-psiog-001,MAC-08,rg-mac-08-finance-prod,Microsoft.Sql/servers/databases,SQL Database,Data Services,team:Finance,550.08,INR,10.2,1 Hour
2026-02-24,sub-psiog-001,MAC-08,rg-mac-08-operations-prod,Microsoft.Compute/virtualMachines,Virtual Machines,Compute,team:Operations,426.22,INR,51.33,1 Hour
2026-02-24,sub-psiog-001,MAC-08,rg-mac-08-operations-prod,Microsoft.Storage/storageAccounts,Blob Storage,Storage,team:Operations,304.29,INR,54.61,1 Hour
2026-02-24,sub-psiog-001,MAC-08,rg-mac-08-operations-prod,Microsoft.Network/virtualNetworks,Virtual Networks,Networking,team:Operations,138.7,INR,41.99,1 Hour
2026-02-24,sub-psiog-001,MAC-08,rg-mac-08-operations-prod,Microsoft.DocumentDB/databaseAccounts,Cosmos DB,Data Services,team:Operations,410.06,INR,32.76,1 Hour
2026-02-25,sub-psiog-001,MAC-01,rg-mac-01-devops-prod,Microsoft.ContainerService/managedClusters,AKS Clusters,Compute,team:DevOps,1289.15,INR,95.9,1 Hour
2026-02-25,sub-psiog-001,MAC-01,rg-mac-01-devops-prod,Microsoft.Storage/storageAccounts,Blob Storage,Storage,team:DevOps,357.83,INR,54.44,1 Hour
2026-02-25,sub-psiog-001,MAC-01,rg-mac-01-devops-prod,Microsoft.Network/loadBalancers,Load Balancers,Networking,team:DevOps,247.5,INR,83.35,1 Hour
2026-02-25,sub-psiog-001,MAC-01,rg-mac-01-devops-prod,Microsoft.DocumentDB/databaseAccounts,Cosmos DB,Data Services,team:DevOps,424.27,INR,82.9,1 Hour
2026-02-25,sub-psiog-001,MAC-01,rg-mac-01-platform-prod,Microsoft.ContainerService/managedClusters,AKS Clusters,Compute,team:Platform,1217.5,INR,61.59,1 Hour
2026-02-25,sub-psiog-001,MAC-01,rg-mac-01-platform-prod,Microsoft.Storage/storageAccounts,Blob Storage,Storage,team:Platform,356.82,INR,1.52,1 Hour
2026-02-25,sub-psiog-001,MAC-01,rg-mac-01-platform-prod,Microsoft.Network/virtualNetworks,Virtual Networks,Networking,team:Platform,255.34,INR,20.77,1 Hour
2026-02-25,sub-psiog-001,MAC-01,rg-mac-01-platform-prod,Microsoft.Sql/servers/databases,SQL Database,Data Services,team:Platform,384.72,INR,68.39,1 Hour
2026-02-25,sub-psiog-001,MAC-02,rg-mac-02-dataengineering-prod,Microsoft.ContainerService/managedClusters,AKS Clusters,Compute,team:DataEngineering,1082.54,INR,71.29,1 Hour
2026-02-25,sub-psiog-001,MAC-02,rg-mac-02-dataengineering-prod,Microsoft.Storage/storageAccounts/fileServices,File Storage,Storage,team:DataEngineering,665.96,INR,74.52,1 Hour
2026-02-25,sub-psiog-001,MAC-02,rg-mac-02-dataengineering-prod,Microsoft.Network/virtualNetworks,Virtual Networks,Networking,team:DataEngineering,214.16,INR,32.76,1 Hour
2026-02-25,sub-psiog-001,MAC-02,rg-mac-02-dataengineering-prod,Microsoft.DocumentDB/databaseAccounts,Cosmos DB,Data Services,team:DataEngineering,946.65,INR,93.22,1 Hour
2026-02-25,sub-psiog-001,MAC-02,rg-mac-02-analytics-prod,Microsoft.Compute/virtualMachines,Virtual Machines,Compute,team:Analytics,1027.4,INR,39.1,1 Hour
2026-02-25,sub-psiog-001,MAC-02,rg-mac-02-analytics-prod,Microsoft.Storage/storageAccounts/fileServices,File Storage,Storage,team:Analytics,588.3,INR,96.58,1 Hour
2026-02-25,sub-psiog-001,MAC-02,rg-mac-02-analytics-prod,Microsoft.Network/loadBalancers,Load Balancers,Networking,team:Analytics,191.79,INR,28.94,1 Hour
2026-02-25,sub-psiog-001,MAC-02,rg-mac-02-analytics-prod,Microsoft.DocumentDB/databaseAccounts,Cosmos DB,Data Services,team:Analytics,1063.54,INR,84.22,1 Hour
2026-02-25,sub-psiog-001,MAC-03,rg-mac-03-product-prod,Microsoft.Compute/virtualMachines,Virtual Machines,Compute,team:Product,714.34,INR,99.55,1 Hour
2026-02-25,sub-psiog-001,MAC-03,rg-mac-03-product-prod,Microsoft.Storage/storageAccounts,Blob Storage,Storage,team:Product,197.35,INR,67.92,1 Hour
2026-02-25,sub-psiog-001,MAC-03,rg-mac-03-product-prod,Microsoft.Network/virtualNetworks,Virtual Networks,Networking,team:Product,125.02,INR,54.64,1 Hour
2026-02-25,sub-psiog-001,MAC-03,rg-mac-03-product-prod,Microsoft.Sql/servers/databases,SQL Database,Data Services,team:Product,379.08,INR,39.93,1 Hour
2026-02-25,sub-psiog-001,MAC-03,rg-mac-03-frontend-prod,Microsoft.Compute/virtualMachines,Virtual Machines,Compute,team:Frontend,494.73,INR,73.3,1 Hour
2026-02-25,sub-psiog-001,MAC-03,rg-mac-03-frontend-prod,Microsoft.Storage/storageAccounts/fileServices,File Storage,Storage,team:Frontend,191.01,INR,85.21,1 Hour
2026-02-25,sub-psiog-001,MAC-03,rg-mac-03-frontend-prod,Microsoft.Network/loadBalancers,Load Balancers,Networking,team:Frontend,123.65,INR,86.74,1 Hour
2026-02-25,sub-psiog-001,MAC-03,rg-mac-03-frontend-prod,Microsoft.DocumentDB/databaseAccounts,Cosmos DB,Data Services,team:Frontend,223.58,INR,35.15,1 Hour
2026-02-25,sub-psiog-001,MAC-04,rg-mac-04-backend-prod,Microsoft.ContainerService/managedClusters,AKS Clusters,Compute,team:Backend,1211.64,INR,24.23,1 Hour
2026-02-25,sub-psiog-001,MAC-04,rg-mac-04-backend-prod,Microsoft.Storage/storageAccounts,Blob Storage,Storage,team:Backend,420.33,INR,50.54,1 Hour
2026-02-25,sub-psiog-001,MAC-04,rg-mac-04-backend-prod,Microsoft.Network/virtualNetworks,Virtual Networks,Networking,team:Backend,253.12,INR,68.02,1 Hour
2026-02-25,sub-psiog-001,MAC-04,rg-mac-04-backend-prod,Microsoft.Sql/servers/databases,SQL Database,Data Services,team:Backend,495.7,INR,39.59,1 Hour
2026-02-25,sub-psiog-001,MAC-04,rg-mac-04-qa-prod,Microsoft.ContainerService/managedClusters,AKS Clusters,Compute,team:QA,462.1,INR,45.14,1 Hour
2026-02-25,sub-psiog-001,MAC-04,rg-mac-04-qa-prod,Microsoft.Storage/storageAccounts/fileServices,File Storage,Storage,team:QA,178.03,INR,75.37,1 Hour
2026-02-25,sub-psiog-001,MAC-04,rg-mac-04-qa-prod,Microsoft.Network/loadBalancers,Load Balancers,Networking,team:QA,91.14,INR,13.84,1 Hour
2026-02-25,sub-psiog-001,MAC-04,rg-mac-04-qa-prod,Microsoft.Sql/servers/databases,SQL Database,Data Services,team:QA,306.64,INR,46.27,1 Hour
2026-02-25,sub-psiog-001,MAC-05,rg-mac-05-security-prod,Microsoft.ContainerService/managedClusters,AKS Clusters,Compute,team:Security,811.3,INR,39.95,1 Hour
2026-02-25,sub-psiog-001,MAC-05,rg-mac-05-security-prod,Microsoft.Storage/storageAccounts,Blob Storage,Storage,team:Security,313.19,INR,76.15,1 Hour
2026-02-25,sub-psiog-001,MAC-05,rg-mac-05-security-prod,Microsoft.Network/virtualNetworks,Virtual Networks,Networking,team:Security,371.04,INR,47.49,1 Hour
2026-02-25,sub-psiog-001,MAC-05,rg-mac-05-security-prod,Microsoft.DocumentDB/databaseAccounts,Cosmos DB,Data Services,team:Security,443.22,INR,62.68,1 Hour
2026-02-25,sub-psiog-001,MAC-05,rg-mac-05-compliance-prod,Microsoft.Compute/virtualMachines,Virtual Machines,Compute,team:Compliance,405.61,INR,74.49,1 Hour
2026-02-25,sub-psiog-001,MAC-05,rg-mac-05-compliance-prod,Microsoft.Storage/storageAccounts/fileServices,File Storage,Storage,team:Compliance,216.65,INR,57.95,1 Hour
2026-02-25,sub-psiog-001,MAC-05,rg-mac-05-compliance-prod,Microsoft.Network/virtualNetworks,Virtual Networks,Networking,team:Compliance,153.67,INR,61.79,1 Hour
2026-02-25,sub-psiog-001,MAC-05,rg-mac-05-compliance-prod,Microsoft.DocumentDB/databaseAccounts,Cosmos DB,Data Services,team:Compliance,356.46,INR,56.8,1 Hour
2026-02-25,sub-psiog-001,MAC-06,rg-mac-06-infrastructure-prod,Microsoft.Compute/virtualMachines,Virtual Machines,Compute,team:Infrastructure,1520.11,INR,78.7,1 Hour
2026-02-25,sub-psiog-001,MAC-06,rg-mac-06-infrastructure-prod,Microsoft.Storage/storageAccounts,Blob Storage,Storage,team:Infrastructure,398.81,INR,8.31,1 Hour
2026-02-25,sub-psiog-001,MAC-06,rg-mac-06-infrastructure-prod,Microsoft.Network/virtualNetworks,Virtual Networks,Networking,team:Infrastructure,381.19,INR,32.18,1 Hour
2026-02-25,sub-psiog-001,MAC-06,rg-mac-06-infrastructure-prod,Microsoft.Sql/servers/databases,SQL Database,Data Services,team:Infrastructure,512.45,INR,19.73,1 Hour
2026-02-25,sub-psiog-001,MAC-06,rg-mac-06-cloudops-prod,Microsoft.ContainerService/managedClusters,AKS Clusters,Compute,team:CloudOps,1407.8,INR,83.28,1 Hour
2026-02-25,sub-psiog-001,MAC-06,rg-mac-06-cloudops-prod,Microsoft.Storage/storageAccounts,Blob Storage,Storage,team:CloudOps,472.43,INR,95.09,1 Hour
2026-02-25,sub-psiog-001,MAC-06,rg-mac-06-cloudops-prod,Microsoft.Network/loadBalancers,Load Balancers,Networking,team:CloudOps,337.89,INR,49.87,1 Hour
2026-02-25,sub-psiog-001,MAC-06,rg-mac-06-cloudops-prod,Microsoft.Sql/servers/databases,SQL Database,Data Services,team:CloudOps,476.78,INR,90.53,1 Hour
2026-02-25,sub-psiog-001,MAC-07,rg-mac-07-ml-prod,Microsoft.Compute/virtualMachines,Virtual Machines,Compute,team:ML,1570.12,INR,47.97,1 Hour
2026-02-25,sub-psiog-001,MAC-07,rg-mac-07-ml-prod,Microsoft.Storage/storageAccounts,Blob Storage,Storage,team:ML,590.92,INR,49.37,1 Hour
2026-02-25,sub-psiog-001,MAC-07,rg-mac-07-ml-prod,Microsoft.Network/virtualNetworks,Virtual Networks,Networking,team:ML,219.1,INR,56.97,1 Hour
2026-02-25,sub-psiog-001,MAC-07,rg-mac-07-ml-prod,Microsoft.DocumentDB/databaseAccounts,Cosmos DB,Data Services,team:ML,785.9,INR,51.15,1 Hour
2026-02-25,sub-psiog-001,MAC-07,rg-mac-07-research-prod,Microsoft.ContainerService/managedClusters,AKS Clusters,Compute,team:Research,980.41,INR,28.27,1 Hour
2026-02-25,sub-psiog-001,MAC-07,rg-mac-07-research-prod,Microsoft.Storage/storageAccounts,Blob Storage,Storage,team:Research,436.82,INR,72.11,1 Hour
2026-02-25,sub-psiog-001,MAC-07,rg-mac-07-research-prod,Microsoft.Network/virtualNetworks,Virtual Networks,Networking,team:Research,211.07,INR,75.13,1 Hour
2026-02-25,sub-psiog-001,MAC-07,rg-mac-07-research-prod,Microsoft.Sql/servers/databases,SQL Database,Data Services,team:Research,715.69,INR,72.57,1 Hour
2026-02-25,sub-psiog-001,MAC-08,rg-mac-08-finance-prod,Microsoft.Compute/virtualMachines,Virtual Machines,Compute,team:Finance,294.22,INR,51.55,1 Hour
2026-02-25,sub-psiog-001,MAC-08,rg-mac-08-finance-prod,Microsoft.Storage/storageAccounts,Blob Storage,Storage,team:Finance,209.41,INR,3.87,1 Hour
2026-02-25,sub-psiog-001,MAC-08,rg-mac-08-finance-prod,Microsoft.Network/virtualNetworks,Virtual Networks,Networking,team:Finance,113.69,INR,31.17,1 Hour
2026-02-25,sub-psiog-001,MAC-08,rg-mac-08-finance-prod,Microsoft.Sql/servers/databases,SQL Database,Data Services,team:Finance,519.92,INR,40.89,1 Hour
2026-02-25,sub-psiog-001,MAC-08,rg-mac-08-operations-prod,Microsoft.ContainerService/managedClusters,AKS Clusters,Compute,team:Operations,467.39,INR,49.26,1 Hour
2026-02-25,sub-psiog-001,MAC-08,rg-mac-08-operations-prod,Microsoft.Storage/storageAccounts/fileServices,File Storage,Storage,team:Operations,311.21,INR,14.77,1 Hour
2026-02-25,sub-psiog-001,MAC-08,rg-mac-08-operations-prod,Microsoft.Network/loadBalancers,Load Balancers,Networking,team:Operations,141.88,INR,12.15,1 Hour
2026-02-25,sub-psiog-001,MAC-08,rg-mac-08-operations-prod,Microsoft.Sql/servers/databases,SQL Database,Data Services,team:Operations,379.3,INR,91.14,1 Hour
2026-02-26,sub-psiog-001,MAC-01,rg-mac-01-devops-prod,Microsoft.ContainerService/managedClusters,AKS Clusters,Compute,team:DevOps,1469.98,INR,63.51,1 Hour
2026-02-26,sub-psiog-001,MAC-01,rg-mac-01-devops-prod,Microsoft.Storage/storageAccounts,Blob Storage,Storage,team:DevOps,335.43,INR,51.84,1 Hour
2026-02-26,sub-psiog-001,MAC-01,rg-mac-01-devops-prod,Microsoft.Network/loadBalancers,Load Balancers,Networking,team:DevOps,204.32,INR,94.2,1 Hour
2026-02-26,sub-psiog-001,MAC-01,rg-mac-01-devops-prod,Microsoft.Sql/servers/databases,SQL Database,Data Services,team:DevOps,392.94,INR,22.17,1 Hour
2026-02-26,sub-psiog-001,MAC-01,rg-mac-01-platform-prod,Microsoft.Compute/virtualMachines,Virtual Machines,Compute,team:Platform,1253.96,INR,47.08,1 Hour
2026-02-26,sub-psiog-001,MAC-01,rg-mac-01-platform-prod,Microsoft.Storage/storageAccounts/fileServices,File Storage,Storage,team:Platform,266.73,INR,71.49,1 Hour
2026-02-26,sub-psiog-001,MAC-01,rg-mac-01-platform-prod,Microsoft.Network/virtualNetworks,Virtual Networks,Networking,team:Platform,300.81,INR,74.8,1 Hour
2026-02-26,sub-psiog-001,MAC-01,rg-mac-01-platform-prod,Microsoft.Sql/servers/databases,SQL Database,Data Services,team:Platform,407.33,INR,5.72,1 Hour
2026-02-26,sub-psiog-001,MAC-02,rg-mac-02-dataengineering-prod,Microsoft.ContainerService/managedClusters,AKS Clusters,Compute,team:DataEngineering,1054.55,INR,40.95,1 Hour
2026-02-26,sub-psiog-001,MAC-02,rg-mac-02-dataengineering-prod,Microsoft.Storage/storageAccounts/fileServices,File Storage,Storage,team:DataEngineering,760.02,INR,59.87,1 Hour
2026-02-26,sub-psiog-001,MAC-02,rg-mac-02-dataengineering-prod,Microsoft.Network/virtualNetworks,Virtual Networks,Networking,team:DataEngineering,175.56,INR,95.12,1 Hour
2026-02-26,sub-psiog-001,MAC-02,rg-mac-02-dataengineering-prod,Microsoft.DocumentDB/databaseAccounts,Cosmos DB,Data Services,team:DataEngineering,999.37,INR,27.53,1 Hour
2026-02-26,sub-psiog-001,MAC-02,rg-mac-02-analytics-prod,Microsoft.Compute/virtualMachines,Virtual Machines,Compute,team:Analytics,872.14,INR,52.98,1 Hour
2026-02-26,sub-psiog-001,MAC-02,rg-mac-02-analytics-prod,Microsoft.Storage/storageAccounts,Blob Storage,Storage,team:Analytics,600.66,INR,73.32,1 Hour
2026-02-26,sub-psiog-001,MAC-02,rg-mac-02-analytics-prod,Microsoft.Network/loadBalancers,Load Balancers,Networking,team:Analytics,199.32,INR,70.19,1 Hour
2026-02-26,sub-psiog-001,MAC-02,rg-mac-02-analytics-prod,Microsoft.DocumentDB/databaseAccounts,Cosmos DB,Data Services,team:Analytics,918.25,INR,16.21,1 Hour
2026-02-26,sub-psiog-001,MAC-03,rg-mac-03-product-prod,Microsoft.Compute/virtualMachines,Virtual Machines,Compute,team:Product,651.89,INR,3.39,1 Hour
2026-02-26,sub-psiog-001,MAC-03,rg-mac-03-product-prod,Microsoft.Storage/storageAccounts,Blob Storage,Storage,team:Product,221.9,INR,10.64,1 Hour
2026-02-26,sub-psiog-001,MAC-03,rg-mac-03-product-prod,Microsoft.Network/virtualNetworks,Virtual Networks,Networking,team:Product,132.66,INR,54.92,1 Hour
2026-02-26,sub-psiog-001,MAC-03,rg-mac-03-product-prod,Microsoft.DocumentDB/databaseAccounts,Cosmos DB,Data Services,team:Product,304.73,INR,27.71,1 Hour
2026-02-26,sub-psiog-001,MAC-03,rg-mac-03-frontend-prod,Microsoft.Compute/virtualMachines,Virtual Machines,Compute,team:Frontend,531.98,INR,98.79,1 Hour
2026-02-26,sub-psiog-001,MAC-03,rg-mac-03-frontend-prod,Microsoft.Storage/storageAccounts/fileServices,File Storage,Storage,team:Frontend,157.86,INR,76.09,1 Hour
2026-02-26,sub-psiog-001,MAC-03,rg-mac-03-frontend-prod,Microsoft.Network/loadBalancers,Load Balancers,Networking,team:Frontend,113.81,INR,41.33,1 Hour
2026-02-26,sub-psiog-001,MAC-03,rg-mac-03-frontend-prod,Microsoft.Sql/servers/databases,SQL Database,Data Services,team:Frontend,200.09,INR,50.22,1 Hour
2026-02-26,sub-psiog-001,MAC-04,rg-mac-04-backend-prod,Microsoft.ContainerService/managedClusters,AKS Clusters,Compute,team:Backend,1013.43,INR,59.17,1 Hour
2026-02-26,sub-psiog-001,MAC-04,rg-mac-04-backend-prod,Microsoft.Storage/storageAccounts,Blob Storage,Storage,team:Backend,343.48,INR,20.23,1 Hour
2026-02-26,sub-psiog-001,MAC-04,rg-mac-04-backend-prod,Microsoft.Network/loadBalancers,Load Balancers,Networking,team:Backend,209.12,INR,54.22,1 Hour
2026-02-26,sub-psiog-001,MAC-04,rg-mac-04-backend-prod,Microsoft.DocumentDB/databaseAccounts,Cosmos DB,Data Services,team:Backend,523.57,INR,9.06,1 Hour
2026-02-26,sub-psiog-001,MAC-04,rg-mac-04-qa-prod,Microsoft.ContainerService/managedClusters,AKS Clusters,Compute,team:QA,478.84,INR,64.05,1 Hour
2026-02-26,sub-psiog-001,MAC-04,rg-mac-04-qa-prod,Microsoft.Storage/storageAccounts/fileServices,File Storage,Storage,team:QA,190.29,INR,97.61,1 Hour
2026-02-26,sub-psiog-001,MAC-04,rg-mac-04-qa-prod,Microsoft.Network/virtualNetworks,Virtual Networks,Networking,team:QA,104.35,INR,99.16,1 Hour
2026-02-26,sub-psiog-001,MAC-04,rg-mac-04-qa-prod,Microsoft.Sql/servers/databases,SQL Database,Data Services,team:QA,302.9,INR,94.38,1 Hour
2026-02-26,sub-psiog-001,MAC-05,rg-mac-05-security-prod,Microsoft.Compute/virtualMachines,Virtual Machines,Compute,team:Security,851.43,INR,70.62,1 Hour
2026-02-26,sub-psiog-001,MAC-05,rg-mac-05-security-prod,Microsoft.Storage/storageAccounts,Blob Storage,Storage,team:Security,239.89,INR,88.16,1 Hour
2026-02-26,sub-psiog-001,MAC-05,rg-mac-05-security-prod,Microsoft.Network/virtualNetworks,Virtual Networks,Networking,team:Security,304.96,INR,34.9,1 Hour
2026-02-26,sub-psiog-001,MAC-05,rg-mac-05-security-prod,Microsoft.Sql/servers/databases,SQL Database,Data Services,team:Security,443.97,INR,79.71,1 Hour
2026-02-26,sub-psiog-001,MAC-05,rg-mac-05-compliance-prod,Microsoft.ContainerService/managedClusters,AKS Clusters,Compute,team:Compliance,401.15,INR,15.46,1 Hour
2026-02-26,sub-psiog-001,MAC-05,rg-mac-05-compliance-prod,Microsoft.Storage/storageAccounts,Blob Storage,Storage,team:Compliance,210.49,INR,5.3,1 Hour
2026-02-26,sub-psiog-001,MAC-05,rg-mac-05-compliance-prod,Microsoft.Network/loadBalancers,Load Balancers,Networking,team:Compliance,164.67,INR,47.86,1 Hour
2026-02-26,sub-psiog-001,MAC-05,rg-mac-05-compliance-prod,Microsoft.DocumentDB/databaseAccounts,Cosmos DB,Data Services,team:Compliance,310.7,INR,35.16,1 Hour
2026-02-26,sub-psiog-001,MAC-06,rg-mac-06-infrastructure-prod,Microsoft.Compute/virtualMachines,Virtual Machines,Compute,team:Infrastructure,1413.87,INR,48.13,1 Hour
2026-02-26,sub-psiog-001,MAC-06,rg-mac-06-infrastructure-prod,Microsoft.Storage/storageAccounts,Blob Storage,Storage,team:Infrastructure,459.29,INR,80.28,1 Hour
2026-02-26,sub-psiog-001,MAC-06,rg-mac-06-infrastructure-prod,Microsoft.Network/loadBalancers,Load Balancers,Networking,team:Infrastructure,365.5,INR,81.9,1 Hour
2026-02-26,sub-psiog-001,MAC-06,rg-mac-06-infrastructure-prod,Microsoft.Sql/servers/databases,SQL Database,Data Services,team:Infrastructure,511.1,INR,86.08,1 Hour
2026-02-26,sub-psiog-001,MAC-06,rg-mac-06-cloudops-prod,Microsoft.ContainerService/managedClusters,AKS Clusters,Compute,team:CloudOps,1544.48,INR,3.59,1 Hour
2026-02-26,sub-psiog-001,MAC-06,rg-mac-06-cloudops-prod,Microsoft.Storage/storageAccounts,Blob Storage,Storage,team:CloudOps,443.46,INR,92.85,1 Hour
2026-02-26,sub-psiog-001,MAC-06,rg-mac-06-cloudops-prod,Microsoft.Network/virtualNetworks,Virtual Networks,Networking,team:CloudOps,373.75,INR,5.46,1 Hour
2026-02-26,sub-psiog-001,MAC-06,rg-mac-06-cloudops-prod,Microsoft.DocumentDB/databaseAccounts,Cosmos DB,Data Services,team:CloudOps,496.65,INR,30.87,1 Hour
2026-02-26,sub-psiog-001,MAC-07,rg-mac-07-ml-prod,Microsoft.ContainerService/managedClusters,AKS Clusters,Compute,team:ML,1944.76,INR,57.73,1 Hour
2026-02-26,sub-psiog-001,MAC-07,rg-mac-07-ml-prod,Microsoft.Storage/storageAccounts/fileServices,File Storage,Storage,team:ML,581.26,INR,81.06,1 Hour
2026-02-26,sub-psiog-001,MAC-07,rg-mac-07-ml-prod,Microsoft.Network/virtualNetworks,Virtual Networks,Networking,team:ML,214.02,INR,51.79,1 Hour
2026-02-26,sub-psiog-001,MAC-07,rg-mac-07-ml-prod,Microsoft.Sql/servers/databases,SQL Database,Data Services,team:ML,875.87,INR,35.93,1 Hour
2026-02-26,sub-psiog-001,MAC-07,rg-mac-07-research-prod,Microsoft.Compute/virtualMachines,Virtual Machines,Compute,team:Research,768.56,INR,97.2,1 Hour
2026-02-26,sub-psiog-001,MAC-07,rg-mac-07-research-prod,Microsoft.Storage/storageAccounts,Blob Storage,Storage,team:Research,484.23,INR,30.4,1 Hour
2026-02-26,sub-psiog-001,MAC-07,rg-mac-07-research-prod,Microsoft.Network/loadBalancers,Load Balancers,Networking,team:Research,173.02,INR,30.5,1 Hour
2026-02-26,sub-psiog-001,MAC-07,rg-mac-07-research-prod,Microsoft.Sql/servers/databases,SQL Database,Data Services,team:Research,715.99,INR,33.49,1 Hour
2026-02-26,sub-psiog-001,MAC-08,rg-mac-08-finance-prod,Microsoft.Compute/virtualMachines,Virtual Machines,Compute,team:Finance,364.75,INR,45.88,1 Hour
2026-02-26,sub-psiog-001,MAC-08,rg-mac-08-finance-prod,Microsoft.Storage/storageAccounts,Blob Storage,Storage,team:Finance,204.69,INR,36.07,1 Hour
2026-02-26,sub-psiog-001,MAC-08,rg-mac-08-finance-prod,Microsoft.Network/virtualNetworks,Virtual Networks,Networking,team:Finance,124.83,INR,21.47,1 Hour
2026-02-26,sub-psiog-001,MAC-08,rg-mac-08-finance-prod,Microsoft.Sql/servers/databases,SQL Database,Data Services,team:Finance,448.77,INR,7.07,1 Hour
2026-02-26,sub-psiog-001,MAC-08,rg-mac-08-operations-prod,Microsoft.ContainerService/managedClusters,AKS Clusters,Compute,team:Operations,536.11,INR,9.74,1 Hour
2026-02-26,sub-psiog-001,MAC-08,rg-mac-08-operations-prod,Microsoft.Storage/storageAccounts/fileServices,File Storage,Storage,team:Operations,370.32,INR,64.68,1 Hour
2026-02-26,sub-psiog-001,MAC-08,rg-mac-08-operations-prod,Microsoft.Network/virtualNetworks,Virtual Networks,Networking,team:Operations,152.62,INR,3.93,1 Hour
2026-02-26,sub-psiog-001,MAC-08,rg-mac-08-operations-prod,Microsoft.Sql/servers/databases,SQL Database,Data Services,team:Operations,373.11,INR,69.44,1 Hour
2026-02-27,sub-psiog-001,MAC-01,rg-mac-01-devops-prod,Microsoft.ContainerService/managedClusters,AKS Clusters,Compute,team:DevOps,1283.32,INR,77.75,1 Hour
2026-02-27,sub-psiog-001,MAC-01,rg-mac-01-devops-prod,Microsoft.Storage/storageAccounts/fileServices,File Storage,Storage,team:DevOps,296.96,INR,57.06,1 Hour
2026-02-27,sub-psiog-001,MAC-01,rg-mac-01-devops-prod,Microsoft.Network/virtualNetworks,Virtual Networks,Networking,team:DevOps,248.36,INR,15.85,1 Hour
2026-02-27,sub-psiog-001,MAC-01,rg-mac-01-devops-prod,Microsoft.DocumentDB/databaseAccounts,Cosmos DB,Data Services,team:DevOps,495.03,INR,31.05,1 Hour
2026-02-27,sub-psiog-001,MAC-01,rg-mac-01-platform-prod,Microsoft.Compute/virtualMachines,Virtual Machines,Compute,team:Platform,1115.8,INR,96.01,1 Hour
2026-02-27,sub-psiog-001,MAC-01,rg-mac-01-platform-prod,Microsoft.Storage/storageAccounts/fileServices,File Storage,Storage,team:Platform,355.75,INR,69.89,1 Hour
2026-02-27,sub-psiog-001,MAC-01,rg-mac-01-platform-prod,Microsoft.Network/virtualNetworks,Virtual Networks,Networking,team:Platform,260.08,INR,82.55,1 Hour
2026-02-27,sub-psiog-001,MAC-01,rg-mac-01-platform-prod,Microsoft.Sql/servers/databases,SQL Database,Data Services,team:Platform,369.82,INR,14.57,1 Hour
2026-02-27,sub-psiog-001,MAC-02,rg-mac-02-dataengineering-prod,Microsoft.Compute/virtualMachines,Virtual Machines,Compute,team:DataEngineering,892.05,INR,83.91,1 Hour
2026-02-27,sub-psiog-001,MAC-02,rg-mac-02-dataengineering-prod,Microsoft.Storage/storageAccounts/fileServices,File Storage,Storage,team:DataEngineering,731.52,INR,90.17,1 Hour
2026-02-27,sub-psiog-001,MAC-02,rg-mac-02-dataengineering-prod,Microsoft.Network/loadBalancers,Load Balancers,Networking,team:DataEngineering,214.2,INR,90.44,1 Hour
2026-02-27,sub-psiog-001,MAC-02,rg-mac-02-dataengineering-prod,Microsoft.Sql/servers/databases,SQL Database,Data Services,team:DataEngineering,1126.07,INR,26.57,1 Hour
2026-02-27,sub-psiog-001,MAC-02,rg-mac-02-analytics-prod,Microsoft.Compute/virtualMachines,Virtual Machines,Compute,team:Analytics,1074.62,INR,96.53,1 Hour
2026-02-27,sub-psiog-001,MAC-02,rg-mac-02-analytics-prod,Microsoft.Storage/storageAccounts,Blob Storage,Storage,team:Analytics,623.55,INR,90.95,1 Hour
2026-02-27,sub-psiog-001,MAC-02,rg-mac-02-analytics-prod,Microsoft.Network/loadBalancers,Load Balancers,Networking,team:Analytics,166.97,INR,74.53,1 Hour
2026-02-27,sub-psiog-001,MAC-02,rg-mac-02-analytics-prod,Microsoft.Sql/servers/databases,SQL Database,Data Services,team:Analytics,822.76,INR,95.98,1 Hour
2026-02-27,sub-psiog-001,MAC-03,rg-mac-03-product-prod,Microsoft.Compute/virtualMachines,Virtual Machines,Compute,team:Product,630.45,INR,77.53,1 Hour
2026-02-27,sub-psiog-001,MAC-03,rg-mac-03-product-prod,Microsoft.Storage/storageAccounts/fileServices,File Storage,Storage,team:Product,215.82,INR,9.79,1 Hour
2026-02-27,sub-psiog-001,MAC-03,rg-mac-03-product-prod,Microsoft.Network/loadBalancers,Load Balancers,Networking,team:Product,135.5,INR,85.95,1 Hour
2026-02-27,sub-psiog-001,MAC-03,rg-mac-03-product-prod,Microsoft.Sql/servers/databases,SQL Database,Data Services,team:Product,338.29,INR,11.48,1 Hour
2026-02-27,sub-psiog-001,MAC-03,rg-mac-03-frontend-prod,Microsoft.Compute/virtualMachines,Virtual Machines,Compute,team:Frontend,574.52,INR,29.49,1 Hour
2026-02-27,sub-psiog-001,MAC-03,rg-mac-03-frontend-prod,Microsoft.Storage/storageAccounts/fileServices,File Storage,Storage,team:Frontend,148.31,INR,45.38,1 Hour
2026-02-27,sub-psiog-001,MAC-03,rg-mac-03-frontend-prod,Microsoft.Network/loadBalancers,Load Balancers,Networking,team:Frontend,100.71,INR,10.47,1 Hour
2026-02-27,sub-psiog-001,MAC-03,rg-mac-03-frontend-prod,Microsoft.DocumentDB/databaseAccounts,Cosmos DB,Data Services,team:Frontend,238.52,INR,41.92,1 Hour
2026-02-27,sub-psiog-001,MAC-04,rg-mac-04-backend-prod,Microsoft.Compute/virtualMachines,Virtual Machines,Compute,team:Backend,988.86,INR,51.59,1 Hour
2026-02-27,sub-psiog-001,MAC-04,rg-mac-04-backend-prod,Microsoft.Storage/storageAccounts,Blob Storage,Storage,team:Backend,337.48,INR,72.58,1 Hour
2026-02-27,sub-psiog-001,MAC-04,rg-mac-04-backend-prod,Microsoft.Network/virtualNetworks,Virtual Networks,Networking,team:Backend,272.96,INR,41.3,1 Hour
2026-02-27,sub-psiog-001,MAC-04,rg-mac-04-backend-prod,Microsoft.DocumentDB/databaseAccounts,Cosmos DB,Data Services,team:Backend,628.19,INR,29.92,1 Hour
2026-02-27,sub-psiog-001,MAC-04,rg-mac-04-qa-prod,Microsoft.ContainerService/managedClusters,AKS Clusters,Compute,team:QA,474.23,INR,3.92,1 Hour
2026-02-27,sub-psiog-001,MAC-04,rg-mac-04-qa-prod,Microsoft.Storage/storageAccounts,Blob Storage,Storage,team:QA,201.49,INR,90.25,1 Hour
2026-02-27,sub-psiog-001,MAC-04,rg-mac-04-qa-prod,Microsoft.Network/virtualNetworks,Virtual Networks,Networking,team:QA,113.55,INR,48.76,1 Hour
2026-02-27,sub-psiog-001,MAC-04,rg-mac-04-qa-prod,Microsoft.Sql/servers/databases,SQL Database,Data Services,team:QA,258.11,INR,13.32,1 Hour
2026-02-27,sub-psiog-001,MAC-05,rg-mac-05-security-prod,Microsoft.ContainerService/managedClusters,AKS Clusters,Compute,team:Security,895.78,INR,73.28,1 Hour
2026-02-27,sub-psiog-001,MAC-05,rg-mac-05-security-prod,Microsoft.Storage/storageAccounts/fileServices,File Storage,Storage,team:Security,277.36,INR,28.65,1 Hour
2026-02-27,sub-psiog-001,MAC-05,rg-mac-05-security-prod,Microsoft.Network/loadBalancers,Load Balancers,Networking,team:Security,381.93,INR,32.72,1 Hour
2026-02-27,sub-psiog-001,MAC-05,rg-mac-05-security-prod,Microsoft.DocumentDB/databaseAccounts,Cosmos DB,Data Services,team:Security,429.27,INR,38.49,1 Hour
2026-02-27,sub-psiog-001,MAC-05,rg-mac-05-compliance-prod,Microsoft.ContainerService/managedClusters,AKS Clusters,Compute,team:Compliance,424.1,INR,9.35,1 Hour
2026-02-27,sub-psiog-001,MAC-05,rg-mac-05-compliance-prod,Microsoft.Storage/storageAccounts/fileServices,File Storage,Storage,team:Compliance,251.89,INR,59.96,1 Hour
2026-02-27,sub-psiog-001,MAC-05,rg-mac-05-compliance-prod,Microsoft.Network/virtualNetworks,Virtual Networks,Networking,team:Compliance,175.41,INR,12.48,1 Hour
2026-02-27,sub-psiog-001,MAC-05,rg-mac-05-compliance-prod,Microsoft.Sql/servers/databases,SQL Database,Data Services,team:Compliance,380.77,INR,5.73,1 Hour
2026-02-27,sub-psiog-001,MAC-06,rg-mac-06-infrastructure-prod,Microsoft.Compute/virtualMachines,Virtual Machines,Compute,team:Infrastructure,1405.82,INR,25.87,1 Hour
2026-02-27,sub-psiog-001,MAC-06,rg-mac-06-infrastructure-prod,Microsoft.Storage/storageAccounts,Blob Storage,Storage,team:Infrastructure,446.97,INR,8.53,1 Hour
2026-02-27,sub-psiog-001,MAC-06,rg-mac-06-infrastructure-prod,Microsoft.Network/loadBalancers,Load Balancers,Networking,team:Infrastructure,358.28,INR,64.51,1 Hour
2026-02-27,sub-psiog-001,MAC-06,rg-mac-06-infrastructure-prod,Microsoft.DocumentDB/databaseAccounts,Cosmos DB,Data Services,team:Infrastructure,444.49,INR,13.31,1 Hour
2026-02-27,sub-psiog-001,MAC-06,rg-mac-06-cloudops-prod,Microsoft.ContainerService/managedClusters,AKS Clusters,Compute,team:CloudOps,1555.05,INR,41.8,1 Hour
2026-02-27,sub-psiog-001,MAC-06,rg-mac-06-cloudops-prod,Microsoft.Storage/storageAccounts/fileServices,File Storage,Storage,team:CloudOps,381.3,INR,45.56,1 Hour
2026-02-27,sub-psiog-001,MAC-06,rg-mac-06-cloudops-prod,Microsoft.Network/loadBalancers,Load Balancers,Networking,team:CloudOps,370.84,INR,58.55,1 Hour
2026-02-27,sub-psiog-001,MAC-06,rg-mac-06-cloudops-prod,Microsoft.DocumentDB/databaseAccounts,Cosmos DB,Data Services,team:CloudOps,434.51,INR,13.63,1 Hour
2026-02-27,sub-psiog-001,MAC-07,rg-mac-07-ml-prod,Microsoft.ContainerService/managedClusters,AKS Clusters,Compute,team:ML,1735.63,INR,89.78,1 Hour
2026-02-27,sub-psiog-001,MAC-07,rg-mac-07-ml-prod,Microsoft.Storage/storageAccounts,Blob Storage,Storage,team:ML,496.59,INR,71.58,1 Hour
2026-02-27,sub-psiog-001,MAC-07,rg-mac-07-ml-prod,Microsoft.Network/loadBalancers,Load Balancers,Networking,team:ML,223.32,INR,38.71,1 Hour
2026-02-27,sub-psiog-001,MAC-07,rg-mac-07-ml-prod,Microsoft.DocumentDB/databaseAccounts,Cosmos DB,Data Services,team:ML,853.01,INR,54.71,1 Hour
2026-02-27,sub-psiog-001,MAC-07,rg-mac-07-research-prod,Microsoft.ContainerService/managedClusters,AKS Clusters,Compute,team:Research,996.86,INR,47.1,1 Hour
2026-02-27,sub-psiog-001,MAC-07,rg-mac-07-research-prod,Microsoft.Storage/storageAccounts,Blob Storage,Storage,team:Research,475.45,INR,30.14,1 Hour
2026-02-27,sub-psiog-001,MAC-07,rg-mac-07-research-prod,Microsoft.Network/virtualNetworks,Virtual Networks,Networking,team:Research,210.04,INR,29.2,1 Hour
2026-02-27,sub-psiog-001,MAC-07,rg-mac-07-research-prod,Microsoft.Sql/servers/databases,SQL Database,Data Services,team:Research,734.84,INR,16.57,1 Hour
2026-02-27,sub-psiog-001,MAC-08,rg-mac-08-finance-prod,Microsoft.Compute/virtualMachines,Virtual Machines,Compute,team:Finance,306.82,INR,78.25,1 Hour
2026-02-27,sub-psiog-001,MAC-08,rg-mac-08-finance-prod,Microsoft.Storage/storageAccounts/fileServices,File Storage,Storage,team:Finance,191.85,INR,12.05,1 Hour
2026-02-27,sub-psiog-001,MAC-08,rg-mac-08-finance-prod,Microsoft.Network/virtualNetworks,Virtual Networks,Networking,team:Finance,120.31,INR,67.47,1 Hour
2026-02-27,sub-psiog-001,MAC-08,rg-mac-08-finance-prod,Microsoft.Sql/servers/databases,SQL Database,Data Services,team:Finance,447.03,INR,36.55,1 Hour
2026-02-27,sub-psiog-001,MAC-08,rg-mac-08-operations-prod,Microsoft.ContainerService/managedClusters,AKS Clusters,Compute,team:Operations,511.47,INR,18.72,1 Hour
2026-02-27,sub-psiog-001,MAC-08,rg-mac-08-operations-prod,Microsoft.Storage/storageAccounts/fileServices,File Storage,Storage,team:Operations,353.58,INR,34.76,1 Hour
2026-02-27,sub-psiog-001,MAC-08,rg-mac-08-operations-prod,Microsoft.Network/virtualNetworks,Virtual Networks,Networking,team:Operations,142.14,INR,59.3,1 Hour
2026-02-27,sub-psiog-001,MAC-08,rg-mac-08-operations-prod,Microsoft.DocumentDB/databaseAccounts,Cosmos DB,Data Services,team:Operations,420.01,INR,63.56,1 Hour
2026-02-28,sub-psiog-001,MAC-01,rg-mac-01-devops-prod,Microsoft.ContainerService/managedClusters,AKS Clusters,Compute,team:DevOps,1364.65,INR,38.26,1 Hour
2026-02-28,sub-psiog-001,MAC-01,rg-mac-01-devops-prod,Microsoft.Storage/storageAccounts,Blob Storage,Storage,team:DevOps,314.16,INR,39.9,1 Hour
2026-02-28,sub-psiog-001,MAC-01,rg-mac-01-devops-prod,Microsoft.Network/loadBalancers,Load Balancers,Networking,team:DevOps,245.94,INR,15.01,1 Hour
2026-02-28,sub-psiog-001,MAC-01,rg-mac-01-devops-prod,Microsoft.DocumentDB/databaseAccounts,Cosmos DB,Data Services,team:DevOps,462.9,INR,60.73,1 Hour
2026-02-28,sub-psiog-001,MAC-01,rg-mac-01-platform-prod,Microsoft.Compute/virtualMachines,Virtual Machines,Compute,team:Platform,1338.35,INR,56.51,1 Hour
2026-02-28,sub-psiog-001,MAC-01,rg-mac-01-platform-prod,Microsoft.Storage/storageAccounts/fileServices,File Storage,Storage,team:Platform,294.99,INR,9.34,1 Hour
2026-02-28,sub-psiog-001,MAC-01,rg-mac-01-platform-prod,Microsoft.Network/virtualNetworks,Virtual Networks,Networking,team:Platform,240.3,INR,1.74,1 Hour
2026-02-28,sub-psiog-001,MAC-01,rg-mac-01-platform-prod,Microsoft.DocumentDB/databaseAccounts,Cosmos DB,Data Services,team:Platform,479.94,INR,68.76,1 Hour
2026-02-28,sub-psiog-001,MAC-02,rg-mac-02-dataengineering-prod,Microsoft.Compute/virtualMachines,Virtual Machines,Compute,team:DataEngineering,1103.26,INR,17.12,1 Hour
2026-02-28,sub-psiog-001,MAC-02,rg-mac-02-dataengineering-prod,Microsoft.Storage/storageAccounts/fileServices,File Storage,Storage,team:DataEngineering,743.76,INR,84.7,1 Hour
2026-02-28,sub-psiog-001,MAC-02,rg-mac-02-dataengineering-prod,Microsoft.Network/virtualNetworks,Virtual Networks,Networking,team:DataEngineering,229.66,INR,48.96,1 Hour
2026-02-28,sub-psiog-001,MAC-02,rg-mac-02-dataengineering-prod,Microsoft.Sql/servers/databases,SQL Database,Data Services,team:DataEngineering,1125.9,INR,13.65,1 Hour
2026-02-28,sub-psiog-001,MAC-02,rg-mac-02-analytics-prod,Microsoft.ContainerService/managedClusters,AKS Clusters,Compute,team:Analytics,812.58,INR,13.68,1 Hour
2026-02-28,sub-psiog-001,MAC-02,rg-mac-02-analytics-prod,Microsoft.Storage/storageAccounts,Blob Storage,Storage,team:Analytics,662.05,INR,17.69,1 Hour
2026-02-28,sub-psiog-001,MAC-02,rg-mac-02-analytics-prod,Microsoft.Network/virtualNetworks,Virtual Networks,Networking,team:Analytics,168.8,INR,60.38,1 Hour
2026-02-28,sub-psiog-001,MAC-02,rg-mac-02-analytics-prod,Microsoft.Sql/servers/databases,SQL Database,Data Services,team:Analytics,928.08,INR,66.8,1 Hour
2026-02-28,sub-psiog-001,MAC-03,rg-mac-03-product-prod,Microsoft.ContainerService/managedClusters,AKS Clusters,Compute,team:Product,691.79,INR,67.53,1 Hour
2026-02-28,sub-psiog-001,MAC-03,rg-mac-03-product-prod,Microsoft.Storage/storageAccounts,Blob Storage,Storage,team:Product,236.36,INR,5.92,1 Hour
2026-02-28,sub-psiog-001,MAC-03,rg-mac-03-product-prod,Microsoft.Network/virtualNetworks,Virtual Networks,Networking,team:Product,153.58,INR,17.99,1 Hour
2026-02-28,sub-psiog-001,MAC-03,rg-mac-03-product-prod,Microsoft.Sql/servers/databases,SQL Database,Data Services,team:Product,349.58,INR,17.92,1 Hour
2026-02-28,sub-psiog-001,MAC-03,rg-mac-03-frontend-prod,Microsoft.Compute/virtualMachines,Virtual Machines,Compute,team:Frontend,610.83,INR,8.65,1 Hour
2026-02-28,sub-psiog-001,MAC-03,rg-mac-03-frontend-prod,Microsoft.Storage/storageAccounts/fileServices,File Storage,Storage,team:Frontend,178.16,INR,21.92,1 Hour
2026-02-28,sub-psiog-001,MAC-03,rg-mac-03-frontend-prod,Microsoft.Network/virtualNetworks,Virtual Networks,Networking,team:Frontend,124.75,INR,73.97,1 Hour
2026-02-28,sub-psiog-001,MAC-03,rg-mac-03-frontend-prod,Microsoft.Sql/servers/databases,SQL Database,Data Services,team:Frontend,197.59,INR,59.44,1 Hour
2026-02-28,sub-psiog-001,MAC-04,rg-mac-04-backend-prod,Microsoft.Compute/virtualMachines,Virtual Machines,Compute,team:Backend,1110.29,INR,19.05,1 Hour
2026-02-28,sub-psiog-001,MAC-04,rg-mac-04-backend-prod,Microsoft.Storage/storageAccounts/fileServices,File Storage,Storage,team:Backend,359.93,INR,1.35,1 Hour
2026-02-28,sub-psiog-001,MAC-04,rg-mac-04-backend-prod,Microsoft.Network/virtualNetworks,Virtual Networks,Networking,team:Backend,256.13,INR,50.97,1 Hour
2026-02-28,sub-psiog-001,MAC-04,rg-mac-04-backend-prod,Microsoft.DocumentDB/databaseAccounts,Cosmos DB,Data Services,team:Backend,612.06,INR,46.17,1 Hour
2026-02-28,sub-psiog-001,MAC-04,rg-mac-04-qa-prod,Microsoft.Compute/virtualMachines,Virtual Machines,Compute,team:QA,386.29,INR,50.08,1 Hour
2026-02-28,sub-psiog-001,MAC-04,rg-mac-04-qa-prod,Microsoft.Storage/storageAccounts,Blob Storage,Storage,team:QA,203.66,INR,42.81,1 Hour
2026-02-28,sub-psiog-001,MAC-04,rg-mac-04-qa-prod,Microsoft.Network/loadBalancers,Load Balancers,Networking,team:QA,115.28,INR,20.55,1 Hour
2026-02-28,sub-psiog-001,MAC-04,rg-mac-04-qa-prod,Microsoft.Sql/servers/databases,SQL Database,Data Services,team:QA,315.41,INR,20.92,1 Hour
2026-02-28,sub-psiog-001,MAC-05,rg-mac-05-security-prod,Microsoft.ContainerService/managedClusters,AKS Clusters,Compute,team:Security,734.26,INR,56.07,1 Hour
2026-02-28,sub-psiog-001,MAC-05,rg-mac-05-security-prod,Microsoft.Storage/storageAccounts/fileServices,File Storage,Storage,team:Security,245.27,INR,73.85,1 Hour
2026-02-28,sub-psiog-001,MAC-05,rg-mac-05-security-prod,Microsoft.Network/loadBalancers,Load Balancers,Networking,team:Security,344.58,INR,20.82,1 Hour
2026-02-28,sub-psiog-001,MAC-05,rg-mac-05-security-prod,Microsoft.DocumentDB/databaseAccounts,Cosmos DB,Data Services,team:Security,418.33,INR,2.07,1 Hour
2026-02-28,sub-psiog-001,MAC-05,rg-mac-05-compliance-prod,Microsoft.ContainerService/managedClusters,AKS Clusters,Compute,team:Compliance,417.56,INR,45.72,1 Hour
2026-02-28,sub-psiog-001,MAC-05,rg-mac-05-compliance-prod,Microsoft.Storage/storageAccounts,Blob Storage,Storage,team:Compliance,255.2,INR,75.48,1 Hour
2026-02-28,sub-psiog-001,MAC-05,rg-mac-05-compliance-prod,Microsoft.Network/virtualNetworks,Virtual Networks,Networking,team:Compliance,153.51,INR,50.95,1 Hour
2026-02-28,sub-psiog-001,MAC-05,rg-mac-05-compliance-prod,Microsoft.Sql/servers/databases,SQL Database,Data Services,team:Compliance,287.43,INR,84.19,1 Hour
2026-02-28,sub-psiog-001,MAC-06,rg-mac-06-infrastructure-prod,Microsoft.ContainerService/managedClusters,AKS Clusters,Compute,team:Infrastructure,1767.35,INR,59.75,1 Hour
2026-02-28,sub-psiog-001,MAC-06,rg-mac-06-infrastructure-prod,Microsoft.Storage/storageAccounts,Blob Storage,Storage,team:Infrastructure,394.78,INR,68.24,1 Hour
2026-02-28,sub-psiog-001,MAC-06,rg-mac-06-infrastructure-prod,Microsoft.Network/loadBalancers,Load Balancers,Networking,team:Infrastructure,411.22,INR,94.65,1 Hour
2026-02-28,sub-psiog-001,MAC-06,rg-mac-06-infrastructure-prod,Microsoft.Sql/servers/databases,SQL Database,Data Services,team:Infrastructure,453.97,INR,12.02,1 Hour
2026-02-28,sub-psiog-001,MAC-06,rg-mac-06-cloudops-prod,Microsoft.ContainerService/managedClusters,AKS Clusters,Compute,team:CloudOps,1437.47,INR,11.48,1 Hour
2026-02-28,sub-psiog-001,MAC-06,rg-mac-06-cloudops-prod,Microsoft.Storage/storageAccounts,Blob Storage,Storage,team:CloudOps,399.66,INR,28.62,1 Hour
2026-02-28,sub-psiog-001,MAC-06,rg-mac-06-cloudops-prod,Microsoft.Network/loadBalancers,Load Balancers,Networking,team:CloudOps,312.78,INR,11.39,1 Hour
2026-02-28,sub-psiog-001,MAC-06,rg-mac-06-cloudops-prod,Microsoft.DocumentDB/databaseAccounts,Cosmos DB,Data Services,team:CloudOps,491.04,INR,68.37,1 Hour
2026-02-28,sub-psiog-001,MAC-07,rg-mac-07-ml-prod,Microsoft.ContainerService/managedClusters,AKS Clusters,Compute,team:ML,1669.2,INR,79.91,1 Hour
2026-02-28,sub-psiog-001,MAC-07,rg-mac-07-ml-prod,Microsoft.Storage/storageAccounts/fileServices,File Storage,Storage,team:ML,599.55,INR,57.84,1 Hour
2026-02-28,sub-psiog-001,MAC-07,rg-mac-07-ml-prod,Microsoft.Network/virtualNetworks,Virtual Networks,Networking,team:ML,247.03,INR,29.37,1 Hour
2026-02-28,sub-psiog-001,MAC-07,rg-mac-07-ml-prod,Microsoft.Sql/servers/databases,SQL Database,Data Services,team:ML,712.86,INR,41.86,1 Hour
2026-02-28,sub-psiog-001,MAC-07,rg-mac-07-research-prod,Microsoft.Compute/virtualMachines,Virtual Machines,Compute,team:Research,1026.01,INR,13.14,1 Hour
2026-02-28,sub-psiog-001,MAC-07,rg-mac-07-research-prod,Microsoft.Storage/storageAccounts/fileServices,File Storage,Storage,team:Research,499.49,INR,72.26,1 Hour
2026-02-28,sub-psiog-001,MAC-07,rg-mac-07-research-prod,Microsoft.Network/virtualNetworks,Virtual Networks,Networking,team:Research,218.99,INR,68.71,1 Hour
2026-02-28,sub-psiog-001,MAC-07,rg-mac-07-research-prod,Microsoft.DocumentDB/databaseAccounts,Cosmos DB,Data Services,team:Research,658.28,INR,74.05,1 Hour
2026-02-28,sub-psiog-001,MAC-08,rg-mac-08-finance-prod,Microsoft.Compute/virtualMachines,Virtual Machines,Compute,team:Finance,343.39,INR,31.75,1 Hour
2026-02-28,sub-psiog-001,MAC-08,rg-mac-08-finance-prod,Microsoft.Storage/storageAccounts,Blob Storage,Storage,team:Finance,246.86,INR,19.47,1 Hour
2026-02-28,sub-psiog-001,MAC-08,rg-mac-08-finance-prod,Microsoft.Network/loadBalancers,Load Balancers,Networking,team:Finance,98.69,INR,39.08,1 Hour
2026-02-28,sub-psiog-001,MAC-08,rg-mac-08-finance-prod,Microsoft.Sql/servers/databases,SQL Database,Data Services,team:Finance,455.08,INR,84.15,1 Hour
2026-02-28,sub-psiog-001,MAC-08,rg-mac-08-operations-prod,Microsoft.Compute/virtualMachines,Virtual Machines,Compute,team:Operations,544.72,INR,85.94,1 Hour
2026-02-28,sub-psiog-001,MAC-08,rg-mac-08-operations-prod,Microsoft.Storage/storageAccounts/fileServices,File Storage,Storage,team:Operations,346.6,INR,45.73,1 Hour
2026-02-28,sub-psiog-001,MAC-08,rg-mac-08-operations-prod,Microsoft.Network/loadBalancers,Load Balancers,Networking,team:Operations,125.49,INR,22.15,1 Hour
2026-02-28,sub-psiog-001,MAC-08,rg-mac-08-operations-prod,Microsoft.DocumentDB/databaseAccounts,Cosmos DB,Data Services,team:Operations,465.83,INR,49.89,1 Hour
2026-03-01,sub-psiog-001,MAC-01,rg-mac-01-devops-prod,Microsoft.ContainerService/managedClusters,AKS Clusters,Compute,team:DevOps,1470.4,INR,70.17,1 Hour
2026-03-01,sub-psiog-001,MAC-01,rg-mac-01-devops-prod,Microsoft.Storage/storageAccounts/fileServices,File Storage,Storage,team:DevOps,338.54,INR,77.32,1 Hour
2026-03-01,sub-psiog-001,MAC-01,rg-mac-01-devops-prod,Microsoft.Network/virtualNetworks,Virtual Networks,Networking,team:DevOps,244.05,INR,18.68,1 Hour
2026-03-01,sub-psiog-001,MAC-01,rg-mac-01-devops-prod,Microsoft.DocumentDB/databaseAccounts,Cosmos DB,Data Services,team:DevOps,392.59,INR,57.57,1 Hour
2026-03-01,sub-psiog-001,MAC-01,rg-mac-01-platform-prod,Microsoft.Compute/virtualMachines,Virtual Machines,Compute,team:Platform,1236.74,INR,5.98,1 Hour
2026-03-01,sub-psiog-001,MAC-01,rg-mac-01-platform-prod,Microsoft.Storage/storageAccounts,Blob Storage,Storage,team:Platform,321.14,INR,6.27,1 Hour
2026-03-01,sub-psiog-001,MAC-01,rg-mac-01-platform-prod,Microsoft.Network/loadBalancers,Load Balancers,Networking,team:Platform,271.47,INR,19.52,1 Hour
2026-03-01,sub-psiog-001,MAC-01,rg-mac-01-platform-prod,Microsoft.DocumentDB/databaseAccounts,Cosmos DB,Data Services,team:Platform,444.29,INR,38.03,1 Hour
2026-03-01,sub-psiog-001,MAC-02,rg-mac-02-dataengineering-prod,Microsoft.Compute/virtualMachines,Virtual Machines,Compute,team:DataEngineering,908.13,INR,20.22,1 Hour
2026-03-01,sub-psiog-001,MAC-02,rg-mac-02-dataengineering-prod,Microsoft.Storage/storageAccounts,Blob Storage,Storage,team:DataEngineering,749.98,INR,27.58,1 Hour
2026-03-01,sub-psiog-001,MAC-02,rg-mac-02-dataengineering-prod,Microsoft.Network/virtualNetworks,Virtual Networks,Networking,team:DataEngineering,172.77,INR,51.8,1 Hour
2026-03-01,sub-psiog-001,MAC-02,rg-mac-02-dataengineering-prod,Microsoft.DocumentDB/databaseAccounts,Cosmos DB,Data Services,team:DataEngineering,943.5,INR,16.62,1 Hour
2026-03-01,sub-psiog-001,MAC-02,rg-mac-02-analytics-prod,Microsoft.Compute/virtualMachines,Virtual Machines,Compute,team:Analytics,1075.86,INR,63.59,1 Hour
2026-03-01,sub-psiog-001,MAC-02,rg-mac-02-analytics-prod,Microsoft.Storage/storageAccounts,Blob Storage,Storage,team:Analytics,640.02,INR,94.77,1 Hour
2026-03-01,sub-psiog-001,MAC-02,rg-mac-02-analytics-prod,Microsoft.Network/virtualNetworks,Virtual Networks,Networking,team:Analytics,191.29,INR,30.3,1 Hour
2026-03-01,sub-psiog-001,MAC-02,rg-mac-02-analytics-prod,Microsoft.Sql/servers/databases,SQL Database,Data Services,team:Analytics,909.95,INR,58.21,1 Hour
2026-03-01,sub-psiog-001,MAC-03,rg-mac-03-product-prod,Microsoft.Compute/virtualMachines,Virtual Machines,Compute,team:Product,700.25,INR,90.39,1 Hour
2026-03-01,sub-psiog-001,MAC-03,rg-mac-03-product-prod,Microsoft.Storage/storageAccounts/fileServices,File Storage,Storage,team:Product,252.07,INR,12.14,1 Hour
2026-03-01,sub-psiog-001,MAC-03,rg-mac-03-product-prod,Microsoft.Network/virtualNetworks,Virtual Networks,Networking,team:Product,139.77,INR,24.25,1 Hour
2026-03-01,sub-psiog-001,MAC-03,rg-mac-03-product-prod,Microsoft.Sql/servers/databases,SQL Database,Data Services,team:Product,338.08,INR,17.06,1 Hour
2026-03-01,sub-psiog-001,MAC-03,rg-mac-03-frontend-prod,Microsoft.ContainerService/managedClusters,AKS Clusters,Compute,team:Frontend,543.73,INR,67.94,1 Hour
2026-03-01,sub-psiog-001,MAC-03,rg-mac-03-frontend-prod,Microsoft.Storage/storageAccounts/fileServices,File Storage,Storage,team:Frontend,158.98,INR,78.01,1 Hour
2026-03-01,sub-psiog-001,MAC-03,rg-mac-03-frontend-prod,Microsoft.Network/virtualNetworks,Virtual Networks,Networking,team:Frontend,122.36,INR,82.99,1 Hour
2026-03-01,sub-psiog-001,MAC-03,rg-mac-03-frontend-prod,Microsoft.DocumentDB/databaseAccounts,Cosmos DB,Data Services,team:Frontend,240.59,INR,31.03,1 Hour
2026-03-01,sub-psiog-001,MAC-04,rg-mac-04-backend-prod,Microsoft.ContainerService/managedClusters,AKS Clusters,Compute,team:Backend,986.0,INR,81.52,1 Hour
2026-03-01,sub-psiog-001,MAC-04,rg-mac-04-backend-prod,Microsoft.Storage/storageAccounts/fileServices,File Storage,Storage,team:Backend,419.36,INR,29.47,1 Hour
2026-03-01,sub-psiog-001,MAC-04,rg-mac-04-backend-prod,Microsoft.Network/virtualNetworks,Virtual Networks,Networking,team:Backend,264.59,INR,75.32,1 Hour
2026-03-01,sub-psiog-001,MAC-04,rg-mac-04-backend-prod,Microsoft.DocumentDB/databaseAccounts,Cosmos DB,Data Services,team:Backend,527.33,INR,85.36,1 Hour
2026-03-01,sub-psiog-001,MAC-04,rg-mac-04-qa-prod,Microsoft.Compute/virtualMachines,Virtual Machines,Compute,team:QA,466.41,INR,89.12,1 Hour
2026-03-01,sub-psiog-001,MAC-04,rg-mac-04-qa-prod,Microsoft.Storage/storageAccounts/fileServices,File Storage,Storage,team:QA,215.99,INR,96.58,1 Hour
2026-03-01,sub-psiog-001,MAC-04,rg-mac-04-qa-prod,Microsoft.Network/virtualNetworks,Virtual Networks,Networking,team:QA,94.98,INR,81.21,1 Hour
2026-03-01,sub-psiog-001,MAC-04,rg-mac-04-qa-prod,Microsoft.Sql/servers/databases,SQL Database,Data Services,team:QA,315.54,INR,83.73,1 Hour
2026-03-01,sub-psiog-001,MAC-05,rg-mac-05-security-prod,Microsoft.Compute/virtualMachines,Virtual Machines,Compute,team:Security,716.93,INR,91.11,1 Hour
2026-03-01,sub-psiog-001,MAC-05,rg-mac-05-security-prod,Microsoft.Storage/storageAccounts/fileServices,File Storage,Storage,team:Security,262.82,INR,95.77,1 Hour
2026-03-01,sub-psiog-001,MAC-05,rg-mac-05-security-prod,Microsoft.Network/virtualNetworks,Virtual Networks,Networking,team:Security,328.22,INR,59.04,1 Hour
2026-03-01,sub-psiog-001,MAC-05,rg-mac-05-security-prod,Microsoft.DocumentDB/databaseAccounts,Cosmos DB,Data Services,team:Security,388.31,INR,84.13,1 Hour
2026-03-01,sub-psiog-001,MAC-05,rg-mac-05-compliance-prod,Microsoft.ContainerService/managedClusters,AKS Clusters,Compute,team:Compliance,403.63,INR,39.99,1 Hour
2026-03-01,sub-psiog-001,MAC-05,rg-mac-05-compliance-prod,Microsoft.Storage/storageAccounts,Blob Storage,Storage,team:Compliance,257.21,INR,83.87,1 Hour
2026-03-01,sub-psiog-001,MAC-05,rg-mac-05-compliance-prod,Microsoft.Network/virtualNetworks,Virtual Networks,Networking,team:Compliance,145.62,INR,56.59,1 Hour
2026-03-01,sub-psiog-001,MAC-05,rg-mac-05-compliance-prod,Microsoft.Sql/servers/databases,SQL Database,Data Services,team:Compliance,354.51,INR,70.76,1 Hour
2026-03-01,sub-psiog-001,MAC-06,rg-mac-06-infrastructure-prod,Microsoft.ContainerService/managedClusters,AKS Clusters,Compute,team:Infrastructure,1643.08,INR,94.23,1 Hour
2026-03-01,sub-psiog-001,MAC-06,rg-mac-06-infrastructure-prod,Microsoft.Storage/storageAccounts,Blob Storage,Storage,team:Infrastructure,427.44,INR,61.69,1 Hour
2026-03-01,sub-psiog-001,MAC-06,rg-mac-06-infrastructure-prod,Microsoft.Network/virtualNetworks,Virtual Networks,Networking,team:Infrastructure,410.89,INR,62.89,1 Hour
2026-03-01,sub-psiog-001,MAC-06,rg-mac-06-infrastructure-prod,Microsoft.DocumentDB/databaseAccounts,Cosmos DB,Data Services,team:Infrastructure,525.77,INR,93.13,1 Hour
2026-03-01,sub-psiog-001,MAC-06,rg-mac-06-cloudops-prod,Microsoft.ContainerService/managedClusters,AKS Clusters,Compute,team:CloudOps,1355.04,INR,73.34,1 Hour
2026-03-01,sub-psiog-001,MAC-06,rg-mac-06-cloudops-prod,Microsoft.Storage/storageAccounts,Blob Storage,Storage,team:CloudOps,447.24,INR,32.98,1 Hour
2026-03-01,sub-psiog-001,MAC-06,rg-mac-06-cloudops-prod,Microsoft.Network/loadBalancers,Load Balancers,Networking,team:CloudOps,353.37,INR,10.55,1 Hour
2026-03-01,sub-psiog-001,MAC-06,rg-mac-06-cloudops-prod,Microsoft.Sql/servers/databases,SQL Database,Data Services,team:CloudOps,417.63,INR,12.86,1 Hour
2026-03-01,sub-psiog-001,MAC-07,rg-mac-07-ml-prod,Microsoft.Compute/virtualMachines,Virtual Machines,Compute,team:ML,1915.13,INR,81.64,1 Hour
2026-03-01,sub-psiog-001,MAC-07,rg-mac-07-ml-prod,Microsoft.Storage/storageAccounts,Blob Storage,Storage,team:ML,541.25,INR,1.39,1 Hour
2026-03-01,sub-psiog-001,MAC-07,rg-mac-07-ml-prod,Microsoft.Network/loadBalancers,Load Balancers,Networking,team:ML,193.91,INR,42.8,1 Hour
2026-03-01,sub-psiog-001,MAC-07,rg-mac-07-ml-prod,Microsoft.DocumentDB/databaseAccounts,Cosmos DB,Data Services,team:ML,684.82,INR,27.57,1 Hour
2026-03-01,sub-psiog-001,MAC-07,rg-mac-07-research-prod,Microsoft.Compute/virtualMachines,Virtual Machines,Compute,team:Research,813.19,INR,87.55,1 Hour
2026-03-01,sub-psiog-001,MAC-07,rg-mac-07-research-prod,Microsoft.Storage/storageAccounts,Blob Storage,Storage,team:Research,453.71,INR,43.83,1 Hour
2026-03-01,sub-psiog-001,MAC-07,rg-mac-07-research-prod,Microsoft.Network/loadBalancers,Load Balancers,Networking,team:Research,213.36,INR,67.11,1 Hour
2026-03-01,sub-psiog-001,MAC-07,rg-mac-07-research-prod,Microsoft.Sql/servers/databases,SQL Database,Data Services,team:Research,716.06,INR,18.37,1 Hour
2026-03-01,sub-psiog-001,MAC-08,rg-mac-08-finance-prod,Microsoft.ContainerService/managedClusters,AKS Clusters,Compute,team:Finance,364.84,INR,36.21,1 Hour
2026-03-01,sub-psiog-001,MAC-08,rg-mac-08-finance-prod,Microsoft.Storage/storageAccounts,Blob Storage,Storage,team:Finance,256.7,INR,51.09,1 Hour
2026-03-01,sub-psiog-001,MAC-08,rg-mac-08-finance-prod,Microsoft.Network/loadBalancers,Load Balancers,Networking,team:Finance,97.25,INR,52.8,1 Hour
2026-03-01,sub-psiog-001,MAC-08,rg-mac-08-finance-prod,Microsoft.DocumentDB/databaseAccounts,Cosmos DB,Data Services,team:Finance,558.24,INR,56.57,1 Hour
2026-03-01,sub-psiog-001,MAC-08,rg-mac-08-operations-prod,Microsoft.Compute/virtualMachines,Virtual Machines,Compute,team:Operations,541.94,INR,58.13,1 Hour
2026-03-01,sub-psiog-001,MAC-08,rg-mac-08-operations-prod,Microsoft.Storage/storageAccounts/fileServices,File Storage,Storage,team:Operations,353.86,INR,72.67,1 Hour
2026-03-01,sub-psiog-001,MAC-08,rg-mac-08-operations-prod,Microsoft.Network/virtualNetworks,Virtual Networks,Networking,team:Operations,126.39,INR,66.87,1 Hour
2026-03-01,sub-psiog-001,MAC-08,rg-mac-08-operations-prod,Microsoft.Sql/servers/databases,SQL Database,Data Services,team:Operations,396.49,INR,17.55,1 Hour
2026-03-02,sub-psiog-001,MAC-01,rg-mac-01-devops-prod,Microsoft.Compute/virtualMachines,Virtual Machines,Compute,team:DevOps,1436.83,INR,78.23,1 Hour
2026-03-02,sub-psiog-001,MAC-01,rg-mac-01-devops-prod,Microsoft.Storage/storageAccounts,Blob Storage,Storage,team:DevOps,296.61,INR,62.85,1 Hour
2026-03-02,sub-psiog-001,MAC-01,rg-mac-01-devops-prod,Microsoft.Network/virtualNetworks,Virtual Networks,Networking,team:DevOps,234.44,INR,69.35,1 Hour
2026-03-02,sub-psiog-001,MAC-01,rg-mac-01-devops-prod,Microsoft.Sql/servers/databases,SQL Database,Data Services,team:DevOps,470.03,INR,95.37,1 Hour
2026-03-02,sub-psiog-001,MAC-01,rg-mac-01-platform-prod,Microsoft.Compute/virtualMachines,Virtual Machines,Compute,team:Platform,1328.29,INR,56.26,1 Hour
2026-03-02,sub-psiog-001,MAC-01,rg-mac-01-platform-prod,Microsoft.Storage/storageAccounts/fileServices,File Storage,Storage,team:Platform,324.53,INR,18.38,1 Hour
2026-03-02,sub-psiog-001,MAC-01,rg-mac-01-platform-prod,Microsoft.Network/loadBalancers,Load Balancers,Networking,team:Platform,302.79,INR,83.82,1 Hour
2026-03-02,sub-psiog-001,MAC-01,rg-mac-01-platform-prod,Microsoft.Sql/servers/databases,SQL Database,Data Services,team:Platform,447.71,INR,48.85,1 Hour
2026-03-02,sub-psiog-001,MAC-02,rg-mac-02-dataengineering-prod,Microsoft.Compute/virtualMachines,Virtual Machines,Compute,team:DataEngineering,931.51,INR,82.05,1 Hour
2026-03-02,sub-psiog-001,MAC-02,rg-mac-02-dataengineering-prod,Microsoft.Storage/storageAccounts/fileServices,File Storage,Storage,team:DataEngineering,584.65,INR,62.1,1 Hour
2026-03-02,sub-psiog-001,MAC-02,rg-mac-02-dataengineering-prod,Microsoft.Network/loadBalancers,Load Balancers,Networking,team:DataEngineering,230.31,INR,30.76,1 Hour
2026-03-02,sub-psiog-001,MAC-02,rg-mac-02-dataengineering-prod,Microsoft.Sql/servers/databases,SQL Database,Data Services,team:DataEngineering,1127.48,INR,98.4,1 Hour
2026-03-02,sub-psiog-001,MAC-02,rg-mac-02-analytics-prod,Microsoft.ContainerService/managedClusters,AKS Clusters,Compute,team:Analytics,1029.77,INR,18.5,1 Hour
2026-03-02,sub-psiog-001,MAC-02,rg-mac-02-analytics-prod,Microsoft.Storage/storageAccounts/fileServices,File Storage,Storage,team:Analytics,595.79,INR,40.49,1 Hour
2026-03-02,sub-psiog-001,MAC-02,rg-mac-02-analytics-prod,Microsoft.Network/virtualNetworks,Virtual Networks,Networking,team:Analytics,182.07,INR,71.72,1 Hour
2026-03-02,sub-psiog-001,MAC-02,rg-mac-02-analytics-prod,Microsoft.DocumentDB/databaseAccounts,Cosmos DB,Data Services,team:Analytics,884.7,INR,60.12,1 Hour
2026-03-02,sub-psiog-001,MAC-03,rg-mac-03-product-prod,Microsoft.Compute/virtualMachines,Virtual Machines,Compute,team:Product,627.26,INR,80.1,1 Hour
2026-03-02,sub-psiog-001,MAC-03,rg-mac-03-product-prod,Microsoft.Storage/storageAccounts,Blob Storage,Storage,team:Product,213.37,INR,40.96,1 Hour
2026-03-02,sub-psiog-001,MAC-03,rg-mac-03-product-prod,Microsoft.Network/virtualNetworks,Virtual Networks,Networking,team:Product,121.29,INR,53.71,1 Hour
2026-03-02,sub-psiog-001,MAC-03,rg-mac-03-product-prod,Microsoft.Sql/servers/databases,SQL Database,Data Services,team:Product,384.18,INR,16.71,1 Hour
2026-03-02,sub-psiog-001,MAC-03,rg-mac-03-frontend-prod,Microsoft.Compute/virtualMachines,Virtual Machines,Compute,team:Frontend,501.34,INR,46.89,1 Hour
2026-03-02,sub-psiog-001,MAC-03,rg-mac-03-frontend-prod,Microsoft.Storage/storageAccounts,Blob Storage,Storage,team:Frontend,182.37,INR,96.99,1 Hour
2026-03-02,sub-psiog-001,MAC-03,rg-mac-03-frontend-prod,Microsoft.Network/virtualNetworks,Virtual Networks,Networking,team:Frontend,98.3,INR,94.72,1 Hour
2026-03-02,sub-psiog-001,MAC-03,rg-mac-03-frontend-prod,Microsoft.Sql/servers/databases,SQL Database,Data Services,team:Frontend,253.26,INR,96.84,1 Hour
2026-03-02,sub-psiog-001,MAC-04,rg-mac-04-backend-prod,Microsoft.ContainerService/managedClusters,AKS Clusters,Compute,team:Backend,1195.72,INR,98.24,1 Hour
2026-03-02,sub-psiog-001,MAC-04,rg-mac-04-backend-prod,Microsoft.Storage/storageAccounts,Blob Storage,Storage,team:Backend,385.85,INR,29.91,1 Hour
2026-03-02,sub-psiog-001,MAC-04,rg-mac-04-backend-prod,Microsoft.Network/loadBalancers,Load Balancers,Networking,team:Backend,224.32,INR,99.95,1 Hour
2026-03-02,sub-psiog-001,MAC-04,rg-mac-04-backend-prod,Microsoft.Sql/servers/databases,SQL Database,Data Services,team:Backend,626.19,INR,85.81,1 Hour
2026-03-02,sub-psiog-001,MAC-04,rg-mac-04-qa-prod,Microsoft.Compute/virtualMachines,Virtual Machines,Compute,team:QA,493.29,INR,21.11,1 Hour
2026-03-02,sub-psiog-001,MAC-04,rg-mac-04-qa-prod,Microsoft.Storage/storageAccounts/fileServices,File Storage,Storage,team:QA,212.71,INR,1.02,1 Hour
2026-03-02,sub-psiog-001,MAC-04,rg-mac-04-qa-prod,Microsoft.Network/virtualNetworks,Virtual Networks,Networking,team:QA,115.86,INR,9.64,1 Hour
2026-03-02,sub-psiog-001,MAC-04,rg-mac-04-qa-prod,Microsoft.DocumentDB/databaseAccounts,Cosmos DB,Data Services,team:QA,303.74,INR,76.37,1 Hour
2026-03-02,sub-psiog-001,MAC-05,rg-mac-05-security-prod,Microsoft.Compute/virtualMachines,Virtual Machines,Compute,team:Security,755.34,INR,92.39,1 Hour
2026-03-02,sub-psiog-001,MAC-05,rg-mac-05-security-prod,Microsoft.Storage/storageAccounts/fileServices,File Storage,Storage,team:Security,303.71,INR,33.92,1 Hour
2026-03-02,sub-psiog-001,MAC-05,rg-mac-05-security-prod,Microsoft.Network/virtualNetworks,Virtual Networks,Networking,team:Security,343.18,INR,61.18,1 Hour
2026-03-02,sub-psiog-001,MAC-05,rg-mac-05-security-prod,Microsoft.Sql/servers/databases,SQL Database,Data Services,team:Security,449.95,INR,6.58,1 Hour
2026-03-02,sub-psiog-001,MAC-05,rg-mac-05-compliance-prod,Microsoft.ContainerService/managedClusters,AKS Clusters,Compute,team:Compliance,342.46,INR,85.98,1 Hour
2026-03-02,sub-psiog-001,MAC-05,rg-mac-05-compliance-prod,Microsoft.Storage/storageAccounts/fileServices,File Storage,Storage,team:Compliance,230.2,INR,71.85,1 Hour
2026-03-02,sub-psiog-001,MAC-05,rg-mac-05-compliance-prod,Microsoft.Network/virtualNetworks,Virtual Networks,Networking,team:Compliance,173.29,INR,82.3,1 Hour
2026-03-02,sub-psiog-001,MAC-05,rg-mac-05-compliance-prod,Microsoft.Sql/servers/databases,SQL Database,Data Services,team:Compliance,356.21,INR,9.73,1 Hour
2026-03-02,sub-psiog-001,MAC-06,rg-mac-06-infrastructure-prod,Microsoft.Compute/virtualMachines,Virtual Machines,Compute,team:Infrastructure,1441.43,INR,12.1,1 Hour
2026-03-02,sub-psiog-001,MAC-06,rg-mac-06-infrastructure-prod,Microsoft.Storage/storageAccounts,Blob Storage,Storage,team:Infrastructure,471.89,INR,14.81,1 Hour
2026-03-02,sub-psiog-001,MAC-06,rg-mac-06-infrastructure-prod,Microsoft.Network/virtualNetworks,Virtual Networks,Networking,team:Infrastructure,433.45,INR,75.71,1 Hour
2026-03-02,sub-psiog-001,MAC-06,rg-mac-06-infrastructure-prod,Microsoft.Sql/servers/databases,SQL Database,Data Services,team:Infrastructure,449.28,INR,89.23,1 Hour
2026-03-02,sub-psiog-001,MAC-06,rg-mac-06-cloudops-prod,Microsoft.ContainerService/managedClusters,AKS Clusters,Compute,team:CloudOps,1360.31,INR,28.35,1 Hour
2026-03-02,sub-psiog-001,MAC-06,rg-mac-06-cloudops-prod,Microsoft.Storage/storageAccounts/fileServices,File Storage,Storage,team:CloudOps,441.33,INR,36.3,1 Hour
2026-03-02,sub-psiog-001,MAC-06,rg-mac-06-cloudops-prod,Microsoft.Network/loadBalancers,Load Balancers,Networking,team:CloudOps,398.01,INR,95.97,1 Hour
2026-03-02,sub-psiog-001,MAC-06,rg-mac-06-cloudops-prod,Microsoft.Sql/servers/databases,SQL Database,Data Services,team:CloudOps,453.26,INR,22.14,1 Hour
2026-03-02,sub-psiog-001,MAC-07,rg-mac-07-ml-prod,Microsoft.Compute/virtualMachines,Virtual Machines,Compute,team:ML,7633.31,INR,65.75,1 Hour
2026-03-02,sub-psiog-001,MAC-07,rg-mac-07-ml-prod,Microsoft.Storage/storageAccounts/fileServices,File Storage,Storage,team:ML,527.52,INR,85.21,1 Hour
2026-03-02,sub-psiog-001,MAC-07,rg-mac-07-ml-prod,Microsoft.Network/loadBalancers,Load Balancers,Networking,team:ML,203.89,INR,56.28,1 Hour
2026-03-02,sub-psiog-001,MAC-07,rg-mac-07-ml-prod,Microsoft.Sql/servers/databases,SQL Database,Data Services,team:ML,872.7,INR,67.82,1 Hour
2026-03-02,sub-psiog-001,MAC-07,rg-mac-07-research-prod,Microsoft.ContainerService/managedClusters,AKS Clusters,Compute,team:Research,909.98,INR,95.94,1 Hour
2026-03-02,sub-psiog-001,MAC-07,rg-mac-07-research-prod,Microsoft.Storage/storageAccounts/fileServices,File Storage,Storage,team:Research,488.77,INR,78.72,1 Hour
2026-03-02,sub-psiog-001,MAC-07,rg-mac-07-research-prod,Microsoft.Network/loadBalancers,Load Balancers,Networking,team:Research,178.27,INR,96.34,1 Hour
2026-03-02,sub-psiog-001,MAC-07,rg-mac-07-research-prod,Microsoft.Sql/servers/databases,SQL Database,Data Services,team:Research,670.58,INR,30.56,1 Hour
2026-03-02,sub-psiog-001,MAC-08,rg-mac-08-finance-prod,Microsoft.Compute/virtualMachines,Virtual Machines,Compute,team:Finance,363.6,INR,10.54,1 Hour
2026-03-02,sub-psiog-001,MAC-08,rg-mac-08-finance-prod,Microsoft.Storage/storageAccounts,Blob Storage,Storage,team:Finance,219.47,INR,65.82,1 Hour
2026-03-02,sub-psiog-001,MAC-08,rg-mac-08-finance-prod,Microsoft.Network/loadBalancers,Load Balancers,Networking,team:Finance,118.94,INR,95.7,1 Hour
2026-03-02,sub-psiog-001,MAC-08,rg-mac-08-finance-prod,Microsoft.Sql/servers/databases,SQL Database,Data Services,team:Finance,544.2,INR,22.54,1 Hour
2026-03-02,sub-psiog-001,MAC-08,rg-mac-08-operations-prod,Microsoft.ContainerService/managedClusters,AKS Clusters,Compute,team:Operations,552.88,INR,7.47,1 Hour
2026-03-02,sub-psiog-001,MAC-08,rg-mac-08-operations-prod,Microsoft.Storage/storageAccounts/fileServices,File Storage,Storage,team:Operations,340.95,INR,15.9,1 Hour
2026-03-02,sub-psiog-001,MAC-08,rg-mac-08-operations-prod,Microsoft.Network/loadBalancers,Load Balancers,Networking,team:Operations,162.53,INR,26.05,1 Hour
2026-03-02,sub-psiog-001,MAC-08,rg-mac-08-operations-prod,Microsoft.Sql/servers/databases,SQL Database,Data Services,team:Operations,416.45,INR,83.01,1 Hour
2026-03-03,sub-psiog-001,MAC-01,rg-mac-01-devops-prod,Microsoft.Compute/virtualMachines,Virtual Machines,Compute,team:DevOps,1333.62,INR,79.85,1 Hour
2026-03-03,sub-psiog-001,MAC-01,rg-mac-01-devops-prod,Microsoft.Storage/storageAccounts,Blob Storage,Storage,team:DevOps,333.47,INR,96.71,1 Hour
2026-03-03,sub-psiog-001,MAC-01,rg-mac-01-devops-prod,Microsoft.Network/virtualNetworks,Virtual Networks,Networking,team:DevOps,212.58,INR,89.8,1 Hour
2026-03-03,sub-psiog-001,MAC-01,rg-mac-01-devops-prod,Microsoft.DocumentDB/databaseAccounts,Cosmos DB,Data Services,team:DevOps,415.87,INR,45.62,1 Hour
2026-03-03,sub-psiog-001,MAC-01,rg-mac-01-platform-prod,Microsoft.ContainerService/managedClusters,AKS Clusters,Compute,team:Platform,1107.72,INR,38.1,1 Hour
2026-03-03,sub-psiog-001,MAC-01,rg-mac-01-platform-prod,Microsoft.Storage/storageAccounts,Blob Storage,Storage,team:Platform,279.21,INR,71.71,1 Hour
2026-03-03,sub-psiog-001,MAC-01,rg-mac-01-platform-prod,Microsoft.Network/virtualNetworks,Virtual Networks,Networking,team:Platform,320.66,INR,14.92,1 Hour
2026-03-03,sub-psiog-001,MAC-01,rg-mac-01-platform-prod,Microsoft.DocumentDB/databaseAccounts,Cosmos DB,Data Services,team:Platform,459.62,INR,27.72,1 Hour
2026-03-03,sub-psiog-001,MAC-02,rg-mac-02-dataengineering-prod,Microsoft.ContainerService/managedClusters,AKS Clusters,Compute,team:DataEngineering,876.74,INR,48.6,1 Hour
2026-03-03,sub-psiog-001,MAC-02,rg-mac-02-dataengineering-prod,Microsoft.Storage/storageAccounts/fileServices,File Storage,Storage,team:DataEngineering,770.81,INR,95.07,1 Hour
2026-03-03,sub-psiog-001,MAC-02,rg-mac-02-dataengineering-prod,Microsoft.Network/loadBalancers,Load Balancers,Networking,team:DataEngineering,208.01,INR,16.41,1 Hour
2026-03-03,sub-psiog-001,MAC-02,rg-mac-02-dataengineering-prod,Microsoft.Sql/servers/databases,SQL Database,Data Services,team:DataEngineering,907.09,INR,15.29,1 Hour
2026-03-03,sub-psiog-001,MAC-02,rg-mac-02-analytics-prod,Microsoft.ContainerService/managedClusters,AKS Clusters,Compute,team:Analytics,911.25,INR,22.41,1 Hour
2026-03-03,sub-psiog-001,MAC-02,rg-mac-02-analytics-prod,Microsoft.Storage/storageAccounts/fileServices,File Storage,Storage,team:Analytics,639.03,INR,53.17,1 Hour
2026-03-03,sub-psiog-001,MAC-02,rg-mac-02-analytics-prod,Microsoft.Network/loadBalancers,Load Balancers,Networking,team:Analytics,161.0,INR,24.49,1 Hour
2026-03-03,sub-psiog-001,MAC-02,rg-mac-02-analytics-prod,Microsoft.Sql/servers/databases,SQL Database,Data Services,team:Analytics,846.61,INR,83.58,1 Hour
2026-03-03,sub-psiog-001,MAC-03,rg-mac-03-product-prod,Microsoft.Compute/virtualMachines,Virtual Machines,Compute,team:Product,658.39,INR,79.21,1 Hour
2026-03-03,sub-psiog-001,MAC-03,rg-mac-03-product-prod,Microsoft.Storage/storageAccounts/fileServices,File Storage,Storage,team:Product,209.77,INR,7.66,1 Hour
2026-03-03,sub-psiog-001,MAC-03,rg-mac-03-product-prod,Microsoft.Network/loadBalancers,Load Balancers,Networking,team:Product,117.37,INR,13.88,1 Hour
2026-03-03,sub-psiog-001,MAC-03,rg-mac-03-product-prod,Microsoft.DocumentDB/databaseAccounts,Cosmos DB,Data Services,team:Product,343.01,INR,96.21,1 Hour
2026-03-03,sub-psiog-001,MAC-03,rg-mac-03-frontend-prod,Microsoft.ContainerService/managedClusters,AKS Clusters,Compute,team:Frontend,621.37,INR,9.47,1 Hour
2026-03-03,sub-psiog-001,MAC-03,rg-mac-03-frontend-prod,Microsoft.Storage/storageAccounts,Blob Storage,Storage,team:Frontend,146.92,INR,8.34,1 Hour
2026-03-03,sub-psiog-001,MAC-03,rg-mac-03-frontend-prod,Microsoft.Network/loadBalancers,Load Balancers,Networking,team:Frontend,106.45,INR,32.05,1 Hour
2026-03-03,sub-psiog-001,MAC-03,rg-mac-03-frontend-prod,Microsoft.DocumentDB/databaseAccounts,Cosmos DB,Data Services,team:Frontend,233.63,INR,71.75,1 Hour
2026-03-03,sub-psiog-001,MAC-04,rg-mac-04-backend-prod,Microsoft.Compute/virtualMachines,Virtual Machines,Compute,team:Backend,1122.41,INR,5.41,1 Hour
2026-03-03,sub-psiog-001,MAC-04,rg-mac-04-backend-prod,Microsoft.Storage/storageAccounts,Blob Storage,Storage,team:Backend,369.21,INR,8.83,1 Hour
2026-03-03,sub-psiog-001,MAC-04,rg-mac-04-backend-prod,Microsoft.Network/virtualNetworks,Virtual Networks,Networking,team:Backend,226.73,INR,70.35,1 Hour
2026-03-03,sub-psiog-001,MAC-04,rg-mac-04-backend-prod,Microsoft.DocumentDB/databaseAccounts,Cosmos DB,Data Services,team:Backend,478.82,INR,46.86,1 Hour
2026-03-03,sub-psiog-001,MAC-04,rg-mac-04-qa-prod,Microsoft.ContainerService/managedClusters,AKS Clusters,Compute,team:QA,406.52,INR,33.98,1 Hour
2026-03-03,sub-psiog-001,MAC-04,rg-mac-04-qa-prod,Microsoft.Storage/storageAccounts/fileServices,File Storage,Storage,team:QA,221.44,INR,3.52,1 Hour
2026-03-03,sub-psiog-001,MAC-04,rg-mac-04-qa-prod,Microsoft.Network/loadBalancers,Load Balancers,Networking,team:QA,109.89,INR,23.41,1 Hour
2026-03-03,sub-psiog-001,MAC-04,rg-mac-04-qa-prod,Microsoft.DocumentDB/databaseAccounts,Cosmos DB,Data Services,team:QA,251.84,INR,27.36,1 Hour
2026-03-03,sub-psiog-001,MAC-05,rg-mac-05-security-prod,Microsoft.ContainerService/managedClusters,AKS Clusters,Compute,team:Security,851.88,INR,99.54,1 Hour
2026-03-03,sub-psiog-001,MAC-05,rg-mac-05-security-prod,Microsoft.Storage/storageAccounts,Blob Storage,Storage,team:Security,318.26,INR,55.25,1 Hour
2026-03-03,sub-psiog-001,MAC-05,rg-mac-05-security-prod,Microsoft.Network/virtualNetworks,Virtual Networks,Networking,team:Security,335.03,INR,66.37,1 Hour
2026-03-03,sub-psiog-001,MAC-05,rg-mac-05-security-prod,Microsoft.Sql/servers/databases,SQL Database,Data Services,team:Security,425.99,INR,98.48,1 Hour
2026-03-03,sub-psiog-001,MAC-05,rg-mac-05-compliance-prod,Microsoft.ContainerService/managedClusters,AKS Clusters,Compute,team:Compliance,426.74,INR,59.35,1 Hour
2026-03-03,sub-psiog-001,MAC-05,rg-mac-05-compliance-prod,Microsoft.Storage/storageAccounts,Blob Storage,Storage,team:Compliance,247.78,INR,73.27,1 Hour
2026-03-03,sub-psiog-001,MAC-05,rg-mac-05-compliance-prod,Microsoft.Network/loadBalancers,Load Balancers,Networking,team:Compliance,165.18,INR,24.57,1 Hour
2026-03-03,sub-psiog-001,MAC-05,rg-mac-05-compliance-prod,Microsoft.DocumentDB/databaseAccounts,Cosmos DB,Data Services,team:Compliance,370.34,INR,83.08,1 Hour
2026-03-03,sub-psiog-001,MAC-06,rg-mac-06-infrastructure-prod,Microsoft.Compute/virtualMachines,Virtual Machines,Compute,team:Infrastructure,1483.45,INR,80.15,1 Hour
2026-03-03,sub-psiog-001,MAC-06,rg-mac-06-infrastructure-prod,Microsoft.Storage/storageAccounts/fileServices,File Storage,Storage,team:Infrastructure,442.53,INR,3.82,1 Hour
2026-03-03,sub-psiog-001,MAC-06,rg-mac-06-infrastructure-prod,Microsoft.Network/loadBalancers,Load Balancers,Networking,team:Infrastructure,414.24,INR,76.55,1 Hour
2026-03-03,sub-psiog-001,MAC-06,rg-mac-06-infrastructure-prod,Microsoft.DocumentDB/databaseAccounts,Cosmos DB,Data Services,team:Infrastructure,402.69,INR,95.29,1 Hour
2026-03-03,sub-psiog-001,MAC-06,rg-mac-06-cloudops-prod,Microsoft.Compute/virtualMachines,Virtual Machines,Compute,team:CloudOps,1290.28,INR,74.84,1 Hour
2026-03-03,sub-psiog-001,MAC-06,rg-mac-06-cloudops-prod,Microsoft.Storage/storageAccounts/fileServices,File Storage,Storage,team:CloudOps,399.25,INR,68.67,1 Hour
2026-03-03,sub-psiog-001,MAC-06,rg-mac-06-cloudops-prod,Microsoft.Network/virtualNetworks,Virtual Networks,Networking,team:CloudOps,367.74,INR,66.62,1 Hour
2026-03-03,sub-psiog-001,MAC-06,rg-mac-06-cloudops-prod,Microsoft.DocumentDB/databaseAccounts,Cosmos DB,Data Services,team:CloudOps,399.86,INR,23.24,1 Hour
2026-03-03,sub-psiog-001,MAC-07,rg-mac-07-ml-prod,Microsoft.Compute/virtualMachines,Virtual Machines,Compute,team:ML,1603.39,INR,29.01,1 Hour
2026-03-03,sub-psiog-001,MAC-07,rg-mac-07-ml-prod,Microsoft.Storage/storageAccounts,Blob Storage,Storage,team:ML,585.93,INR,53.5,1 Hour
2026-03-03,sub-psiog-001,MAC-07,rg-mac-07-ml-prod,Microsoft.Network/virtualNetworks,Virtual Networks,Networking,team:ML,199.82,INR,32.69,1 Hour
2026-03-03,sub-psiog-001,MAC-07,rg-mac-07-ml-prod,Microsoft.Sql/servers/databases,SQL Database,Data Services,team:ML,702.01,INR,37.39,1 Hour
2026-03-03,sub-psiog-001,MAC-07,rg-mac-07-research-prod,Microsoft.Compute/virtualMachines,Virtual Machines,Compute,team:Research,773.21,INR,73.96,1 Hour
2026-03-03,sub-psiog-001,MAC-07,rg-mac-07-research-prod,Microsoft.Storage/storageAccounts,Blob Storage,Storage,team:Research,556.49,INR,33.76,1 Hour
2026-03-03,sub-psiog-001,MAC-07,rg-mac-07-research-prod,Microsoft.Network/loadBalancers,Load Balancers,Networking,team:Research,213.69,INR,95.41,1 Hour
2026-03-03,sub-psiog-001,MAC-07,rg-mac-07-research-prod,Microsoft.Sql/servers/databases,SQL Database,Data Services,team:Research,709.27,INR,7.64,1 Hour
2026-03-03,sub-psiog-001,MAC-08,rg-mac-08-finance-prod,Microsoft.ContainerService/managedClusters,AKS Clusters,Compute,team:Finance,294.3,INR,5.85,1 Hour
2026-03-03,sub-psiog-001,MAC-08,rg-mac-08-finance-prod,Microsoft.Storage/storageAccounts,Blob Storage,Storage,team:Finance,226.71,INR,81.96,1 Hour
2026-03-03,sub-psiog-001,MAC-08,rg-mac-08-finance-prod,Microsoft.Network/loadBalancers,Load Balancers,Networking,team:Finance,100.77,INR,98.37,1 Hour
2026-03-03,sub-psiog-001,MAC-08,rg-mac-08-finance-prod,Microsoft.Sql/servers/databases,SQL Database,Data Services,team:Finance,474.37,INR,33.54,1 Hour
2026-03-03,sub-psiog-001,MAC-08,rg-mac-08-operations-prod,Microsoft.Compute/virtualMachines,Virtual Machines,Compute,team:Operations,569.62,INR,69.08,1 Hour
2026-03-03,sub-psiog-001,MAC-08,rg-mac-08-operations-prod,Microsoft.Storage/storageAccounts/fileServices,File Storage,Storage,team:Operations,303.36,INR,37.17,1 Hour
2026-03-03,sub-psiog-001,MAC-08,rg-mac-08-operations-prod,Microsoft.Network/loadBalancers,Load Balancers,Networking,team:Operations,132.13,INR,45.88,1 Hour
2026-03-03,sub-psiog-001,MAC-08,rg-mac-08-operations-prod,Microsoft.DocumentDB/databaseAccounts,Cosmos DB,Data Services,team:Operations,370.38,INR,86.92,1 Hour
2026-03-04,sub-psiog-001,MAC-01,rg-mac-01-devops-prod,Microsoft.Compute/virtualMachines,Virtual Machines,Compute,team:DevOps,1544.33,INR,58.0,1 Hour
2026-03-04,sub-psiog-001,MAC-01,rg-mac-01-devops-prod,Microsoft.Storage/storageAccounts/fileServices,File Storage,Storage,team:DevOps,318.0,INR,92.45,1 Hour
2026-03-04,sub-psiog-001,MAC-01,rg-mac-01-devops-prod,Microsoft.Network/loadBalancers,Load Balancers,Networking,team:DevOps,231.21,INR,35.44,1 Hour
2026-03-04,sub-psiog-001,MAC-01,rg-mac-01-devops-prod,Microsoft.DocumentDB/databaseAccounts,Cosmos DB,Data Services,team:DevOps,422.76,INR,14.68,1 Hour
2026-03-04,sub-psiog-001,MAC-01,rg-mac-01-platform-prod,Microsoft.ContainerService/managedClusters,AKS Clusters,Compute,team:Platform,1236.6,INR,62.55,1 Hour
2026-03-04,sub-psiog-001,MAC-01,rg-mac-01-platform-prod,Microsoft.Storage/storageAccounts/fileServices,File Storage,Storage,team:Platform,325.22,INR,90.7,1 Hour
2026-03-04,sub-psiog-001,MAC-01,rg-mac-01-platform-prod,Microsoft.Network/loadBalancers,Load Balancers,Networking,team:Platform,252.75,INR,96.79,1 Hour
2026-03-04,sub-psiog-001,MAC-01,rg-mac-01-platform-prod,Microsoft.DocumentDB/databaseAccounts,Cosmos DB,Data Services,team:Platform,400.92,INR,51.89,1 Hour
2026-03-04,sub-psiog-001,MAC-02,rg-mac-02-dataengineering-prod,Microsoft.ContainerService/managedClusters,AKS Clusters,Compute,team:DataEngineering,922.91,INR,25.19,1 Hour
2026-03-04,sub-psiog-001,MAC-02,rg-mac-02-dataengineering-prod,Microsoft.Storage/storageAccounts,Blob Storage,Storage,team:DataEngineering,635.49,INR,64.99,1 Hour
2026-03-04,sub-psiog-001,MAC-02,rg-mac-02-dataengineering-prod,Microsoft.Network/virtualNetworks,Virtual Networks,Networking,team:DataEngineering,220.75,INR,29.64,1 Hour
2026-03-04,sub-psiog-001,MAC-02,rg-mac-02-dataengineering-prod,Microsoft.DocumentDB/databaseAccounts,Cosmos DB,Data Services,team:DataEngineering,1155.27,INR,62.33,1 Hour
2026-03-04,sub-psiog-001,MAC-02,rg-mac-02-analytics-prod,Microsoft.Compute/virtualMachines,Virtual Machines,Compute,team:Analytics,989.18,INR,88.36,1 Hour
2026-03-04,sub-psiog-001,MAC-02,rg-mac-02-analytics-prod,Microsoft.Storage/storageAccounts/fileServices,File Storage,Storage,team:Analytics,570.38,INR,24.24,1 Hour
2026-03-04,sub-psiog-001,MAC-02,rg-mac-02-analytics-prod,Microsoft.Network/virtualNetworks,Virtual Networks,Networking,team:Analytics,190.64,INR,62.17,1 Hour
2026-03-04,sub-psiog-001,MAC-02,rg-mac-02-analytics-prod,Microsoft.DocumentDB/databaseAccounts,Cosmos DB,Data Services,team:Analytics,1027.76,INR,57.61,1 Hour
2026-03-04,sub-psiog-001,MAC-03,rg-mac-03-product-prod,Microsoft.ContainerService/managedClusters,AKS Clusters,Compute,team:Product,647.65,INR,59.94,1 Hour
2026-03-04,sub-psiog-001,MAC-03,rg-mac-03-product-prod,Microsoft.Storage/storageAccounts/fileServices,File Storage,Storage,team:Product,216.59,INR,46.73,1 Hour
2026-03-04,sub-psiog-001,MAC-03,rg-mac-03-product-prod,Microsoft.Network/virtualNetworks,Virtual Networks,Networking,team:Product,135.99,INR,28.26,1 Hour
2026-03-04,sub-psiog-001,MAC-03,rg-mac-03-product-prod,Microsoft.Sql/servers/databases,SQL Database,Data Services,team:Product,346.94,INR,54.29,1 Hour
2026-03-04,sub-psiog-001,MAC-03,rg-mac-03-frontend-prod,Microsoft.ContainerService/managedClusters,AKS Clusters,Compute,team:Frontend,496.54,INR,73.05,1 Hour
2026-03-04,sub-psiog-001,MAC-03,rg-mac-03-frontend-prod,Microsoft.Storage/storageAccounts,Blob Storage,Storage,team:Frontend,171.03,INR,22.16,1 Hour
2026-03-04,sub-psiog-001,MAC-03,rg-mac-03-frontend-prod,Microsoft.Network/virtualNetworks,Virtual Networks,Networking,team:Frontend,116.62,INR,49.5,1 Hour
2026-03-04,sub-psiog-001,MAC-03,rg-mac-03-frontend-prod,Microsoft.Sql/servers/databases,SQL Database,Data Services,team:Frontend,252.22,INR,20.75,1 Hour
2026-03-04,sub-psiog-001,MAC-04,rg-mac-04-backend-prod,Microsoft.ContainerService/managedClusters,AKS Clusters,Compute,team:Backend,1190.55,INR,93.5,1 Hour
2026-03-04,sub-psiog-001,MAC-04,rg-mac-04-backend-prod,Microsoft.Storage/storageAccounts,Blob Storage,Storage,team:Backend,401.46,INR,36.87,1 Hour
2026-03-04,sub-psiog-001,MAC-04,rg-mac-04-backend-prod,Microsoft.Network/virtualNetworks,Virtual Networks,Networking,team:Backend,283.2,INR,14.45,1 Hour
2026-03-04,sub-psiog-001,MAC-04,rg-mac-04-backend-prod,Microsoft.DocumentDB/databaseAccounts,Cosmos DB,Data Services,team:Backend,495.93,INR,59.42,1 Hour
2026-03-04,sub-psiog-001,MAC-04,rg-mac-04-qa-prod,Microsoft.ContainerService/managedClusters,AKS Clusters,Compute,team:QA,506.95,INR,97.63,1 Hour
2026-03-04,sub-psiog-001,MAC-04,rg-mac-04-qa-prod,Microsoft.Storage/storageAccounts,Blob Storage,Storage,team:QA,219.03,INR,2.78,1 Hour
2026-03-04,sub-psiog-001,MAC-04,rg-mac-04-qa-prod,Microsoft.Network/loadBalancers,Load Balancers,Networking,team:QA,91.79,INR,73.33,1 Hour
2026-03-04,sub-psiog-001,MAC-04,rg-mac-04-qa-prod,Microsoft.Sql/servers/databases,SQL Database,Data Services,team:QA,299.1,INR,21.93,1 Hour
2026-03-04,sub-psiog-001,MAC-05,rg-mac-05-security-prod,Microsoft.ContainerService/managedClusters,AKS Clusters,Compute,team:Security,897.45,INR,74.16,1 Hour
2026-03-04,sub-psiog-001,MAC-05,rg-mac-05-security-prod,Microsoft.Storage/storageAccounts,Blob Storage,Storage,team:Security,315.94,INR,8.89,1 Hour
2026-03-04,sub-psiog-001,MAC-05,rg-mac-05-security-prod,Microsoft.Network/loadBalancers,Load Balancers,Networking,team:Security,385.53,INR,1.03,1 Hour
2026-03-04,sub-psiog-001,MAC-05,rg-mac-05-security-prod,Microsoft.Sql/servers/databases,SQL Database,Data Services,team:Security,351.42,INR,10.12,1 Hour
2026-03-04,sub-psiog-001,MAC-05,rg-mac-05-compliance-prod,Microsoft.Compute/virtualMachines,Virtual Machines,Compute,team:Compliance,375.09,INR,38.08,1 Hour
2026-03-04,sub-psiog-001,MAC-05,rg-mac-05-compliance-prod,Microsoft.Storage/storageAccounts/fileServices,File Storage,Storage,team:Compliance,269.36,INR,49.02,1 Hour
2026-03-04,sub-psiog-001,MAC-05,rg-mac-05-compliance-prod,Microsoft.Network/loadBalancers,Load Balancers,Networking,team:Compliance,171.02,INR,39.56,1 Hour
2026-03-04,sub-psiog-001,MAC-05,rg-mac-05-compliance-prod,Microsoft.DocumentDB/databaseAccounts,Cosmos DB,Data Services,team:Compliance,345.05,INR,54.16,1 Hour
2026-03-04,sub-psiog-001,MAC-06,rg-mac-06-infrastructure-prod,Microsoft.Compute/virtualMachines,Virtual Machines,Compute,team:Infrastructure,1711.66,INR,12.35,1 Hour
2026-03-04,sub-psiog-001,MAC-06,rg-mac-06-infrastructure-prod,Microsoft.Storage/storageAccounts/fileServices,File Storage,Storage,team:Infrastructure,427.65,INR,58.87,1 Hour
2026-03-04,sub-psiog-001,MAC-06,rg-mac-06-infrastructure-prod,Microsoft.Network/loadBalancers,Load Balancers,Networking,team:Infrastructure,360.8,INR,80.0,1 Hour
2026-03-04,sub-psiog-001,MAC-06,rg-mac-06-infrastructure-prod,Microsoft.DocumentDB/databaseAccounts,Cosmos DB,Data Services,team:Infrastructure,447.64,INR,74.29,1 Hour
2026-03-04,sub-psiog-001,MAC-06,rg-mac-06-cloudops-prod,Microsoft.Compute/virtualMachines,Virtual Machines,Compute,team:CloudOps,1679.55,INR,89.42,1 Hour
2026-03-04,sub-psiog-001,MAC-06,rg-mac-06-cloudops-prod,Microsoft.Storage/storageAccounts,Blob Storage,Storage,team:CloudOps,475.53,INR,57.7,1 Hour
2026-03-04,sub-psiog-001,MAC-06,rg-mac-06-cloudops-prod,Microsoft.Network/loadBalancers,Load Balancers,Networking,team:CloudOps,340.56,INR,87.54,1 Hour
2026-03-04,sub-psiog-001,MAC-06,rg-mac-06-cloudops-prod,Microsoft.Sql/servers/databases,SQL Database,Data Services,team:CloudOps,460.41,INR,76.23,1 Hour
2026-03-04,sub-psiog-001,MAC-07,rg-mac-07-ml-prod,Microsoft.ContainerService/managedClusters,AKS Clusters,Compute,team:ML,1891.9,INR,89.15,1 Hour
2026-03-04,sub-psiog-001,MAC-07,rg-mac-07-ml-prod,Microsoft.Storage/storageAccounts,Blob Storage,Storage,team:ML,613.02,INR,67.11,1 Hour
2026-03-04,sub-psiog-001,MAC-07,rg-mac-07-ml-prod,Microsoft.Network/virtualNetworks,Virtual Networks,Networking,team:ML,236.71,INR,1.06,1 Hour
2026-03-04,sub-psiog-001,MAC-07,rg-mac-07-ml-prod,Microsoft.Sql/servers/databases,SQL Database,Data Services,team:ML,704.48,INR,57.63,1 Hour
2026-03-04,sub-psiog-001,MAC-07,rg-mac-07-research-prod,Microsoft.Compute/virtualMachines,Virtual Machines,Compute,team:Research,1023.07,INR,13.12,1 Hour
2026-03-04,sub-psiog-001,MAC-07,rg-mac-07-research-prod,Microsoft.Storage/storageAccounts,Blob Storage,Storage,team:Research,543.59,INR,55.67,1 Hour
2026-03-04,sub-psiog-001,MAC-07,rg-mac-07-research-prod,Microsoft.Network/loadBalancers,Load Balancers,Networking,team:Research,190.66,INR,71.89,1 Hour
2026-03-04,sub-psiog-001,MAC-07,rg-mac-07-research-prod,Microsoft.Sql/servers/databases,SQL Database,Data Services,team:Research,699.19,INR,60.52,1 Hour
2026-03-04,sub-psiog-001,MAC-08,rg-mac-08-finance-prod,Microsoft.ContainerService/managedClusters,AKS Clusters,Compute,team:Finance,293.34,INR,16.84,1 Hour
2026-03-04,sub-psiog-001,MAC-08,rg-mac-08-finance-prod,Microsoft.Storage/storageAccounts/fileServices,File Storage,Storage,team:Finance,192.55,INR,43.09,1 Hour
2026-03-04,sub-psiog-001,MAC-08,rg-mac-08-finance-prod,Microsoft.Network/loadBalancers,Load Balancers,Networking,team:Finance,126.37,INR,12.74,1 Hour
2026-03-04,sub-psiog-001,MAC-08,rg-mac-08-finance-prod,Microsoft.Sql/servers/databases,SQL Database,Data Services,team:Finance,451.62,INR,67.87,1 Hour
2026-03-04,sub-psiog-001,MAC-08,rg-mac-08-operations-prod,Microsoft.Compute/virtualMachines,Virtual Machines,Compute,team:Operations,499.12,INR,65.82,1 Hour
2026-03-04,sub-psiog-001,MAC-08,rg-mac-08-operations-prod,Microsoft.Storage/storageAccounts,Blob Storage,Storage,team:Operations,351.87,INR,1.33,1 Hour
2026-03-04,sub-psiog-001,MAC-08,rg-mac-08-operations-prod,Microsoft.Network/loadBalancers,Load Balancers,Networking,team:Operations,155.68,INR,32.08,1 Hour
2026-03-04,sub-psiog-001,MAC-08,rg-mac-08-operations-prod,Microsoft.DocumentDB/databaseAccounts,Cosmos DB,Data Services,team:Operations,444.52,INR,4.25,1 Hour
2026-03-05,sub-psiog-001,MAC-01,rg-mac-01-devops-prod,Microsoft.Compute/virtualMachines,Virtual Machines,Compute,team:DevOps,1369.23,INR,69.1,1 Hour
2026-03-05,sub-psiog-001,MAC-01,rg-mac-01-devops-prod,Microsoft.Storage/storageAccounts,Blob Storage,Storage,team:DevOps,330.23,INR,3.75,1 Hour
2026-03-05,sub-psiog-001,MAC-01,rg-mac-01-devops-prod,Microsoft.Network/virtualNetworks,Virtual Networks,Networking,team:DevOps,252.14,INR,5.27,1 Hour
2026-03-05,sub-psiog-001,MAC-01,rg-mac-01-devops-prod,Microsoft.DocumentDB/databaseAccounts,Cosmos DB,Data Services,team:DevOps,387.71,INR,71.41,1 Hour
2026-03-05,sub-psiog-001,MAC-01,rg-mac-01-platform-prod,Microsoft.Compute/virtualMachines,Virtual Machines,Compute,team:Platform,1210.08,INR,20.27,1 Hour
2026-03-05,sub-psiog-001,MAC-01,rg-mac-01-platform-prod,Microsoft.Storage/storageAccounts,Blob Storage,Storage,team:Platform,326.29,INR,17.09,1 Hour
2026-03-05,sub-psiog-001,MAC-01,rg-mac-01-platform-prod,Microsoft.Network/loadBalancers,Load Balancers,Networking,team:Platform,306.46,INR,61.48,1 Hour
2026-03-05,sub-psiog-001,MAC-01,rg-mac-01-platform-prod,Microsoft.Sql/servers/databases,SQL Database,Data Services,team:Platform,389.24,INR,39.64,1 Hour
2026-03-05,sub-psiog-001,MAC-02,rg-mac-02-dataengineering-prod,Microsoft.ContainerService/managedClusters,AKS Clusters,Compute,team:DataEngineering,1033.96,INR,1.47,1 Hour
2026-03-05,sub-psiog-001,MAC-02,rg-mac-02-dataengineering-prod,Microsoft.Storage/storageAccounts/fileServices,File Storage,Storage,team:DataEngineering,763.9,INR,90.39,1 Hour
2026-03-05,sub-psiog-001,MAC-02,rg-mac-02-dataengineering-prod,Microsoft.Network/loadBalancers,Load Balancers,Networking,team:DataEngineering,216.7,INR,57.35,1 Hour
2026-03-05,sub-psiog-001,MAC-02,rg-mac-02-dataengineering-prod,Microsoft.DocumentDB/databaseAccounts,Cosmos DB,Data Services,team:DataEngineering,1135.23,INR,40.63,1 Hour
2026-03-05,sub-psiog-001,MAC-02,rg-mac-02-analytics-prod,Microsoft.ContainerService/managedClusters,AKS Clusters,Compute,team:Analytics,912.24,INR,84.94,1 Hour
2026-03-05,sub-psiog-001,MAC-02,rg-mac-02-analytics-prod,Microsoft.Storage/storageAccounts,Blob Storage,Storage,team:Analytics,561.35,INR,73.39,1 Hour
2026-03-05,sub-psiog-001,MAC-02,rg-mac-02-analytics-prod,Microsoft.Network/loadBalancers,Load Balancers,Networking,team:Analytics,175.29,INR,90.7,1 Hour
2026-03-05,sub-psiog-001,MAC-02,rg-mac-02-analytics-prod,Microsoft.Sql/servers/databases,SQL Database,Data Services,team:Analytics,1051.85,INR,14.16,1 Hour
2026-03-05,sub-psiog-001,MAC-03,rg-mac-03-product-prod,Microsoft.Compute/virtualMachines,Virtual Machines,Compute,team:Product,599.35,INR,12.09,1 Hour
2026-03-05,sub-psiog-001,MAC-03,rg-mac-03-product-prod,Microsoft.Storage/storageAccounts,Blob Storage,Storage,team:Product,228.39,INR,36.28,1 Hour
2026-03-05,sub-psiog-001,MAC-03,rg-mac-03-product-prod,Microsoft.Network/virtualNetworks,Virtual Networks,Networking,team:Product,130.77,INR,65.16,1 Hour
2026-03-05,sub-psiog-001,MAC-03,rg-mac-03-product-prod,Microsoft.DocumentDB/databaseAccounts,Cosmos DB,Data Services,team:Product,287.25,INR,20.1,1 Hour
2026-03-05,sub-psiog-001,MAC-03,rg-mac-03-frontend-prod,Microsoft.ContainerService/managedClusters,AKS Clusters,Compute,team:Frontend,487.22,INR,82.15,1 Hour
2026-03-05,sub-psiog-001,MAC-03,rg-mac-03-frontend-prod,Microsoft.Storage/storageAccounts/fileServices,File Storage,Storage,team:Frontend,168.51,INR,96.32,1 Hour
2026-03-05,sub-psiog-001,MAC-03,rg-mac-03-frontend-prod,Microsoft.Network/loadBalancers,Load Balancers,Networking,team:Frontend,110.83,INR,3.48,1 Hour
2026-03-05,sub-psiog-001,MAC-03,rg-mac-03-frontend-prod,Microsoft.DocumentDB/databaseAccounts,Cosmos DB,Data Services,team:Frontend,231.57,INR,85.52,1 Hour
2026-03-05,sub-psiog-001,MAC-04,rg-mac-04-backend-prod,Microsoft.ContainerService/managedClusters,AKS Clusters,Compute,team:Backend,1144.26,INR,87.01,1 Hour
2026-03-05,sub-psiog-001,MAC-04,rg-mac-04-backend-prod,Microsoft.Storage/storageAccounts,Blob Storage,Storage,team:Backend,341.3,INR,77.68,1 Hour
2026-03-05,sub-psiog-001,MAC-04,rg-mac-04-backend-prod,Microsoft.Network/loadBalancers,Load Balancers,Networking,team:Backend,273.14,INR,69.27,1 Hour
2026-03-05,sub-psiog-001,MAC-04,rg-mac-04-backend-prod,Microsoft.DocumentDB/databaseAccounts,Cosmos DB,Data Services,team:Backend,484.94,INR,86.56,1 Hour
2026-03-05,sub-psiog-001,MAC-04,rg-mac-04-qa-prod,Microsoft.Compute/virtualMachines,Virtual Machines,Compute,team:QA,500.06,INR,78.36,1 Hour
2026-03-05,sub-psiog-001,MAC-04,rg-mac-04-qa-prod,Microsoft.Storage/storageAccounts,Blob Storage,Storage,team:QA,218.13,INR,79.34,1 Hour
2026-03-05,sub-psiog-001,MAC-04,rg-mac-04-qa-prod,Microsoft.Network/loadBalancers,Load Balancers,Networking,team:QA,96.34,INR,14.23,1 Hour
2026-03-05,sub-psiog-001,MAC-04,rg-mac-04-qa-prod,Microsoft.DocumentDB/databaseAccounts,Cosmos DB,Data Services,team:QA,250.68,INR,80.55,1 Hour
2026-03-05,sub-psiog-001,MAC-05,rg-mac-05-security-prod,Microsoft.ContainerService/managedClusters,AKS Clusters,Compute,team:Security,833.53,INR,37.4,1 Hour
2026-03-05,sub-psiog-001,MAC-05,rg-mac-05-security-prod,Microsoft.Storage/storageAccounts/fileServices,File Storage,Storage,team:Security,302.33,INR,36.3,1 Hour
2026-03-05,sub-psiog-001,MAC-05,rg-mac-05-security-prod,Microsoft.Network/virtualNetworks,Virtual Networks,Networking,team:Security,343.75,INR,32.72,1 Hour
2026-03-05,sub-psiog-001,MAC-05,rg-mac-05-security-prod,Microsoft.DocumentDB/databaseAccounts,Cosmos DB,Data Services,team:Security,442.92,INR,71.5,1 Hour
2026-03-05,sub-psiog-001,MAC-05,rg-mac-05-compliance-prod,Microsoft.ContainerService/managedClusters,AKS Clusters,Compute,team:Compliance,384.22,INR,33.56,1 Hour
2026-03-05,sub-psiog-001,MAC-05,rg-mac-05-compliance-prod,Microsoft.Storage/storageAccounts,Blob Storage,Storage,team:Compliance,223.95,INR,18.54,1 Hour
2026-03-05,sub-psiog-001,MAC-05,rg-mac-05-compliance-prod,Microsoft.Network/loadBalancers,Load Balancers,Networking,team:Compliance,148.84,INR,21.12,1 Hour
2026-03-05,sub-psiog-001,MAC-05,rg-mac-05-compliance-prod,Microsoft.Sql/servers/databases,SQL Database,Data Services,team:Compliance,355.23,INR,31.47,1 Hour
2026-03-05,sub-psiog-001,MAC-06,rg-mac-06-infrastructure-prod,Microsoft.ContainerService/managedClusters,AKS Clusters,Compute,team:Infrastructure,1602.56,INR,6.78,1 Hour
2026-03-05,sub-psiog-001,MAC-06,rg-mac-06-infrastructure-prod,Microsoft.Storage/storageAccounts,Blob Storage,Storage,team:Infrastructure,496.57,INR,43.69,1 Hour
2026-03-05,sub-psiog-001,MAC-06,rg-mac-06-infrastructure-prod,Microsoft.Network/virtualNetworks,Virtual Networks,Networking,team:Infrastructure,452.97,INR,77.56,1 Hour
2026-03-05,sub-psiog-001,MAC-06,rg-mac-06-infrastructure-prod,Microsoft.Sql/servers/databases,SQL Database,Data Services,team:Infrastructure,527.08,INR,2.71,1 Hour
2026-03-05,sub-psiog-001,MAC-06,rg-mac-06-cloudops-prod,Microsoft.Compute/virtualMachines,Virtual Machines,Compute,team:CloudOps,1369.14,INR,19.83,1 Hour
2026-03-05,sub-psiog-001,MAC-06,rg-mac-06-cloudops-prod,Microsoft.Storage/storageAccounts,Blob Storage,Storage,team:CloudOps,478.37,INR,83.95,1 Hour
2026-03-05,sub-psiog-001,MAC-06,rg-mac-06-cloudops-prod,Microsoft.Network/virtualNetworks,Virtual Networks,Networking,team:CloudOps,323.56,INR,94.04,1 Hour
2026-03-05,sub-psiog-001,MAC-06,rg-mac-06-cloudops-prod,Microsoft.DocumentDB/databaseAccounts,Cosmos DB,Data Services,team:CloudOps,427.93,INR,27.91,1 Hour
2026-03-05,sub-psiog-001,MAC-07,rg-mac-07-ml-prod,Microsoft.Compute/virtualMachines,Virtual Machines,Compute,team:ML,2003.41,INR,6.02,1 Hour
2026-03-05,sub-psiog-001,MAC-07,rg-mac-07-ml-prod,Microsoft.Storage/storageAccounts,Blob Storage,Storage,team:ML,626.34,INR,60.25,1 Hour
2026-03-05,sub-psiog-001,MAC-07,rg-mac-07-ml-prod,Microsoft.Network/virtualNetworks,Virtual Networks,Networking,team:ML,223.09,INR,6.07,1 Hour
2026-03-05,sub-psiog-001,MAC-07,rg-mac-07-ml-prod,Microsoft.Sql/servers/databases,SQL Database,Data Services,team:ML,670.51,INR,45.43,1 Hour
2026-03-05,sub-psiog-001,MAC-07,rg-mac-07-research-prod,Microsoft.Compute/virtualMachines,Virtual Machines,Compute,team:Research,842.81,INR,79.94,1 Hour
2026-03-05,sub-psiog-001,MAC-07,rg-mac-07-research-prod,Microsoft.Storage/storageAccounts/fileServices,File Storage,Storage,team:Research,522.79,INR,55.35,1 Hour
2026-03-05,sub-psiog-001,MAC-07,rg-mac-07-research-prod,Microsoft.Network/loadBalancers,Load Balancers,Networking,team:Research,186.53,INR,63.47,1 Hour
2026-03-05,sub-psiog-001,MAC-07,rg-mac-07-research-prod,Microsoft.DocumentDB/databaseAccounts,Cosmos DB,Data Services,team:Research,771.31,INR,7.37,1 Hour
2026-03-05,sub-psiog-001,MAC-08,rg-mac-08-finance-prod,Microsoft.ContainerService/managedClusters,AKS Clusters,Compute,team:Finance,361.11,INR,49.17,1 Hour
2026-03-05,sub-psiog-001,MAC-08,rg-mac-08-finance-prod,Microsoft.Storage/storageAccounts,Blob Storage,Storage,team:Finance,239.78,INR,78.6,1 Hour
2026-03-05,sub-psiog-001,MAC-08,rg-mac-08-finance-prod,Microsoft.Network/loadBalancers,Load Balancers,Networking,team:Finance,128.64,INR,35.55,1 Hour
2026-03-05,sub-psiog-001,MAC-08,rg-mac-08-finance-prod,Microsoft.DocumentDB/databaseAccounts,Cosmos DB,Data Services,team:Finance,532.8,INR,5.82,1 Hour
2026-03-05,sub-psiog-001,MAC-08,rg-mac-08-operations-prod,Microsoft.ContainerService/managedClusters,AKS Clusters,Compute,team:Operations,439.36,INR,14.6,1 Hour
2026-03-05,sub-psiog-001,MAC-08,rg-mac-08-operations-prod,Microsoft.Storage/storageAccounts/fileServices,File Storage,Storage,team:Operations,339.49,INR,66.5,1 Hour
2026-03-05,sub-psiog-001,MAC-08,rg-mac-08-operations-prod,Microsoft.Network/loadBalancers,Load Balancers,Networking,team:Operations,127.92,INR,15.74,1 Hour
2026-03-05,sub-psiog-001,MAC-08,rg-mac-08-operations-prod,Microsoft.DocumentDB/databaseAccounts,Cosmos DB,Data Services,team:Operations,470.38,INR,84.73,1 Hour
2026-03-06,sub-psiog-001,MAC-01,rg-mac-01-devops-prod,Microsoft.ContainerService/managedClusters,AKS Clusters,Compute,team:DevOps,1408.51,INR,47.27,1 Hour
2026-03-06,sub-psiog-001,MAC-01,rg-mac-01-devops-prod,Microsoft.Storage/storageAccounts/fileServices,File Storage,Storage,team:DevOps,375.78,INR,35.27,1 Hour
2026-03-06,sub-psiog-001,MAC-01,rg-mac-01-devops-prod,Microsoft.Network/loadBalancers,Load Balancers,Networking,team:DevOps,229.57,INR,2.77,1 Hour
2026-03-06,sub-psiog-001,MAC-01,rg-mac-01-devops-prod,Microsoft.Sql/servers/databases,SQL Database,Data Services,team:DevOps,516.5,INR,60.52,1 Hour
2026-03-06,sub-psiog-001,MAC-01,rg-mac-01-platform-prod,Microsoft.ContainerService/managedClusters,AKS Clusters,Compute,team:Platform,1339.11,INR,35.05,1 Hour
2026-03-06,sub-psiog-001,MAC-01,rg-mac-01-platform-prod,Microsoft.Storage/storageAccounts,Blob Storage,Storage,team:Platform,319.11,INR,36.95,1 Hour
2026-03-06,sub-psiog-001,MAC-01,rg-mac-01-platform-prod,Microsoft.Network/loadBalancers,Load Balancers,Networking,team:Platform,308.58,INR,67.83,1 Hour
2026-03-06,sub-psiog-001,MAC-01,rg-mac-01-platform-prod,Microsoft.DocumentDB/databaseAccounts,Cosmos DB,Data Services,team:Platform,415.21,INR,36.31,1 Hour
2026-03-06,sub-psiog-001,MAC-02,rg-mac-02-dataengineering-prod,Microsoft.ContainerService/managedClusters,AKS Clusters,Compute,team:DataEngineering,1030.14,INR,96.69,1 Hour
2026-03-06,sub-psiog-001,MAC-02,rg-mac-02-dataengineering-prod,Microsoft.Storage/storageAccounts/fileServices,File Storage,Storage,team:DataEngineering,669.48,INR,45.16,1 Hour
2026-03-06,sub-psiog-001,MAC-02,rg-mac-02-dataengineering-prod,Microsoft.Network/loadBalancers,Load Balancers,Networking,team:DataEngineering,197.59,INR,21.68,1 Hour
2026-03-06,sub-psiog-001,MAC-02,rg-mac-02-dataengineering-prod,Microsoft.DocumentDB/databaseAccounts,Cosmos DB,Data Services,team:DataEngineering,1124.92,INR,3.78,1 Hour
2026-03-06,sub-psiog-001,MAC-02,rg-mac-02-analytics-prod,Microsoft.ContainerService/managedClusters,AKS Clusters,Compute,team:Analytics,1013.46,INR,55.8,1 Hour
2026-03-06,sub-psiog-001,MAC-02,rg-mac-02-analytics-prod,Microsoft.Storage/storageAccounts,Blob Storage,Storage,team:Analytics,593.49,INR,65.39,1 Hour
2026-03-06,sub-psiog-001,MAC-02,rg-mac-02-analytics-prod,Microsoft.Network/virtualNetworks,Virtual Networks,Networking,team:Analytics,196.93,INR,38.37,1 Hour
2026-03-06,sub-psiog-001,MAC-02,rg-mac-02-analytics-prod,Microsoft.DocumentDB/databaseAccounts,Cosmos DB,Data Services,team:Analytics,950.92,INR,11.07,1 Hour
2026-03-06,sub-psiog-001,MAC-03,rg-mac-03-product-prod,Microsoft.Compute/virtualMachines,Virtual Machines,Compute,team:Product,613.98,INR,45.52,1 Hour
2026-03-06,sub-psiog-001,MAC-03,rg-mac-03-product-prod,Microsoft.Storage/storageAccounts,Blob Storage,Storage,team:Product,227.94,INR,38.29,1 Hour
2026-03-06,sub-psiog-001,MAC-03,rg-mac-03-product-prod,Microsoft.Network/virtualNetworks,Virtual Networks,Networking,team:Product,120.9,INR,32.49,1 Hour
2026-03-06,sub-psiog-001,MAC-03,rg-mac-03-product-prod,Microsoft.DocumentDB/databaseAccounts,Cosmos DB,Data Services,team:Product,333.96,INR,76.11,1 Hour
2026-03-06,sub-psiog-001,MAC-03,rg-mac-03-frontend-prod,Microsoft.ContainerService/managedClusters,AKS Clusters,Compute,team:Frontend,575.36,INR,53.77,1 Hour
2026-03-06,sub-psiog-001,MAC-03,rg-mac-03-frontend-prod,Microsoft.Storage/storageAccounts/fileServices,File Storage,Storage,team:Frontend,190.39,INR,25.25,1 Hour
2026-03-06,sub-psiog-001,MAC-03,rg-mac-03-frontend-prod,Microsoft.Network/loadBalancers,Load Balancers,Networking,team:Frontend,116.18,INR,14.85,1 Hour
2026-03-06,sub-psiog-001,MAC-03,rg-mac-03-frontend-prod,Microsoft.Sql/servers/databases,SQL Database,Data Services,team:Frontend,216.21,INR,25.01,1 Hour
2026-03-06,sub-psiog-001,MAC-04,rg-mac-04-backend-prod,Microsoft.Compute/virtualMachines,Virtual Machines,Compute,team:Backend,1057.7,INR,16.38,1 Hour
2026-03-06,sub-psiog-001,MAC-04,rg-mac-04-backend-prod,Microsoft.Storage/storageAccounts,Blob Storage,Storage,team:Backend,405.37,INR,42.05,1 Hour
2026-03-06,sub-psiog-001,MAC-04,rg-mac-04-backend-prod,Microsoft.Network/virtualNetworks,Virtual Networks,Networking,team:Backend,217.35,INR,55.32,1 Hour
2026-03-06,sub-psiog-001,MAC-04,rg-mac-04-backend-prod,Microsoft.Sql/servers/databases,SQL Database,Data Services,team:Backend,619.41,INR,38.12,1 Hour
2026-03-06,sub-psiog-001,MAC-04,rg-mac-04-qa-prod,Microsoft.Compute/virtualMachines,Virtual Machines,Compute,team:QA,438.55,INR,81.45,1 Hour
2026-03-06,sub-psiog-001,MAC-04,rg-mac-04-qa-prod,Microsoft.Storage/storageAccounts/fileServices,File Storage,Storage,team:QA,223.47,INR,7.6,1 Hour
2026-03-06,sub-psiog-001,MAC-04,rg-mac-04-qa-prod,Microsoft.Network/loadBalancers,Load Balancers,Networking,team:QA,87.75,INR,26.33,1 Hour
2026-03-06,sub-psiog-001,MAC-04,rg-mac-04-qa-prod,Microsoft.DocumentDB/databaseAccounts,Cosmos DB,Data Services,team:QA,285.27,INR,14.78,1 Hour
2026-03-06,sub-psiog-001,MAC-05,rg-mac-05-security-prod,Microsoft.ContainerService/managedClusters,AKS Clusters,Compute,team:Security,742.24,INR,27.13,1 Hour
2026-03-06,sub-psiog-001,MAC-05,rg-mac-05-security-prod,Microsoft.Storage/storageAccounts,Blob Storage,Storage,team:Security,246.25,INR,96.32,1 Hour
2026-03-06,sub-psiog-001,MAC-05,rg-mac-05-security-prod,Microsoft.Network/virtualNetworks,Virtual Networks,Networking,team:Security,330.86,INR,54.46,1 Hour
2026-03-06,sub-psiog-001,MAC-05,rg-mac-05-security-prod,Microsoft.Sql/servers/databases,SQL Database,Data Services,team:Security,398.24,INR,4.48,1 Hour
2026-03-06,sub-psiog-001,MAC-05,rg-mac-05-compliance-prod,Microsoft.Compute/virtualMachines,Virtual Machines,Compute,team:Compliance,404.82,INR,19.43,1 Hour
2026-03-06,sub-psiog-001,MAC-05,rg-mac-05-compliance-prod,Microsoft.Storage/storageAccounts,Blob Storage,Storage,team:Compliance,251.75,INR,47.29,1 Hour
2026-03-06,sub-psiog-001,MAC-05,rg-mac-05-compliance-prod,Microsoft.Network/loadBalancers,Load Balancers,Networking,team:Compliance,149.79,INR,47.75,1 Hour
2026-03-06,sub-psiog-001,MAC-05,rg-mac-05-compliance-prod,Microsoft.DocumentDB/databaseAccounts,Cosmos DB,Data Services,team:Compliance,377.16,INR,42.81,1 Hour
2026-03-06,sub-psiog-001,MAC-06,rg-mac-06-infrastructure-prod,Microsoft.ContainerService/managedClusters,AKS Clusters,Compute,team:Infrastructure,1356.84,INR,82.9,1 Hour
2026-03-06,sub-psiog-001,MAC-06,rg-mac-06-infrastructure-prod,Microsoft.Storage/storageAccounts/fileServices,File Storage,Storage,team:Infrastructure,401.15,INR,46.23,1 Hour
2026-03-06,sub-psiog-001,MAC-06,rg-mac-06-infrastructure-prod,Microsoft.Network/virtualNetworks,Virtual Networks,Networking,team:Infrastructure,449.19,INR,7.38,1 Hour
2026-03-06,sub-psiog-001,MAC-06,rg-mac-06-infrastructure-prod,Microsoft.Sql/servers/databases,SQL Database,Data Services,team:Infrastructure,512.95,INR,32.02,1 Hour
2026-03-06,sub-psiog-001,MAC-06,rg-mac-06-cloudops-prod,Microsoft.Compute/virtualMachines,Virtual Machines,Compute,team:CloudOps,1261.65,INR,84.26,1 Hour
2026-03-06,sub-psiog-001,MAC-06,rg-mac-06-cloudops-prod,Microsoft.Storage/storageAccounts/fileServices,File Storage,Storage,team:CloudOps,396.78,INR,50.15,1 Hour
2026-03-06,sub-psiog-001,MAC-06,rg-mac-06-cloudops-prod,Microsoft.Network/loadBalancers,Load Balancers,Networking,team:CloudOps,395.03,INR,61.23,1 Hour
2026-03-06,sub-psiog-001,MAC-06,rg-mac-06-cloudops-prod,Microsoft.Sql/servers/databases,SQL Database,Data Services,team:CloudOps,496.04,INR,23.38,1 Hour
2026-03-06,sub-psiog-001,MAC-07,rg-mac-07-ml-prod,Microsoft.Compute/virtualMachines,Virtual Machines,Compute,team:ML,1937.89,INR,37.7,1 Hour
2026-03-06,sub-psiog-001,MAC-07,rg-mac-07-ml-prod,Microsoft.Storage/storageAccounts/fileServices,File Storage,Storage,team:ML,523.62,INR,12.78,1 Hour
2026-03-06,sub-psiog-001,MAC-07,rg-mac-07-ml-prod,Microsoft.Network/virtualNetworks,Virtual Networks,Networking,team:ML,213.97,INR,89.42,1 Hour
2026-03-06,sub-psiog-001,MAC-07,rg-mac-07-ml-prod,Microsoft.DocumentDB/databaseAccounts,Cosmos DB,Data Services,team:ML,780.26,INR,73.53,1 Hour
2026-03-06,sub-psiog-001,MAC-07,rg-mac-07-research-prod,Microsoft.ContainerService/managedClusters,AKS Clusters,Compute,team:Research,943.38,INR,55.29,1 Hour
2026-03-06,sub-psiog-001,MAC-07,rg-mac-07-research-prod,Microsoft.Storage/storageAccounts/fileServices,File Storage,Storage,team:Research,577.42,INR,27.73,1 Hour
2026-03-06,sub-psiog-001,MAC-07,rg-mac-07-research-prod,Microsoft.Network/loadBalancers,Load Balancers,Networking,team:Research,225.74,INR,63.05,1 Hour
2026-03-06,sub-psiog-001,MAC-07,rg-mac-07-research-prod,Microsoft.Sql/servers/databases,SQL Database,Data Services,team:Research,686.91,INR,44.55,1 Hour
2026-03-06,sub-psiog-001,MAC-08,rg-mac-08-finance-prod,Microsoft.ContainerService/managedClusters,AKS Clusters,Compute,team:Finance,343.14,INR,70.6,1 Hour
2026-03-06,sub-psiog-001,MAC-08,rg-mac-08-finance-prod,Microsoft.Storage/storageAccounts,Blob Storage,Storage,team:Finance,209.85,INR,82.54,1 Hour
2026-03-06,sub-psiog-001,MAC-08,rg-mac-08-finance-prod,Microsoft.Network/virtualNetworks,Virtual Networks,Networking,team:Finance,111.42,INR,65.88,1 Hour
2026-03-06,sub-psiog-001,MAC-08,rg-mac-08-finance-prod,Microsoft.Sql/servers/databases,SQL Database,Data Services,team:Finance,446.87,INR,35.5,1 Hour
2026-03-06,sub-psiog-001,MAC-08,rg-mac-08-operations-prod,Microsoft.Compute/virtualMachines,Virtual Machines,Compute,team:Operations,478.64,INR,47.91,1 Hour
2026-03-06,sub-psiog-001,MAC-08,rg-mac-08-operations-prod,Microsoft.Storage/storageAccounts/fileServices,File Storage,Storage,team:Operations,363.79,INR,71.47,1 Hour
2026-03-06,sub-psiog-001,MAC-08,rg-mac-08-operations-prod,Microsoft.Network/loadBalancers,Load Balancers,Networking,team:Operations,157.96,INR,11.67,1 Hour
2026-03-06,sub-psiog-001,MAC-08,rg-mac-08-operations-prod,Microsoft.Sql/servers/databases,SQL Database,Data Services,team:Operations,405.13,INR,18.76,1 Hour
2026-03-07,sub-psiog-001,MAC-01,rg-mac-01-devops-prod,Microsoft.ContainerService/managedClusters,AKS Clusters,Compute,team:DevOps,1196.24,INR,44.12,1 Hour
2026-03-07,sub-psiog-001,MAC-01,rg-mac-01-devops-prod,Microsoft.Storage/storageAccounts/fileServices,File Storage,Storage,team:DevOps,349.0,INR,17.37,1 Hour
2026-03-07,sub-psiog-001,MAC-01,rg-mac-01-devops-prod,Microsoft.Network/virtualNetworks,Virtual Networks,Networking,team:DevOps,241.11,INR,8.3,1 Hour
2026-03-07,sub-psiog-001,MAC-01,rg-mac-01-devops-prod,Microsoft.Sql/servers/databases,SQL Database,Data Services,team:DevOps,489.11,INR,95.11,1 Hour
2026-03-07,sub-psiog-001,MAC-01,rg-mac-01-platform-prod,Microsoft.ContainerService/managedClusters,AKS Clusters,Compute,team:Platform,1174.88,INR,13.75,1 Hour
2026-03-07,sub-psiog-001,MAC-01,rg-mac-01-platform-prod,Microsoft.Storage/storageAccounts/fileServices,File Storage,Storage,team:Platform,307.71,INR,82.49,1 Hour
2026-03-07,sub-psiog-001,MAC-01,rg-mac-01-platform-prod,Microsoft.Network/loadBalancers,Load Balancers,Networking,team:Platform,310.78,INR,87.73,1 Hour
2026-03-07,sub-psiog-001,MAC-01,rg-mac-01-platform-prod,Microsoft.DocumentDB/databaseAccounts,Cosmos DB,Data Services,team:Platform,396.7,INR,2.27,1 Hour
2026-03-07,sub-psiog-001,MAC-02,rg-mac-02-dataengineering-prod,Microsoft.Compute/virtualMachines,Virtual Machines,Compute,team:DataEngineering,1133.4,INR,59.16,1 Hour
2026-03-07,sub-psiog-001,MAC-02,rg-mac-02-dataengineering-prod,Microsoft.Storage/storageAccounts,Blob Storage,Storage,team:DataEngineering,768.71,INR,10.0,1 Hour
2026-03-07,sub-psiog-001,MAC-02,rg-mac-02-dataengineering-prod,Microsoft.Network/virtualNetworks,Virtual Networks,Networking,team:DataEngineering,196.58,INR,28.91,1 Hour
2026-03-07,sub-psiog-001,MAC-02,rg-mac-02-dataengineering-prod,Microsoft.Sql/servers/databases,SQL Database,Data Services,team:DataEngineering,986.55,INR,62.15,1 Hour
2026-03-07,sub-psiog-001,MAC-02,rg-mac-02-analytics-prod,Microsoft.ContainerService/managedClusters,AKS Clusters,Compute,team:Analytics,848.03,INR,81.65,1 Hour
2026-03-07,sub-psiog-001,MAC-02,rg-mac-02-analytics-prod,Microsoft.Storage/storageAccounts/fileServices,File Storage,Storage,team:Analytics,547.78,INR,35.94,1 Hour
2026-03-07,sub-psiog-001,MAC-02,rg-mac-02-analytics-prod,Microsoft.Network/virtualNetworks,Virtual Networks,Networking,team:Analytics,187.25,INR,54.7,1 Hour
2026-03-07,sub-psiog-001,MAC-02,rg-mac-02-analytics-prod,Microsoft.Sql/servers/databases,SQL Database,Data Services,team:Analytics,920.99,INR,39.06,1 Hour
2026-03-07,sub-psiog-001,MAC-03,rg-mac-03-product-prod,Microsoft.Compute/virtualMachines,Virtual Machines,Compute,team:Product,747.08,INR,8.95,1 Hour
2026-03-07,sub-psiog-001,MAC-03,rg-mac-03-product-prod,Microsoft.Storage/storageAccounts/fileServices,File Storage,Storage,team:Product,205.56,INR,47.26,1 Hour
2026-03-07,sub-psiog-001,MAC-03,rg-mac-03-product-prod,Microsoft.Network/virtualNetworks,Virtual Networks,Networking,team:Product,133.48,INR,58.5,1 Hour
2026-03-07,sub-psiog-001,MAC-03,rg-mac-03-product-prod,Microsoft.DocumentDB/databaseAccounts,Cosmos DB,Data Services,team:Product,388.92,INR,79.3,1 Hour
2026-03-07,sub-psiog-001,MAC-03,rg-mac-03-frontend-prod,Microsoft.ContainerService/managedClusters,AKS Clusters,Compute,team:Frontend,611.72,INR,88.2,1 Hour
2026-03-07,sub-psiog-001,MAC-03,rg-mac-03-frontend-prod,Microsoft.Storage/storageAccounts/fileServices,File Storage,Storage,team:Frontend,156.0,INR,43.81,1 Hour
2026-03-07,sub-psiog-001,MAC-03,rg-mac-03-frontend-prod,Microsoft.Network/virtualNetworks,Virtual Networks,Networking,team:Frontend,102.04,INR,4.6,1 Hour
2026-03-07,sub-psiog-001,MAC-03,rg-mac-03-frontend-prod,Microsoft.Sql/servers/databases,SQL Database,Data Services,team:Frontend,234.52,INR,35.58,1 Hour
2026-03-07,sub-psiog-001,MAC-04,rg-mac-04-backend-prod,Microsoft.Compute/virtualMachines,Virtual Machines,Compute,team:Backend,950.62,INR,70.66,1 Hour
2026-03-07,sub-psiog-001,MAC-04,rg-mac-04-backend-prod,Microsoft.Storage/storageAccounts/fileServices,File Storage,Storage,team:Backend,388.23,INR,27.92,1 Hour
2026-03-07,sub-psiog-001,MAC-04,rg-mac-04-backend-prod,Microsoft.Network/loadBalancers,Load Balancers,Networking,team:Backend,222.45,INR,14.86,1 Hour
2026-03-07,sub-psiog-001,MAC-04,rg-mac-04-backend-prod,Microsoft.Sql/servers/databases,SQL Database,Data Services,team:Backend,540.6,INR,48.09,1 Hour
2026-03-07,sub-psiog-001,MAC-04,rg-mac-04-qa-prod,Microsoft.Compute/virtualMachines,Virtual Machines,Compute,team:QA,485.31,INR,81.51,1 Hour
2026-03-07,sub-psiog-001,MAC-04,rg-mac-04-qa-prod,Microsoft.Storage/storageAccounts,Blob Storage,Storage,team:QA,195.07,INR,5.7,1 Hour
2026-03-07,sub-psiog-001,MAC-04,rg-mac-04-qa-prod,Microsoft.Network/loadBalancers,Load Balancers,Networking,team:QA,92.13,INR,35.43,1 Hour
2026-03-07,sub-psiog-001,MAC-04,rg-mac-04-qa-prod,Microsoft.DocumentDB/databaseAccounts,Cosmos DB,Data Services,team:QA,276.7,INR,3.84,1 Hour
2026-03-07,sub-psiog-001,MAC-05,rg-mac-05-security-prod,Microsoft.ContainerService/managedClusters,AKS Clusters,Compute,team:Security,872.93,INR,65.51,1 Hour
2026-03-07,sub-psiog-001,MAC-05,rg-mac-05-security-prod,Microsoft.Storage/storageAccounts/fileServices,File Storage,Storage,team:Security,305.04,INR,54.33,1 Hour
2026-03-07,sub-psiog-001,MAC-05,rg-mac-05-security-prod,Microsoft.Network/loadBalancers,Load Balancers,Networking,team:Security,339.99,INR,42.69,1 Hour
2026-03-07,sub-psiog-001,MAC-05,rg-mac-05-security-prod,Microsoft.Sql/servers/databases,SQL Database,Data Services,team:Security,397.09,INR,64.37,1 Hour
2026-03-07,sub-psiog-001,MAC-05,rg-mac-05-compliance-prod,Microsoft.Compute/virtualMachines,Virtual Machines,Compute,team:Compliance,442.6,INR,87.01,1 Hour
2026-03-07,sub-psiog-001,MAC-05,rg-mac-05-compliance-prod,Microsoft.Storage/storageAccounts/fileServices,File Storage,Storage,team:Compliance,217.17,INR,63.87,1 Hour
2026-03-07,sub-psiog-001,MAC-05,rg-mac-05-compliance-prod,Microsoft.Network/loadBalancers,Load Balancers,Networking,team:Compliance,184.49,INR,16.93,1 Hour
2026-03-07,sub-psiog-001,MAC-05,rg-mac-05-compliance-prod,Microsoft.DocumentDB/databaseAccounts,Cosmos DB,Data Services,team:Compliance,288.5,INR,6.58,1 Hour
2026-03-07,sub-psiog-001,MAC-06,rg-mac-06-infrastructure-prod,Microsoft.Compute/virtualMachines,Virtual Machines,Compute,team:Infrastructure,1745.65,INR,64.69,1 Hour
2026-03-07,sub-psiog-001,MAC-06,rg-mac-06-infrastructure-prod,Microsoft.Storage/storageAccounts/fileServices,File Storage,Storage,team:Infrastructure,461.17,INR,76.62,1 Hour
2026-03-07,sub-psiog-001,MAC-06,rg-mac-06-infrastructure-prod,Microsoft.Network/virtualNetworks,Virtual Networks,Networking,team:Infrastructure,403.94,INR,7.85,1 Hour
2026-03-07,sub-psiog-001,MAC-06,rg-mac-06-infrastructure-prod,Microsoft.DocumentDB/databaseAccounts,Cosmos DB,Data Services,team:Infrastructure,509.82,INR,6.22,1 Hour
2026-03-07,sub-psiog-001,MAC-06,rg-mac-06-cloudops-prod,Microsoft.ContainerService/managedClusters,AKS Clusters,Compute,team:CloudOps,1485.51,INR,19.16,1 Hour
2026-03-07,sub-psiog-001,MAC-06,rg-mac-06-cloudops-prod,Microsoft.Storage/storageAccounts,Blob Storage,Storage,team:CloudOps,382.02,INR,10.02,1 Hour
2026-03-07,sub-psiog-001,MAC-06,rg-mac-06-cloudops-prod,Microsoft.Network/virtualNetworks,Virtual Networks,Networking,team:CloudOps,313.03,INR,25.52,1 Hour
2026-03-07,sub-psiog-001,MAC-06,rg-mac-06-cloudops-prod,Microsoft.Sql/servers/databases,SQL Database,Data Services,team:CloudOps,501.33,INR,82.63,1 Hour
2026-03-07,sub-psiog-001,MAC-07,rg-mac-07-ml-prod,Microsoft.ContainerService/managedClusters,AKS Clusters,Compute,team:ML,1748.57,INR,27.84,1 Hour
2026-03-07,sub-psiog-001,MAC-07,rg-mac-07-ml-prod,Microsoft.Storage/storageAccounts,Blob Storage,Storage,team:ML,533.13,INR,36.17,1 Hour
2026-03-07,sub-psiog-001,MAC-07,rg-mac-07-ml-prod,Microsoft.Network/loadBalancers,Load Balancers,Networking,team:ML,198.68,INR,44.43,1 Hour
2026-03-07,sub-psiog-001,MAC-07,rg-mac-07-ml-prod,Microsoft.DocumentDB/databaseAccounts,Cosmos DB,Data Services,team:ML,821.74,INR,76.75,1 Hour
2026-03-07,sub-psiog-001,MAC-07,rg-mac-07-research-prod,Microsoft.Compute/virtualMachines,Virtual Machines,Compute,team:Research,825.59,INR,4.0,1 Hour
2026-03-07,sub-psiog-001,MAC-07,rg-mac-07-research-prod,Microsoft.Storage/storageAccounts/fileServices,File Storage,Storage,team:Research,447.63,INR,72.52,1 Hour
2026-03-07,sub-psiog-001,MAC-07,rg-mac-07-research-prod,Microsoft.Network/loadBalancers,Load Balancers,Networking,team:Research,216.19,INR,36.58,1 Hour
2026-03-07,sub-psiog-001,MAC-07,rg-mac-07-research-prod,Microsoft.Sql/servers/databases,SQL Database,Data Services,team:Research,715.86,INR,80.84,1 Hour
2026-03-07,sub-psiog-001,MAC-08,rg-mac-08-finance-prod,Microsoft.Compute/virtualMachines,Virtual Machines,Compute,team:Finance,349.44,INR,71.16,1 Hour
2026-03-07,sub-psiog-001,MAC-08,rg-mac-08-finance-prod,Microsoft.Storage/storageAccounts/fileServices,File Storage,Storage,team:Finance,229.07,INR,88.93,1 Hour
2026-03-07,sub-psiog-001,MAC-08,rg-mac-08-finance-prod,Microsoft.Network/virtualNetworks,Virtual Networks,Networking,team:Finance,127.42,INR,81.38,1 Hour
2026-03-07,sub-psiog-001,MAC-08,rg-mac-08-finance-prod,Microsoft.DocumentDB/databaseAccounts,Cosmos DB,Data Services,team:Finance,567.37,INR,11.8,1 Hour
2026-03-07,sub-psiog-001,MAC-08,rg-mac-08-operations-prod,Microsoft.Compute/virtualMachines,Virtual Machines,Compute,team:Operations,509.07,INR,68.39,1 Hour
2026-03-07,sub-psiog-001,MAC-08,rg-mac-08-operations-prod,Microsoft.Storage/storageAccounts/fileServices,File Storage,Storage,team:Operations,300.73,INR,4.82,1 Hour
2026-03-07,sub-psiog-001,MAC-08,rg-mac-08-operations-prod,Microsoft.Network/loadBalancers,Load Balancers,Networking,team:Operations,166.95,INR,16.1,1 Hour
2026-03-07,sub-psiog-001,MAC-08,rg-mac-08-operations-prod,Microsoft.Sql/servers/databases,SQL Database,Data Services,team:Operations,379.17,INR,86.12,1 Hour
2026-03-08,sub-psiog-001,MAC-01,rg-mac-01-devops-prod,Microsoft.ContainerService/managedClusters,AKS Clusters,Compute,team:DevOps,1242.27,INR,74.67,1 Hour
2026-03-08,sub-psiog-001,MAC-01,rg-mac-01-devops-prod,Microsoft.Storage/storageAccounts/fileServices,File Storage,Storage,team:DevOps,350.73,INR,57.27,1 Hour
2026-03-08,sub-psiog-001,MAC-01,rg-mac-01-devops-prod,Microsoft.Network/virtualNetworks,Virtual Networks,Networking,team:DevOps,259.83,INR,70.3,1 Hour
2026-03-08,sub-psiog-001,MAC-01,rg-mac-01-devops-prod,Microsoft.Sql/servers/databases,SQL Database,Data Services,team:DevOps,512.89,INR,75.37,1 Hour
2026-03-08,sub-psiog-001,MAC-01,rg-mac-01-platform-prod,Microsoft.Compute/virtualMachines,Virtual Machines,Compute,team:Platform,1070.48,INR,39.83,1 Hour
2026-03-08,sub-psiog-001,MAC-01,rg-mac-01-platform-prod,Microsoft.Storage/storageAccounts/fileServices,File Storage,Storage,team:Platform,356.93,INR,40.74,1 Hour
2026-03-08,sub-psiog-001,MAC-01,rg-mac-01-platform-prod,Microsoft.Network/virtualNetworks,Virtual Networks,Networking,team:Platform,251.35,INR,18.28,1 Hour
2026-03-08,sub-psiog-001,MAC-01,rg-mac-01-platform-prod,Microsoft.Sql/servers/databases,SQL Database,Data Services,team:Platform,490.83,INR,47.82,1 Hour
2026-03-08,sub-psiog-001,MAC-02,rg-mac-02-dataengineering-prod,Microsoft.ContainerService/managedClusters,AKS Clusters,Compute,team:DataEngineering,996.98,INR,37.97,1 Hour
2026-03-08,sub-psiog-001,MAC-02,rg-mac-02-dataengineering-prod,Microsoft.Storage/storageAccounts,Blob Storage,Storage,team:DataEngineering,670.9,INR,63.69,1 Hour
2026-03-08,sub-psiog-001,MAC-02,rg-mac-02-dataengineering-prod,Microsoft.Network/virtualNetworks,Virtual Networks,Networking,team:DataEngineering,188.74,INR,65.87,1 Hour
2026-03-08,sub-psiog-001,MAC-02,rg-mac-02-dataengineering-prod,Microsoft.DocumentDB/databaseAccounts,Cosmos DB,Data Services,team:DataEngineering,1120.94,INR,54.06,1 Hour
2026-03-08,sub-psiog-001,MAC-02,rg-mac-02-analytics-prod,Microsoft.ContainerService/managedClusters,AKS Clusters,Compute,team:Analytics,1086.99,INR,21.07,1 Hour
2026-03-08,sub-psiog-001,MAC-02,rg-mac-02-analytics-prod,Microsoft.Storage/storageAccounts/fileServices,File Storage,Storage,team:Analytics,580.5,INR,29.35,1 Hour
2026-03-08,sub-psiog-001,MAC-02,rg-mac-02-analytics-prod,Microsoft.Network/virtualNetworks,Virtual Networks,Networking,team:Analytics,183.57,INR,54.57,1 Hour
2026-03-08,sub-psiog-001,MAC-02,rg-mac-02-analytics-prod,Microsoft.Sql/servers/databases,SQL Database,Data Services,team:Analytics,955.75,INR,90.83,1 Hour
2026-03-08,sub-psiog-001,MAC-03,rg-mac-03-product-prod,Microsoft.ContainerService/managedClusters,AKS Clusters,Compute,team:Product,701.63,INR,95.24,1 Hour
2026-03-08,sub-psiog-001,MAC-03,rg-mac-03-product-prod,Microsoft.Storage/storageAccounts,Blob Storage,Storage,team:Product,229.57,INR,51.24,1 Hour
2026-03-08,sub-psiog-001,MAC-03,rg-mac-03-product-prod,Microsoft.Network/loadBalancers,Load Balancers,Networking,team:Product,141.44,INR,71.76,1 Hour
2026-03-08,sub-psiog-001,MAC-03,rg-mac-03-product-prod,Microsoft.Sql/servers/databases,SQL Database,Data Services,team:Product,387.11,INR,86.63,1 Hour
2026-03-08,sub-psiog-001,MAC-03,rg-mac-03-frontend-prod,Microsoft.ContainerService/managedClusters,AKS Clusters,Compute,team:Frontend,630.8,INR,42.3,1 Hour
2026-03-08,sub-psiog-001,MAC-03,rg-mac-03-frontend-prod,Microsoft.Storage/storageAccounts,Blob Storage,Storage,team:Frontend,164.72,INR,98.08,1 Hour
2026-03-08,sub-psiog-001,MAC-03,rg-mac-03-frontend-prod,Microsoft.Network/virtualNetworks,Virtual Networks,Networking,team:Frontend,100.31,INR,78.49,1 Hour
2026-03-08,sub-psiog-001,MAC-03,rg-mac-03-frontend-prod,Microsoft.Sql/servers/databases,SQL Database,Data Services,team:Frontend,224.46,INR,27.08,1 Hour
2026-03-08,sub-psiog-001,MAC-04,rg-mac-04-backend-prod,Microsoft.ContainerService/managedClusters,AKS Clusters,Compute,team:Backend,1003.65,INR,15.54,1 Hour
2026-03-08,sub-psiog-001,MAC-04,rg-mac-04-backend-prod,Microsoft.Storage/storageAccounts/fileServices,File Storage,Storage,team:Backend,363.27,INR,58.35,1 Hour
2026-03-08,sub-psiog-001,MAC-04,rg-mac-04-backend-prod,Microsoft.Network/virtualNetworks,Virtual Networks,Networking,team:Backend,249.8,INR,89.24,1 Hour
2026-03-08,sub-psiog-001,MAC-04,rg-mac-04-backend-prod,Microsoft.DocumentDB/databaseAccounts,Cosmos DB,Data Services,team:Backend,562.66,INR,25.37,1 Hour
2026-03-08,sub-psiog-001,MAC-04,rg-mac-04-qa-prod,Microsoft.Compute/virtualMachines,Virtual Machines,Compute,team:QA,507.94,INR,26.64,1 Hour
2026-03-08,sub-psiog-001,MAC-04,rg-mac-04-qa-prod,Microsoft.Storage/storageAccounts/fileServices,File Storage,Storage,team:QA,214.94,INR,30.95,1 Hour
2026-03-08,sub-psiog-001,MAC-04,rg-mac-04-qa-prod,Microsoft.Network/virtualNetworks,Virtual Networks,Networking,team:QA,94.83,INR,60.0,1 Hour
2026-03-08,sub-psiog-001,MAC-04,rg-mac-04-qa-prod,Microsoft.Sql/servers/databases,SQL Database,Data Services,team:QA,293.32,INR,27.33,1 Hour
2026-03-08,sub-psiog-001,MAC-05,rg-mac-05-security-prod,Microsoft.ContainerService/managedClusters,AKS Clusters,Compute,team:Security,876.99,INR,19.65,1 Hour
2026-03-08,sub-psiog-001,MAC-05,rg-mac-05-security-prod,Microsoft.Storage/storageAccounts,Blob Storage,Storage,team:Security,291.97,INR,69.77,1 Hour
2026-03-08,sub-psiog-001,MAC-05,rg-mac-05-security-prod,Microsoft.Network/loadBalancers,Load Balancers,Networking,team:Security,339.42,INR,67.09,1 Hour
2026-03-08,sub-psiog-001,MAC-05,rg-mac-05-security-prod,Microsoft.Sql/servers/databases,SQL Database,Data Services,team:Security,351.37,INR,26.04,1 Hour
2026-03-08,sub-psiog-001,MAC-05,rg-mac-05-compliance-prod,Microsoft.Compute/virtualMachines,Virtual Machines,Compute,team:Compliance,367.45,INR,85.67,1 Hour
2026-03-08,sub-psiog-001,MAC-05,rg-mac-05-compliance-prod,Microsoft.Storage/storageAccounts/fileServices,File Storage,Storage,team:Compliance,230.87,INR,67.76,1 Hour
2026-03-08,sub-psiog-001,MAC-05,rg-mac-05-compliance-prod,Microsoft.Network/loadBalancers,Load Balancers,Networking,team:Compliance,166.31,INR,56.25,1 Hour
2026-03-08,sub-psiog-001,MAC-05,rg-mac-05-compliance-prod,Microsoft.DocumentDB/databaseAccounts,Cosmos DB,Data Services,team:Compliance,310.27,INR,63.26,1 Hour
2026-03-08,sub-psiog-001,MAC-06,rg-mac-06-infrastructure-prod,Microsoft.Compute/virtualMachines,Virtual Machines,Compute,team:Infrastructure,1819.37,INR,50.95,1 Hour
2026-03-08,sub-psiog-001,MAC-06,rg-mac-06-infrastructure-prod,Microsoft.Storage/storageAccounts/fileServices,File Storage,Storage,team:Infrastructure,500.0,INR,93.07,1 Hour
2026-03-08,sub-psiog-001,MAC-06,rg-mac-06-infrastructure-prod,Microsoft.Network/virtualNetworks,Virtual Networks,Networking,team:Infrastructure,440.85,INR,86.05,1 Hour
2026-03-08,sub-psiog-001,MAC-06,rg-mac-06-infrastructure-prod,Microsoft.DocumentDB/databaseAccounts,Cosmos DB,Data Services,team:Infrastructure,537.06,INR,61.93,1 Hour
2026-03-08,sub-psiog-001,MAC-06,rg-mac-06-cloudops-prod,Microsoft.Compute/virtualMachines,Virtual Machines,Compute,team:CloudOps,1421.06,INR,11.85,1 Hour
2026-03-08,sub-psiog-001,MAC-06,rg-mac-06-cloudops-prod,Microsoft.Storage/storageAccounts,Blob Storage,Storage,team:CloudOps,470.93,INR,67.03,1 Hour
2026-03-08,sub-psiog-001,MAC-06,rg-mac-06-cloudops-prod,Microsoft.Network/loadBalancers,Load Balancers,Networking,team:CloudOps,312.33,INR,61.25,1 Hour
2026-03-08,sub-psiog-001,MAC-06,rg-mac-06-cloudops-prod,Microsoft.Sql/servers/databases,SQL Database,Data Services,team:CloudOps,442.36,INR,81.79,1 Hour
2026-03-08,sub-psiog-001,MAC-07,rg-mac-07-ml-prod,Microsoft.Compute/virtualMachines,Virtual Machines,Compute,team:ML,1543.72,INR,75.36,1 Hour
2026-03-08,sub-psiog-001,MAC-07,rg-mac-07-ml-prod,Microsoft.Storage/storageAccounts/fileServices,File Storage,Storage,team:ML,555.02,INR,25.67,1 Hour
2026-03-08,sub-psiog-001,MAC-07,rg-mac-07-ml-prod,Microsoft.Network/virtualNetworks,Virtual Networks,Networking,team:ML,224.5,INR,73.15,1 Hour
2026-03-08,sub-psiog-001,MAC-07,rg-mac-07-ml-prod,Microsoft.DocumentDB/databaseAccounts,Cosmos DB,Data Services,team:ML,710.65,INR,91.29,1 Hour
2026-03-08,sub-psiog-001,MAC-07,rg-mac-07-research-prod,Microsoft.ContainerService/managedClusters,AKS Clusters,Compute,team:Research,1024.19,INR,75.27,1 Hour
2026-03-08,sub-psiog-001,MAC-07,rg-mac-07-research-prod,Microsoft.Storage/storageAccounts/fileServices,File Storage,Storage,team:Research,505.4,INR,88.07,1 Hour
2026-03-08,sub-psiog-001,MAC-07,rg-mac-07-research-prod,Microsoft.Network/loadBalancers,Load Balancers,Networking,team:Research,200.26,INR,7.45,1 Hour
2026-03-08,sub-psiog-001,MAC-07,rg-mac-07-research-prod,Microsoft.Sql/servers/databases,SQL Database,Data Services,team:Research,710.5,INR,14.61,1 Hour
2026-03-08,sub-psiog-001,MAC-08,rg-mac-08-finance-prod,Microsoft.Compute/virtualMachines,Virtual Machines,Compute,team:Finance,366.83,INR,34.02,1 Hour
2026-03-08,sub-psiog-001,MAC-08,rg-mac-08-finance-prod,Microsoft.Storage/storageAccounts,Blob Storage,Storage,team:Finance,240.31,INR,85.15,1 Hour
2026-03-08,sub-psiog-001,MAC-08,rg-mac-08-finance-prod,Microsoft.Network/virtualNetworks,Virtual Networks,Networking,team:Finance,109.23,INR,23.53,1 Hour
2026-03-08,sub-psiog-001,MAC-08,rg-mac-08-finance-prod,Microsoft.Sql/servers/databases,SQL Database,Data Services,team:Finance,532.15,INR,18.14,1 Hour
2026-03-08,sub-psiog-001,MAC-08,rg-mac-08-operations-prod,Microsoft.ContainerService/managedClusters,AKS Clusters,Compute,team:Operations,521.73,INR,17.04,1 Hour
2026-03-08,sub-psiog-001,MAC-08,rg-mac-08-operations-prod,Microsoft.Storage/storageAccounts/fileServices,File Storage,Storage,team:Operations,336.65,INR,11.24,1 Hour
2026-03-08,sub-psiog-001,MAC-08,rg-mac-08-operations-prod,Microsoft.Network/virtualNetworks,Virtual Networks,Networking,team:Operations,160.38,INR,37.54,1 Hour
2026-03-08,sub-psiog-001,MAC-08,rg-mac-08-operations-prod,Microsoft.DocumentDB/databaseAccounts,Cosmos DB,Data Services,team:Operations,371.63,INR,92.87,1 Hour
2026-03-09,sub-psiog-001,MAC-01,rg-mac-01-devops-prod,Microsoft.ContainerService/managedClusters,AKS Clusters,Compute,team:DevOps,1217.77,INR,31.61,1 Hour
2026-03-09,sub-psiog-001,MAC-01,rg-mac-01-devops-prod,Microsoft.Storage/storageAccounts,Blob Storage,Storage,team:DevOps,307.13,INR,65.27,1 Hour
2026-03-09,sub-psiog-001,MAC-01,rg-mac-01-devops-prod,Microsoft.Network/loadBalancers,Load Balancers,Networking,team:DevOps,204.11,INR,51.7,1 Hour
2026-03-09,sub-psiog-001,MAC-01,rg-mac-01-devops-prod,Microsoft.Sql/servers/databases,SQL Database,Data Services,team:DevOps,519.36,INR,6.61,1 Hour
2026-03-09,sub-psiog-001,MAC-01,rg-mac-01-platform-prod,Microsoft.ContainerService/managedClusters,AKS Clusters,Compute,team:Platform,1116.61,INR,4.44,1 Hour
2026-03-09,sub-psiog-001,MAC-01,rg-mac-01-platform-prod,Microsoft.Storage/storageAccounts/fileServices,File Storage,Storage,team:Platform,327.87,INR,56.85,1 Hour
2026-03-09,sub-psiog-001,MAC-01,rg-mac-01-platform-prod,Microsoft.Network/virtualNetworks,Virtual Networks,Networking,team:Platform,245.3,INR,24.09,1 Hour
2026-03-09,sub-psiog-001,MAC-01,rg-mac-01-platform-prod,Microsoft.Sql/servers/databases,SQL Database,Data Services,team:Platform,485.81,INR,55.22,1 Hour
2026-03-09,sub-psiog-001,MAC-02,rg-mac-02-dataengineering-prod,Microsoft.ContainerService/managedClusters,AKS Clusters,Compute,team:DataEngineering,1034.01,INR,34.45,1 Hour
2026-03-09,sub-psiog-001,MAC-02,rg-mac-02-dataengineering-prod,Microsoft.Storage/storageAccounts/fileServices,File Storage,Storage,team:DataEngineering,753.64,INR,28.93,1 Hour
2026-03-09,sub-psiog-001,MAC-02,rg-mac-02-dataengineering-prod,Microsoft.Network/loadBalancers,Load Balancers,Networking,team:DataEngineering,187.02,INR,16.72,1 Hour
2026-03-09,sub-psiog-001,MAC-02,rg-mac-02-dataengineering-prod,Microsoft.DocumentDB/databaseAccounts,Cosmos DB,Data Services,team:DataEngineering,1015.32,INR,86.18,1 Hour
2026-03-09,sub-psiog-001,MAC-02,rg-mac-02-analytics-prod,Microsoft.ContainerService/managedClusters,AKS Clusters,Compute,team:Analytics,1004.74,INR,89.09,1 Hour
2026-03-09,sub-psiog-001,MAC-02,rg-mac-02-analytics-prod,Microsoft.Storage/storageAccounts,Blob Storage,Storage,team:Analytics,586.04,INR,56.57,1 Hour
2026-03-09,sub-psiog-001,MAC-02,rg-mac-02-analytics-prod,Microsoft.Network/loadBalancers,Load Balancers,Networking,team:Analytics,180.29,INR,21.34,1 Hour
2026-03-09,sub-psiog-001,MAC-02,rg-mac-02-analytics-prod,Microsoft.DocumentDB/databaseAccounts,Cosmos DB,Data Services,team:Analytics,827.15,INR,82.43,1 Hour
2026-03-09,sub-psiog-001,MAC-03,rg-mac-03-product-prod,Microsoft.Compute/virtualMachines,Virtual Machines,Compute,team:Product,723.82,INR,99.47,1 Hour
2026-03-09,sub-psiog-001,MAC-03,rg-mac-03-product-prod,Microsoft.Storage/storageAccounts/fileServices,File Storage,Storage,team:Product,233.55,INR,40.01,1 Hour
2026-03-09,sub-psiog-001,MAC-03,rg-mac-03-product-prod,Microsoft.Network/virtualNetworks,Virtual Networks,Networking,team:Product,129.19,INR,54.7,1 Hour
2026-03-09,sub-psiog-001,MAC-03,rg-mac-03-product-prod,Microsoft.Sql/servers/databases,SQL Database,Data Services,team:Product,319.54,INR,14.85,1 Hour
2026-03-09,sub-psiog-001,MAC-03,rg-mac-03-frontend-prod,Microsoft.ContainerService/managedClusters,AKS Clusters,Compute,team:Frontend,623.83,INR,84.08,1 Hour
2026-03-09,sub-psiog-001,MAC-03,rg-mac-03-frontend-prod,Microsoft.Storage/storageAccounts,Blob Storage,Storage,team:Frontend,166.95,INR,62.94,1 Hour
2026-03-09,sub-psiog-001,MAC-03,rg-mac-03-frontend-prod,Microsoft.Network/loadBalancers,Load Balancers,Networking,team:Frontend,119.6,INR,65.65,1 Hour
2026-03-09,sub-psiog-001,MAC-03,rg-mac-03-frontend-prod,Microsoft.DocumentDB/databaseAccounts,Cosmos DB,Data Services,team:Frontend,193.28,INR,99.03,1 Hour
2026-03-09,sub-psiog-001,MAC-04,rg-mac-04-backend-prod,Microsoft.Compute/virtualMachines,Virtual Machines,Compute,team:Backend,917.6,INR,83.33,1 Hour
2026-03-09,sub-psiog-001,MAC-04,rg-mac-04-backend-prod,Microsoft.Storage/storageAccounts,Blob Storage,Storage,team:Backend,391.32,INR,24.98,1 Hour
2026-03-09,sub-psiog-001,MAC-04,rg-mac-04-backend-prod,Microsoft.Network/virtualNetworks,Virtual Networks,Networking,team:Backend,237.6,INR,31.27,1 Hour
2026-03-09,sub-psiog-001,MAC-04,rg-mac-04-backend-prod,Microsoft.Sql/servers/databases,SQL Database,Data Services,team:Backend,647.85,INR,96.44,1 Hour
2026-03-09,sub-psiog-001,MAC-04,rg-mac-04-qa-prod,Microsoft.Compute/virtualMachines,Virtual Machines,Compute,team:QA,391.47,INR,42.09,1 Hour
2026-03-09,sub-psiog-001,MAC-04,rg-mac-04-qa-prod,Microsoft.Storage/storageAccounts/fileServices,File Storage,Storage,team:QA,197.73,INR,94.77,1 Hour
2026-03-09,sub-psiog-001,MAC-04,rg-mac-04-qa-prod,Microsoft.Network/loadBalancers,Load Balancers,Networking,team:QA,110.15,INR,45.43,1 Hour
2026-03-09,sub-psiog-001,MAC-04,rg-mac-04-qa-prod,Microsoft.DocumentDB/databaseAccounts,Cosmos DB,Data Services,team:QA,297.8,INR,26.11,1 Hour
2026-03-09,sub-psiog-001,MAC-05,rg-mac-05-security-prod,Microsoft.Compute/virtualMachines,Virtual Machines,Compute,team:Security,692.63,INR,75.22,1 Hour
2026-03-09,sub-psiog-001,MAC-05,rg-mac-05-security-prod,Microsoft.Storage/storageAccounts/fileServices,File Storage,Storage,team:Security,296.08,INR,1.24,1 Hour
2026-03-09,sub-psiog-001,MAC-05,rg-mac-05-security-prod,Microsoft.Network/virtualNetworks,Virtual Networks,Networking,team:Security,300.59,INR,75.1,1 Hour
2026-03-09,sub-psiog-001,MAC-05,rg-mac-05-security-prod,Microsoft.DocumentDB/databaseAccounts,Cosmos DB,Data Services,team:Security,392.14,INR,1.25,1 Hour
2026-03-09,sub-psiog-001,MAC-05,rg-mac-05-compliance-prod,Microsoft.ContainerService/managedClusters,AKS Clusters,Compute,team:Compliance,344.75,INR,23.09,1 Hour
2026-03-09,sub-psiog-001,MAC-05,rg-mac-05-compliance-prod,Microsoft.Storage/storageAccounts,Blob Storage,Storage,team:Compliance,280.14,INR,85.45,1 Hour
2026-03-09,sub-psiog-001,MAC-05,rg-mac-05-compliance-prod,Microsoft.Network/loadBalancers,Load Balancers,Networking,team:Compliance,187.87,INR,90.84,1 Hour
2026-03-09,sub-psiog-001,MAC-05,rg-mac-05-compliance-prod,Microsoft.DocumentDB/databaseAccounts,Cosmos DB,Data Services,team:Compliance,339.02,INR,31.67,1 Hour
2026-03-09,sub-psiog-001,MAC-06,rg-mac-06-infrastructure-prod,Microsoft.Compute/virtualMachines,Virtual Machines,Compute,team:Infrastructure,1514.76,INR,28.86,1 Hour
2026-03-09,sub-psiog-001,MAC-06,rg-mac-06-infrastructure-prod,Microsoft.Storage/storageAccounts/fileServices,File Storage,Storage,team:Infrastructure,422.5,INR,34.5,1 Hour
2026-03-09,sub-psiog-001,MAC-06,rg-mac-06-infrastructure-prod,Microsoft.Network/loadBalancers,Load Balancers,Networking,team:Infrastructure,391.85,INR,33.03,1 Hour
2026-03-09,sub-psiog-001,MAC-06,rg-mac-06-infrastructure-prod,Microsoft.Sql/servers/databases,SQL Database,Data Services,team:Infrastructure,466.34,INR,77.83,1 Hour
2026-03-09,sub-psiog-001,MAC-06,rg-mac-06-cloudops-prod,Microsoft.ContainerService/managedClusters,AKS Clusters,Compute,team:CloudOps,1327.84,INR,24.92,1 Hour
2026-03-09,sub-psiog-001,MAC-06,rg-mac-06-cloudops-prod,Microsoft.Storage/storageAccounts,Blob Storage,Storage,team:CloudOps,422.55,INR,46.15,1 Hour
2026-03-09,sub-psiog-001,MAC-06,rg-mac-06-cloudops-prod,Microsoft.Network/loadBalancers,Load Balancers,Networking,team:CloudOps,391.36,INR,74.62,1 Hour
2026-03-09,sub-psiog-001,MAC-06,rg-mac-06-cloudops-prod,Microsoft.Sql/servers/databases,SQL Database,Data Services,team:CloudOps,442.95,INR,47.33,1 Hour
2026-03-09,sub-psiog-001,MAC-07,rg-mac-07-ml-prod,Microsoft.Compute/virtualMachines,Virtual Machines,Compute,team:ML,2058.75,INR,80.99,1 Hour
2026-03-09,sub-psiog-001,MAC-07,rg-mac-07-ml-prod,Microsoft.Storage/storageAccounts/fileServices,File Storage,Storage,team:ML,581.81,INR,26.88,1 Hour
2026-03-09,sub-psiog-001,MAC-07,rg-mac-07-ml-prod,Microsoft.Network/virtualNetworks,Virtual Networks,Networking,team:ML,260.66,INR,65.75,1 Hour
2026-03-09,sub-psiog-001,MAC-07,rg-mac-07-ml-prod,Microsoft.DocumentDB/databaseAccounts,Cosmos DB,Data Services,team:ML,791.12,INR,41.64,1 Hour
2026-03-09,sub-psiog-001,MAC-07,rg-mac-07-research-prod,Microsoft.ContainerService/managedClusters,AKS Clusters,Compute,team:Research,915.1,INR,25.64,1 Hour
2026-03-09,sub-psiog-001,MAC-07,rg-mac-07-research-prod,Microsoft.Storage/storageAccounts/fileServices,File Storage,Storage,team:Research,512.02,INR,51.93,1 Hour
2026-03-09,sub-psiog-001,MAC-07,rg-mac-07-research-prod,Microsoft.Network/loadBalancers,Load Balancers,Networking,team:Research,195.52,INR,54.39,1 Hour
2026-03-09,sub-psiog-001,MAC-07,rg-mac-07-research-prod,Microsoft.Sql/servers/databases,SQL Database,Data Services,team:Research,767.27,INR,11.85,1 Hour
2026-03-09,sub-psiog-001,MAC-08,rg-mac-08-finance-prod,Microsoft.Compute/virtualMachines,Virtual Machines,Compute,team:Finance,313.25,INR,54.35,1 Hour
2026-03-09,sub-psiog-001,MAC-08,rg-mac-08-finance-prod,Microsoft.Storage/storageAccounts,Blob Storage,Storage,team:Finance,204.1,INR,88.44,1 Hour
2026-03-09,sub-psiog-001,MAC-08,rg-mac-08-finance-prod,Microsoft.Network/loadBalancers,Load Balancers,Networking,team:Finance,122.53,INR,31.9,1 Hour
2026-03-09,sub-psiog-001,MAC-08,rg-mac-08-finance-prod,Microsoft.Sql/servers/databases,SQL Database,Data Services,team:Finance,537.5,INR,5.83,1 Hour
2026-03-09,sub-psiog-001,MAC-08,rg-mac-08-operations-prod,Microsoft.ContainerService/managedClusters,AKS Clusters,Compute,team:Operations,544.94,INR,40.14,1 Hour
2026-03-09,sub-psiog-001,MAC-08,rg-mac-08-operations-prod,Microsoft.Storage/storageAccounts,Blob Storage,Storage,team:Operations,294.93,INR,1.08,1 Hour
2026-03-09,sub-psiog-001,MAC-08,rg-mac-08-operations-prod,Microsoft.Network/virtualNetworks,Virtual Networks,Networking,team:Operations,164.19,INR,45.68,1 Hour
2026-03-09,sub-psiog-001,MAC-08,rg-mac-08-operations-prod,Microsoft.Sql/servers/databases,SQL Database,Data Services,team:Operations,467.96,INR,51.35,1 Hour
2026-03-10,sub-psiog-001,MAC-01,rg-mac-01-devops-prod,Microsoft.ContainerService/managedClusters,AKS Clusters,Compute,team:DevOps,1359.82,INR,91.75,1 Hour
2026-03-10,sub-psiog-001,MAC-01,rg-mac-01-devops-prod,Microsoft.Storage/storageAccounts,Blob Storage,Storage,team:DevOps,382.86,INR,53.25,1 Hour
2026-03-10,sub-psiog-001,MAC-01,rg-mac-01-devops-prod,Microsoft.Network/virtualNetworks,Virtual Networks,Networking,team:DevOps,225.0,INR,39.71,1 Hour
2026-03-10,sub-psiog-001,MAC-01,rg-mac-01-devops-prod,Microsoft.DocumentDB/databaseAccounts,Cosmos DB,Data Services,team:DevOps,452.17,INR,14.46,1 Hour
2026-03-10,sub-psiog-001,MAC-01,rg-mac-01-platform-prod,Microsoft.ContainerService/managedClusters,AKS Clusters,Compute,team:Platform,1394.58,INR,25.35,1 Hour
2026-03-10,sub-psiog-001,MAC-01,rg-mac-01-platform-prod,Microsoft.Storage/storageAccounts/fileServices,File Storage,Storage,team:Platform,326.25,INR,76.22,1 Hour
2026-03-10,sub-psiog-001,MAC-01,rg-mac-01-platform-prod,Microsoft.Network/virtualNetworks,Virtual Networks,Networking,team:Platform,321.0,INR,13.23,1 Hour
2026-03-10,sub-psiog-001,MAC-01,rg-mac-01-platform-prod,Microsoft.Sql/servers/databases,SQL Database,Data Services,team:Platform,483.16,INR,88.47,1 Hour
2026-03-10,sub-psiog-001,MAC-02,rg-mac-02-dataengineering-prod,Microsoft.Compute/virtualMachines,Virtual Machines,Compute,team:DataEngineering,1082.1,INR,76.58,1 Hour
2026-03-10,sub-psiog-001,MAC-02,rg-mac-02-dataengineering-prod,Microsoft.Storage/storageAccounts/fileServices,File Storage,Storage,team:DataEngineering,735.23,INR,87.45,1 Hour
2026-03-10,sub-psiog-001,MAC-02,rg-mac-02-dataengineering-prod,Microsoft.Network/virtualNetworks,Virtual Networks,Networking,team:DataEngineering,175.2,INR,45.5,1 Hour
2026-03-10,sub-psiog-001,MAC-02,rg-mac-02-dataengineering-prod,Microsoft.DocumentDB/databaseAccounts,Cosmos DB,Data Services,team:DataEngineering,960.59,INR,57.61,1 Hour
2026-03-10,sub-psiog-001,MAC-02,rg-mac-02-analytics-prod,Microsoft.ContainerService/managedClusters,AKS Clusters,Compute,team:Analytics,954.4,INR,54.3,1 Hour
2026-03-10,sub-psiog-001,MAC-02,rg-mac-02-analytics-prod,Microsoft.Storage/storageAccounts,Blob Storage,Storage,team:Analytics,653.61,INR,61.95,1 Hour
2026-03-10,sub-psiog-001,MAC-02,rg-mac-02-analytics-prod,Microsoft.Network/virtualNetworks,Virtual Networks,Networking,team:Analytics,184.54,INR,38.06,1 Hour
2026-03-10,sub-psiog-001,MAC-02,rg-mac-02-analytics-prod,Microsoft.Sql/servers/databases,SQL Database,Data Services,team:Analytics,1080.54,INR,49.28,1 Hour
2026-03-10,sub-psiog-001,MAC-03,rg-mac-03-product-prod,Microsoft.ContainerService/managedClusters,AKS Clusters,Compute,team:Product,780.0,INR,54.46,1 Hour
2026-03-10,sub-psiog-001,MAC-03,rg-mac-03-product-prod,Microsoft.Storage/storageAccounts/fileServices,File Storage,Storage,team:Product,259.25,INR,53.76,1 Hour
2026-03-10,sub-psiog-001,MAC-03,rg-mac-03-product-prod,Microsoft.Network/virtualNetworks,Virtual Networks,Networking,team:Product,121.67,INR,69.7,1 Hour
2026-03-10,sub-psiog-001,MAC-03,rg-mac-03-product-prod,Microsoft.Sql/servers/databases,SQL Database,Data Services,team:Product,316.57,INR,59.52,1 Hour
2026-03-10,sub-psiog-001,MAC-03,rg-mac-03-frontend-prod,Microsoft.ContainerService/managedClusters,AKS Clusters,Compute,team:Frontend,608.51,INR,3.21,1 Hour
2026-03-10,sub-psiog-001,MAC-03,rg-mac-03-frontend-prod,Microsoft.Storage/storageAccounts/fileServices,File Storage,Storage,team:Frontend,164.73,INR,25.54,1 Hour
2026-03-10,sub-psiog-001,MAC-03,rg-mac-03-frontend-prod,Microsoft.Network/virtualNetworks,Virtual Networks,Networking,team:Frontend,104.1,INR,83.72,1 Hour
2026-03-10,sub-psiog-001,MAC-03,rg-mac-03-frontend-prod,Microsoft.Sql/servers/databases,SQL Database,Data Services,team:Frontend,208.74,INR,4.49,1 Hour
2026-03-10,sub-psiog-001,MAC-04,rg-mac-04-backend-prod,Microsoft.Compute/virtualMachines,Virtual Machines,Compute,team:Backend,1057.35,INR,30.84,1 Hour
2026-03-10,sub-psiog-001,MAC-04,rg-mac-04-backend-prod,Microsoft.Storage/storageAccounts/fileServices,File Storage,Storage,team:Backend,407.05,INR,45.44,1 Hour
2026-03-10,sub-psiog-001,MAC-04,rg-mac-04-backend-prod,Microsoft.Network/loadBalancers,Load Balancers,Networking,team:Backend,253.93,INR,73.13,1 Hour
2026-03-10,sub-psiog-001,MAC-04,rg-mac-04-backend-prod,Microsoft.Sql/servers/databases,SQL Database,Data Services,team:Backend,508.45,INR,35.42,1 Hour
2026-03-10,sub-psiog-001,MAC-04,rg-mac-04-qa-prod,Microsoft.Compute/virtualMachines,Virtual Machines,Compute,team:QA,412.47,INR,53.6,1 Hour
2026-03-10,sub-psiog-001,MAC-04,rg-mac-04-qa-prod,Microsoft.Storage/storageAccounts,Blob Storage,Storage,team:QA,206.54,INR,42.41,1 Hour
2026-03-10,sub-psiog-001,MAC-04,rg-mac-04-qa-prod,Microsoft.Network/virtualNetworks,Virtual Networks,Networking,team:QA,102.7,INR,96.95,1 Hour
2026-03-10,sub-psiog-001,MAC-04,rg-mac-04-qa-prod,Microsoft.DocumentDB/databaseAccounts,Cosmos DB,Data Services,team:QA,258.68,INR,27.48,1 Hour
2026-03-10,sub-psiog-001,MAC-05,rg-mac-05-security-prod,Microsoft.ContainerService/managedClusters,AKS Clusters,Compute,team:Security,690.18,INR,8.81,1 Hour
2026-03-10,sub-psiog-001,MAC-05,rg-mac-05-security-prod,Microsoft.Storage/storageAccounts/fileServices,File Storage,Storage,team:Security,247.38,INR,48.45,1 Hour
2026-03-10,sub-psiog-001,MAC-05,rg-mac-05-security-prod,Microsoft.Network/virtualNetworks,Virtual Networks,Networking,team:Security,324.28,INR,94.27,1 Hour
2026-03-10,sub-psiog-001,MAC-05,rg-mac-05-security-prod,Microsoft.DocumentDB/databaseAccounts,Cosmos DB,Data Services,team:Security,437.57,INR,86.88,1 Hour
2026-03-10,sub-psiog-001,MAC-05,rg-mac-05-compliance-prod,Microsoft.Compute/virtualMachines,Virtual Machines,Compute,team:Compliance,427.13,INR,35.51,1 Hour
2026-03-10,sub-psiog-001,MAC-05,rg-mac-05-compliance-prod,Microsoft.Storage/storageAccounts/fileServices,File Storage,Storage,team:Compliance,248.74,INR,45.29,1 Hour
2026-03-10,sub-psiog-001,MAC-05,rg-mac-05-compliance-prod,Microsoft.Network/loadBalancers,Load Balancers,Networking,team:Compliance,157.6,INR,34.31,1 Hour
2026-03-10,sub-psiog-001,MAC-05,rg-mac-05-compliance-prod,Microsoft.Sql/servers/databases,SQL Database,Data Services,team:Compliance,368.3,INR,4.9,1 Hour
2026-03-10,sub-psiog-001,MAC-06,rg-mac-06-infrastructure-prod,Microsoft.ContainerService/managedClusters,AKS Clusters,Compute,team:Infrastructure,1447.2,INR,70.38,1 Hour
2026-03-10,sub-psiog-001,MAC-06,rg-mac-06-infrastructure-prod,Microsoft.Storage/storageAccounts/fileServices,File Storage,Storage,team:Infrastructure,456.84,INR,60.56,1 Hour
2026-03-10,sub-psiog-001,MAC-06,rg-mac-06-infrastructure-prod,Microsoft.Network/virtualNetworks,Virtual Networks,Networking,team:Infrastructure,448.33,INR,43.55,1 Hour
2026-03-10,sub-psiog-001,MAC-06,rg-mac-06-infrastructure-prod,Microsoft.Sql/servers/databases,SQL Database,Data Services,team:Infrastructure,476.88,INR,68.5,1 Hour
2026-03-10,sub-psiog-001,MAC-06,rg-mac-06-cloudops-prod,Microsoft.Compute/virtualMachines,Virtual Machines,Compute,team:CloudOps,1623.46,INR,3.9,1 Hour
2026-03-10,sub-psiog-001,MAC-06,rg-mac-06-cloudops-prod,Microsoft.Storage/storageAccounts/fileServices,File Storage,Storage,team:CloudOps,479.59,INR,39.93,1 Hour
2026-03-10,sub-psiog-001,MAC-06,rg-mac-06-cloudops-prod,Microsoft.Network/loadBalancers,Load Balancers,Networking,team:CloudOps,346.65,INR,84.32,1 Hour
2026-03-10,sub-psiog-001,MAC-06,rg-mac-06-cloudops-prod,Microsoft.Sql/servers/databases,SQL Database,Data Services,team:CloudOps,430.7,INR,5.81,1 Hour
2026-03-10,sub-psiog-001,MAC-07,rg-mac-07-ml-prod,Microsoft.ContainerService/managedClusters,AKS Clusters,Compute,team:ML,1853.7,INR,94.4,1 Hour
2026-03-10,sub-psiog-001,MAC-07,rg-mac-07-ml-prod,Microsoft.Storage/storageAccounts/fileServices,File Storage,Storage,team:ML,544.72,INR,24.57,1 Hour
2026-03-10,sub-psiog-001,MAC-07,rg-mac-07-ml-prod,Microsoft.Network/virtualNetworks,Virtual Networks,Networking,team:ML,203.81,INR,95.61,1 Hour
2026-03-10,sub-psiog-001,MAC-07,rg-mac-07-ml-prod,Microsoft.Sql/servers/databases,SQL Database,Data Services,team:ML,795.3,INR,98.97,1 Hour
2026-03-10,sub-psiog-001,MAC-07,rg-mac-07-research-prod,Microsoft.ContainerService/managedClusters,AKS Clusters,Compute,team:Research,941.8,INR,9.64,1 Hour
2026-03-10,sub-psiog-001,MAC-07,rg-mac-07-research-prod,Microsoft.Storage/storageAccounts,Blob Storage,Storage,team:Research,573.7,INR,20.92,1 Hour
2026-03-10,sub-psiog-001,MAC-07,rg-mac-07-research-prod,Microsoft.Network/loadBalancers,Load Balancers,Networking,team:Research,196.71,INR,13.46,1 Hour
2026-03-10,sub-psiog-001,MAC-07,rg-mac-07-research-prod,Microsoft.DocumentDB/databaseAccounts,Cosmos DB,Data Services,team:Research,786.12,INR,15.46,1 Hour
2026-03-10,sub-psiog-001,MAC-08,rg-mac-08-finance-prod,Microsoft.Compute/virtualMachines,Virtual Machines,Compute,team:Finance,386.29,INR,45.0,1 Hour
2026-03-10,sub-psiog-001,MAC-08,rg-mac-08-finance-prod,Microsoft.Storage/storageAccounts/fileServices,File Storage,Storage,team:Finance,224.79,INR,31.54,1 Hour
2026-03-10,sub-psiog-001,MAC-08,rg-mac-08-finance-prod,Microsoft.Network/loadBalancers,Load Balancers,Networking,team:Finance,113.18,INR,16.03,1 Hour
2026-03-10,sub-psiog-001,MAC-08,rg-mac-08-finance-prod,Microsoft.DocumentDB/databaseAccounts,Cosmos DB,Data Services,team:Finance,577.31,INR,13.2,1 Hour
2026-03-10,sub-psiog-001,MAC-08,rg-mac-08-operations-prod,Microsoft.ContainerService/managedClusters,AKS Clusters,Compute,team:Operations,515.15,INR,13.09,1 Hour
2026-03-10,sub-psiog-001,MAC-08,rg-mac-08-operations-prod,Microsoft.Storage/storageAccounts,Blob Storage,Storage,team:Operations,295.52,INR,39.57,1 Hour
2026-03-10,sub-psiog-001,MAC-08,rg-mac-08-operations-prod,Microsoft.Network/virtualNetworks,Virtual Networks,Networking,team:Operations,129.84,INR,21.56,1 Hour
2026-03-10,sub-psiog-001,MAC-08,rg-mac-08-operations-prod,Microsoft.DocumentDB/databaseAccounts,Cosmos DB,Data Services,team:Operations,442.88,INR,12.84,1 Hour
2026-03-11,sub-psiog-001,MAC-01,rg-mac-01-devops-prod,Microsoft.Compute/virtualMachines,Virtual Machines,Compute,team:DevOps,1344.46,INR,70.23,1 Hour
2026-03-11,sub-psiog-001,MAC-01,rg-mac-01-devops-prod,Microsoft.Storage/storageAccounts/fileServices,File Storage,Storage,team:DevOps,321.51,INR,78.01,1 Hour
2026-03-11,sub-psiog-001,MAC-01,rg-mac-01-devops-prod,Microsoft.Network/virtualNetworks,Virtual Networks,Networking,team:DevOps,234.64,INR,82.35,1 Hour
2026-03-11,sub-psiog-001,MAC-01,rg-mac-01-devops-prod,Microsoft.DocumentDB/databaseAccounts,Cosmos DB,Data Services,team:DevOps,475.14,INR,34.58,1 Hour
2026-03-11,sub-psiog-001,MAC-01,rg-mac-01-platform-prod,Microsoft.ContainerService/managedClusters,AKS Clusters,Compute,team:Platform,1147.51,INR,47.66,1 Hour
2026-03-11,sub-psiog-001,MAC-01,rg-mac-01-platform-prod,Microsoft.Storage/storageAccounts,Blob Storage,Storage,team:Platform,296.6,INR,59.61,1 Hour
2026-03-11,sub-psiog-001,MAC-01,rg-mac-01-platform-prod,Microsoft.Network/loadBalancers,Load Balancers,Networking,team:Platform,252.51,INR,40.26,1 Hour
2026-03-11,sub-psiog-001,MAC-01,rg-mac-01-platform-prod,Microsoft.DocumentDB/databaseAccounts,Cosmos DB,Data Services,team:Platform,410.44,INR,21.42,1 Hour
2026-03-11,sub-psiog-001,MAC-02,rg-mac-02-dataengineering-prod,Microsoft.ContainerService/managedClusters,AKS Clusters,Compute,team:DataEngineering,1044.06,INR,40.19,1 Hour
2026-03-11,sub-psiog-001,MAC-02,rg-mac-02-dataengineering-prod,Microsoft.Storage/storageAccounts,Blob Storage,Storage,team:DataEngineering,729.68,INR,5.79,1 Hour
2026-03-11,sub-psiog-001,MAC-02,rg-mac-02-dataengineering-prod,Microsoft.Network/virtualNetworks,Virtual Networks,Networking,team:DataEngineering,220.6,INR,62.25,1 Hour
2026-03-11,sub-psiog-001,MAC-02,rg-mac-02-dataengineering-prod,Microsoft.DocumentDB/databaseAccounts,Cosmos DB,Data Services,team:DataEngineering,1080.11,INR,88.26,1 Hour
2026-03-11,sub-psiog-001,MAC-02,rg-mac-02-analytics-prod,Microsoft.Compute/virtualMachines,Virtual Machines,Compute,team:Analytics,853.18,INR,21.99,1 Hour
2026-03-11,sub-psiog-001,MAC-02,rg-mac-02-analytics-prod,Microsoft.Storage/storageAccounts/fileServices,File Storage,Storage,team:Analytics,694.33,INR,53.62,1 Hour
2026-03-11,sub-psiog-001,MAC-02,rg-mac-02-analytics-prod,Microsoft.Network/loadBalancers,Load Balancers,Networking,team:Analytics,173.4,INR,80.83,1 Hour
2026-03-11,sub-psiog-001,MAC-02,rg-mac-02-analytics-prod,Microsoft.DocumentDB/databaseAccounts,Cosmos DB,Data Services,team:Analytics,1003.03,INR,98.67,1 Hour
2026-03-11,sub-psiog-001,MAC-03,rg-mac-03-product-prod,Microsoft.Compute/virtualMachines,Virtual Machines,Compute,team:Product,753.39,INR,19.75,1 Hour
2026-03-11,sub-psiog-001,MAC-03,rg-mac-03-product-prod,Microsoft.Storage/storageAccounts,Blob Storage,Storage,team:Product,225.88,INR,68.87,1 Hour
2026-03-11,sub-psiog-001,MAC-03,rg-mac-03-product-prod,Microsoft.Network/virtualNetworks,Virtual Networks,Networking,team:Product,153.61,INR,54.68,1 Hour
2026-03-11,sub-psiog-001,MAC-03,rg-mac-03-product-prod,Microsoft.DocumentDB/databaseAccounts,Cosmos DB,Data Services,team:Product,353.21,INR,84.48,1 Hour
2026-03-11,sub-psiog-001,MAC-03,rg-mac-03-frontend-prod,Microsoft.Compute/virtualMachines,Virtual Machines,Compute,team:Frontend,558.41,INR,55.1,1 Hour
2026-03-11,sub-psiog-001,MAC-03,rg-mac-03-frontend-prod,Microsoft.Storage/storageAccounts,Blob Storage,Storage,team:Frontend,188.59,INR,95.71,1 Hour
2026-03-11,sub-psiog-001,MAC-03,rg-mac-03-frontend-prod,Microsoft.Network/virtualNetworks,Virtual Networks,Networking,team:Frontend,104.37,INR,96.65,1 Hour
2026-03-11,sub-psiog-001,MAC-03,rg-mac-03-frontend-prod,Microsoft.Sql/servers/databases,SQL Database,Data Services,team:Frontend,203.16,INR,7.81,1 Hour
2026-03-11,sub-psiog-001,MAC-04,rg-mac-04-backend-prod,Microsoft.ContainerService/managedClusters,AKS Clusters,Compute,team:Backend,966.35,INR,44.89,1 Hour
2026-03-11,sub-psiog-001,MAC-04,rg-mac-04-backend-prod,Microsoft.Storage/storageAccounts,Blob Storage,Storage,team:Backend,396.42,INR,12.3,1 Hour
2026-03-11,sub-psiog-001,MAC-04,rg-mac-04-backend-prod,Microsoft.Network/virtualNetworks,Virtual Networks,Networking,team:Backend,283.17,INR,12.0,1 Hour
2026-03-11,sub-psiog-001,MAC-04,rg-mac-04-backend-prod,Microsoft.DocumentDB/databaseAccounts,Cosmos DB,Data Services,team:Backend,592.17,INR,93.81,1 Hour
2026-03-11,sub-psiog-001,MAC-04,rg-mac-04-qa-prod,Microsoft.ContainerService/managedClusters,AKS Clusters,Compute,team:QA,513.08,INR,22.61,1 Hour
2026-03-11,sub-psiog-001,MAC-04,rg-mac-04-qa-prod,Microsoft.Storage/storageAccounts/fileServices,File Storage,Storage,team:QA,204.37,INR,28.85,1 Hour
2026-03-11,sub-psiog-001,MAC-04,rg-mac-04-qa-prod,Microsoft.Network/loadBalancers,Load Balancers,Networking,team:QA,114.22,INR,43.71,1 Hour
2026-03-11,sub-psiog-001,MAC-04,rg-mac-04-qa-prod,Microsoft.DocumentDB/databaseAccounts,Cosmos DB,Data Services,team:QA,253.19,INR,50.19,1 Hour
2026-03-11,sub-psiog-001,MAC-05,rg-mac-05-security-prod,Microsoft.Compute/virtualMachines,Virtual Machines,Compute,team:Security,887.05,INR,37.76,1 Hour
2026-03-11,sub-psiog-001,MAC-05,rg-mac-05-security-prod,Microsoft.Storage/storageAccounts/fileServices,File Storage,Storage,team:Security,280.86,INR,62.57,1 Hour
2026-03-11,sub-psiog-001,MAC-05,rg-mac-05-security-prod,Microsoft.Network/loadBalancers,Load Balancers,Networking,team:Security,345.02,INR,79.51,1 Hour
2026-03-11,sub-psiog-001,MAC-05,rg-mac-05-security-prod,Microsoft.Sql/servers/databases,SQL Database,Data Services,team:Security,374.83,INR,40.32,1 Hour
2026-03-11,sub-psiog-001,MAC-05,rg-mac-05-compliance-prod,Microsoft.Compute/virtualMachines,Virtual Machines,Compute,team:Compliance,340.18,INR,78.61,1 Hour
2026-03-11,sub-psiog-001,MAC-05,rg-mac-05-compliance-prod,Microsoft.Storage/storageAccounts,Blob Storage,Storage,team:Compliance,279.36,INR,15.39,1 Hour
2026-03-11,sub-psiog-001,MAC-05,rg-mac-05-compliance-prod,Microsoft.Network/virtualNetworks,Virtual Networks,Networking,team:Compliance,177.06,INR,24.06,1 Hour
2026-03-11,sub-psiog-001,MAC-05,rg-mac-05-compliance-prod,Microsoft.DocumentDB/databaseAccounts,Cosmos DB,Data Services,team:Compliance,300.29,INR,80.48,1 Hour
2026-03-11,sub-psiog-001,MAC-06,rg-mac-06-infrastructure-prod,Microsoft.Compute/virtualMachines,Virtual Machines,Compute,team:Infrastructure,1372.54,INR,55.39,1 Hour
2026-03-11,sub-psiog-001,MAC-06,rg-mac-06-infrastructure-prod,Microsoft.Storage/storageAccounts,Blob Storage,Storage,team:Infrastructure,397.85,INR,61.57,1 Hour
2026-03-11,sub-psiog-001,MAC-06,rg-mac-06-infrastructure-prod,Microsoft.Network/loadBalancers,Load Balancers,Networking,team:Infrastructure,362.58,INR,9.1,1 Hour
2026-03-11,sub-psiog-001,MAC-06,rg-mac-06-infrastructure-prod,Microsoft.Sql/servers/databases,SQL Database,Data Services,team:Infrastructure,429.39,INR,72.18,1 Hour
2026-03-11,sub-psiog-001,MAC-06,rg-mac-06-cloudops-prod,Microsoft.ContainerService/managedClusters,AKS Clusters,Compute,team:CloudOps,1382.19,INR,96.08,1 Hour
2026-03-11,sub-psiog-001,MAC-06,rg-mac-06-cloudops-prod,Microsoft.Storage/storageAccounts/fileServices,File Storage,Storage,team:CloudOps,475.15,INR,36.02,1 Hour
2026-03-11,sub-psiog-001,MAC-06,rg-mac-06-cloudops-prod,Microsoft.Network/loadBalancers,Load Balancers,Networking,team:CloudOps,378.6,INR,30.51,1 Hour
2026-03-11,sub-psiog-001,MAC-06,rg-mac-06-cloudops-prod,Microsoft.DocumentDB/databaseAccounts,Cosmos DB,Data Services,team:CloudOps,431.77,INR,71.77,1 Hour
2026-03-11,sub-psiog-001,MAC-07,rg-mac-07-ml-prod,Microsoft.ContainerService/managedClusters,AKS Clusters,Compute,team:ML,2003.34,INR,82.68,1 Hour
2026-03-11,sub-psiog-001,MAC-07,rg-mac-07-ml-prod,Microsoft.Storage/storageAccounts,Blob Storage,Storage,team:ML,569.16,INR,5.12,1 Hour
2026-03-11,sub-psiog-001,MAC-07,rg-mac-07-ml-prod,Microsoft.Network/virtualNetworks,Virtual Networks,Networking,team:ML,211.53,INR,30.67,1 Hour
2026-03-11,sub-psiog-001,MAC-07,rg-mac-07-ml-prod,Microsoft.Sql/servers/databases,SQL Database,Data Services,team:ML,830.52,INR,54.6,1 Hour
2026-03-11,sub-psiog-001,MAC-07,rg-mac-07-research-prod,Microsoft.ContainerService/managedClusters,AKS Clusters,Compute,team:Research,803.97,INR,12.79,1 Hour
2026-03-11,sub-psiog-001,MAC-07,rg-mac-07-research-prod,Microsoft.Storage/storageAccounts,Blob Storage,Storage,team:Research,543.85,INR,21.84,1 Hour
2026-03-11,sub-psiog-001,MAC-07,rg-mac-07-research-prod,Microsoft.Network/loadBalancers,Load Balancers,Networking,team:Research,184.68,INR,91.31,1 Hour
2026-03-11,sub-psiog-001,MAC-07,rg-mac-07-research-prod,Microsoft.Sql/servers/databases,SQL Database,Data Services,team:Research,735.39,INR,77.7,1 Hour
2026-03-11,sub-psiog-001,MAC-08,rg-mac-08-finance-prod,Microsoft.Compute/virtualMachines,Virtual Machines,Compute,team:Finance,329.04,INR,56.07,1 Hour
2026-03-11,sub-psiog-001,MAC-08,rg-mac-08-finance-prod,Microsoft.Storage/storageAccounts/fileServices,File Storage,Storage,team:Finance,210.81,INR,45.85,1 Hour
2026-03-11,sub-psiog-001,MAC-08,rg-mac-08-finance-prod,Microsoft.Network/loadBalancers,Load Balancers,Networking,team:Finance,123.18,INR,14.76,1 Hour
2026-03-11,sub-psiog-001,MAC-08,rg-mac-08-finance-prod,Microsoft.Sql/servers/databases,SQL Database,Data Services,team:Finance,493.01,INR,56.04,1 Hour
2026-03-11,sub-psiog-001,MAC-08,rg-mac-08-operations-prod,Microsoft.ContainerService/managedClusters,AKS Clusters,Compute,team:Operations,512.14,INR,6.26,1 Hour
2026-03-11,sub-psiog-001,MAC-08,rg-mac-08-operations-prod,Microsoft.Storage/storageAccounts/fileServices,File Storage,Storage,team:Operations,355.86,INR,46.73,1 Hour
2026-03-11,sub-psiog-001,MAC-08,rg-mac-08-operations-prod,Microsoft.Network/loadBalancers,Load Balancers,Networking,team:Operations,142.5,INR,22.47,1 Hour
2026-03-11,sub-psiog-001,MAC-08,rg-mac-08-operations-prod,Microsoft.Sql/servers/databases,SQL Database,Data Services,team:Operations,372.51,INR,39.69,1 Hour
2026-03-12,sub-psiog-001,MAC-01,rg-mac-01-devops-prod,Microsoft.Compute/virtualMachines,Virtual Machines,Compute,team:DevOps,1224.53,INR,59.42,1 Hour
2026-03-12,sub-psiog-001,MAC-01,rg-mac-01-devops-prod,Microsoft.Storage/storageAccounts,Blob Storage,Storage,team:DevOps,331.27,INR,55.25,1 Hour
2026-03-12,sub-psiog-001,MAC-01,rg-mac-01-devops-prod,Microsoft.Network/virtualNetworks,Virtual Networks,Networking,team:DevOps,203.82,INR,67.93,1 Hour
2026-03-12,sub-psiog-001,MAC-01,rg-mac-01-devops-prod,Microsoft.DocumentDB/databaseAccounts,Cosmos DB,Data Services,team:DevOps,516.43,INR,11.21,1 Hour
2026-03-12,sub-psiog-001,MAC-01,rg-mac-01-platform-prod,Microsoft.ContainerService/managedClusters,AKS Clusters,Compute,team:Platform,1136.83,INR,51.27,1 Hour
2026-03-12,sub-psiog-001,MAC-01,rg-mac-01-platform-prod,Microsoft.Storage/storageAccounts,Blob Storage,Storage,team:Platform,358.01,INR,90.32,1 Hour
2026-03-12,sub-psiog-001,MAC-01,rg-mac-01-platform-prod,Microsoft.Network/virtualNetworks,Virtual Networks,Networking,team:Platform,270.14,INR,27.91,1 Hour
2026-03-12,sub-psiog-001,MAC-01,rg-mac-01-platform-prod,Microsoft.DocumentDB/databaseAccounts,Cosmos DB,Data Services,team:Platform,423.87,INR,44.66,1 Hour
2026-03-12,sub-psiog-001,MAC-02,rg-mac-02-dataengineering-prod,Microsoft.ContainerService/managedClusters,AKS Clusters,Compute,team:DataEngineering,1085.76,INR,18.13,1 Hour
2026-03-12,sub-psiog-001,MAC-02,rg-mac-02-dataengineering-prod,Microsoft.Storage/storageAccounts/fileServices,File Storage,Storage,team:DataEngineering,685.58,INR,12.58,1 Hour
2026-03-12,sub-psiog-001,MAC-02,rg-mac-02-dataengineering-prod,Microsoft.Network/virtualNetworks,Virtual Networks,Networking,team:DataEngineering,225.75,INR,21.83,1 Hour
2026-03-12,sub-psiog-001,MAC-02,rg-mac-02-dataengineering-prod,Microsoft.Sql/servers/databases,SQL Database,Data Services,team:DataEngineering,1102.16,INR,81.58,1 Hour
2026-03-12,sub-psiog-001,MAC-02,rg-mac-02-analytics-prod,Microsoft.Compute/virtualMachines,Virtual Machines,Compute,team:Analytics,832.18,INR,1.97,1 Hour
2026-03-12,sub-psiog-001,MAC-02,rg-mac-02-analytics-prod,Microsoft.Storage/storageAccounts/fileServices,File Storage,Storage,team:Analytics,676.96,INR,29.03,1 Hour
2026-03-12,sub-psiog-001,MAC-02,rg-mac-02-analytics-prod,Microsoft.Network/virtualNetworks,Virtual Networks,Networking,team:Analytics,174.28,INR,39.31,1 Hour
2026-03-12,sub-psiog-001,MAC-02,rg-mac-02-analytics-prod,Microsoft.DocumentDB/databaseAccounts,Cosmos DB,Data Services,team:Analytics,972.99,INR,96.72,1 Hour
2026-03-12,sub-psiog-001,MAC-03,rg-mac-03-product-prod,Microsoft.ContainerService/managedClusters,AKS Clusters,Compute,team:Product,667.6,INR,66.36,1 Hour
2026-03-12,sub-psiog-001,MAC-03,rg-mac-03-product-prod,Microsoft.Storage/storageAccounts/fileServices,File Storage,Storage,team:Product,195.9,INR,12.0,1 Hour
2026-03-12,sub-psiog-001,MAC-03,rg-mac-03-product-prod,Microsoft.Network/loadBalancers,Load Balancers,Networking,team:Product,138.06,INR,7.29,1 Hour
2026-03-12,sub-psiog-001,MAC-03,rg-mac-03-product-prod,Microsoft.Sql/servers/databases,SQL Database,Data Services,team:Product,338.58,INR,6.62,1 Hour
2026-03-12,sub-psiog-001,MAC-03,rg-mac-03-frontend-prod,Microsoft.Compute/virtualMachines,Virtual Machines,Compute,team:Frontend,510.98,INR,79.52,1 Hour
2026-03-12,sub-psiog-001,MAC-03,rg-mac-03-frontend-prod,Microsoft.Storage/storageAccounts,Blob Storage,Storage,team:Frontend,176.1,INR,47.31,1 Hour
2026-03-12,sub-psiog-001,MAC-03,rg-mac-03-frontend-prod,Microsoft.Network/loadBalancers,Load Balancers,Networking,team:Frontend,112.68,INR,45.38,1 Hour
2026-03-12,sub-psiog-001,MAC-03,rg-mac-03-frontend-prod,Microsoft.DocumentDB/databaseAccounts,Cosmos DB,Data Services,team:Frontend,198.2,INR,22.32,1 Hour
2026-03-12,sub-psiog-001,MAC-04,rg-mac-04-backend-prod,Microsoft.ContainerService/managedClusters,AKS Clusters,Compute,team:Backend,950.37,INR,39.76,1 Hour
2026-03-12,sub-psiog-001,MAC-04,rg-mac-04-backend-prod,Microsoft.Storage/storageAccounts/fileServices,File Storage,Storage,team:Backend,357.36,INR,97.43,1 Hour
2026-03-12,sub-psiog-001,MAC-04,rg-mac-04-backend-prod,Microsoft.Network/loadBalancers,Load Balancers,Networking,team:Backend,266.05,INR,86.82,1 Hour
2026-03-12,sub-psiog-001,MAC-04,rg-mac-04-backend-prod,Microsoft.DocumentDB/databaseAccounts,Cosmos DB,Data Services,team:Backend,525.65,INR,49.07,1 Hour
2026-03-12,sub-psiog-001,MAC-04,rg-mac-04-qa-prod,Microsoft.ContainerService/managedClusters,AKS Clusters,Compute,team:QA,519.45,INR,66.65,1 Hour
2026-03-12,sub-psiog-001,MAC-04,rg-mac-04-qa-prod,Microsoft.Storage/storageAccounts/fileServices,File Storage,Storage,team:QA,215.29,INR,5.82,1 Hour
2026-03-12,sub-psiog-001,MAC-04,rg-mac-04-qa-prod,Microsoft.Network/virtualNetworks,Virtual Networks,Networking,team:QA,115.09,INR,48.63,1 Hour
2026-03-12,sub-psiog-001,MAC-04,rg-mac-04-qa-prod,Microsoft.Sql/servers/databases,SQL Database,Data Services,team:QA,322.83,INR,34.4,1 Hour
2026-03-12,sub-psiog-001,MAC-05,rg-mac-05-security-prod,Microsoft.ContainerService/managedClusters,AKS Clusters,Compute,team:Security,843.7,INR,90.53,1 Hour
2026-03-12,sub-psiog-001,MAC-05,rg-mac-05-security-prod,Microsoft.Storage/storageAccounts,Blob Storage,Storage,team:Security,311.39,INR,41.21,1 Hour
2026-03-12,sub-psiog-001,MAC-05,rg-mac-05-security-prod,Microsoft.Network/virtualNetworks,Virtual Networks,Networking,team:Security,304.83,INR,48.5,1 Hour
2026-03-12,sub-psiog-001,MAC-05,rg-mac-05-security-prod,Microsoft.DocumentDB/databaseAccounts,Cosmos DB,Data Services,team:Security,393.08,INR,40.91,1 Hour
2026-03-12,sub-psiog-001,MAC-05,rg-mac-05-compliance-prod,Microsoft.Compute/virtualMachines,Virtual Machines,Compute,team:Compliance,366.62,INR,48.86,1 Hour
2026-03-12,sub-psiog-001,MAC-05,rg-mac-05-compliance-prod,Microsoft.Storage/storageAccounts,Blob Storage,Storage,team:Compliance,218.92,INR,57.43,1 Hour
2026-03-12,sub-psiog-001,MAC-05,rg-mac-05-compliance-prod,Microsoft.Network/virtualNetworks,Virtual Networks,Networking,team:Compliance,166.39,INR,26.73,1 Hour
2026-03-12,sub-psiog-001,MAC-05,rg-mac-05-compliance-prod,Microsoft.DocumentDB/databaseAccounts,Cosmos DB,Data Services,team:Compliance,377.18,INR,82.45,1 Hour
2026-03-12,sub-psiog-001,MAC-06,rg-mac-06-infrastructure-prod,Microsoft.ContainerService/managedClusters,AKS Clusters,Compute,team:Infrastructure,1653.54,INR,68.54,1 Hour
2026-03-12,sub-psiog-001,MAC-06,rg-mac-06-infrastructure-prod,Microsoft.Storage/storageAccounts,Blob Storage,Storage,team:Infrastructure,519.02,INR,76.67,1 Hour
2026-03-12,sub-psiog-001,MAC-06,rg-mac-06-infrastructure-prod,Microsoft.Network/virtualNetworks,Virtual Networks,Networking,team:Infrastructure,388.8,INR,65.2,1 Hour
2026-03-12,sub-psiog-001,MAC-06,rg-mac-06-infrastructure-prod,Microsoft.Sql/servers/databases,SQL Database,Data Services,team:Infrastructure,550.08,INR,56.3,1 Hour
2026-03-12,sub-psiog-001,MAC-06,rg-mac-06-cloudops-prod,Microsoft.Compute/virtualMachines,Virtual Machines,Compute,team:CloudOps,1479.26,INR,80.41,1 Hour
2026-03-12,sub-psiog-001,MAC-06,rg-mac-06-cloudops-prod,Microsoft.Storage/storageAccounts/fileServices,File Storage,Storage,team:CloudOps,453.02,INR,50.94,1 Hour
2026-03-12,sub-psiog-001,MAC-06,rg-mac-06-cloudops-prod,Microsoft.Network/virtualNetworks,Virtual Networks,Networking,team:CloudOps,400.36,INR,79.54,1 Hour
2026-03-12,sub-psiog-001,MAC-06,rg-mac-06-cloudops-prod,Microsoft.Sql/servers/databases,SQL Database,Data Services,team:CloudOps,467.11,INR,61.26,1 Hour
2026-03-12,sub-psiog-001,MAC-07,rg-mac-07-ml-prod,Microsoft.ContainerService/managedClusters,AKS Clusters,Compute,team:ML,1972.86,INR,27.11,1 Hour
2026-03-12,sub-psiog-001,MAC-07,rg-mac-07-ml-prod,Microsoft.Storage/storageAccounts,Blob Storage,Storage,team:ML,538.67,INR,17.72,1 Hour
2026-03-12,sub-psiog-001,MAC-07,rg-mac-07-ml-prod,Microsoft.Network/virtualNetworks,Virtual Networks,Networking,team:ML,194.73,INR,39.31,1 Hour
2026-03-12,sub-psiog-001,MAC-07,rg-mac-07-ml-prod,Microsoft.Sql/servers/databases,SQL Database,Data Services,team:ML,766.34,INR,25.3,1 Hour
2026-03-12,sub-psiog-001,MAC-07,rg-mac-07-research-prod,Microsoft.Compute/virtualMachines,Virtual Machines,Compute,team:Research,1032.03,INR,97.34,1 Hour
2026-03-12,sub-psiog-001,MAC-07,rg-mac-07-research-prod,Microsoft.Storage/storageAccounts/fileServices,File Storage,Storage,team:Research,543.79,INR,6.21,1 Hour
2026-03-12,sub-psiog-001,MAC-07,rg-mac-07-research-prod,Microsoft.Network/loadBalancers,Load Balancers,Networking,team:Research,213.83,INR,16.98,1 Hour
2026-03-12,sub-psiog-001,MAC-07,rg-mac-07-research-prod,Microsoft.Sql/servers/databases,SQL Database,Data Services,team:Research,729.75,INR,55.3,1 Hour
2026-03-12,sub-psiog-001,MAC-08,rg-mac-08-finance-prod,Microsoft.Compute/virtualMachines,Virtual Machines,Compute,team:Finance,384.9,INR,51.12,1 Hour
2026-03-12,sub-psiog-001,MAC-08,rg-mac-08-finance-prod,Microsoft.Storage/storageAccounts/fileServices,File Storage,Storage,team:Finance,195.21,INR,65.12,1 Hour
2026-03-12,sub-psiog-001,MAC-08,rg-mac-08-finance-prod,Microsoft.Network/loadBalancers,Load Balancers,Networking,team:Finance,100.2,INR,90.93,1 Hour
2026-03-12,sub-psiog-001,MAC-08,rg-mac-08-finance-prod,Microsoft.DocumentDB/databaseAccounts,Cosmos DB,Data Services,team:Finance,559.4,INR,16.34,1 Hour
2026-03-12,sub-psiog-001,MAC-08,rg-mac-08-operations-prod,Microsoft.Compute/virtualMachines,Virtual Machines,Compute,team:Operations,527.5,INR,91.62,1 Hour
2026-03-12,sub-psiog-001,MAC-08,rg-mac-08-operations-prod,Microsoft.Storage/storageAccounts,Blob Storage,Storage,team:Operations,336.58,INR,63.57,1 Hour
2026-03-12,sub-psiog-001,MAC-08,rg-mac-08-operations-prod,Microsoft.Network/virtualNetworks,Virtual Networks,Networking,team:Operations,162.64,INR,15.74,1 Hour
2026-03-12,sub-psiog-001,MAC-08,rg-mac-08-operations-prod,Microsoft.DocumentDB/databaseAccounts,Cosmos DB,Data Services,team:Operations,442.61,INR,68.22,1 Hour
2026-03-13,sub-psiog-001,MAC-01,rg-mac-01-devops-prod,Microsoft.ContainerService/managedClusters,AKS Clusters,Compute,team:DevOps,1211.24,INR,15.8,1 Hour
2026-03-13,sub-psiog-001,MAC-01,rg-mac-01-devops-prod,Microsoft.Storage/storageAccounts,Blob Storage,Storage,team:DevOps,351.95,INR,80.79,1 Hour
2026-03-13,sub-psiog-001,MAC-01,rg-mac-01-devops-prod,Microsoft.Network/virtualNetworks,Virtual Networks,Networking,team:DevOps,258.97,INR,18.06,1 Hour
2026-03-13,sub-psiog-001,MAC-01,rg-mac-01-devops-prod,Microsoft.Sql/servers/databases,SQL Database,Data Services,team:DevOps,425.46,INR,66.95,1 Hour
2026-03-13,sub-psiog-001,MAC-01,rg-mac-01-platform-prod,Microsoft.ContainerService/managedClusters,AKS Clusters,Compute,team:Platform,1345.7,INR,2.9,1 Hour
2026-03-13,sub-psiog-001,MAC-01,rg-mac-01-platform-prod,Microsoft.Storage/storageAccounts,Blob Storage,Storage,team:Platform,308.05,INR,6.84,1 Hour
2026-03-13,sub-psiog-001,MAC-01,rg-mac-01-platform-prod,Microsoft.Network/loadBalancers,Load Balancers,Networking,team:Platform,278.99,INR,91.3,1 Hour
2026-03-13,sub-psiog-001,MAC-01,rg-mac-01-platform-prod,Microsoft.DocumentDB/databaseAccounts,Cosmos DB,Data Services,team:Platform,389.91,INR,75.29,1 Hour
2026-03-13,sub-psiog-001,MAC-02,rg-mac-02-dataengineering-prod,Microsoft.Compute/virtualMachines,Virtual Machines,Compute,team:DataEngineering,1158.79,INR,80.4,1 Hour
2026-03-13,sub-psiog-001,MAC-02,rg-mac-02-dataengineering-prod,Microsoft.Storage/storageAccounts/fileServices,File Storage,Storage,team:DataEngineering,653.56,INR,11.41,1 Hour
2026-03-13,sub-psiog-001,MAC-02,rg-mac-02-dataengineering-prod,Microsoft.Network/loadBalancers,Load Balancers,Networking,team:DataEngineering,191.43,INR,81.82,1 Hour
2026-03-13,sub-psiog-001,MAC-02,rg-mac-02-dataengineering-prod,Microsoft.Sql/servers/databases,SQL Database,Data Services,team:DataEngineering,1063.7,INR,98.18,1 Hour
2026-03-13,sub-psiog-001,MAC-02,rg-mac-02-analytics-prod,Microsoft.Compute/virtualMachines,Virtual Machines,Compute,team:Analytics,905.22,INR,60.96,1 Hour
2026-03-13,sub-psiog-001,MAC-02,rg-mac-02-analytics-prod,Microsoft.Storage/storageAccounts,Blob Storage,Storage,team:Analytics,574.85,INR,60.25,1 Hour
2026-03-13,sub-psiog-001,MAC-02,rg-mac-02-analytics-prod,Microsoft.Network/virtualNetworks,Virtual Networks,Networking,team:Analytics,206.46,INR,67.83,1 Hour
2026-03-13,sub-psiog-001,MAC-02,rg-mac-02-analytics-prod,Microsoft.Sql/servers/databases,SQL Database,Data Services,team:Analytics,902.59,INR,55.62,1 Hour
2026-03-13,sub-psiog-001,MAC-03,rg-mac-03-product-prod,Microsoft.ContainerService/managedClusters,AKS Clusters,Compute,team:Product,778.67,INR,31.53,1 Hour
2026-03-13,sub-psiog-001,MAC-03,rg-mac-03-product-prod,Microsoft.Storage/storageAccounts/fileServices,File Storage,Storage,team:Product,230.28,INR,67.75,1 Hour
2026-03-13,sub-psiog-001,MAC-03,rg-mac-03-product-prod,Microsoft.Network/virtualNetworks,Virtual Networks,Networking,team:Product,121.8,INR,69.81,1 Hour
2026-03-13,sub-psiog-001,MAC-03,rg-mac-03-product-prod,Microsoft.DocumentDB/databaseAccounts,Cosmos DB,Data Services,team:Product,325.91,INR,98.58,1 Hour
2026-03-13,sub-psiog-001,MAC-03,rg-mac-03-frontend-prod,Microsoft.ContainerService/managedClusters,AKS Clusters,Compute,team:Frontend,549.27,INR,88.52,1 Hour
2026-03-13,sub-psiog-001,MAC-03,rg-mac-03-frontend-prod,Microsoft.Storage/storageAccounts/fileServices,File Storage,Storage,team:Frontend,188.23,INR,7.37,1 Hour
2026-03-13,sub-psiog-001,MAC-03,rg-mac-03-frontend-prod,Microsoft.Network/virtualNetworks,Virtual Networks,Networking,team:Frontend,126.02,INR,53.73,1 Hour
2026-03-13,sub-psiog-001,MAC-03,rg-mac-03-frontend-prod,Microsoft.Sql/servers/databases,SQL Database,Data Services,team:Frontend,217.82,INR,60.3,1 Hour
2026-03-13,sub-psiog-001,MAC-04,rg-mac-04-backend-prod,Microsoft.ContainerService/managedClusters,AKS Clusters,Compute,team:Backend,1222.81,INR,51.77,1 Hour
2026-03-13,sub-psiog-001,MAC-04,rg-mac-04-backend-prod,Microsoft.Storage/storageAccounts,Blob Storage,Storage,team:Backend,407.25,INR,73.07,1 Hour
2026-03-13,sub-psiog-001,MAC-04,rg-mac-04-backend-prod,Microsoft.Network/virtualNetworks,Virtual Networks,Networking,team:Backend,213.71,INR,21.13,1 Hour
2026-03-13,sub-psiog-001,MAC-04,rg-mac-04-backend-prod,Microsoft.Sql/servers/databases,SQL Database,Data Services,team:Backend,594.44,INR,39.15,1 Hour
2026-03-13,sub-psiog-001,MAC-04,rg-mac-04-qa-prod,Microsoft.ContainerService/managedClusters,AKS Clusters,Compute,team:QA,454.4,INR,2.33,1 Hour
2026-03-13,sub-psiog-001,MAC-04,rg-mac-04-qa-prod,Microsoft.Storage/storageAccounts/fileServices,File Storage,Storage,team:QA,225.82,INR,95.36,1 Hour
2026-03-13,sub-psiog-001,MAC-04,rg-mac-04-qa-prod,Microsoft.Network/virtualNetworks,Virtual Networks,Networking,team:QA,114.56,INR,33.05,1 Hour
2026-03-13,sub-psiog-001,MAC-04,rg-mac-04-qa-prod,Microsoft.Sql/servers/databases,SQL Database,Data Services,team:QA,276.24,INR,53.14,1 Hour
2026-03-13,sub-psiog-001,MAC-05,rg-mac-05-security-prod,Microsoft.Compute/virtualMachines,Virtual Machines,Compute,team:Security,838.48,INR,75.38,1 Hour
2026-03-13,sub-psiog-001,MAC-05,rg-mac-05-security-prod,Microsoft.Storage/storageAccounts/fileServices,File Storage,Storage,team:Security,312.39,INR,29.54,1 Hour
2026-03-13,sub-psiog-001,MAC-05,rg-mac-05-security-prod,Microsoft.Network/loadBalancers,Load Balancers,Networking,team:Security,360.23,INR,1.98,1 Hour
2026-03-13,sub-psiog-001,MAC-05,rg-mac-05-security-prod,Microsoft.DocumentDB/databaseAccounts,Cosmos DB,Data Services,team:Security,455.82,INR,4.94,1 Hour
2026-03-13,sub-psiog-001,MAC-05,rg-mac-05-compliance-prod,Microsoft.Compute/virtualMachines,Virtual Machines,Compute,team:Compliance,415.09,INR,10.07,1 Hour
2026-03-13,sub-psiog-001,MAC-05,rg-mac-05-compliance-prod,Microsoft.Storage/storageAccounts,Blob Storage,Storage,team:Compliance,246.84,INR,17.3,1 Hour
2026-03-13,sub-psiog-001,MAC-05,rg-mac-05-compliance-prod,Microsoft.Network/loadBalancers,Load Balancers,Networking,team:Compliance,151.21,INR,55.67,1 Hour
2026-03-13,sub-psiog-001,MAC-05,rg-mac-05-compliance-prod,Microsoft.Sql/servers/databases,SQL Database,Data Services,team:Compliance,327.44,INR,69.25,1 Hour
2026-03-13,sub-psiog-001,MAC-06,rg-mac-06-infrastructure-prod,Microsoft.Compute/virtualMachines,Virtual Machines,Compute,team:Infrastructure,1495.51,INR,74.19,1 Hour
2026-03-13,sub-psiog-001,MAC-06,rg-mac-06-infrastructure-prod,Microsoft.Storage/storageAccounts,Blob Storage,Storage,team:Infrastructure,521.22,INR,45.44,1 Hour
2026-03-13,sub-psiog-001,MAC-06,rg-mac-06-infrastructure-prod,Microsoft.Network/virtualNetworks,Virtual Networks,Networking,team:Infrastructure,350.6,INR,67.71,1 Hour
2026-03-13,sub-psiog-001,MAC-06,rg-mac-06-infrastructure-prod,Microsoft.Sql/servers/databases,SQL Database,Data Services,team:Infrastructure,496.57,INR,18.64,1 Hour
2026-03-13,sub-psiog-001,MAC-06,rg-mac-06-cloudops-prod,Microsoft.Compute/virtualMachines,Virtual Machines,Compute,team:CloudOps,1284.8,INR,65.88,1 Hour
2026-03-13,sub-psiog-001,MAC-06,rg-mac-06-cloudops-prod,Microsoft.Storage/storageAccounts,Blob Storage,Storage,team:CloudOps,372.13,INR,57.3,1 Hour
2026-03-13,sub-psiog-001,MAC-06,rg-mac-06-cloudops-prod,Microsoft.Network/virtualNetworks,Virtual Networks,Networking,team:CloudOps,389.71,INR,4.59,1 Hour
2026-03-13,sub-psiog-001,MAC-06,rg-mac-06-cloudops-prod,Microsoft.DocumentDB/databaseAccounts,Cosmos DB,Data Services,team:CloudOps,392.86,INR,54.27,1 Hour
2026-03-13,sub-psiog-001,MAC-07,rg-mac-07-ml-prod,Microsoft.ContainerService/managedClusters,AKS Clusters,Compute,team:ML,2050.35,INR,22.41,1 Hour
2026-03-13,sub-psiog-001,MAC-07,rg-mac-07-ml-prod,Microsoft.Storage/storageAccounts/fileServices,File Storage,Storage,team:ML,627.52,INR,53.13,1 Hour
2026-03-13,sub-psiog-001,MAC-07,rg-mac-07-ml-prod,Microsoft.Network/loadBalancers,Load Balancers,Networking,team:ML,208.01,INR,43.89,1 Hour
2026-03-13,sub-psiog-001,MAC-07,rg-mac-07-ml-prod,Microsoft.Sql/servers/databases,SQL Database,Data Services,team:ML,741.3,INR,84.46,1 Hour
2026-03-13,sub-psiog-001,MAC-07,rg-mac-07-research-prod,Microsoft.Compute/virtualMachines,Virtual Machines,Compute,team:Research,914.04,INR,63.14,1 Hour
2026-03-13,sub-psiog-001,MAC-07,rg-mac-07-research-prod,Microsoft.Storage/storageAccounts/fileServices,File Storage,Storage,team:Research,490.05,INR,54.59,1 Hour
2026-03-13,sub-psiog-001,MAC-07,rg-mac-07-research-prod,Microsoft.Network/loadBalancers,Load Balancers,Networking,team:Research,184.09,INR,77.27,1 Hour
2026-03-13,sub-psiog-001,MAC-07,rg-mac-07-research-prod,Microsoft.DocumentDB/databaseAccounts,Cosmos DB,Data Services,team:Research,694.16,INR,45.22,1 Hour
2026-03-13,sub-psiog-001,MAC-08,rg-mac-08-finance-prod,Microsoft.ContainerService/managedClusters,AKS Clusters,Compute,team:Finance,335.05,INR,82.22,1 Hour
2026-03-13,sub-psiog-001,MAC-08,rg-mac-08-finance-prod,Microsoft.Storage/storageAccounts/fileServices,File Storage,Storage,team:Finance,201.47,INR,19.86,1 Hour
2026-03-13,sub-psiog-001,MAC-08,rg-mac-08-finance-prod,Microsoft.Network/loadBalancers,Load Balancers,Networking,team:Finance,127.94,INR,43.41,1 Hour
2026-03-13,sub-psiog-001,MAC-08,rg-mac-08-finance-prod,Microsoft.DocumentDB/databaseAccounts,Cosmos DB,Data Services,team:Finance,437.82,INR,24.44,1 Hour
2026-03-13,sub-psiog-001,MAC-08,rg-mac-08-operations-prod,Microsoft.ContainerService/managedClusters,AKS Clusters,Compute,team:Operations,486.97,INR,22.08,1 Hour
2026-03-13,sub-psiog-001,MAC-08,rg-mac-08-operations-prod,Microsoft.Storage/storageAccounts/fileServices,File Storage,Storage,team:Operations,387.14,INR,23.48,1 Hour
2026-03-13,sub-psiog-001,MAC-08,rg-mac-08-operations-prod,Microsoft.Network/loadBalancers,Load Balancers,Networking,team:Operations,140.27,INR,92.4,1 Hour
2026-03-13,sub-psiog-001,MAC-08,rg-mac-08-operations-prod,Microsoft.DocumentDB/databaseAccounts,Cosmos DB,Data Services,team:Operations,483.15,INR,90.55,1 Hour
2026-03-14,sub-psiog-001,MAC-01,rg-mac-01-devops-prod,Microsoft.Compute/virtualMachines,Virtual Machines,Compute,team:DevOps,1560.48,INR,69.79,1 Hour
2026-03-14,sub-psiog-001,MAC-01,rg-mac-01-devops-prod,Microsoft.Storage/storageAccounts,Blob Storage,Storage,team:DevOps,364.21,INR,71.47,1 Hour
2026-03-14,sub-psiog-001,MAC-01,rg-mac-01-devops-prod,Microsoft.Network/loadBalancers,Load Balancers,Networking,team:DevOps,218.06,INR,16.48,1 Hour
2026-03-14,sub-psiog-001,MAC-01,rg-mac-01-devops-prod,Microsoft.DocumentDB/databaseAccounts,Cosmos DB,Data Services,team:DevOps,474.25,INR,34.64,1 Hour
2026-03-14,sub-psiog-001,MAC-01,rg-mac-01-platform-prod,Microsoft.ContainerService/managedClusters,AKS Clusters,Compute,team:Platform,1320.04,INR,65.47,1 Hour
2026-03-14,sub-psiog-001,MAC-01,rg-mac-01-platform-prod,Microsoft.Storage/storageAccounts/fileServices,File Storage,Storage,team:Platform,285.23,INR,48.86,1 Hour
2026-03-14,sub-psiog-001,MAC-01,rg-mac-01-platform-prod,Microsoft.Network/loadBalancers,Load Balancers,Networking,team:Platform,306.0,INR,39.16,1 Hour
2026-03-14,sub-psiog-001,MAC-01,rg-mac-01-platform-prod,Microsoft.Sql/servers/databases,SQL Database,Data Services,team:Platform,398.65,INR,6.28,1 Hour
2026-03-14,sub-psiog-001,MAC-02,rg-mac-02-dataengineering-prod,Microsoft.Compute/virtualMachines,Virtual Machines,Compute,team:DataEngineering,972.24,INR,97.78,1 Hour
2026-03-14,sub-psiog-001,MAC-02,rg-mac-02-dataengineering-prod,Microsoft.Storage/storageAccounts,Blob Storage,Storage,team:DataEngineering,710.35,INR,90.5,1 Hour
2026-03-14,sub-psiog-001,MAC-02,rg-mac-02-dataengineering-prod,Microsoft.Network/loadBalancers,Load Balancers,Networking,team:DataEngineering,232.6,INR,57.29,1 Hour
2026-03-14,sub-psiog-001,MAC-02,rg-mac-02-dataengineering-prod,Microsoft.Sql/servers/databases,SQL Database,Data Services,team:DataEngineering,1160.96,INR,83.1,1 Hour
2026-03-14,sub-psiog-001,MAC-02,rg-mac-02-analytics-prod,Microsoft.ContainerService/managedClusters,AKS Clusters,Compute,team:Analytics,917.6,INR,98.13,1 Hour
2026-03-14,sub-psiog-001,MAC-02,rg-mac-02-analytics-prod,Microsoft.Storage/storageAccounts,Blob Storage,Storage,team:Analytics,680.78,INR,66.69,1 Hour
2026-03-14,sub-psiog-001,MAC-02,rg-mac-02-analytics-prod,Microsoft.Network/loadBalancers,Load Balancers,Networking,team:Analytics,207.94,INR,71.56,1 Hour
2026-03-14,sub-psiog-001,MAC-02,rg-mac-02-analytics-prod,Microsoft.Sql/servers/databases,SQL Database,Data Services,team:Analytics,953.1,INR,40.89,1 Hour
2026-03-14,sub-psiog-001,MAC-03,rg-mac-03-product-prod,Microsoft.Compute/virtualMachines,Virtual Machines,Compute,team:Product,621.17,INR,69.58,1 Hour
2026-03-14,sub-psiog-001,MAC-03,rg-mac-03-product-prod,Microsoft.Storage/storageAccounts,Blob Storage,Storage,team:Product,212.9,INR,62.4,1 Hour
2026-03-14,sub-psiog-001,MAC-03,rg-mac-03-product-prod,Microsoft.Network/loadBalancers,Load Balancers,Networking,team:Product,150.74,INR,28.54,1 Hour
2026-03-14,sub-psiog-001,MAC-03,rg-mac-03-product-prod,Microsoft.DocumentDB/databaseAccounts,Cosmos DB,Data Services,team:Product,363.57,INR,58.22,1 Hour
2026-03-14,sub-psiog-001,MAC-03,rg-mac-03-frontend-prod,Microsoft.ContainerService/managedClusters,AKS Clusters,Compute,team:Frontend,644.26,INR,32.53,1 Hour
2026-03-14,sub-psiog-001,MAC-03,rg-mac-03-frontend-prod,Microsoft.Storage/storageAccounts,Blob Storage,Storage,team:Frontend,189.83,INR,24.95,1 Hour
2026-03-14,sub-psiog-001,MAC-03,rg-mac-03-frontend-prod,Microsoft.Network/loadBalancers,Load Balancers,Networking,team:Frontend,120.65,INR,51.45,1 Hour
2026-03-14,sub-psiog-001,MAC-03,rg-mac-03-frontend-prod,Microsoft.Sql/servers/databases,SQL Database,Data Services,team:Frontend,260.31,INR,85.76,1 Hour
2026-03-14,sub-psiog-001,MAC-04,rg-mac-04-backend-prod,Microsoft.Compute/virtualMachines,Virtual Machines,Compute,team:Backend,1075.4,INR,52.31,1 Hour
2026-03-14,sub-psiog-001,MAC-04,rg-mac-04-backend-prod,Microsoft.Storage/storageAccounts,Blob Storage,Storage,team:Backend,373.33,INR,68.15,1 Hour
2026-03-14,sub-psiog-001,MAC-04,rg-mac-04-backend-prod,Microsoft.Network/virtualNetworks,Virtual Networks,Networking,team:Backend,259.52,INR,7.02,1 Hour
2026-03-14,sub-psiog-001,MAC-04,rg-mac-04-backend-prod,Microsoft.Sql/servers/databases,SQL Database,Data Services,team:Backend,594.45,INR,58.88,1 Hour
2026-03-14,sub-psiog-001,MAC-04,rg-mac-04-qa-prod,Microsoft.Compute/virtualMachines,Virtual Machines,Compute,team:QA,413.27,INR,77.96,1 Hour
2026-03-14,sub-psiog-001,MAC-04,rg-mac-04-qa-prod,Microsoft.Storage/storageAccounts/fileServices,File Storage,Storage,team:QA,228.76,INR,54.01,1 Hour
2026-03-14,sub-psiog-001,MAC-04,rg-mac-04-qa-prod,Microsoft.Network/virtualNetworks,Virtual Networks,Networking,team:QA,92.23,INR,99.94,1 Hour
2026-03-14,sub-psiog-001,MAC-04,rg-mac-04-qa-prod,Microsoft.DocumentDB/databaseAccounts,Cosmos DB,Data Services,team:QA,287.03,INR,95.79,1 Hour
2026-03-14,sub-psiog-001,MAC-05,rg-mac-05-security-prod,Microsoft.Compute/virtualMachines,Virtual Machines,Compute,team:Security,730.95,INR,29.82,1 Hour
2026-03-14,sub-psiog-001,MAC-05,rg-mac-05-security-prod,Microsoft.Storage/storageAccounts,Blob Storage,Storage,team:Security,287.56,INR,61.05,1 Hour
2026-03-14,sub-psiog-001,MAC-05,rg-mac-05-security-prod,Microsoft.Network/loadBalancers,Load Balancers,Networking,team:Security,369.31,INR,8.69,1 Hour
2026-03-14,sub-psiog-001,MAC-05,rg-mac-05-security-prod,Microsoft.Sql/servers/databases,SQL Database,Data Services,team:Security,382.49,INR,47.75,1 Hour
2026-03-14,sub-psiog-001,MAC-05,rg-mac-05-compliance-prod,Microsoft.ContainerService/managedClusters,AKS Clusters,Compute,team:Compliance,400.88,INR,14.42,1 Hour
2026-03-14,sub-psiog-001,MAC-05,rg-mac-05-compliance-prod,Microsoft.Storage/storageAccounts,Blob Storage,Storage,team:Compliance,257.46,INR,6.96,1 Hour
2026-03-14,sub-psiog-001,MAC-05,rg-mac-05-compliance-prod,Microsoft.Network/virtualNetworks,Virtual Networks,Networking,team:Compliance,155.25,INR,55.52,1 Hour
2026-03-14,sub-psiog-001,MAC-05,rg-mac-05-compliance-prod,Microsoft.DocumentDB/databaseAccounts,Cosmos DB,Data Services,team:Compliance,347.94,INR,83.46,1 Hour
2026-03-14,sub-psiog-001,MAC-06,rg-mac-06-infrastructure-prod,Microsoft.Compute/virtualMachines,Virtual Machines,Compute,team:Infrastructure,1389.06,INR,42.78,1 Hour
2026-03-14,sub-psiog-001,MAC-06,rg-mac-06-infrastructure-prod,Microsoft.Storage/storageAccounts/fileServices,File Storage,Storage,team:Infrastructure,521.58,INR,73.64,1 Hour
2026-03-14,sub-psiog-001,MAC-06,rg-mac-06-infrastructure-prod,Microsoft.Network/loadBalancers,Load Balancers,Networking,team:Infrastructure,450.19,INR,3.89,1 Hour
2026-03-14,sub-psiog-001,MAC-06,rg-mac-06-infrastructure-prod,Microsoft.Sql/servers/databases,SQL Database,Data Services,team:Infrastructure,450.85,INR,60.44,1 Hour
2026-03-14,sub-psiog-001,MAC-06,rg-mac-06-cloudops-prod,Microsoft.Compute/virtualMachines,Virtual Machines,Compute,team:CloudOps,1520.96,INR,26.2,1 Hour
2026-03-14,sub-psiog-001,MAC-06,rg-mac-06-cloudops-prod,Microsoft.Storage/storageAccounts,Blob Storage,Storage,team:CloudOps,473.4,INR,67.76,1 Hour
2026-03-14,sub-psiog-001,MAC-06,rg-mac-06-cloudops-prod,Microsoft.Network/loadBalancers,Load Balancers,Networking,team:CloudOps,386.12,INR,41.07,1 Hour
2026-03-14,sub-psiog-001,MAC-06,rg-mac-06-cloudops-prod,Microsoft.Sql/servers/databases,SQL Database,Data Services,team:CloudOps,474.14,INR,93.27,1 Hour
2026-03-14,sub-psiog-001,MAC-07,rg-mac-07-ml-prod,Microsoft.Compute/virtualMachines,Virtual Machines,Compute,team:ML,1887.66,INR,16.78,1 Hour
2026-03-14,sub-psiog-001,MAC-07,rg-mac-07-ml-prod,Microsoft.Storage/storageAccounts,Blob Storage,Storage,team:ML,503.18,INR,57.62,1 Hour
2026-03-14,sub-psiog-001,MAC-07,rg-mac-07-ml-prod,Microsoft.Network/loadBalancers,Load Balancers,Networking,team:ML,245.22,INR,10.48,1 Hour
2026-03-14,sub-psiog-001,MAC-07,rg-mac-07-ml-prod,Microsoft.Sql/servers/databases,SQL Database,Data Services,team:ML,692.48,INR,41.78,1 Hour
2026-03-14,sub-psiog-001,MAC-07,rg-mac-07-research-prod,Microsoft.Compute/virtualMachines,Virtual Machines,Compute,team:Research,783.16,INR,19.96,1 Hour
2026-03-14,sub-psiog-001,MAC-07,rg-mac-07-research-prod,Microsoft.Storage/storageAccounts,Blob Storage,Storage,team:Research,504.8,INR,92.33,1 Hour
2026-03-14,sub-psiog-001,MAC-07,rg-mac-07-research-prod,Microsoft.Network/loadBalancers,Load Balancers,Networking,team:Research,226.17,INR,99.65,1 Hour
2026-03-14,sub-psiog-001,MAC-07,rg-mac-07-research-prod,Microsoft.Sql/servers/databases,SQL Database,Data Services,team:Research,791.21,INR,95.24,1 Hour
2026-03-14,sub-psiog-001,MAC-08,rg-mac-08-finance-prod,Microsoft.Compute/virtualMachines,Virtual Machines,Compute,team:Finance,331.2,INR,75.55,1 Hour
2026-03-14,sub-psiog-001,MAC-08,rg-mac-08-finance-prod,Microsoft.Storage/storageAccounts/fileServices,File Storage,Storage,team:Finance,228.85,INR,88.88,1 Hour
2026-03-14,sub-psiog-001,MAC-08,rg-mac-08-finance-prod,Microsoft.Network/loadBalancers,Load Balancers,Networking,team:Finance,130.82,INR,22.33,1 Hour
2026-03-14,sub-psiog-001,MAC-08,rg-mac-08-finance-prod,Microsoft.Sql/servers/databases,SQL Database,Data Services,team:Finance,453.66,INR,73.1,1 Hour
2026-03-14,sub-psiog-001,MAC-08,rg-mac-08-operations-prod,Microsoft.Compute/virtualMachines,Virtual Machines,Compute,team:Operations,449.18,INR,62.97,1 Hour
2026-03-14,sub-psiog-001,MAC-08,rg-mac-08-operations-prod,Microsoft.Storage/storageAccounts/fileServices,File Storage,Storage,team:Operations,325.43,INR,14.17,1 Hour
2026-03-14,sub-psiog-001,MAC-08,rg-mac-08-operations-prod,Microsoft.Network/loadBalancers,Load Balancers,Networking,team:Operations,155.37,INR,84.15,1 Hour
2026-03-14,sub-psiog-001,MAC-08,rg-mac-08-operations-prod,Microsoft.Sql/servers/databases,SQL Database,Data Services,team:Operations,419.01,INR,95.8,1 Hour
2026-03-15,sub-psiog-001,MAC-01,rg-mac-01-devops-prod,Microsoft.ContainerService/managedClusters,AKS Clusters,Compute,team:DevOps,1434.31,INR,8.73,1 Hour
2026-03-15,sub-psiog-001,MAC-01,rg-mac-01-devops-prod,Microsoft.Storage/storageAccounts/fileServices,File Storage,Storage,team:DevOps,351.73,INR,17.76,1 Hour
2026-03-15,sub-psiog-001,MAC-01,rg-mac-01-devops-prod,Microsoft.Network/virtualNetworks,Virtual Networks,Networking,team:DevOps,202.78,INR,28.89,1 Hour
2026-03-15,sub-psiog-001,MAC-01,rg-mac-01-devops-prod,Microsoft.Sql/servers/databases,SQL Database,Data Services,team:DevOps,527.1,INR,95.91,1 Hour
2026-03-15,sub-psiog-001,MAC-01,rg-mac-01-platform-prod,Microsoft.ContainerService/managedClusters,AKS Clusters,Compute,team:Platform,1125.7,INR,43.88,1 Hour
2026-03-15,sub-psiog-001,MAC-01,rg-mac-01-platform-prod,Microsoft.Storage/storageAccounts,Blob Storage,Storage,team:Platform,322.01,INR,80.48,1 Hour
2026-03-15,sub-psiog-001,MAC-01,rg-mac-01-platform-prod,Microsoft.Network/loadBalancers,Load Balancers,Networking,team:Platform,324.58,INR,23.53,1 Hour
2026-03-15,sub-psiog-001,MAC-01,rg-mac-01-platform-prod,Microsoft.DocumentDB/databaseAccounts,Cosmos DB,Data Services,team:Platform,400.0,INR,17.3,1 Hour
2026-03-15,sub-psiog-001,MAC-02,rg-mac-02-dataengineering-prod,Microsoft.Compute/virtualMachines,Virtual Machines,Compute,team:DataEngineering,1132.99,INR,21.02,1 Hour
2026-03-15,sub-psiog-001,MAC-02,rg-mac-02-dataengineering-prod,Microsoft.Storage/storageAccounts,Blob Storage,Storage,team:DataEngineering,697.77,INR,77.13,1 Hour
2026-03-15,sub-psiog-001,MAC-02,rg-mac-02-dataengineering-prod,Microsoft.Network/virtualNetworks,Virtual Networks,Networking,team:DataEngineering,178.95,INR,32.61,1 Hour
2026-03-15,sub-psiog-001,MAC-02,rg-mac-02-dataengineering-prod,Microsoft.DocumentDB/databaseAccounts,Cosmos DB,Data Services,team:DataEngineering,1088.53,INR,55.27,1 Hour
2026-03-15,sub-psiog-001,MAC-02,rg-mac-02-analytics-prod,Microsoft.ContainerService/managedClusters,AKS Clusters,Compute,team:Analytics,1102.6,INR,80.57,1 Hour
2026-03-15,sub-psiog-001,MAC-02,rg-mac-02-analytics-prod,Microsoft.Storage/storageAccounts/fileServices,File Storage,Storage,team:Analytics,651.64,INR,29.08,1 Hour
2026-03-15,sub-psiog-001,MAC-02,rg-mac-02-analytics-prod,Microsoft.Network/loadBalancers,Load Balancers,Networking,team:Analytics,203.21,INR,93.37,1 Hour
2026-03-15,sub-psiog-001,MAC-02,rg-mac-02-analytics-prod,Microsoft.DocumentDB/databaseAccounts,Cosmos DB,Data Services,team:Analytics,852.32,INR,71.19,1 Hour
2026-03-15,sub-psiog-001,MAC-03,rg-mac-03-product-prod,Microsoft.ContainerService/managedClusters,AKS Clusters,Compute,team:Product,720.31,INR,89.55,1 Hour
2026-03-15,sub-psiog-001,MAC-03,rg-mac-03-product-prod,Microsoft.Storage/storageAccounts/fileServices,File Storage,Storage,team:Product,227.01,INR,73.8,1 Hour
2026-03-15,sub-psiog-001,MAC-03,rg-mac-03-product-prod,Microsoft.Network/virtualNetworks,Virtual Networks,Networking,team:Product,153.95,INR,55.39,1 Hour
2026-03-15,sub-psiog-001,MAC-03,rg-mac-03-product-prod,Microsoft.DocumentDB/databaseAccounts,Cosmos DB,Data Services,team:Product,320.5,INR,19.26,1 Hour
2026-03-15,sub-psiog-001,MAC-03,rg-mac-03-frontend-prod,Microsoft.ContainerService/managedClusters,AKS Clusters,Compute,team:Frontend,540.66,INR,56.82,1 Hour
2026-03-15,sub-psiog-001,MAC-03,rg-mac-03-frontend-prod,Microsoft.Storage/storageAccounts,Blob Storage,Storage,team:Frontend,196.59,INR,71.94,1 Hour
2026-03-15,sub-psiog-001,MAC-03,rg-mac-03-frontend-prod,Microsoft.Network/virtualNetworks,Virtual Networks,Networking,team:Frontend,108.17,INR,34.64,1 Hour
2026-03-15,sub-psiog-001,MAC-03,rg-mac-03-frontend-prod,Microsoft.Sql/servers/databases,SQL Database,Data Services,team:Frontend,204.41,INR,63.54,1 Hour
2026-03-15,sub-psiog-001,MAC-04,rg-mac-04-backend-prod,Microsoft.ContainerService/managedClusters,AKS Clusters,Compute,team:Backend,1215.43,INR,73.88,1 Hour
2026-03-15,sub-psiog-001,MAC-04,rg-mac-04-backend-prod,Microsoft.Storage/storageAccounts,Blob Storage,Storage,team:Backend,394.3,INR,30.62,1 Hour
2026-03-15,sub-psiog-001,MAC-04,rg-mac-04-backend-prod,Microsoft.Network/virtualNetworks,Virtual Networks,Networking,team:Backend,235.87,INR,20.07,1 Hour
2026-03-15,sub-psiog-001,MAC-04,rg-mac-04-backend-prod,Microsoft.Sql/servers/databases,SQL Database,Data Services,team:Backend,489.98,INR,30.23,1 Hour
2026-03-15,sub-psiog-001,MAC-04,rg-mac-04-qa-prod,Microsoft.ContainerService/managedClusters,AKS Clusters,Compute,team:QA,428.73,INR,34.07,1 Hour
2026-03-15,sub-psiog-001,MAC-04,rg-mac-04-qa-prod,Microsoft.Storage/storageAccounts,Blob Storage,Storage,team:QA,176.22,INR,46.25,1 Hour
2026-03-15,sub-psiog-001,MAC-04,rg-mac-04-qa-prod,Microsoft.Network/loadBalancers,Load Balancers,Networking,team:QA,100.16,INR,96.25,1 Hour
2026-03-15,sub-psiog-001,MAC-04,rg-mac-04-qa-prod,Microsoft.Sql/servers/databases,SQL Database,Data Services,team:QA,274.91,INR,59.48,1 Hour
2026-03-15,sub-psiog-001,MAC-05,rg-mac-05-security-prod,Microsoft.Compute/virtualMachines,Virtual Machines,Compute,team:Security,884.23,INR,18.34,1 Hour
2026-03-15,sub-psiog-001,MAC-05,rg-mac-05-security-prod,Microsoft.Storage/storageAccounts/fileServices,File Storage,Storage,team:Security,316.8,INR,36.11,1 Hour
2026-03-15,sub-psiog-001,MAC-05,rg-mac-05-security-prod,Microsoft.Network/loadBalancers,Load Balancers,Networking,team:Security,362.4,INR,91.44,1 Hour
2026-03-15,sub-psiog-001,MAC-05,rg-mac-05-security-prod,Microsoft.DocumentDB/databaseAccounts,Cosmos DB,Data Services,team:Security,355.43,INR,82.95,1 Hour
2026-03-15,sub-psiog-001,MAC-05,rg-mac-05-compliance-prod,Microsoft.Compute/virtualMachines,Virtual Machines,Compute,team:Compliance,357.13,INR,31.67,1 Hour
2026-03-15,sub-psiog-001,MAC-05,rg-mac-05-compliance-prod,Microsoft.Storage/storageAccounts,Blob Storage,Storage,team:Compliance,233.43,INR,26.73,1 Hour
2026-03-15,sub-psiog-001,MAC-05,rg-mac-05-compliance-prod,Microsoft.Network/loadBalancers,Load Balancers,Networking,team:Compliance,177.42,INR,39.36,1 Hour
2026-03-15,sub-psiog-001,MAC-05,rg-mac-05-compliance-prod,Microsoft.Sql/servers/databases,SQL Database,Data Services,team:Compliance,361.55,INR,36.66,1 Hour
2026-03-15,sub-psiog-001,MAC-06,rg-mac-06-infrastructure-prod,Microsoft.ContainerService/managedClusters,AKS Clusters,Compute,team:Infrastructure,1660.01,INR,59.93,1 Hour
2026-03-15,sub-psiog-001,MAC-06,rg-mac-06-infrastructure-prod,Microsoft.Storage/storageAccounts/fileServices,File Storage,Storage,team:Infrastructure,457.36,INR,4.01,1 Hour
2026-03-15,sub-psiog-001,MAC-06,rg-mac-06-infrastructure-prod,Microsoft.Network/loadBalancers,Load Balancers,Networking,team:Infrastructure,416.89,INR,77.21,1 Hour
2026-03-15,sub-psiog-001,MAC-06,rg-mac-06-infrastructure-prod,Microsoft.Sql/servers/databases,SQL Database,Data Services,team:Infrastructure,532.23,INR,71.41,1 Hour
2026-03-15,sub-psiog-001,MAC-06,rg-mac-06-cloudops-prod,Microsoft.Compute/virtualMachines,Virtual Machines,Compute,team:CloudOps,1592.12,INR,77.32,1 Hour
2026-03-15,sub-psiog-001,MAC-06,rg-mac-06-cloudops-prod,Microsoft.Storage/storageAccounts,Blob Storage,Storage,team:CloudOps,455.94,INR,53.7,1 Hour
2026-03-15,sub-psiog-001,MAC-06,rg-mac-06-cloudops-prod,Microsoft.Network/loadBalancers,Load Balancers,Networking,team:CloudOps,392.2,INR,96.42,1 Hour
2026-03-15,sub-psiog-001,MAC-06,rg-mac-06-cloudops-prod,Microsoft.Sql/servers/databases,SQL Database,Data Services,team:CloudOps,423.87,INR,82.47,1 Hour
2026-03-15,sub-psiog-001,MAC-07,rg-mac-07-ml-prod,Microsoft.Compute/virtualMachines,Virtual Machines,Compute,team:ML,1795.12,INR,28.06,1 Hour
2026-03-15,sub-psiog-001,MAC-07,rg-mac-07-ml-prod,Microsoft.Storage/storageAccounts,Blob Storage,Storage,team:ML,631.13,INR,17.04,1 Hour
2026-03-15,sub-psiog-001,MAC-07,rg-mac-07-ml-prod,Microsoft.Network/virtualNetworks,Virtual Networks,Networking,team:ML,239.7,INR,78.61,1 Hour
2026-03-15,sub-psiog-001,MAC-07,rg-mac-07-ml-prod,Microsoft.DocumentDB/databaseAccounts,Cosmos DB,Data Services,team:ML,752.36,INR,12.25,1 Hour
2026-03-15,sub-psiog-001,MAC-07,rg-mac-07-research-prod,Microsoft.Compute/virtualMachines,Virtual Machines,Compute,team:Research,1021.64,INR,15.65,1 Hour
2026-03-15,sub-psiog-001,MAC-07,rg-mac-07-research-prod,Microsoft.Storage/storageAccounts,Blob Storage,Storage,team:Research,576.74,INR,85.22,1 Hour
2026-03-15,sub-psiog-001,MAC-07,rg-mac-07-research-prod,Microsoft.Network/virtualNetworks,Virtual Networks,Networking,team:Research,221.59,INR,30.23,1 Hour
2026-03-15,sub-psiog-001,MAC-07,rg-mac-07-research-prod,Microsoft.Sql/servers/databases,SQL Database,Data Services,team:Research,823.98,INR,69.82,1 Hour
2026-03-15,sub-psiog-001,MAC-08,rg-mac-08-finance-prod,Microsoft.Compute/virtualMachines,Virtual Machines,Compute,team:Finance,299.43,INR,91.98,1 Hour
2026-03-15,sub-psiog-001,MAC-08,rg-mac-08-finance-prod,Microsoft.Storage/storageAccounts,Blob Storage,Storage,team:Finance,236.9,INR,3.39,1 Hour
2026-03-15,sub-psiog-001,MAC-08,rg-mac-08-finance-prod,Microsoft.Network/loadBalancers,Load Balancers,Networking,team:Finance,111.0,INR,33.6,1 Hour
2026-03-15,sub-psiog-001,MAC-08,rg-mac-08-finance-prod,Microsoft.Sql/servers/databases,SQL Database,Data Services,team:Finance,490.96,INR,91.56,1 Hour
2026-03-15,sub-psiog-001,MAC-08,rg-mac-08-operations-prod,Microsoft.Compute/virtualMachines,Virtual Machines,Compute,team:Operations,534.93,INR,46.69,1 Hour
2026-03-15,sub-psiog-001,MAC-08,rg-mac-08-operations-prod,Microsoft.Storage/storageAccounts,Blob Storage,Storage,team:Operations,305.74,INR,86.36,1 Hour
2026-03-15,sub-psiog-001,MAC-08,rg-mac-08-operations-prod,Microsoft.Network/virtualNetworks,Virtual Networks,Networking,team:Operations,170.94,INR,53.11,1 Hour
2026-03-15,sub-psiog-001,MAC-08,rg-mac-08-operations-prod,Microsoft.Sql/servers/databases,SQL Database,Data Services,team:Operations,491.96,INR,28.89,1 Hour
2026-03-16,sub-psiog-001,MAC-01,rg-mac-01-devops-prod,Microsoft.Compute/virtualMachines,Virtual Machines,Compute,team:DevOps,1450.06,INR,49.98,1 Hour
2026-03-16,sub-psiog-001,MAC-01,rg-mac-01-devops-prod,Microsoft.Storage/storageAccounts,Blob Storage,Storage,team:DevOps,381.65,INR,80.34,1 Hour
2026-03-16,sub-psiog-001,MAC-01,rg-mac-01-devops-prod,Microsoft.Network/loadBalancers,Load Balancers,Networking,team:DevOps,225.32,INR,64.25,1 Hour
2026-03-16,sub-psiog-001,MAC-01,rg-mac-01-devops-prod,Microsoft.Sql/servers/databases,SQL Database,Data Services,team:DevOps,495.48,INR,17.74,1 Hour
2026-03-16,sub-psiog-001,MAC-01,rg-mac-01-platform-prod,Microsoft.Compute/virtualMachines,Virtual Machines,Compute,team:Platform,1359.81,INR,99.28,1 Hour
2026-03-16,sub-psiog-001,MAC-01,rg-mac-01-platform-prod,Microsoft.Storage/storageAccounts,Blob Storage,Storage,team:Platform,280.82,INR,50.81,1 Hour
2026-03-16,sub-psiog-001,MAC-01,rg-mac-01-platform-prod,Microsoft.Network/loadBalancers,Load Balancers,Networking,team:Platform,303.81,INR,50.71,1 Hour
2026-03-16,sub-psiog-001,MAC-01,rg-mac-01-platform-prod,Microsoft.Sql/servers/databases,SQL Database,Data Services,team:Platform,396.15,INR,1.97,1 Hour
2026-03-16,sub-psiog-001,MAC-02,rg-mac-02-dataengineering-prod,Microsoft.ContainerService/managedClusters,AKS Clusters,Compute,team:DataEngineering,1143.19,INR,78.18,1 Hour
2026-03-16,sub-psiog-001,MAC-02,rg-mac-02-dataengineering-prod,Microsoft.Storage/storageAccounts/fileServices,File Storage,Storage,team:DataEngineering,729.76,INR,98.98,1 Hour
2026-03-16,sub-psiog-001,MAC-02,rg-mac-02-dataengineering-prod,Microsoft.Network/virtualNetworks,Virtual Networks,Networking,team:DataEngineering,230.74,INR,83.53,1 Hour
2026-03-16,sub-psiog-001,MAC-02,rg-mac-02-dataengineering-prod,Microsoft.DocumentDB/databaseAccounts,Cosmos DB,Data Services,team:DataEngineering,1021.99,INR,51.59,1 Hour
2026-03-16,sub-psiog-001,MAC-02,rg-mac-02-analytics-prod,Microsoft.Compute/virtualMachines,Virtual Machines,Compute,team:Analytics,889.81,INR,49.51,1 Hour
2026-03-16,sub-psiog-001,MAC-02,rg-mac-02-analytics-prod,Microsoft.Storage/storageAccounts/fileServices,File Storage,Storage,team:Analytics,665.39,INR,3.13,1 Hour
2026-03-16,sub-psiog-001,MAC-02,rg-mac-02-analytics-prod,Microsoft.Network/virtualNetworks,Virtual Networks,Networking,team:Analytics,186.07,INR,47.22,1 Hour
2026-03-16,sub-psiog-001,MAC-02,rg-mac-02-analytics-prod,Microsoft.Sql/servers/databases,SQL Database,Data Services,team:Analytics,938.82,INR,81.92,1 Hour
2026-03-16,sub-psiog-001,MAC-03,rg-mac-03-product-prod,Microsoft.ContainerService/managedClusters,AKS Clusters,Compute,team:Product,678.52,INR,73.34,1 Hour
2026-03-16,sub-psiog-001,MAC-03,rg-mac-03-product-prod,Microsoft.Storage/storageAccounts,Blob Storage,Storage,team:Product,195.68,INR,50.33,1 Hour
2026-03-16,sub-psiog-001,MAC-03,rg-mac-03-product-prod,Microsoft.Network/virtualNetworks,Virtual Networks,Networking,team:Product,138.86,INR,5.0,1 Hour
2026-03-16,sub-psiog-001,MAC-03,rg-mac-03-product-prod,Microsoft.DocumentDB/databaseAccounts,Cosmos DB,Data Services,team:Product,375.38,INR,54.88,1 Hour
2026-03-16,sub-psiog-001,MAC-03,rg-mac-03-frontend-prod,Microsoft.Compute/virtualMachines,Virtual Machines,Compute,team:Frontend,489.35,INR,20.45,1 Hour
2026-03-16,sub-psiog-001,MAC-03,rg-mac-03-frontend-prod,Microsoft.Storage/storageAccounts,Blob Storage,Storage,team:Frontend,154.63,INR,79.26,1 Hour
2026-03-16,sub-psiog-001,MAC-03,rg-mac-03-frontend-prod,Microsoft.Network/virtualNetworks,Virtual Networks,Networking,team:Frontend,112.53,INR,36.37,1 Hour
2026-03-16,sub-psiog-001,MAC-03,rg-mac-03-frontend-prod,Microsoft.Sql/servers/databases,SQL Database,Data Services,team:Frontend,248.21,INR,11.54,1 Hour
2026-03-16,sub-psiog-001,MAC-04,rg-mac-04-backend-prod,Microsoft.ContainerService/managedClusters,AKS Clusters,Compute,team:Backend,1198.13,INR,53.54,1 Hour
2026-03-16,sub-psiog-001,MAC-04,rg-mac-04-backend-prod,Microsoft.Storage/storageAccounts/fileServices,File Storage,Storage,team:Backend,456.81,INR,65.91,1 Hour
2026-03-16,sub-psiog-001,MAC-04,rg-mac-04-backend-prod,Microsoft.Network/loadBalancers,Load Balancers,Networking,team:Backend,286.09,INR,2.96,1 Hour
2026-03-16,sub-psiog-001,MAC-04,rg-mac-04-backend-prod,Microsoft.Sql/servers/databases,SQL Database,Data Services,team:Backend,653.28,INR,7.25,1 Hour
2026-03-16,sub-psiog-001,MAC-04,rg-mac-04-qa-prod,Microsoft.ContainerService/managedClusters,AKS Clusters,Compute,team:QA,434.44,INR,38.05,1 Hour
2026-03-16,sub-psiog-001,MAC-04,rg-mac-04-qa-prod,Microsoft.Storage/storageAccounts/fileServices,File Storage,Storage,team:QA,182.3,INR,27.28,1 Hour
2026-03-16,sub-psiog-001,MAC-04,rg-mac-04-qa-prod,Microsoft.Network/loadBalancers,Load Balancers,Networking,team:QA,102.88,INR,97.64,1 Hour
2026-03-16,sub-psiog-001,MAC-04,rg-mac-04-qa-prod,Microsoft.DocumentDB/databaseAccounts,Cosmos DB,Data Services,team:QA,273.42,INR,77.31,1 Hour
2026-03-16,sub-psiog-001,MAC-05,rg-mac-05-security-prod,Microsoft.Compute/virtualMachines,Virtual Machines,Compute,team:Security,913.21,INR,54.54,1 Hour
2026-03-16,sub-psiog-001,MAC-05,rg-mac-05-security-prod,Microsoft.Storage/storageAccounts/fileServices,File Storage,Storage,team:Security,269.92,INR,26.57,1 Hour
2026-03-16,sub-psiog-001,MAC-05,rg-mac-05-security-prod,Microsoft.Network/virtualNetworks,Virtual Networks,Networking,team:Security,295.82,INR,63.08,1 Hour
2026-03-16,sub-psiog-001,MAC-05,rg-mac-05-security-prod,Microsoft.DocumentDB/databaseAccounts,Cosmos DB,Data Services,team:Security,361.77,INR,70.37,1 Hour
2026-03-16,sub-psiog-001,MAC-05,rg-mac-05-compliance-prod,Microsoft.ContainerService/managedClusters,AKS Clusters,Compute,team:Compliance,349.38,INR,37.76,1 Hour
2026-03-16,sub-psiog-001,MAC-05,rg-mac-05-compliance-prod,Microsoft.Storage/storageAccounts/fileServices,File Storage,Storage,team:Compliance,275.26,INR,94.1,1 Hour
2026-03-16,sub-psiog-001,MAC-05,rg-mac-05-compliance-prod,Microsoft.Network/loadBalancers,Load Balancers,Networking,team:Compliance,179.68,INR,46.33,1 Hour
2026-03-16,sub-psiog-001,MAC-05,rg-mac-05-compliance-prod,Microsoft.DocumentDB/databaseAccounts,Cosmos DB,Data Services,team:Compliance,358.55,INR,45.56,1 Hour
2026-03-16,sub-psiog-001,MAC-06,rg-mac-06-infrastructure-prod,Microsoft.ContainerService/managedClusters,AKS Clusters,Compute,team:Infrastructure,1603.74,INR,83.32,1 Hour
2026-03-16,sub-psiog-001,MAC-06,rg-mac-06-infrastructure-prod,Microsoft.Storage/storageAccounts/fileServices,File Storage,Storage,team:Infrastructure,508.68,INR,42.14,1 Hour
2026-03-16,sub-psiog-001,MAC-06,rg-mac-06-infrastructure-prod,Microsoft.Network/virtualNetworks,Virtual Networks,Networking,team:Infrastructure,446.81,INR,22.12,1 Hour
2026-03-16,sub-psiog-001,MAC-06,rg-mac-06-infrastructure-prod,Microsoft.Sql/servers/databases,SQL Database,Data Services,team:Infrastructure,520.42,INR,39.73,1 Hour
2026-03-16,sub-psiog-001,MAC-06,rg-mac-06-cloudops-prod,Microsoft.Compute/virtualMachines,Virtual Machines,Compute,team:CloudOps,1679.29,INR,7.23,1 Hour
2026-03-16,sub-psiog-001,MAC-06,rg-mac-06-cloudops-prod,Microsoft.Storage/storageAccounts/fileServices,File Storage,Storage,team:CloudOps,468.68,INR,23.52,1 Hour
2026-03-16,sub-psiog-001,MAC-06,rg-mac-06-cloudops-prod,Microsoft.Network/virtualNetworks,Virtual Networks,Networking,team:CloudOps,390.02,INR,69.29,1 Hour
2026-03-16,sub-psiog-001,MAC-06,rg-mac-06-cloudops-prod,Microsoft.Sql/servers/databases,SQL Database,Data Services,team:CloudOps,519.26,INR,70.93,1 Hour
2026-03-16,sub-psiog-001,MAC-07,rg-mac-07-ml-prod,Microsoft.Compute/virtualMachines,Virtual Machines,Compute,team:ML,2045.24,INR,22.8,1 Hour
2026-03-16,sub-psiog-001,MAC-07,rg-mac-07-ml-prod,Microsoft.Storage/storageAccounts/fileServices,File Storage,Storage,team:ML,590.87,INR,16.91,1 Hour
2026-03-16,sub-psiog-001,MAC-07,rg-mac-07-ml-prod,Microsoft.Network/loadBalancers,Load Balancers,Networking,team:ML,219.41,INR,54.06,1 Hour
2026-03-16,sub-psiog-001,MAC-07,rg-mac-07-ml-prod,Microsoft.DocumentDB/databaseAccounts,Cosmos DB,Data Services,team:ML,729.99,INR,24.85,1 Hour
2026-03-16,sub-psiog-001,MAC-07,rg-mac-07-research-prod,Microsoft.ContainerService/managedClusters,AKS Clusters,Compute,team:Research,907.05,INR,3.59,1 Hour
2026-03-16,sub-psiog-001,MAC-07,rg-mac-07-research-prod,Microsoft.Storage/storageAccounts/fileServices,File Storage,Storage,team:Research,529.93,INR,51.54,1 Hour
2026-03-16,sub-psiog-001,MAC-07,rg-mac-07-research-prod,Microsoft.Network/virtualNetworks,Virtual Networks,Networking,team:Research,212.3,INR,33.0,1 Hour
2026-03-16,sub-psiog-001,MAC-07,rg-mac-07-research-prod,Microsoft.Sql/servers/databases,SQL Database,Data Services,team:Research,821.24,INR,81.25,1 Hour
2026-03-16,sub-psiog-001,MAC-08,rg-mac-08-finance-prod,Microsoft.ContainerService/managedClusters,AKS Clusters,Compute,team:Finance,332.05,INR,97.96,1 Hour
2026-03-16,sub-psiog-001,MAC-08,rg-mac-08-finance-prod,Microsoft.Storage/storageAccounts,Blob Storage,Storage,team:Finance,211.04,INR,95.02,1 Hour
2026-03-16,sub-psiog-001,MAC-08,rg-mac-08-finance-prod,Microsoft.Network/loadBalancers,Load Balancers,Networking,team:Finance,107.32,INR,80.48,1 Hour
2026-03-16,sub-psiog-001,MAC-08,rg-mac-08-finance-prod,Microsoft.DocumentDB/databaseAccounts,Cosmos DB,Data Services,team:Finance,562.61,INR,60.71,1 Hour
2026-03-16,sub-psiog-001,MAC-08,rg-mac-08-operations-prod,Microsoft.ContainerService/managedClusters,AKS Clusters,Compute,team:Operations,523.3,INR,62.72,1 Hour
2026-03-16,sub-psiog-001,MAC-08,rg-mac-08-operations-prod,Microsoft.Storage/storageAccounts,Blob Storage,Storage,team:Operations,339.86,INR,3.3,1 Hour
2026-03-16,sub-psiog-001,MAC-08,rg-mac-08-operations-prod,Microsoft.Network/virtualNetworks,Virtual Networks,Networking,team:Operations,156.44,INR,83.28,1 Hour
2026-03-16,sub-psiog-001,MAC-08,rg-mac-08-operations-prod,Microsoft.Sql/servers/databases,SQL Database,Data Services,team:Operations,381.41,INR,84.92,1 Hour
2026-03-17,sub-psiog-001,MAC-01,rg-mac-01-devops-prod,Microsoft.Compute/virtualMachines,Virtual Machines,Compute,team:DevOps,1240.47,INR,68.3,1 Hour
2026-03-17,sub-psiog-001,MAC-01,rg-mac-01-devops-prod,Microsoft.Storage/storageAccounts,Blob Storage,Storage,team:DevOps,385.41,INR,99.9,1 Hour
2026-03-17,sub-psiog-001,MAC-01,rg-mac-01-devops-prod,Microsoft.Network/virtualNetworks,Virtual Networks,Networking,team:DevOps,224.33,INR,98.94,1 Hour
2026-03-17,sub-psiog-001,MAC-01,rg-mac-01-devops-prod,Microsoft.DocumentDB/databaseAccounts,Cosmos DB,Data Services,team:DevOps,432.41,INR,67.85,1 Hour
2026-03-17,sub-psiog-001,MAC-01,rg-mac-01-platform-prod,Microsoft.ContainerService/managedClusters,AKS Clusters,Compute,team:Platform,1119.79,INR,78.77,1 Hour
2026-03-17,sub-psiog-001,MAC-01,rg-mac-01-platform-prod,Microsoft.Storage/storageAccounts/fileServices,File Storage,Storage,team:Platform,369.37,INR,27.53,1 Hour
2026-03-17,sub-psiog-001,MAC-01,rg-mac-01-platform-prod,Microsoft.Network/loadBalancers,Load Balancers,Networking,team:Platform,269.81,INR,6.57,1 Hour
2026-03-17,sub-psiog-001,MAC-01,rg-mac-01-platform-prod,Microsoft.DocumentDB/databaseAccounts,Cosmos DB,Data Services,team:Platform,418.78,INR,13.3,1 Hour
2026-03-17,sub-psiog-001,MAC-02,rg-mac-02-dataengineering-prod,Microsoft.ContainerService/managedClusters,AKS Clusters,Compute,team:DataEngineering,1025.88,INR,83.91,1 Hour
2026-03-17,sub-psiog-001,MAC-02,rg-mac-02-dataengineering-prod,Microsoft.Storage/storageAccounts,Blob Storage,Storage,team:DataEngineering,718.17,INR,44.06,1 Hour
2026-03-17,sub-psiog-001,MAC-02,rg-mac-02-dataengineering-prod,Microsoft.Network/virtualNetworks,Virtual Networks,Networking,team:DataEngineering,229.41,INR,85.18,1 Hour
2026-03-17,sub-psiog-001,MAC-02,rg-mac-02-dataengineering-prod,Microsoft.DocumentDB/databaseAccounts,Cosmos DB,Data Services,team:DataEngineering,1060.96,INR,11.87,1 Hour
2026-03-17,sub-psiog-001,MAC-02,rg-mac-02-analytics-prod,Microsoft.Compute/virtualMachines,Virtual Machines,Compute,team:Analytics,986.26,INR,5.14,1 Hour
2026-03-17,sub-psiog-001,MAC-02,rg-mac-02-analytics-prod,Microsoft.Storage/storageAccounts/fileServices,File Storage,Storage,team:Analytics,594.6,INR,33.05,1 Hour
2026-03-17,sub-psiog-001,MAC-02,rg-mac-02-analytics-prod,Microsoft.Network/virtualNetworks,Virtual Networks,Networking,team:Analytics,159.22,INR,57.38,1 Hour
2026-03-17,sub-psiog-001,MAC-02,rg-mac-02-analytics-prod,Microsoft.Sql/servers/databases,SQL Database,Data Services,team:Analytics,980.27,INR,77.77,1 Hour
2026-03-17,sub-psiog-001,MAC-03,rg-mac-03-product-prod,Microsoft.Compute/virtualMachines,Virtual Machines,Compute,team:Product,682.44,INR,26.27,1 Hour
2026-03-17,sub-psiog-001,MAC-03,rg-mac-03-product-prod,Microsoft.Storage/storageAccounts/fileServices,File Storage,Storage,team:Product,226.83,INR,85.46,1 Hour
2026-03-17,sub-psiog-001,MAC-03,rg-mac-03-product-prod,Microsoft.Network/loadBalancers,Load Balancers,Networking,team:Product,144.09,INR,76.44,1 Hour
2026-03-17,sub-psiog-001,MAC-03,rg-mac-03-product-prod,Microsoft.DocumentDB/databaseAccounts,Cosmos DB,Data Services,team:Product,326.76,INR,48.94,1 Hour
2026-03-17,sub-psiog-001,MAC-03,rg-mac-03-frontend-prod,Microsoft.Compute/virtualMachines,Virtual Machines,Compute,team:Frontend,627.29,INR,64.43,1 Hour
2026-03-17,sub-psiog-001,MAC-03,rg-mac-03-frontend-prod,Microsoft.Storage/storageAccounts/fileServices,File Storage,Storage,team:Frontend,195.14,INR,22.12,1 Hour
2026-03-17,sub-psiog-001,MAC-03,rg-mac-03-frontend-prod,Microsoft.Network/loadBalancers,Load Balancers,Networking,team:Frontend,109.91,INR,98.88,1 Hour
2026-03-17,sub-psiog-001,MAC-03,rg-mac-03-frontend-prod,Microsoft.DocumentDB/databaseAccounts,Cosmos DB,Data Services,team:Frontend,205.72,INR,54.35,1 Hour
2026-03-17,sub-psiog-001,MAC-04,rg-mac-04-backend-prod,Microsoft.Compute/virtualMachines,Virtual Machines,Compute,team:Backend,1021.85,INR,10.21,1 Hour
2026-03-17,sub-psiog-001,MAC-04,rg-mac-04-backend-prod,Microsoft.Storage/storageAccounts/fileServices,File Storage,Storage,team:Backend,368.22,INR,35.29,1 Hour
2026-03-17,sub-psiog-001,MAC-04,rg-mac-04-backend-prod,Microsoft.Network/loadBalancers,Load Balancers,Networking,team:Backend,226.19,INR,63.2,1 Hour
2026-03-17,sub-psiog-001,MAC-04,rg-mac-04-backend-prod,Microsoft.DocumentDB/databaseAccounts,Cosmos DB,Data Services,team:Backend,577.64,INR,39.31,1 Hour
2026-03-17,sub-psiog-001,MAC-04,rg-mac-04-qa-prod,Microsoft.Compute/virtualMachines,Virtual Machines,Compute,team:QA,480.57,INR,91.93,1 Hour
2026-03-17,sub-psiog-001,MAC-04,rg-mac-04-qa-prod,Microsoft.Storage/storageAccounts,Blob Storage,Storage,team:QA,196.6,INR,64.36,1 Hour
2026-03-17,sub-psiog-001,MAC-04,rg-mac-04-qa-prod,Microsoft.Network/loadBalancers,Load Balancers,Networking,team:QA,96.23,INR,26.7,1 Hour
2026-03-17,sub-psiog-001,MAC-04,rg-mac-04-qa-prod,Microsoft.DocumentDB/databaseAccounts,Cosmos DB,Data Services,team:QA,288.09,INR,52.85,1 Hour
2026-03-17,sub-psiog-001,MAC-05,rg-mac-05-security-prod,Microsoft.Compute/virtualMachines,Virtual Machines,Compute,team:Security,690.01,INR,33.32,1 Hour
2026-03-17,sub-psiog-001,MAC-05,rg-mac-05-security-prod,Microsoft.Storage/storageAccounts/fileServices,File Storage,Storage,team:Security,294.46,INR,14.18,1 Hour
2026-03-17,sub-psiog-001,MAC-05,rg-mac-05-security-prod,Microsoft.Network/loadBalancers,Load Balancers,Networking,team:Security,318.73,INR,36.63,1 Hour
2026-03-17,sub-psiog-001,MAC-05,rg-mac-05-security-prod,Microsoft.DocumentDB/databaseAccounts,Cosmos DB,Data Services,team:Security,437.42,INR,27.2,1 Hour
2026-03-17,sub-psiog-001,MAC-05,rg-mac-05-compliance-prod,Microsoft.Compute/virtualMachines,Virtual Machines,Compute,team:Compliance,372.66,INR,65.35,1 Hour
2026-03-17,sub-psiog-001,MAC-05,rg-mac-05-compliance-prod,Microsoft.Storage/storageAccounts,Blob Storage,Storage,team:Compliance,248.22,INR,48.82,1 Hour
2026-03-17,sub-psiog-001,MAC-05,rg-mac-05-compliance-prod,Microsoft.Network/loadBalancers,Load Balancers,Networking,team:Compliance,153.99,INR,25.06,1 Hour
2026-03-17,sub-psiog-001,MAC-05,rg-mac-05-compliance-prod,Microsoft.Sql/servers/databases,SQL Database,Data Services,team:Compliance,388.1,INR,58.05,1 Hour
2026-03-17,sub-psiog-001,MAC-06,rg-mac-06-infrastructure-prod,Microsoft.Compute/virtualMachines,Virtual Machines,Compute,team:Infrastructure,1673.48,INR,30.5,1 Hour
2026-03-17,sub-psiog-001,MAC-06,rg-mac-06-infrastructure-prod,Microsoft.Storage/storageAccounts/fileServices,File Storage,Storage,team:Infrastructure,426.09,INR,69.11,1 Hour
2026-03-17,sub-psiog-001,MAC-06,rg-mac-06-infrastructure-prod,Microsoft.Network/loadBalancers,Load Balancers,Networking,team:Infrastructure,420.6,INR,90.55,1 Hour
2026-03-17,sub-psiog-001,MAC-06,rg-mac-06-infrastructure-prod,Microsoft.DocumentDB/databaseAccounts,Cosmos DB,Data Services,team:Infrastructure,534.14,INR,11.95,1 Hour
2026-03-17,sub-psiog-001,MAC-06,rg-mac-06-cloudops-prod,Microsoft.Compute/virtualMachines,Virtual Machines,Compute,team:CloudOps,1648.59,INR,44.44,1 Hour
2026-03-17,sub-psiog-001,MAC-06,rg-mac-06-cloudops-prod,Microsoft.Storage/storageAccounts,Blob Storage,Storage,team:CloudOps,444.27,INR,3.47,1 Hour
2026-03-17,sub-psiog-001,MAC-06,rg-mac-06-cloudops-prod,Microsoft.Network/loadBalancers,Load Balancers,Networking,team:CloudOps,335.5,INR,2.41,1 Hour
2026-03-17,sub-psiog-001,MAC-06,rg-mac-06-cloudops-prod,Microsoft.DocumentDB/databaseAccounts,Cosmos DB,Data Services,team:CloudOps,399.74,INR,81.1,1 Hour
2026-03-17,sub-psiog-001,MAC-07,rg-mac-07-ml-prod,Microsoft.Compute/virtualMachines,Virtual Machines,Compute,team:ML,2031.77,INR,49.35,1 Hour
2026-03-17,sub-psiog-001,MAC-07,rg-mac-07-ml-prod,Microsoft.Storage/storageAccounts/fileServices,File Storage,Storage,team:ML,642.31,INR,55.82,1 Hour
2026-03-17,sub-psiog-001,MAC-07,rg-mac-07-ml-prod,Microsoft.Network/virtualNetworks,Virtual Networks,Networking,team:ML,263.8,INR,43.0,1 Hour
2026-03-17,sub-psiog-001,MAC-07,rg-mac-07-ml-prod,Microsoft.DocumentDB/databaseAccounts,Cosmos DB,Data Services,team:ML,705.72,INR,35.6,1 Hour
2026-03-17,sub-psiog-001,MAC-07,rg-mac-07-research-prod,Microsoft.ContainerService/managedClusters,AKS Clusters,Compute,team:Research,1019.2,INR,36.09,1 Hour
2026-03-17,sub-psiog-001,MAC-07,rg-mac-07-research-prod,Microsoft.Storage/storageAccounts/fileServices,File Storage,Storage,team:Research,501.84,INR,48.1,1 Hour
2026-03-17,sub-psiog-001,MAC-07,rg-mac-07-research-prod,Microsoft.Network/loadBalancers,Load Balancers,Networking,team:Research,199.06,INR,92.02,1 Hour
2026-03-17,sub-psiog-001,MAC-07,rg-mac-07-research-prod,Microsoft.DocumentDB/databaseAccounts,Cosmos DB,Data Services,team:Research,796.62,INR,33.89,1 Hour
2026-03-17,sub-psiog-001,MAC-08,rg-mac-08-finance-prod,Microsoft.Compute/virtualMachines,Virtual Machines,Compute,team:Finance,385.26,INR,14.18,1 Hour
2026-03-17,sub-psiog-001,MAC-08,rg-mac-08-finance-prod,Microsoft.Storage/storageAccounts,Blob Storage,Storage,team:Finance,258.64,INR,83.71,1 Hour
2026-03-17,sub-psiog-001,MAC-08,rg-mac-08-finance-prod,Microsoft.Network/virtualNetworks,Virtual Networks,Networking,team:Finance,107.76,INR,69.76,1 Hour
2026-03-17,sub-psiog-001,MAC-08,rg-mac-08-finance-prod,Microsoft.Sql/servers/databases,SQL Database,Data Services,team:Finance,496.4,INR,18.7,1 Hour
2026-03-17,sub-psiog-001,MAC-08,rg-mac-08-operations-prod,Microsoft.Compute/virtualMachines,Virtual Machines,Compute,team:Operations,540.38,INR,77.45,1 Hour
2026-03-17,sub-psiog-001,MAC-08,rg-mac-08-operations-prod,Microsoft.Storage/storageAccounts/fileServices,File Storage,Storage,team:Operations,319.18,INR,55.09,1 Hour
2026-03-17,sub-psiog-001,MAC-08,rg-mac-08-operations-prod,Microsoft.Network/virtualNetworks,Virtual Networks,Networking,team:Operations,150.55,INR,99.8,1 Hour
2026-03-17,sub-psiog-001,MAC-08,rg-mac-08-operations-prod,Microsoft.DocumentDB/databaseAccounts,Cosmos DB,Data Services,team:Operations,502.12,INR,39.25,1 Hour
2026-03-18,sub-psiog-001,MAC-01,rg-mac-01-devops-prod,Microsoft.Compute/virtualMachines,Virtual Machines,Compute,team:DevOps,1280.72,INR,54.1,1 Hour
2026-03-18,sub-psiog-001,MAC-01,rg-mac-01-devops-prod,Microsoft.Storage/storageAccounts,Blob Storage,Storage,team:DevOps,354.81,INR,67.77,1 Hour
2026-03-18,sub-psiog-001,MAC-01,rg-mac-01-devops-prod,Microsoft.Network/virtualNetworks,Virtual Networks,Networking,team:DevOps,263.78,INR,8.88,1 Hour
2026-03-18,sub-psiog-001,MAC-01,rg-mac-01-devops-prod,Microsoft.DocumentDB/databaseAccounts,Cosmos DB,Data Services,team:DevOps,406.57,INR,29.05,1 Hour
2026-03-18,sub-psiog-001,MAC-01,rg-mac-01-platform-prod,Microsoft.Compute/virtualMachines,Virtual Machines,Compute,team:Platform,1181.0,INR,90.71,1 Hour
2026-03-18,sub-psiog-001,MAC-01,rg-mac-01-platform-prod,Microsoft.Storage/storageAccounts/fileServices,File Storage,Storage,team:Platform,311.71,INR,11.45,1 Hour
2026-03-18,sub-psiog-001,MAC-01,rg-mac-01-platform-prod,Microsoft.Network/loadBalancers,Load Balancers,Networking,team:Platform,304.38,INR,28.14,1 Hour
2026-03-18,sub-psiog-001,MAC-01,rg-mac-01-platform-prod,Microsoft.Sql/servers/databases,SQL Database,Data Services,team:Platform,466.3,INR,88.19,1 Hour
2026-03-18,sub-psiog-001,MAC-02,rg-mac-02-dataengineering-prod,Microsoft.ContainerService/managedClusters,AKS Clusters,Compute,team:DataEngineering,940.27,INR,37.12,1 Hour
2026-03-18,sub-psiog-001,MAC-02,rg-mac-02-dataengineering-prod,Microsoft.Storage/storageAccounts/fileServices,File Storage,Storage,team:DataEngineering,616.35,INR,54.7,1 Hour
2026-03-18,sub-psiog-001,MAC-02,rg-mac-02-dataengineering-prod,Microsoft.Network/loadBalancers,Load Balancers,Networking,team:DataEngineering,217.5,INR,69.45,1 Hour
2026-03-18,sub-psiog-001,MAC-02,rg-mac-02-dataengineering-prod,Microsoft.DocumentDB/databaseAccounts,Cosmos DB,Data Services,team:DataEngineering,1112.33,INR,46.69,1 Hour
2026-03-18,sub-psiog-001,MAC-02,rg-mac-02-analytics-prod,Microsoft.Compute/virtualMachines,Virtual Machines,Compute,team:Analytics,961.91,INR,77.63,1 Hour
2026-03-18,sub-psiog-001,MAC-02,rg-mac-02-analytics-prod,Microsoft.Storage/storageAccounts,Blob Storage,Storage,team:Analytics,630.33,INR,48.96,1 Hour
2026-03-18,sub-psiog-001,MAC-02,rg-mac-02-analytics-prod,Microsoft.Network/virtualNetworks,Virtual Networks,Networking,team:Analytics,195.49,INR,33.41,1 Hour
2026-03-18,sub-psiog-001,MAC-02,rg-mac-02-analytics-prod,Microsoft.Sql/servers/databases,SQL Database,Data Services,team:Analytics,1102.33,INR,61.73,1 Hour
2026-03-18,sub-psiog-001,MAC-03,rg-mac-03-product-prod,Microsoft.Compute/virtualMachines,Virtual Machines,Compute,team:Product,693.94,INR,84.25,1 Hour
2026-03-18,sub-psiog-001,MAC-03,rg-mac-03-product-prod,Microsoft.Storage/storageAccounts,Blob Storage,Storage,team:Product,209.11,INR,24.93,1 Hour
2026-03-18,sub-psiog-001,MAC-03,rg-mac-03-product-prod,Microsoft.Network/virtualNetworks,Virtual Networks,Networking,team:Product,138.44,INR,83.88,1 Hour
2026-03-18,sub-psiog-001,MAC-03,rg-mac-03-product-prod,Microsoft.Sql/servers/databases,SQL Database,Data Services,team:Product,396.03,INR,95.61,1 Hour
2026-03-18,sub-psiog-001,MAC-03,rg-mac-03-frontend-prod,Microsoft.ContainerService/managedClusters,AKS Clusters,Compute,team:Frontend,598.41,INR,19.41,1 Hour
2026-03-18,sub-psiog-001,MAC-03,rg-mac-03-frontend-prod,Microsoft.Storage/storageAccounts/fileServices,File Storage,Storage,team:Frontend,192.06,INR,29.61,1 Hour
2026-03-18,sub-psiog-001,MAC-03,rg-mac-03-frontend-prod,Microsoft.Network/virtualNetworks,Virtual Networks,Networking,team:Frontend,124.28,INR,88.91,1 Hour
2026-03-18,sub-psiog-001,MAC-03,rg-mac-03-frontend-prod,Microsoft.DocumentDB/databaseAccounts,Cosmos DB,Data Services,team:Frontend,212.22,INR,85.09,1 Hour
2026-03-18,sub-psiog-001,MAC-04,rg-mac-04-backend-prod,Microsoft.Compute/virtualMachines,Virtual Machines,Compute,team:Backend,1143.87,INR,60.52,1 Hour
2026-03-18,sub-psiog-001,MAC-04,rg-mac-04-backend-prod,Microsoft.Storage/storageAccounts,Blob Storage,Storage,team:Backend,443.95,INR,32.01,1 Hour
2026-03-18,sub-psiog-001,MAC-04,rg-mac-04-backend-prod,Microsoft.Network/loadBalancers,Load Balancers,Networking,team:Backend,261.01,INR,52.89,1 Hour
2026-03-18,sub-psiog-001,MAC-04,rg-mac-04-backend-prod,Microsoft.Sql/servers/databases,SQL Database,Data Services,team:Backend,557.51,INR,49.08,1 Hour
2026-03-18,sub-psiog-001,MAC-04,rg-mac-04-qa-prod,Microsoft.ContainerService/managedClusters,AKS Clusters,Compute,team:QA,476.49,INR,64.78,1 Hour
2026-03-18,sub-psiog-001,MAC-04,rg-mac-04-qa-prod,Microsoft.Storage/storageAccounts,Blob Storage,Storage,team:QA,208.25,INR,36.26,1 Hour
2026-03-18,sub-psiog-001,MAC-04,rg-mac-04-qa-prod,Microsoft.Network/loadBalancers,Load Balancers,Networking,team:QA,108.19,INR,96.5,1 Hour
2026-03-18,sub-psiog-001,MAC-04,rg-mac-04-qa-prod,Microsoft.Sql/servers/databases,SQL Database,Data Services,team:QA,283.65,INR,26.82,1 Hour
2026-03-18,sub-psiog-001,MAC-05,rg-mac-05-security-prod,Microsoft.ContainerService/managedClusters,AKS Clusters,Compute,team:Security,703.51,INR,66.34,1 Hour
2026-03-18,sub-psiog-001,MAC-05,rg-mac-05-security-prod,Microsoft.Storage/storageAccounts/fileServices,File Storage,Storage,team:Security,293.74,INR,15.7,1 Hour
2026-03-18,sub-psiog-001,MAC-05,rg-mac-05-security-prod,Microsoft.Network/loadBalancers,Load Balancers,Networking,team:Security,310.1,INR,78.46,1 Hour
2026-03-18,sub-psiog-001,MAC-05,rg-mac-05-security-prod,Microsoft.Sql/servers/databases,SQL Database,Data Services,team:Security,344.43,INR,45.32,1 Hour
2026-03-18,sub-psiog-001,MAC-05,rg-mac-05-compliance-prod,Microsoft.Compute/virtualMachines,Virtual Machines,Compute,team:Compliance,462.56,INR,98.95,1 Hour
2026-03-18,sub-psiog-001,MAC-05,rg-mac-05-compliance-prod,Microsoft.Storage/storageAccounts,Blob Storage,Storage,team:Compliance,253.57,INR,65.71,1 Hour
2026-03-18,sub-psiog-001,MAC-05,rg-mac-05-compliance-prod,Microsoft.Network/virtualNetworks,Virtual Networks,Networking,team:Compliance,158.66,INR,65.65,1 Hour
2026-03-18,sub-psiog-001,MAC-05,rg-mac-05-compliance-prod,Microsoft.DocumentDB/databaseAccounts,Cosmos DB,Data Services,team:Compliance,374.63,INR,44.85,1 Hour
2026-03-18,sub-psiog-001,MAC-06,rg-mac-06-infrastructure-prod,Microsoft.Compute/virtualMachines,Virtual Machines,Compute,team:Infrastructure,1750.96,INR,59.4,1 Hour
2026-03-18,sub-psiog-001,MAC-06,rg-mac-06-infrastructure-prod,Microsoft.Storage/storageAccounts,Blob Storage,Storage,team:Infrastructure,440.68,INR,87.79,1 Hour
2026-03-18,sub-psiog-001,MAC-06,rg-mac-06-infrastructure-prod,Microsoft.Network/virtualNetworks,Virtual Networks,Networking,team:Infrastructure,397.85,INR,11.51,1 Hour
2026-03-18,sub-psiog-001,MAC-06,rg-mac-06-infrastructure-prod,Microsoft.DocumentDB/databaseAccounts,Cosmos DB,Data Services,team:Infrastructure,539.86,INR,21.66,1 Hour
2026-03-18,sub-psiog-001,MAC-06,rg-mac-06-cloudops-prod,Microsoft.ContainerService/managedClusters,AKS Clusters,Compute,team:CloudOps,1337.46,INR,57.11,1 Hour
2026-03-18,sub-psiog-001,MAC-06,rg-mac-06-cloudops-prod,Microsoft.Storage/storageAccounts/fileServices,File Storage,Storage,team:CloudOps,474.85,INR,25.37,1 Hour
2026-03-18,sub-psiog-001,MAC-06,rg-mac-06-cloudops-prod,Microsoft.Network/virtualNetworks,Virtual Networks,Networking,team:CloudOps,366.43,INR,29.01,1 Hour
2026-03-18,sub-psiog-001,MAC-06,rg-mac-06-cloudops-prod,Microsoft.Sql/servers/databases,SQL Database,Data Services,team:CloudOps,445.14,INR,86.51,1 Hour
2026-03-18,sub-psiog-001,MAC-07,rg-mac-07-ml-prod,Microsoft.ContainerService/managedClusters,AKS Clusters,Compute,team:ML,1566.73,INR,70.25,1 Hour
2026-03-18,sub-psiog-001,MAC-07,rg-mac-07-ml-prod,Microsoft.Storage/storageAccounts,Blob Storage,Storage,team:ML,600.22,INR,83.13,1 Hour
2026-03-18,sub-psiog-001,MAC-07,rg-mac-07-ml-prod,Microsoft.Network/virtualNetworks,Virtual Networks,Networking,team:ML,226.87,INR,30.87,1 Hour
2026-03-18,sub-psiog-001,MAC-07,rg-mac-07-ml-prod,Microsoft.Sql/servers/databases,SQL Database,Data Services,team:ML,924.53,INR,96.07,1 Hour
2026-03-18,sub-psiog-001,MAC-07,rg-mac-07-research-prod,Microsoft.Compute/virtualMachines,Virtual Machines,Compute,team:Research,1023.03,INR,66.42,1 Hour
2026-03-18,sub-psiog-001,MAC-07,rg-mac-07-research-prod,Microsoft.Storage/storageAccounts/fileServices,File Storage,Storage,team:Research,453.41,INR,2.83,1 Hour
2026-03-18,sub-psiog-001,MAC-07,rg-mac-07-research-prod,Microsoft.Network/virtualNetworks,Virtual Networks,Networking,team:Research,209.21,INR,33.31,1 Hour
2026-03-18,sub-psiog-001,MAC-07,rg-mac-07-research-prod,Microsoft.Sql/servers/databases,SQL Database,Data Services,team:Research,820.73,INR,85.18,1 Hour
2026-03-18,sub-psiog-001,MAC-08,rg-mac-08-finance-prod,Microsoft.Compute/virtualMachines,Virtual Machines,Compute,team:Finance,344.62,INR,25.79,1 Hour
2026-03-18,sub-psiog-001,MAC-08,rg-mac-08-finance-prod,Microsoft.Storage/storageAccounts/fileServices,File Storage,Storage,team:Finance,259.9,INR,63.96,1 Hour
2026-03-18,sub-psiog-001,MAC-08,rg-mac-08-finance-prod,Microsoft.Network/virtualNetworks,Virtual Networks,Networking,team:Finance,119.53,INR,89.6,1 Hour
2026-03-18,sub-psiog-001,MAC-08,rg-mac-08-finance-prod,Microsoft.DocumentDB/databaseAccounts,Cosmos DB,Data Services,team:Finance,535.32,INR,91.39,1 Hour
2026-03-18,sub-psiog-001,MAC-08,rg-mac-08-operations-prod,Microsoft.Compute/virtualMachines,Virtual Machines,Compute,team:Operations,468.24,INR,85.94,1 Hour
2026-03-18,sub-psiog-001,MAC-08,rg-mac-08-operations-prod,Microsoft.Storage/storageAccounts,Blob Storage,Storage,team:Operations,305.63,INR,24.82,1 Hour
2026-03-18,sub-psiog-001,MAC-08,rg-mac-08-operations-prod,Microsoft.Network/virtualNetworks,Virtual Networks,Networking,team:Operations,148.28,INR,85.2,1 Hour
2026-03-18,sub-psiog-001,MAC-08,rg-mac-08-operations-prod,Microsoft.DocumentDB/databaseAccounts,Cosmos DB,Data Services,team:Operations,394.11,INR,96.48,1 Hour
2026-03-19,sub-psiog-001,MAC-01,rg-mac-01-devops-prod,Microsoft.Compute/virtualMachines,Virtual Machines,Compute,team:DevOps,1348.04,INR,15.71,1 Hour
2026-03-19,sub-psiog-001,MAC-01,rg-mac-01-devops-prod,Microsoft.Storage/storageAccounts/fileServices,File Storage,Storage,team:DevOps,373.37,INR,63.79,1 Hour
2026-03-19,sub-psiog-001,MAC-01,rg-mac-01-devops-prod,Microsoft.Network/loadBalancers,Load Balancers,Networking,team:DevOps,226.39,INR,96.39,1 Hour
2026-03-19,sub-psiog-001,MAC-01,rg-mac-01-devops-prod,Microsoft.DocumentDB/databaseAccounts,Cosmos DB,Data Services,team:DevOps,468.14,INR,16.75,1 Hour
2026-03-19,sub-psiog-001,MAC-01,rg-mac-01-platform-prod,Microsoft.ContainerService/managedClusters,AKS Clusters,Compute,team:Platform,1387.57,INR,31.22,1 Hour
2026-03-19,sub-psiog-001,MAC-01,rg-mac-01-platform-prod,Microsoft.Storage/storageAccounts,Blob Storage,Storage,team:Platform,304.16,INR,29.48,1 Hour
2026-03-19,sub-psiog-001,MAC-01,rg-mac-01-platform-prod,Microsoft.Network/loadBalancers,Load Balancers,Networking,team:Platform,281.89,INR,64.23,1 Hour
2026-03-19,sub-psiog-001,MAC-01,rg-mac-01-platform-prod,Microsoft.DocumentDB/databaseAccounts,Cosmos DB,Data Services,team:Platform,437.49,INR,60.79,1 Hour
2026-03-19,sub-psiog-001,MAC-02,rg-mac-02-dataengineering-prod,Microsoft.Compute/virtualMachines,Virtual Machines,Compute,team:DataEngineering,1083.11,INR,51.41,1 Hour
2026-03-19,sub-psiog-001,MAC-02,rg-mac-02-dataengineering-prod,Microsoft.Storage/storageAccounts,Blob Storage,Storage,team:DataEngineering,793.13,INR,38.58,1 Hour
2026-03-19,sub-psiog-001,MAC-02,rg-mac-02-dataengineering-prod,Microsoft.Network/virtualNetworks,Virtual Networks,Networking,team:DataEngineering,190.02,INR,62.68,1 Hour
2026-03-19,sub-psiog-001,MAC-02,rg-mac-02-dataengineering-prod,Microsoft.Sql/servers/databases,SQL Database,Data Services,team:DataEngineering,1131.37,INR,19.03,1 Hour
2026-03-19,sub-psiog-001,MAC-02,rg-mac-02-analytics-prod,Microsoft.Compute/virtualMachines,Virtual Machines,Compute,team:Analytics,934.4,INR,49.59,1 Hour
2026-03-19,sub-psiog-001,MAC-02,rg-mac-02-analytics-prod,Microsoft.Storage/storageAccounts/fileServices,File Storage,Storage,team:Analytics,639.97,INR,14.51,1 Hour
2026-03-19,sub-psiog-001,MAC-02,rg-mac-02-analytics-prod,Microsoft.Network/loadBalancers,Load Balancers,Networking,team:Analytics,194.9,INR,89.77,1 Hour
2026-03-19,sub-psiog-001,MAC-02,rg-mac-02-analytics-prod,Microsoft.DocumentDB/databaseAccounts,Cosmos DB,Data Services,team:Analytics,889.25,INR,4.89,1 Hour
2026-03-19,sub-psiog-001,MAC-03,rg-mac-03-product-prod,Microsoft.ContainerService/managedClusters,AKS Clusters,Compute,team:Product,609.7,INR,42.92,1 Hour
2026-03-19,sub-psiog-001,MAC-03,rg-mac-03-product-prod,Microsoft.Storage/storageAccounts/fileServices,File Storage,Storage,team:Product,196.5,INR,17.62,1 Hour
2026-03-19,sub-psiog-001,MAC-03,rg-mac-03-product-prod,Microsoft.Network/virtualNetworks,Virtual Networks,Networking,team:Product,132.18,INR,65.48,1 Hour
2026-03-19,sub-psiog-001,MAC-03,rg-mac-03-product-prod,Microsoft.DocumentDB/databaseAccounts,Cosmos DB,Data Services,team:Product,391.0,INR,2.37,1 Hour
2026-03-19,sub-psiog-001,MAC-03,rg-mac-03-frontend-prod,Microsoft.ContainerService/managedClusters,AKS Clusters,Compute,team:Frontend,548.9,INR,26.26,1 Hour
2026-03-19,sub-psiog-001,MAC-03,rg-mac-03-frontend-prod,Microsoft.Storage/storageAccounts,Blob Storage,Storage,team:Frontend,187.93,INR,42.18,1 Hour
2026-03-19,sub-psiog-001,MAC-03,rg-mac-03-frontend-prod,Microsoft.Network/virtualNetworks,Virtual Networks,Networking,team:Frontend,113.12,INR,8.39,1 Hour
2026-03-19,sub-psiog-001,MAC-03,rg-mac-03-frontend-prod,Microsoft.DocumentDB/databaseAccounts,Cosmos DB,Data Services,team:Frontend,210.51,INR,68.92,1 Hour
2026-03-19,sub-psiog-001,MAC-04,rg-mac-04-backend-prod,Microsoft.Compute/virtualMachines,Virtual Machines,Compute,team:Backend,1104.68,INR,57.77,1 Hour
2026-03-19,sub-psiog-001,MAC-04,rg-mac-04-backend-prod,Microsoft.Storage/storageAccounts,Blob Storage,Storage,team:Backend,418.1,INR,98.99,1 Hour
2026-03-19,sub-psiog-001,MAC-04,rg-mac-04-backend-prod,Microsoft.Network/virtualNetworks,Virtual Networks,Networking,team:Backend,264.2,INR,92.07,1 Hour
2026-03-19,sub-psiog-001,MAC-04,rg-mac-04-backend-prod,Microsoft.DocumentDB/databaseAccounts,Cosmos DB,Data Services,team:Backend,517.38,INR,39.43,1 Hour
2026-03-19,sub-psiog-001,MAC-04,rg-mac-04-qa-prod,Microsoft.ContainerService/managedClusters,AKS Clusters,Compute,team:QA,498.63,INR,19.17,1 Hour
2026-03-19,sub-psiog-001,MAC-04,rg-mac-04-qa-prod,Microsoft.Storage/storageAccounts/fileServices,File Storage,Storage,team:QA,226.26,INR,55.86,1 Hour
2026-03-19,sub-psiog-001,MAC-04,rg-mac-04-qa-prod,Microsoft.Network/loadBalancers,Load Balancers,Networking,team:QA,92.25,INR,68.03,1 Hour
2026-03-19,sub-psiog-001,MAC-04,rg-mac-04-qa-prod,Microsoft.Sql/servers/databases,SQL Database,Data Services,team:QA,322.64,INR,58.09,1 Hour
2026-03-19,sub-psiog-001,MAC-05,rg-mac-05-security-prod,Microsoft.Compute/virtualMachines,Virtual Machines,Compute,team:Security,833.82,INR,94.29,1 Hour
2026-03-19,sub-psiog-001,MAC-05,rg-mac-05-security-prod,Microsoft.Storage/storageAccounts,Blob Storage,Storage,team:Security,302.81,INR,69.73,1 Hour
2026-03-19,sub-psiog-001,MAC-05,rg-mac-05-security-prod,Microsoft.Network/loadBalancers,Load Balancers,Networking,team:Security,380.27,INR,80.41,1 Hour
2026-03-19,sub-psiog-001,MAC-05,rg-mac-05-security-prod,Microsoft.Sql/servers/databases,SQL Database,Data Services,team:Security,381.41,INR,37.78,1 Hour
2026-03-19,sub-psiog-001,MAC-05,rg-mac-05-compliance-prod,Microsoft.ContainerService/managedClusters,AKS Clusters,Compute,team:Compliance,451.2,INR,5.42,1 Hour
2026-03-19,sub-psiog-001,MAC-05,rg-mac-05-compliance-prod,Microsoft.Storage/storageAccounts,Blob Storage,Storage,team:Compliance,231.19,INR,46.01,1 Hour
2026-03-19,sub-psiog-001,MAC-05,rg-mac-05-compliance-prod,Microsoft.Network/virtualNetworks,Virtual Networks,Networking,team:Compliance,149.54,INR,29.83,1 Hour
2026-03-19,sub-psiog-001,MAC-05,rg-mac-05-compliance-prod,Microsoft.Sql/servers/databases,SQL Database,Data Services,team:Compliance,326.86,INR,8.34,1 Hour
2026-03-19,sub-psiog-001,MAC-06,rg-mac-06-infrastructure-prod,Microsoft.Compute/virtualMachines,Virtual Machines,Compute,team:Infrastructure,1825.3,INR,77.98,1 Hour
2026-03-19,sub-psiog-001,MAC-06,rg-mac-06-infrastructure-prod,Microsoft.Storage/storageAccounts/fileServices,File Storage,Storage,team:Infrastructure,457.45,INR,81.98,1 Hour
2026-03-19,sub-psiog-001,MAC-06,rg-mac-06-infrastructure-prod,Microsoft.Network/virtualNetworks,Virtual Networks,Networking,team:Infrastructure,357.58,INR,76.25,1 Hour
2026-03-19,sub-psiog-001,MAC-06,rg-mac-06-infrastructure-prod,Microsoft.Sql/servers/databases,SQL Database,Data Services,team:Infrastructure,455.37,INR,42.96,1 Hour
2026-03-19,sub-psiog-001,MAC-06,rg-mac-06-cloudops-prod,Microsoft.Compute/virtualMachines,Virtual Machines,Compute,team:CloudOps,1709.02,INR,16.55,1 Hour
2026-03-19,sub-psiog-001,MAC-06,rg-mac-06-cloudops-prod,Microsoft.Storage/storageAccounts,Blob Storage,Storage,team:CloudOps,497.07,INR,36.64,1 Hour
2026-03-19,sub-psiog-001,MAC-06,rg-mac-06-cloudops-prod,Microsoft.Network/loadBalancers,Load Balancers,Networking,team:CloudOps,344.42,INR,96.92,1 Hour
2026-03-19,sub-psiog-001,MAC-06,rg-mac-06-cloudops-prod,Microsoft.DocumentDB/databaseAccounts,Cosmos DB,Data Services,team:CloudOps,412.95,INR,16.25,1 Hour
2026-03-19,sub-psiog-001,MAC-07,rg-mac-07-ml-prod,Microsoft.Compute/virtualMachines,Virtual Machines,Compute,team:ML,1895.29,INR,68.48,1 Hour
2026-03-19,sub-psiog-001,MAC-07,rg-mac-07-ml-prod,Microsoft.Storage/storageAccounts,Blob Storage,Storage,team:ML,609.45,INR,94.99,1 Hour
2026-03-19,sub-psiog-001,MAC-07,rg-mac-07-ml-prod,Microsoft.Network/loadBalancers,Load Balancers,Networking,team:ML,204.07,INR,62.24,1 Hour
2026-03-19,sub-psiog-001,MAC-07,rg-mac-07-ml-prod,Microsoft.DocumentDB/databaseAccounts,Cosmos DB,Data Services,team:ML,746.62,INR,7.11,1 Hour
2026-03-19,sub-psiog-001,MAC-07,rg-mac-07-research-prod,Microsoft.ContainerService/managedClusters,AKS Clusters,Compute,team:Research,1007.19,INR,13.92,1 Hour
2026-03-19,sub-psiog-001,MAC-07,rg-mac-07-research-prod,Microsoft.Storage/storageAccounts/fileServices,File Storage,Storage,team:Research,543.86,INR,95.91,1 Hour
2026-03-19,sub-psiog-001,MAC-07,rg-mac-07-research-prod,Microsoft.Network/loadBalancers,Load Balancers,Networking,team:Research,197.08,INR,24.1,1 Hour
2026-03-19,sub-psiog-001,MAC-07,rg-mac-07-research-prod,Microsoft.Sql/servers/databases,SQL Database,Data Services,team:Research,755.46,INR,10.43,1 Hour
2026-03-19,sub-psiog-001,MAC-08,rg-mac-08-finance-prod,Microsoft.Compute/virtualMachines,Virtual Machines,Compute,team:Finance,350.92,INR,11.54,1 Hour
2026-03-19,sub-psiog-001,MAC-08,rg-mac-08-finance-prod,Microsoft.Storage/storageAccounts,Blob Storage,Storage,team:Finance,257.86,INR,63.87,1 Hour
2026-03-19,sub-psiog-001,MAC-08,rg-mac-08-finance-prod,Microsoft.Network/virtualNetworks,Virtual Networks,Networking,team:Finance,112.77,INR,41.67,1 Hour
2026-03-19,sub-psiog-001,MAC-08,rg-mac-08-finance-prod,Microsoft.Sql/servers/databases,SQL Database,Data Services,team:Finance,471.83,INR,68.25,1 Hour
2026-03-19,sub-psiog-001,MAC-08,rg-mac-08-operations-prod,Microsoft.Compute/virtualMachines,Virtual Machines,Compute,team:Operations,453.76,INR,75.74,1 Hour
2026-03-19,sub-psiog-001,MAC-08,rg-mac-08-operations-prod,Microsoft.Storage/storageAccounts/fileServices,File Storage,Storage,team:Operations,377.7,INR,51.34,1 Hour
2026-03-19,sub-psiog-001,MAC-08,rg-mac-08-operations-prod,Microsoft.Network/loadBalancers,Load Balancers,Networking,team:Operations,166.24,INR,87.38,1 Hour
2026-03-19,sub-psiog-001,MAC-08,rg-mac-08-operations-prod,Microsoft.Sql/servers/databases,SQL Database,Data Services,team:Operations,477.94,INR,77.31,1 Hour
2026-03-20,sub-psiog-001,MAC-01,rg-mac-01-devops-prod,Microsoft.Compute/virtualMachines,Virtual Machines,Compute,team:DevOps,1320.95,INR,9.24,1 Hour
2026-03-20,sub-psiog-001,MAC-01,rg-mac-01-devops-prod,Microsoft.Storage/storageAccounts,Blob Storage,Storage,team:DevOps,306.6,INR,3.63,1 Hour
2026-03-20,sub-psiog-001,MAC-01,rg-mac-01-devops-prod,Microsoft.Network/virtualNetworks,Virtual Networks,Networking,team:DevOps,250.88,INR,1.51,1 Hour
2026-03-20,sub-psiog-001,MAC-01,rg-mac-01-devops-prod,Microsoft.Sql/servers/databases,SQL Database,Data Services,team:DevOps,492.27,INR,80.16,1 Hour
2026-03-20,sub-psiog-001,MAC-01,rg-mac-01-platform-prod,Microsoft.ContainerService/managedClusters,AKS Clusters,Compute,team:Platform,1396.19,INR,82.86,1 Hour
2026-03-20,sub-psiog-001,MAC-01,rg-mac-01-platform-prod,Microsoft.Storage/storageAccounts,Blob Storage,Storage,team:Platform,296.49,INR,42.48,1 Hour
2026-03-20,sub-psiog-001,MAC-01,rg-mac-01-platform-prod,Microsoft.Network/loadBalancers,Load Balancers,Networking,team:Platform,320.76,INR,46.58,1 Hour
2026-03-20,sub-psiog-001,MAC-01,rg-mac-01-platform-prod,Microsoft.DocumentDB/databaseAccounts,Cosmos DB,Data Services,team:Platform,447.77,INR,80.83,1 Hour
2026-03-20,sub-psiog-001,MAC-02,rg-mac-02-dataengineering-prod,Microsoft.ContainerService/managedClusters,AKS Clusters,Compute,team:DataEngineering,907.47,INR,30.69,1 Hour
2026-03-20,sub-psiog-001,MAC-02,rg-mac-02-dataengineering-prod,Microsoft.Storage/storageAccounts/fileServices,File Storage,Storage,team:DataEngineering,643.25,INR,96.05,1 Hour
2026-03-20,sub-psiog-001,MAC-02,rg-mac-02-dataengineering-prod,Microsoft.Network/loadBalancers,Load Balancers,Networking,team:DataEngineering,197.45,INR,41.78,1 Hour
2026-03-20,sub-psiog-001,MAC-02,rg-mac-02-dataengineering-prod,Microsoft.DocumentDB/databaseAccounts,Cosmos DB,Data Services,team:DataEngineering,1193.25,INR,61.92,1 Hour
2026-03-20,sub-psiog-001,MAC-02,rg-mac-02-analytics-prod,Microsoft.ContainerService/managedClusters,AKS Clusters,Compute,team:Analytics,1007.5,INR,46.2,1 Hour
2026-03-20,sub-psiog-001,MAC-02,rg-mac-02-analytics-prod,Microsoft.Storage/storageAccounts,Blob Storage,Storage,team:Analytics,702.64,INR,55.65,1 Hour
2026-03-20,sub-psiog-001,MAC-02,rg-mac-02-analytics-prod,Microsoft.Network/loadBalancers,Load Balancers,Networking,team:Analytics,172.43,INR,2.84,1 Hour
2026-03-20,sub-psiog-001,MAC-02,rg-mac-02-analytics-prod,Microsoft.DocumentDB/databaseAccounts,Cosmos DB,Data Services,team:Analytics,841.96,INR,98.92,1 Hour
2026-03-20,sub-psiog-001,MAC-03,rg-mac-03-product-prod,Microsoft.ContainerService/managedClusters,AKS Clusters,Compute,team:Product,596.35,INR,34.95,1 Hour
2026-03-20,sub-psiog-001,MAC-03,rg-mac-03-product-prod,Microsoft.Storage/storageAccounts,Blob Storage,Storage,team:Product,239.37,INR,62.34,1 Hour
2026-03-20,sub-psiog-001,MAC-03,rg-mac-03-product-prod,Microsoft.Network/loadBalancers,Load Balancers,Networking,team:Product,131.66,INR,49.32,1 Hour
2026-03-20,sub-psiog-001,MAC-03,rg-mac-03-product-prod,Microsoft.DocumentDB/databaseAccounts,Cosmos DB,Data Services,team:Product,343.02,INR,78.66,1 Hour
2026-03-20,sub-psiog-001,MAC-03,rg-mac-03-frontend-prod,Microsoft.ContainerService/managedClusters,AKS Clusters,Compute,team:Frontend,491.68,INR,28.4,1 Hour
2026-03-20,sub-psiog-001,MAC-03,rg-mac-03-frontend-prod,Microsoft.Storage/storageAccounts/fileServices,File Storage,Storage,team:Frontend,197.38,INR,77.77,1 Hour
2026-03-20,sub-psiog-001,MAC-03,rg-mac-03-frontend-prod,Microsoft.Network/loadBalancers,Load Balancers,Networking,team:Frontend,132.88,INR,43.22,1 Hour
2026-03-20,sub-psiog-001,MAC-03,rg-mac-03-frontend-prod,Microsoft.Sql/servers/databases,SQL Database,Data Services,team:Frontend,226.29,INR,60.8,1 Hour
2026-03-20,sub-psiog-001,MAC-04,rg-mac-04-backend-prod,Microsoft.Compute/virtualMachines,Virtual Machines,Compute,team:Backend,1235.91,INR,22.8,1 Hour
2026-03-20,sub-psiog-001,MAC-04,rg-mac-04-backend-prod,Microsoft.Storage/storageAccounts,Blob Storage,Storage,team:Backend,439.56,INR,64.53,1 Hour
2026-03-20,sub-psiog-001,MAC-04,rg-mac-04-backend-prod,Microsoft.Network/virtualNetworks,Virtual Networks,Networking,team:Backend,287.03,INR,57.72,1 Hour
2026-03-20,sub-psiog-001,MAC-04,rg-mac-04-backend-prod,Microsoft.Sql/servers/databases,SQL Database,Data Services,team:Backend,569.48,INR,34.83,1 Hour
2026-03-20,sub-psiog-001,MAC-04,rg-mac-04-qa-prod,Microsoft.Compute/virtualMachines,Virtual Machines,Compute,team:QA,531.15,INR,31.1,1 Hour
2026-03-20,sub-psiog-001,MAC-04,rg-mac-04-qa-prod,Microsoft.Storage/storageAccounts/fileServices,File Storage,Storage,team:QA,184.98,INR,46.02,1 Hour
2026-03-20,sub-psiog-001,MAC-04,rg-mac-04-qa-prod,Microsoft.Network/loadBalancers,Load Balancers,Networking,team:QA,89.53,INR,95.32,1 Hour
2026-03-20,sub-psiog-001,MAC-04,rg-mac-04-qa-prod,Microsoft.DocumentDB/databaseAccounts,Cosmos DB,Data Services,team:QA,301.2,INR,36.93,1 Hour
2026-03-20,sub-psiog-001,MAC-05,rg-mac-05-security-prod,Microsoft.ContainerService/managedClusters,AKS Clusters,Compute,team:Security,850.39,INR,97.46,1 Hour
2026-03-20,sub-psiog-001,MAC-05,rg-mac-05-security-prod,Microsoft.Storage/storageAccounts,Blob Storage,Storage,team:Security,267.87,INR,44.31,1 Hour
2026-03-20,sub-psiog-001,MAC-05,rg-mac-05-security-prod,Microsoft.Network/loadBalancers,Load Balancers,Networking,team:Security,312.57,INR,42.78,1 Hour
2026-03-20,sub-psiog-001,MAC-05,rg-mac-05-security-prod,Microsoft.Sql/servers/databases,SQL Database,Data Services,team:Security,377.94,INR,41.83,1 Hour
2026-03-20,sub-psiog-001,MAC-05,rg-mac-05-compliance-prod,Microsoft.Compute/virtualMachines,Virtual Machines,Compute,team:Compliance,367.21,INR,98.87,1 Hour
2026-03-20,sub-psiog-001,MAC-05,rg-mac-05-compliance-prod,Microsoft.Storage/storageAccounts/fileServices,File Storage,Storage,team:Compliance,243.3,INR,62.53,1 Hour
2026-03-20,sub-psiog-001,MAC-05,rg-mac-05-compliance-prod,Microsoft.Network/virtualNetworks,Virtual Networks,Networking,team:Compliance,194.28,INR,92.93,1 Hour
2026-03-20,sub-psiog-001,MAC-05,rg-mac-05-compliance-prod,Microsoft.DocumentDB/databaseAccounts,Cosmos DB,Data Services,team:Compliance,301.51,INR,98.43,1 Hour
2026-03-20,sub-psiog-001,MAC-06,rg-mac-06-infrastructure-prod,Microsoft.ContainerService/managedClusters,AKS Clusters,Compute,team:Infrastructure,1417.84,INR,11.84,1 Hour
2026-03-20,sub-psiog-001,MAC-06,rg-mac-06-infrastructure-prod,Microsoft.Storage/storageAccounts,Blob Storage,Storage,team:Infrastructure,525.41,INR,4.03,1 Hour
2026-03-20,sub-psiog-001,MAC-06,rg-mac-06-infrastructure-prod,Microsoft.Network/virtualNetworks,Virtual Networks,Networking,team:Infrastructure,352.22,INR,23.45,1 Hour
2026-03-20,sub-psiog-001,MAC-06,rg-mac-06-infrastructure-prod,Microsoft.DocumentDB/databaseAccounts,Cosmos DB,Data Services,team:Infrastructure,467.67,INR,66.83,1 Hour
2026-03-20,sub-psiog-001,MAC-06,rg-mac-06-cloudops-prod,Microsoft.ContainerService/managedClusters,AKS Clusters,Compute,team:CloudOps,1626.97,INR,25.6,1 Hour
2026-03-20,sub-psiog-001,MAC-06,rg-mac-06-cloudops-prod,Microsoft.Storage/storageAccounts/fileServices,File Storage,Storage,team:CloudOps,431.28,INR,50.98,1 Hour
2026-03-20,sub-psiog-001,MAC-06,rg-mac-06-cloudops-prod,Microsoft.Network/loadBalancers,Load Balancers,Networking,team:CloudOps,389.57,INR,60.51,1 Hour
2026-03-20,sub-psiog-001,MAC-06,rg-mac-06-cloudops-prod,Microsoft.DocumentDB/databaseAccounts,Cosmos DB,Data Services,team:CloudOps,457.68,INR,59.88,1 Hour
2026-03-20,sub-psiog-001,MAC-07,rg-mac-07-ml-prod,Microsoft.ContainerService/managedClusters,AKS Clusters,Compute,team:ML,1791.26,INR,92.19,1 Hour
2026-03-20,sub-psiog-001,MAC-07,rg-mac-07-ml-prod,Microsoft.Storage/storageAccounts,Blob Storage,Storage,team:ML,548.38,INR,92.44,1 Hour
2026-03-20,sub-psiog-001,MAC-07,rg-mac-07-ml-prod,Microsoft.Network/virtualNetworks,Virtual Networks,Networking,team:ML,243.85,INR,89.93,1 Hour
2026-03-20,sub-psiog-001,MAC-07,rg-mac-07-ml-prod,Microsoft.DocumentDB/databaseAccounts,Cosmos DB,Data Services,team:ML,875.16,INR,18.07,1 Hour
2026-03-20,sub-psiog-001,MAC-07,rg-mac-07-research-prod,Microsoft.Compute/virtualMachines,Virtual Machines,Compute,team:Research,797.82,INR,46.68,1 Hour
2026-03-20,sub-psiog-001,MAC-07,rg-mac-07-research-prod,Microsoft.Storage/storageAccounts/fileServices,File Storage,Storage,team:Research,486.95,INR,61.11,1 Hour
2026-03-20,sub-psiog-001,MAC-07,rg-mac-07-research-prod,Microsoft.Network/loadBalancers,Load Balancers,Networking,team:Research,229.9,INR,25.81,1 Hour
2026-03-20,sub-psiog-001,MAC-07,rg-mac-07-research-prod,Microsoft.DocumentDB/databaseAccounts,Cosmos DB,Data Services,team:Research,729.76,INR,72.71,1 Hour
2026-03-20,sub-psiog-001,MAC-08,rg-mac-08-finance-prod,Microsoft.Compute/virtualMachines,Virtual Machines,Compute,team:Finance,309.3,INR,67.89,1 Hour
2026-03-20,sub-psiog-001,MAC-08,rg-mac-08-finance-prod,Microsoft.Storage/storageAccounts/fileServices,File Storage,Storage,team:Finance,224.18,INR,9.63,1 Hour
2026-03-20,sub-psiog-001,MAC-08,rg-mac-08-finance-prod,Microsoft.Network/loadBalancers,Load Balancers,Networking,team:Finance,101.9,INR,98.66,1 Hour
2026-03-20,sub-psiog-001,MAC-08,rg-mac-08-finance-prod,Microsoft.Sql/servers/databases,SQL Database,Data Services,team:Finance,504.87,INR,67.73,1 Hour
2026-03-20,sub-psiog-001,MAC-08,rg-mac-08-operations-prod,Microsoft.Compute/virtualMachines,Virtual Machines,Compute,team:Operations,559.81,INR,6.6,1 Hour
2026-03-20,sub-psiog-001,MAC-08,rg-mac-08-operations-prod,Microsoft.Storage/storageAccounts,Blob Storage,Storage,team:Operations,312.94,INR,94.06,1 Hour
2026-03-20,sub-psiog-001,MAC-08,rg-mac-08-operations-prod,Microsoft.Network/virtualNetworks,Virtual Networks,Networking,team:Operations,136.4,INR,40.58,1 Hour
2026-03-20,sub-psiog-001,MAC-08,rg-mac-08-operations-prod,Microsoft.DocumentDB/databaseAccounts,Cosmos DB,Data Services,team:Operations,424.3,INR,72.11,1 Hour
2026-03-21,sub-psiog-001,MAC-01,rg-mac-01-devops-prod,Microsoft.ContainerService/managedClusters,AKS Clusters,Compute,team:DevOps,1291.14,INR,38.39,1 Hour
2026-03-21,sub-psiog-001,MAC-01,rg-mac-01-devops-prod,Microsoft.Storage/storageAccounts/fileServices,File Storage,Storage,team:DevOps,312.42,INR,9.08,1 Hour
2026-03-21,sub-psiog-001,MAC-01,rg-mac-01-devops-prod,Microsoft.Network/loadBalancers,Load Balancers,Networking,team:DevOps,259.41,INR,45.89,1 Hour
2026-03-21,sub-psiog-001,MAC-01,rg-mac-01-devops-prod,Microsoft.Sql/servers/databases,SQL Database,Data Services,team:DevOps,501.24,INR,90.27,1 Hour
2026-03-21,sub-psiog-001,MAC-01,rg-mac-01-platform-prod,Microsoft.ContainerService/managedClusters,AKS Clusters,Compute,team:Platform,1196.65,INR,4.63,1 Hour
2026-03-21,sub-psiog-001,MAC-01,rg-mac-01-platform-prod,Microsoft.Storage/storageAccounts/fileServices,File Storage,Storage,team:Platform,331.79,INR,38.48,1 Hour
2026-03-21,sub-psiog-001,MAC-01,rg-mac-01-platform-prod,Microsoft.Network/virtualNetworks,Virtual Networks,Networking,team:Platform,272.65,INR,22.8,1 Hour
2026-03-21,sub-psiog-001,MAC-01,rg-mac-01-platform-prod,Microsoft.Sql/servers/databases,SQL Database,Data Services,team:Platform,454.29,INR,67.39,1 Hour
2026-03-21,sub-psiog-001,MAC-02,rg-mac-02-dataengineering-prod,Microsoft.ContainerService/managedClusters,AKS Clusters,Compute,team:DataEngineering,1097.88,INR,78.86,1 Hour
2026-03-21,sub-psiog-001,MAC-02,rg-mac-02-dataengineering-prod,Microsoft.Storage/storageAccounts,Blob Storage,Storage,team:DataEngineering,614.4,INR,34.57,1 Hour
2026-03-21,sub-psiog-001,MAC-02,rg-mac-02-dataengineering-prod,Microsoft.Network/virtualNetworks,Virtual Networks,Networking,team:DataEngineering,195.56,INR,52.65,1 Hour
2026-03-21,sub-psiog-001,MAC-02,rg-mac-02-dataengineering-prod,Microsoft.Sql/servers/databases,SQL Database,Data Services,team:DataEngineering,990.45,INR,60.79,1 Hour
2026-03-21,sub-psiog-001,MAC-02,rg-mac-02-analytics-prod,Microsoft.ContainerService/managedClusters,AKS Clusters,Compute,team:Analytics,842.94,INR,90.71,1 Hour
2026-03-21,sub-psiog-001,MAC-02,rg-mac-02-analytics-prod,Microsoft.Storage/storageAccounts/fileServices,File Storage,Storage,team:Analytics,702.7,INR,44.53,1 Hour
2026-03-21,sub-psiog-001,MAC-02,rg-mac-02-analytics-prod,Microsoft.Network/virtualNetworks,Virtual Networks,Networking,team:Analytics,191.68,INR,12.53,1 Hour
2026-03-21,sub-psiog-001,MAC-02,rg-mac-02-analytics-prod,Microsoft.DocumentDB/databaseAccounts,Cosmos DB,Data Services,team:Analytics,1081.95,INR,46.36,1 Hour
2026-03-21,sub-psiog-001,MAC-03,rg-mac-03-product-prod,Microsoft.Compute/virtualMachines,Virtual Machines,Compute,team:Product,735.92,INR,75.73,1 Hour
2026-03-21,sub-psiog-001,MAC-03,rg-mac-03-product-prod,Microsoft.Storage/storageAccounts/fileServices,File Storage,Storage,team:Product,265.9,INR,76.41,1 Hour
2026-03-21,sub-psiog-001,MAC-03,rg-mac-03-product-prod,Microsoft.Network/loadBalancers,Load Balancers,Networking,team:Product,134.52,INR,1.69,1 Hour
2026-03-21,sub-psiog-001,MAC-03,rg-mac-03-product-prod,Microsoft.Sql/servers/databases,SQL Database,Data Services,team:Product,309.21,INR,97.89,1 Hour
2026-03-21,sub-psiog-001,MAC-03,rg-mac-03-frontend-prod,Microsoft.Compute/virtualMachines,Virtual Machines,Compute,team:Frontend,618.21,INR,42.51,1 Hour
2026-03-21,sub-psiog-001,MAC-03,rg-mac-03-frontend-prod,Microsoft.Storage/storageAccounts/fileServices,File Storage,Storage,team:Frontend,183.3,INR,66.01,1 Hour
2026-03-21,sub-psiog-001,MAC-03,rg-mac-03-frontend-prod,Microsoft.Network/loadBalancers,Load Balancers,Networking,team:Frontend,115.31,INR,93.82,1 Hour
2026-03-21,sub-psiog-001,MAC-03,rg-mac-03-frontend-prod,Microsoft.Sql/servers/databases,SQL Database,Data Services,team:Frontend,207.0,INR,31.28,1 Hour
2026-03-21,sub-psiog-001,MAC-04,rg-mac-04-backend-prod,Microsoft.ContainerService/managedClusters,AKS Clusters,Compute,team:Backend,973.84,INR,59.4,1 Hour
2026-03-21,sub-psiog-001,MAC-04,rg-mac-04-backend-prod,Microsoft.Storage/storageAccounts,Blob Storage,Storage,team:Backend,393.44,INR,57.57,1 Hour
2026-03-21,sub-psiog-001,MAC-04,rg-mac-04-backend-prod,Microsoft.Network/loadBalancers,Load Balancers,Networking,team:Backend,234.49,INR,72.5,1 Hour
2026-03-21,sub-psiog-001,MAC-04,rg-mac-04-backend-prod,Microsoft.DocumentDB/databaseAccounts,Cosmos DB,Data Services,team:Backend,626.79,INR,94.6,1 Hour
2026-03-21,sub-psiog-001,MAC-04,rg-mac-04-qa-prod,Microsoft.Compute/virtualMachines,Virtual Machines,Compute,team:QA,409.12,INR,93.98,1 Hour
2026-03-21,sub-psiog-001,MAC-04,rg-mac-04-qa-prod,Microsoft.Storage/storageAccounts/fileServices,File Storage,Storage,team:QA,212.01,INR,78.22,1 Hour
2026-03-21,sub-psiog-001,MAC-04,rg-mac-04-qa-prod,Microsoft.Network/loadBalancers,Load Balancers,Networking,team:QA,101.94,INR,17.24,1 Hour
2026-03-21,sub-psiog-001,MAC-04,rg-mac-04-qa-prod,Microsoft.Sql/servers/databases,SQL Database,Data Services,team:QA,257.59,INR,85.43,1 Hour
2026-03-21,sub-psiog-001,MAC-05,rg-mac-05-security-prod,Microsoft.ContainerService/managedClusters,AKS Clusters,Compute,team:Security,791.89,INR,95.01,1 Hour
2026-03-21,sub-psiog-001,MAC-05,rg-mac-05-security-prod,Microsoft.Storage/storageAccounts,Blob Storage,Storage,team:Security,307.05,INR,42.92,1 Hour
2026-03-21,sub-psiog-001,MAC-05,rg-mac-05-security-prod,Microsoft.Network/loadBalancers,Load Balancers,Networking,team:Security,335.89,INR,65.15,1 Hour
2026-03-21,sub-psiog-001,MAC-05,rg-mac-05-security-prod,Microsoft.Sql/servers/databases,SQL Database,Data Services,team:Security,428.0,INR,81.34,1 Hour
2026-03-21,sub-psiog-001,MAC-05,rg-mac-05-compliance-prod,Microsoft.ContainerService/managedClusters,AKS Clusters,Compute,team:Compliance,359.47,INR,36.34,1 Hour
2026-03-21,sub-psiog-001,MAC-05,rg-mac-05-compliance-prod,Microsoft.Storage/storageAccounts/fileServices,File Storage,Storage,team:Compliance,218.68,INR,57.2,1 Hour
2026-03-21,sub-psiog-001,MAC-05,rg-mac-05-compliance-prod,Microsoft.Network/virtualNetworks,Virtual Networks,Networking,team:Compliance,183.18,INR,16.85,1 Hour
2026-03-21,sub-psiog-001,MAC-05,rg-mac-05-compliance-prod,Microsoft.DocumentDB/databaseAccounts,Cosmos DB,Data Services,team:Compliance,368.5,INR,25.7,1 Hour
2026-03-21,sub-psiog-001,MAC-06,rg-mac-06-infrastructure-prod,Microsoft.Compute/virtualMachines,Virtual Machines,Compute,team:Infrastructure,1859.87,INR,94.17,1 Hour
2026-03-21,sub-psiog-001,MAC-06,rg-mac-06-infrastructure-prod,Microsoft.Storage/storageAccounts/fileServices,File Storage,Storage,team:Infrastructure,429.64,INR,83.9,1 Hour
2026-03-21,sub-psiog-001,MAC-06,rg-mac-06-infrastructure-prod,Microsoft.Network/virtualNetworks,Virtual Networks,Networking,team:Infrastructure,440.85,INR,56.62,1 Hour
2026-03-21,sub-psiog-001,MAC-06,rg-mac-06-infrastructure-prod,Microsoft.DocumentDB/databaseAccounts,Cosmos DB,Data Services,team:Infrastructure,474.63,INR,33.27,1 Hour
2026-03-21,sub-psiog-001,MAC-06,rg-mac-06-cloudops-prod,Microsoft.ContainerService/managedClusters,AKS Clusters,Compute,team:CloudOps,1552.47,INR,73.11,1 Hour
2026-03-21,sub-psiog-001,MAC-06,rg-mac-06-cloudops-prod,Microsoft.Storage/storageAccounts,Blob Storage,Storage,team:CloudOps,377.13,INR,15.28,1 Hour
2026-03-21,sub-psiog-001,MAC-06,rg-mac-06-cloudops-prod,Microsoft.Network/loadBalancers,Load Balancers,Networking,team:CloudOps,332.76,INR,26.85,1 Hour
2026-03-21,sub-psiog-001,MAC-06,rg-mac-06-cloudops-prod,Microsoft.Sql/servers/databases,SQL Database,Data Services,team:CloudOps,462.23,INR,50.65,1 Hour
2026-03-21,sub-psiog-001,MAC-07,rg-mac-07-ml-prod,Microsoft.Compute/virtualMachines,Virtual Machines,Compute,team:ML,1594.55,INR,17.84,1 Hour
2026-03-21,sub-psiog-001,MAC-07,rg-mac-07-ml-prod,Microsoft.Storage/storageAccounts,Blob Storage,Storage,team:ML,582.48,INR,4.39,1 Hour
2026-03-21,sub-psiog-001,MAC-07,rg-mac-07-ml-prod,Microsoft.Network/loadBalancers,Load Balancers,Networking,team:ML,199.87,INR,57.61,1 Hour
2026-03-21,sub-psiog-001,MAC-07,rg-mac-07-ml-prod,Microsoft.Sql/servers/databases,SQL Database,Data Services,team:ML,832.1,INR,50.29,1 Hour
2026-03-21,sub-psiog-001,MAC-07,rg-mac-07-research-prod,Microsoft.Compute/virtualMachines,Virtual Machines,Compute,team:Research,835.3,INR,38.12,1 Hour
2026-03-21,sub-psiog-001,MAC-07,rg-mac-07-research-prod,Microsoft.Storage/storageAccounts/fileServices,File Storage,Storage,team:Research,592.65,INR,84.66,1 Hour
2026-03-21,sub-psiog-001,MAC-07,rg-mac-07-research-prod,Microsoft.Network/virtualNetworks,Virtual Networks,Networking,team:Research,204.58,INR,61.6,1 Hour
2026-03-21,sub-psiog-001,MAC-07,rg-mac-07-research-prod,Microsoft.DocumentDB/databaseAccounts,Cosmos DB,Data Services,team:Research,657.74,INR,83.92,1 Hour
2026-03-21,sub-psiog-001,MAC-08,rg-mac-08-finance-prod,Microsoft.Compute/virtualMachines,Virtual Machines,Compute,team:Finance,319.32,INR,51.64,1 Hour
2026-03-21,sub-psiog-001,MAC-08,rg-mac-08-finance-prod,Microsoft.Storage/storageAccounts,Blob Storage,Storage,team:Finance,241.26,INR,98.72,1 Hour
2026-03-21,sub-psiog-001,MAC-08,rg-mac-08-finance-prod,Microsoft.Network/loadBalancers,Load Balancers,Networking,team:Finance,108.71,INR,31.7,1 Hour
2026-03-21,sub-psiog-001,MAC-08,rg-mac-08-finance-prod,Microsoft.Sql/servers/databases,SQL Database,Data Services,team:Finance,526.57,INR,49.7,1 Hour
2026-03-21,sub-psiog-001,MAC-08,rg-mac-08-operations-prod,Microsoft.Compute/virtualMachines,Virtual Machines,Compute,team:Operations,578.97,INR,28.82,1 Hour
2026-03-21,sub-psiog-001,MAC-08,rg-mac-08-operations-prod,Microsoft.Storage/storageAccounts,Blob Storage,Storage,team:Operations,395.98,INR,53.1,1 Hour
2026-03-21,sub-psiog-001,MAC-08,rg-mac-08-operations-prod,Microsoft.Network/virtualNetworks,Virtual Networks,Networking,team:Operations,148.37,INR,41.22,1 Hour
2026-03-21,sub-psiog-001,MAC-08,rg-mac-08-operations-prod,Microsoft.Sql/servers/databases,SQL Database,Data Services,team:Operations,440.95,INR,39.46,1 Hour
2026-03-22,sub-psiog-001,MAC-01,rg-mac-01-devops-prod,Microsoft.Compute/virtualMachines,Virtual Machines,Compute,team:DevOps,1530.88,INR,34.68,1 Hour
2026-03-22,sub-psiog-001,MAC-01,rg-mac-01-devops-prod,Microsoft.Storage/storageAccounts,Blob Storage,Storage,team:DevOps,326.89,INR,96.38,1 Hour
2026-03-22,sub-psiog-001,MAC-01,rg-mac-01-devops-prod,Microsoft.Network/virtualNetworks,Virtual Networks,Networking,team:DevOps,200.71,INR,13.96,1 Hour
2026-03-22,sub-psiog-001,MAC-01,rg-mac-01-devops-prod,Microsoft.DocumentDB/databaseAccounts,Cosmos DB,Data Services,team:DevOps,455.09,INR,51.5,1 Hour
2026-03-22,sub-psiog-001,MAC-01,rg-mac-01-platform-prod,Microsoft.ContainerService/managedClusters,AKS Clusters,Compute,team:Platform,1196.42,INR,36.93,1 Hour
2026-03-22,sub-psiog-001,MAC-01,rg-mac-01-platform-prod,Microsoft.Storage/storageAccounts,Blob Storage,Storage,team:Platform,373.49,INR,17.56,1 Hour
2026-03-22,sub-psiog-001,MAC-01,rg-mac-01-platform-prod,Microsoft.Network/loadBalancers,Load Balancers,Networking,team:Platform,298.66,INR,80.28,1 Hour
2026-03-22,sub-psiog-001,MAC-01,rg-mac-01-platform-prod,Microsoft.Sql/servers/databases,SQL Database,Data Services,team:Platform,415.08,INR,68.0,1 Hour
2026-03-22,sub-psiog-001,MAC-02,rg-mac-02-dataengineering-prod,Microsoft.ContainerService/managedClusters,AKS Clusters,Compute,team:DataEngineering,1057.85,INR,3.52,1 Hour
2026-03-22,sub-psiog-001,MAC-02,rg-mac-02-dataengineering-prod,Microsoft.Storage/storageAccounts,Blob Storage,Storage,team:DataEngineering,727.54,INR,97.17,1 Hour
2026-03-22,sub-psiog-001,MAC-02,rg-mac-02-dataengineering-prod,Microsoft.Network/virtualNetworks,Virtual Networks,Networking,team:DataEngineering,210.48,INR,79.31,1 Hour
2026-03-22,sub-psiog-001,MAC-02,rg-mac-02-dataengineering-prod,Microsoft.DocumentDB/databaseAccounts,Cosmos DB,Data Services,team:DataEngineering,1108.34,INR,41.48,1 Hour
2026-03-22,sub-psiog-001,MAC-02,rg-mac-02-analytics-prod,Microsoft.Compute/virtualMachines,Virtual Machines,Compute,team:Analytics,882.89,INR,30.4,1 Hour
2026-03-22,sub-psiog-001,MAC-02,rg-mac-02-analytics-prod,Microsoft.Storage/storageAccounts/fileServices,File Storage,Storage,team:Analytics,692.44,INR,3.58,1 Hour
2026-03-22,sub-psiog-001,MAC-02,rg-mac-02-analytics-prod,Microsoft.Network/loadBalancers,Load Balancers,Networking,team:Analytics,183.08,INR,11.65,1 Hour
2026-03-22,sub-psiog-001,MAC-02,rg-mac-02-analytics-prod,Microsoft.DocumentDB/databaseAccounts,Cosmos DB,Data Services,team:Analytics,1082.34,INR,90.57,1 Hour
2026-03-22,sub-psiog-001,MAC-03,rg-mac-03-product-prod,Microsoft.Compute/virtualMachines,Virtual Machines,Compute,team:Product,738.07,INR,14.13,1 Hour
2026-03-22,sub-psiog-001,MAC-03,rg-mac-03-product-prod,Microsoft.Storage/storageAccounts,Blob Storage,Storage,team:Product,235.39,INR,35.04,1 Hour
2026-03-22,sub-psiog-001,MAC-03,rg-mac-03-product-prod,Microsoft.Network/virtualNetworks,Virtual Networks,Networking,team:Product,122.65,INR,49.43,1 Hour
2026-03-22,sub-psiog-001,MAC-03,rg-mac-03-product-prod,Microsoft.DocumentDB/databaseAccounts,Cosmos DB,Data Services,team:Product,316.97,INR,60.74,1 Hour
2026-03-22,sub-psiog-001,MAC-03,rg-mac-03-frontend-prod,Microsoft.ContainerService/managedClusters,AKS Clusters,Compute,team:Frontend,588.79,INR,92.28,1 Hour
2026-03-22,sub-psiog-001,MAC-03,rg-mac-03-frontend-prod,Microsoft.Storage/storageAccounts,Blob Storage,Storage,team:Frontend,148.43,INR,97.87,1 Hour
2026-03-22,sub-psiog-001,MAC-03,rg-mac-03-frontend-prod,Microsoft.Network/loadBalancers,Load Balancers,Networking,team:Frontend,103.41,INR,6.84,1 Hour
2026-03-22,sub-psiog-001,MAC-03,rg-mac-03-frontend-prod,Microsoft.DocumentDB/databaseAccounts,Cosmos DB,Data Services,team:Frontend,239.41,INR,78.9,1 Hour
2026-03-22,sub-psiog-001,MAC-04,rg-mac-04-backend-prod,Microsoft.ContainerService/managedClusters,AKS Clusters,Compute,team:Backend,1013.26,INR,55.15,1 Hour
2026-03-22,sub-psiog-001,MAC-04,rg-mac-04-backend-prod,Microsoft.Storage/storageAccounts,Blob Storage,Storage,team:Backend,463.16,INR,8.61,1 Hour
2026-03-22,sub-psiog-001,MAC-04,rg-mac-04-backend-prod,Microsoft.Network/virtualNetworks,Virtual Networks,Networking,team:Backend,239.32,INR,36.66,1 Hour
2026-03-22,sub-psiog-001,MAC-04,rg-mac-04-backend-prod,Microsoft.DocumentDB/databaseAccounts,Cosmos DB,Data Services,team:Backend,590.85,INR,38.83,1 Hour
2026-03-22,sub-psiog-001,MAC-04,rg-mac-04-qa-prod,Microsoft.ContainerService/managedClusters,AKS Clusters,Compute,team:QA,448.78,INR,37.99,1 Hour
2026-03-22,sub-psiog-001,MAC-04,rg-mac-04-qa-prod,Microsoft.Storage/storageAccounts/fileServices,File Storage,Storage,team:QA,198.38,INR,90.98,1 Hour
2026-03-22,sub-psiog-001,MAC-04,rg-mac-04-qa-prod,Microsoft.Network/loadBalancers,Load Balancers,Networking,team:QA,110.25,INR,40.83,1 Hour
2026-03-22,sub-psiog-001,MAC-04,rg-mac-04-qa-prod,Microsoft.DocumentDB/databaseAccounts,Cosmos DB,Data Services,team:QA,257.92,INR,15.63,1 Hour
2026-03-22,sub-psiog-001,MAC-05,rg-mac-05-security-prod,Microsoft.Compute/virtualMachines,Virtual Machines,Compute,team:Security,756.04,INR,51.94,1 Hour
2026-03-22,sub-psiog-001,MAC-05,rg-mac-05-security-prod,Microsoft.Storage/storageAccounts/fileServices,File Storage,Storage,team:Security,251.78,INR,86.06,1 Hour
2026-03-22,sub-psiog-001,MAC-05,rg-mac-05-security-prod,Microsoft.Network/virtualNetworks,Virtual Networks,Networking,team:Security,310.57,INR,72.92,1 Hour
2026-03-22,sub-psiog-001,MAC-05,rg-mac-05-security-prod,Microsoft.DocumentDB/databaseAccounts,Cosmos DB,Data Services,team:Security,403.91,INR,4.82,1 Hour
2026-03-22,sub-psiog-001,MAC-05,rg-mac-05-compliance-prod,Microsoft.ContainerService/managedClusters,AKS Clusters,Compute,team:Compliance,448.77,INR,2.04,1 Hour
2026-03-22,sub-psiog-001,MAC-05,rg-mac-05-compliance-prod,Microsoft.Storage/storageAccounts/fileServices,File Storage,Storage,team:Compliance,271.04,INR,56.93,1 Hour
2026-03-22,sub-psiog-001,MAC-05,rg-mac-05-compliance-prod,Microsoft.Network/virtualNetworks,Virtual Networks,Networking,team:Compliance,190.8,INR,71.89,1 Hour
2026-03-22,sub-psiog-001,MAC-05,rg-mac-05-compliance-prod,Microsoft.Sql/servers/databases,SQL Database,Data Services,team:Compliance,392.9,INR,65.19,1 Hour
2026-03-22,sub-psiog-001,MAC-06,rg-mac-06-infrastructure-prod,Microsoft.Compute/virtualMachines,Virtual Machines,Compute,team:Infrastructure,1469.78,INR,47.63,1 Hour
2026-03-22,sub-psiog-001,MAC-06,rg-mac-06-infrastructure-prod,Microsoft.Storage/storageAccounts,Blob Storage,Storage,team:Infrastructure,502.99,INR,9.1,1 Hour
2026-03-22,sub-psiog-001,MAC-06,rg-mac-06-infrastructure-prod,Microsoft.Network/virtualNetworks,Virtual Networks,Networking,team:Infrastructure,410.1,INR,25.19,1 Hour
2026-03-22,sub-psiog-001,MAC-06,rg-mac-06-infrastructure-prod,Microsoft.Sql/servers/databases,SQL Database,Data Services,team:Infrastructure,487.31,INR,29.78,1 Hour
2026-03-22,sub-psiog-001,MAC-06,rg-mac-06-cloudops-prod,Microsoft.ContainerService/managedClusters,AKS Clusters,Compute,team:CloudOps,1332.58,INR,2.78,1 Hour
2026-03-22,sub-psiog-001,MAC-06,rg-mac-06-cloudops-prod,Microsoft.Storage/storageAccounts,Blob Storage,Storage,team:CloudOps,418.79,INR,8.88,1 Hour
2026-03-22,sub-psiog-001,MAC-06,rg-mac-06-cloudops-prod,Microsoft.Network/loadBalancers,Load Balancers,Networking,team:CloudOps,339.76,INR,12.72,1 Hour
2026-03-22,sub-psiog-001,MAC-06,rg-mac-06-cloudops-prod,Microsoft.Sql/servers/databases,SQL Database,Data Services,team:CloudOps,453.71,INR,22.5,1 Hour
2026-03-22,sub-psiog-001,MAC-07,rg-mac-07-ml-prod,Microsoft.ContainerService/managedClusters,AKS Clusters,Compute,team:ML,1613.32,INR,39.05,1 Hour
2026-03-22,sub-psiog-001,MAC-07,rg-mac-07-ml-prod,Microsoft.Storage/storageAccounts,Blob Storage,Storage,team:ML,661.16,INR,47.07,1 Hour
2026-03-22,sub-psiog-001,MAC-07,rg-mac-07-ml-prod,Microsoft.Network/virtualNetworks,Virtual Networks,Networking,team:ML,200.0,INR,28.66,1 Hour
2026-03-22,sub-psiog-001,MAC-07,rg-mac-07-ml-prod,Microsoft.DocumentDB/databaseAccounts,Cosmos DB,Data Services,team:ML,880.59,INR,76.13,1 Hour
2026-03-22,sub-psiog-001,MAC-07,rg-mac-07-research-prod,Microsoft.ContainerService/managedClusters,AKS Clusters,Compute,team:Research,1060.94,INR,14.82,1 Hour
2026-03-22,sub-psiog-001,MAC-07,rg-mac-07-research-prod,Microsoft.Storage/storageAccounts/fileServices,File Storage,Storage,team:Research,469.11,INR,90.25,1 Hour
2026-03-22,sub-psiog-001,MAC-07,rg-mac-07-research-prod,Microsoft.Network/virtualNetworks,Virtual Networks,Networking,team:Research,237.2,INR,22.78,1 Hour
2026-03-22,sub-psiog-001,MAC-07,rg-mac-07-research-prod,Microsoft.DocumentDB/databaseAccounts,Cosmos DB,Data Services,team:Research,772.18,INR,93.72,1 Hour
2026-03-22,sub-psiog-001,MAC-08,rg-mac-08-finance-prod,Microsoft.ContainerService/managedClusters,AKS Clusters,Compute,team:Finance,361.93,INR,20.09,1 Hour
2026-03-22,sub-psiog-001,MAC-08,rg-mac-08-finance-prod,Microsoft.Storage/storageAccounts,Blob Storage,Storage,team:Finance,211.16,INR,89.81,1 Hour
2026-03-22,sub-psiog-001,MAC-08,rg-mac-08-finance-prod,Microsoft.Network/loadBalancers,Load Balancers,Networking,team:Finance,122.71,INR,13.98,1 Hour
2026-03-22,sub-psiog-001,MAC-08,rg-mac-08-finance-prod,Microsoft.DocumentDB/databaseAccounts,Cosmos DB,Data Services,team:Finance,527.88,INR,29.97,1 Hour
2026-03-22,sub-psiog-001,MAC-08,rg-mac-08-operations-prod,Microsoft.Compute/virtualMachines,Virtual Machines,Compute,team:Operations,572.63,INR,31.21,1 Hour
2026-03-22,sub-psiog-001,MAC-08,rg-mac-08-operations-prod,Microsoft.Storage/storageAccounts/fileServices,File Storage,Storage,team:Operations,383.28,INR,1.42,1 Hour
2026-03-22,sub-psiog-001,MAC-08,rg-mac-08-operations-prod,Microsoft.Network/virtualNetworks,Virtual Networks,Networking,team:Operations,154.31,INR,35.13,1 Hour
2026-03-22,sub-psiog-001,MAC-08,rg-mac-08-operations-prod,Microsoft.DocumentDB/databaseAccounts,Cosmos DB,Data Services,team:Operations,437.83,INR,2.51,1 Hour
2026-03-23,sub-psiog-001,MAC-01,rg-mac-01-devops-prod,Microsoft.ContainerService/managedClusters,AKS Clusters,Compute,team:DevOps,1345.79,INR,40.67,1 Hour
2026-03-23,sub-psiog-001,MAC-01,rg-mac-01-devops-prod,Microsoft.Storage/storageAccounts,Blob Storage,Storage,team:DevOps,368.32,INR,31.11,1 Hour
2026-03-23,sub-psiog-001,MAC-01,rg-mac-01-devops-prod,Microsoft.Network/loadBalancers,Load Balancers,Networking,team:DevOps,199.0,INR,44.36,1 Hour
2026-03-23,sub-psiog-001,MAC-01,rg-mac-01-devops-prod,Microsoft.DocumentDB/databaseAccounts,Cosmos DB,Data Services,team:DevOps,408.04,INR,94.05,1 Hour
2026-03-23,sub-psiog-001,MAC-01,rg-mac-01-platform-prod,Microsoft.Compute/virtualMachines,Virtual Machines,Compute,team:Platform,1396.87,INR,85.01,1 Hour
2026-03-23,sub-psiog-001,MAC-01,rg-mac-01-platform-prod,Microsoft.Storage/storageAccounts/fileServices,File Storage,Storage,team:Platform,356.88,INR,16.75,1 Hour
2026-03-23,sub-psiog-001,MAC-01,rg-mac-01-platform-prod,Microsoft.Network/loadBalancers,Load Balancers,Networking,team:Platform,296.5,INR,35.17,1 Hour
2026-03-23,sub-psiog-001,MAC-01,rg-mac-01-platform-prod,Microsoft.DocumentDB/databaseAccounts,Cosmos DB,Data Services,team:Platform,469.32,INR,19.96,1 Hour
2026-03-23,sub-psiog-001,MAC-02,rg-mac-02-dataengineering-prod,Microsoft.Compute/virtualMachines,Virtual Machines,Compute,team:DataEngineering,991.24,INR,25.0,1 Hour
2026-03-23,sub-psiog-001,MAC-02,rg-mac-02-dataengineering-prod,Microsoft.Storage/storageAccounts/fileServices,File Storage,Storage,team:DataEngineering,766.71,INR,39.93,1 Hour
2026-03-23,sub-psiog-001,MAC-02,rg-mac-02-dataengineering-prod,Microsoft.Network/loadBalancers,Load Balancers,Networking,team:DataEngineering,191.06,INR,63.8,1 Hour
2026-03-23,sub-psiog-001,MAC-02,rg-mac-02-dataengineering-prod,Microsoft.DocumentDB/databaseAccounts,Cosmos DB,Data Services,team:DataEngineering,1158.06,INR,37.32,1 Hour
2026-03-23,sub-psiog-001,MAC-02,rg-mac-02-analytics-prod,Microsoft.ContainerService/managedClusters,AKS Clusters,Compute,team:Analytics,1015.05,INR,74.88,1 Hour
2026-03-23,sub-psiog-001,MAC-02,rg-mac-02-analytics-prod,Microsoft.Storage/storageAccounts/fileServices,File Storage,Storage,team:Analytics,726.98,INR,37.18,1 Hour
2026-03-23,sub-psiog-001,MAC-02,rg-mac-02-analytics-prod,Microsoft.Network/virtualNetworks,Virtual Networks,Networking,team:Analytics,209.82,INR,99.14,1 Hour
2026-03-23,sub-psiog-001,MAC-02,rg-mac-02-analytics-prod,Microsoft.Sql/servers/databases,SQL Database,Data Services,team:Analytics,1022.73,INR,93.43,1 Hour
2026-03-23,sub-psiog-001,MAC-03,rg-mac-03-product-prod,Microsoft.ContainerService/managedClusters,AKS Clusters,Compute,team:Product,621.14,INR,72.13,1 Hour
2026-03-23,sub-psiog-001,MAC-03,rg-mac-03-product-prod,Microsoft.Storage/storageAccounts/fileServices,File Storage,Storage,team:Product,210.08,INR,97.19,1 Hour
2026-03-23,sub-psiog-001,MAC-03,rg-mac-03-product-prod,Microsoft.Network/loadBalancers,Load Balancers,Networking,team:Product,121.77,INR,11.66,1 Hour
2026-03-23,sub-psiog-001,MAC-03,rg-mac-03-product-prod,Microsoft.Sql/servers/databases,SQL Database,Data Services,team:Product,362.77,INR,2.19,1 Hour
2026-03-23,sub-psiog-001,MAC-03,rg-mac-03-frontend-prod,Microsoft.Compute/virtualMachines,Virtual Machines,Compute,team:Frontend,507.38,INR,23.48,1 Hour
2026-03-23,sub-psiog-001,MAC-03,rg-mac-03-frontend-prod,Microsoft.Storage/storageAccounts/fileServices,File Storage,Storage,team:Frontend,149.89,INR,95.21,1 Hour
2026-03-23,sub-psiog-001,MAC-03,rg-mac-03-frontend-prod,Microsoft.Network/virtualNetworks,Virtual Networks,Networking,team:Frontend,103.09,INR,69.64,1 Hour
2026-03-23,sub-psiog-001,MAC-03,rg-mac-03-frontend-prod,Microsoft.DocumentDB/databaseAccounts,Cosmos DB,Data Services,team:Frontend,224.04,INR,63.4,1 Hour
2026-03-23,sub-psiog-001,MAC-04,rg-mac-04-backend-prod,Microsoft.Compute/virtualMachines,Virtual Machines,Compute,team:Backend,1046.04,INR,58.36,1 Hour
2026-03-23,sub-psiog-001,MAC-04,rg-mac-04-backend-prod,Microsoft.Storage/storageAccounts,Blob Storage,Storage,team:Backend,436.99,INR,10.41,1 Hour
2026-03-23,sub-psiog-001,MAC-04,rg-mac-04-backend-prod,Microsoft.Network/loadBalancers,Load Balancers,Networking,team:Backend,228.1,INR,31.85,1 Hour
2026-03-23,sub-psiog-001,MAC-04,rg-mac-04-backend-prod,Microsoft.DocumentDB/databaseAccounts,Cosmos DB,Data Services,team:Backend,627.29,INR,76.01,1 Hour
2026-03-23,sub-psiog-001,MAC-04,rg-mac-04-qa-prod,Microsoft.Compute/virtualMachines,Virtual Machines,Compute,team:QA,517.03,INR,19.06,1 Hour
2026-03-23,sub-psiog-001,MAC-04,rg-mac-04-qa-prod,Microsoft.Storage/storageAccounts/fileServices,File Storage,Storage,team:QA,213.2,INR,71.01,1 Hour
2026-03-23,sub-psiog-001,MAC-04,rg-mac-04-qa-prod,Microsoft.Network/virtualNetworks,Virtual Networks,Networking,team:QA,104.61,INR,84.97,1 Hour
2026-03-23,sub-psiog-001,MAC-04,rg-mac-04-qa-prod,Microsoft.Sql/servers/databases,SQL Database,Data Services,team:QA,249.06,INR,50.58,1 Hour
2026-03-23,sub-psiog-001,MAC-05,rg-mac-05-security-prod,Microsoft.Compute/virtualMachines,Virtual Machines,Compute,team:Security,807.45,INR,29.63,1 Hour
2026-03-23,sub-psiog-001,MAC-05,rg-mac-05-security-prod,Microsoft.Storage/storageAccounts,Blob Storage,Storage,team:Security,302.26,INR,5.56,1 Hour
2026-03-23,sub-psiog-001,MAC-05,rg-mac-05-security-prod,Microsoft.Network/loadBalancers,Load Balancers,Networking,team:Security,383.84,INR,95.93,1 Hour
2026-03-23,sub-psiog-001,MAC-05,rg-mac-05-security-prod,Microsoft.DocumentDB/databaseAccounts,Cosmos DB,Data Services,team:Security,381.96,INR,8.46,1 Hour
2026-03-23,sub-psiog-001,MAC-05,rg-mac-05-compliance-prod,Microsoft.ContainerService/managedClusters,AKS Clusters,Compute,team:Compliance,414.69,INR,40.4,1 Hour
2026-03-23,sub-psiog-001,MAC-05,rg-mac-05-compliance-prod,Microsoft.Storage/storageAccounts,Blob Storage,Storage,team:Compliance,269.34,INR,41.64,1 Hour
2026-03-23,sub-psiog-001,MAC-05,rg-mac-05-compliance-prod,Microsoft.Network/virtualNetworks,Virtual Networks,Networking,team:Compliance,170.09,INR,32.15,1 Hour
2026-03-23,sub-psiog-001,MAC-05,rg-mac-05-compliance-prod,Microsoft.Sql/servers/databases,SQL Database,Data Services,team:Compliance,327.93,INR,63.52,1 Hour
2026-03-23,sub-psiog-001,MAC-06,rg-mac-06-infrastructure-prod,Microsoft.ContainerService/managedClusters,AKS Clusters,Compute,team:Infrastructure,1758.18,INR,82.34,1 Hour
2026-03-23,sub-psiog-001,MAC-06,rg-mac-06-infrastructure-prod,Microsoft.Storage/storageAccounts,Blob Storage,Storage,team:Infrastructure,439.75,INR,46.05,1 Hour
2026-03-23,sub-psiog-001,MAC-06,rg-mac-06-infrastructure-prod,Microsoft.Network/virtualNetworks,Virtual Networks,Networking,team:Infrastructure,430.63,INR,90.67,1 Hour
2026-03-23,sub-psiog-001,MAC-06,rg-mac-06-infrastructure-prod,Microsoft.DocumentDB/databaseAccounts,Cosmos DB,Data Services,team:Infrastructure,479.7,INR,89.17,1 Hour
2026-03-23,sub-psiog-001,MAC-06,rg-mac-06-cloudops-prod,Microsoft.ContainerService/managedClusters,AKS Clusters,Compute,team:CloudOps,1376.99,INR,33.97,1 Hour
2026-03-23,sub-psiog-001,MAC-06,rg-mac-06-cloudops-prod,Microsoft.Storage/storageAccounts/fileServices,File Storage,Storage,team:CloudOps,437.5,INR,61.94,1 Hour
2026-03-23,sub-psiog-001,MAC-06,rg-mac-06-cloudops-prod,Microsoft.Network/virtualNetworks,Virtual Networks,Networking,team:CloudOps,389.78,INR,35.26,1 Hour
2026-03-23,sub-psiog-001,MAC-06,rg-mac-06-cloudops-prod,Microsoft.DocumentDB/databaseAccounts,Cosmos DB,Data Services,team:CloudOps,456.02,INR,20.28,1 Hour
2026-03-23,sub-psiog-001,MAC-07,rg-mac-07-ml-prod,Microsoft.ContainerService/managedClusters,AKS Clusters,Compute,team:ML,1729.38,INR,43.34,1 Hour
2026-03-23,sub-psiog-001,MAC-07,rg-mac-07-ml-prod,Microsoft.Storage/storageAccounts/fileServices,File Storage,Storage,team:ML,620.8,INR,10.36,1 Hour
2026-03-23,sub-psiog-001,MAC-07,rg-mac-07-ml-prod,Microsoft.Network/virtualNetworks,Virtual Networks,Networking,team:ML,256.98,INR,46.59,1 Hour
2026-03-23,sub-psiog-001,MAC-07,rg-mac-07-ml-prod,Microsoft.Sql/servers/databases,SQL Database,Data Services,team:ML,814.39,INR,85.42,1 Hour
2026-03-23,sub-psiog-001,MAC-07,rg-mac-07-research-prod,Microsoft.ContainerService/managedClusters,AKS Clusters,Compute,team:Research,1052.09,INR,52.66,1 Hour
2026-03-23,sub-psiog-001,MAC-07,rg-mac-07-research-prod,Microsoft.Storage/storageAccounts/fileServices,File Storage,Storage,team:Research,492.98,INR,87.0,1 Hour
2026-03-23,sub-psiog-001,MAC-07,rg-mac-07-research-prod,Microsoft.Network/loadBalancers,Load Balancers,Networking,team:Research,206.59,INR,8.76,1 Hour
2026-03-23,sub-psiog-001,MAC-07,rg-mac-07-research-prod,Microsoft.Sql/servers/databases,SQL Database,Data Services,team:Research,709.46,INR,58.62,1 Hour
2026-03-23,sub-psiog-001,MAC-08,rg-mac-08-finance-prod,Microsoft.Compute/virtualMachines,Virtual Machines,Compute,team:Finance,304.65,INR,86.86,1 Hour
2026-03-23,sub-psiog-001,MAC-08,rg-mac-08-finance-prod,Microsoft.Storage/storageAccounts,Blob Storage,Storage,team:Finance,239.57,INR,55.4,1 Hour
2026-03-23,sub-psiog-001,MAC-08,rg-mac-08-finance-prod,Microsoft.Network/virtualNetworks,Virtual Networks,Networking,team:Finance,123.16,INR,48.75,1 Hour
2026-03-23,sub-psiog-001,MAC-08,rg-mac-08-finance-prod,Microsoft.DocumentDB/databaseAccounts,Cosmos DB,Data Services,team:Finance,543.37,INR,71.2,1 Hour
2026-03-23,sub-psiog-001,MAC-08,rg-mac-08-operations-prod,Microsoft.ContainerService/managedClusters,AKS Clusters,Compute,team:Operations,464.1,INR,84.22,1 Hour
2026-03-23,sub-psiog-001,MAC-08,rg-mac-08-operations-prod,Microsoft.Storage/storageAccounts/fileServices,File Storage,Storage,team:Operations,334.32,INR,76.85,1 Hour
2026-03-23,sub-psiog-001,MAC-08,rg-mac-08-operations-prod,Microsoft.Network/virtualNetworks,Virtual Networks,Networking,team:Operations,167.03,INR,38.27,1 Hour
2026-03-23,sub-psiog-001,MAC-08,rg-mac-08-operations-prod,Microsoft.Sql/servers/databases,SQL Database,Data Services,team:Operations,404.03,INR,82.93,1 Hour
2026-03-24,sub-psiog-001,MAC-01,rg-mac-01-devops-prod,Microsoft.ContainerService/managedClusters,AKS Clusters,Compute,team:DevOps,1308.6,INR,37.53,1 Hour
2026-03-24,sub-psiog-001,MAC-01,rg-mac-01-devops-prod,Microsoft.Storage/storageAccounts,Blob Storage,Storage,team:DevOps,375.94,INR,53.67,1 Hour
2026-03-24,sub-psiog-001,MAC-01,rg-mac-01-devops-prod,Microsoft.Network/virtualNetworks,Virtual Networks,Networking,team:DevOps,248.95,INR,35.72,1 Hour
2026-03-24,sub-psiog-001,MAC-01,rg-mac-01-devops-prod,Microsoft.DocumentDB/databaseAccounts,Cosmos DB,Data Services,team:DevOps,397.16,INR,37.8,1 Hour
2026-03-24,sub-psiog-001,MAC-01,rg-mac-01-platform-prod,Microsoft.Compute/virtualMachines,Virtual Machines,Compute,team:Platform,1450.68,INR,69.2,1 Hour
2026-03-24,sub-psiog-001,MAC-01,rg-mac-01-platform-prod,Microsoft.Storage/storageAccounts/fileServices,File Storage,Storage,team:Platform,284.67,INR,92.33,1 Hour
2026-03-24,sub-psiog-001,MAC-01,rg-mac-01-platform-prod,Microsoft.Network/loadBalancers,Load Balancers,Networking,team:Platform,271.44,INR,66.28,1 Hour
2026-03-24,sub-psiog-001,MAC-01,rg-mac-01-platform-prod,Microsoft.DocumentDB/databaseAccounts,Cosmos DB,Data Services,team:Platform,441.21,INR,15.64,1 Hour
2026-03-24,sub-psiog-001,MAC-02,rg-mac-02-dataengineering-prod,Microsoft.Compute/virtualMachines,Virtual Machines,Compute,team:DataEngineering,1009.96,INR,19.89,1 Hour
2026-03-24,sub-psiog-001,MAC-02,rg-mac-02-dataengineering-prod,Microsoft.Storage/storageAccounts,Blob Storage,Storage,team:DataEngineering,617.85,INR,22.2,1 Hour
2026-03-24,sub-psiog-001,MAC-02,rg-mac-02-dataengineering-prod,Microsoft.Network/virtualNetworks,Virtual Networks,Networking,team:DataEngineering,208.87,INR,10.33,1 Hour
2026-03-24,sub-psiog-001,MAC-02,rg-mac-02-dataengineering-prod,Microsoft.Sql/servers/databases,SQL Database,Data Services,team:DataEngineering,913.77,INR,84.48,1 Hour
2026-03-24,sub-psiog-001,MAC-02,rg-mac-02-analytics-prod,Microsoft.Compute/virtualMachines,Virtual Machines,Compute,team:Analytics,1130.72,INR,52.6,1 Hour
2026-03-24,sub-psiog-001,MAC-02,rg-mac-02-analytics-prod,Microsoft.Storage/storageAccounts/fileServices,File Storage,Storage,team:Analytics,567.79,INR,54.19,1 Hour
2026-03-24,sub-psiog-001,MAC-02,rg-mac-02-analytics-prod,Microsoft.Network/virtualNetworks,Virtual Networks,Networking,team:Analytics,170.12,INR,89.87,1 Hour
2026-03-24,sub-psiog-001,MAC-02,rg-mac-02-analytics-prod,Microsoft.DocumentDB/databaseAccounts,Cosmos DB,Data Services,team:Analytics,903.85,INR,25.61,1 Hour
2026-03-24,sub-psiog-001,MAC-03,rg-mac-03-product-prod,Microsoft.Compute/virtualMachines,Virtual Machines,Compute,team:Product,632.8,INR,74.53,1 Hour
2026-03-24,sub-psiog-001,MAC-03,rg-mac-03-product-prod,Microsoft.Storage/storageAccounts/fileServices,File Storage,Storage,team:Product,210.35,INR,29.23,1 Hour
2026-03-24,sub-psiog-001,MAC-03,rg-mac-03-product-prod,Microsoft.Network/virtualNetworks,Virtual Networks,Networking,team:Product,131.03,INR,5.47,1 Hour
2026-03-24,sub-psiog-001,MAC-03,rg-mac-03-product-prod,Microsoft.DocumentDB/databaseAccounts,Cosmos DB,Data Services,team:Product,333.18,INR,47.29,1 Hour
2026-03-24,sub-psiog-001,MAC-03,rg-mac-03-frontend-prod,Microsoft.ContainerService/managedClusters,AKS Clusters,Compute,team:Frontend,579.21,INR,69.57,1 Hour
2026-03-24,sub-psiog-001,MAC-03,rg-mac-03-frontend-prod,Microsoft.Storage/storageAccounts,Blob Storage,Storage,team:Frontend,169.14,INR,8.5,1 Hour
2026-03-24,sub-psiog-001,MAC-03,rg-mac-03-frontend-prod,Microsoft.Network/virtualNetworks,Virtual Networks,Networking,team:Frontend,131.15,INR,20.54,1 Hour
2026-03-24,sub-psiog-001,MAC-03,rg-mac-03-frontend-prod,Microsoft.DocumentDB/databaseAccounts,Cosmos DB,Data Services,team:Frontend,206.16,INR,27.35,1 Hour
2026-03-24,sub-psiog-001,MAC-04,rg-mac-04-backend-prod,Microsoft.ContainerService/managedClusters,AKS Clusters,Compute,team:Backend,1200.11,INR,33.56,1 Hour
2026-03-24,sub-psiog-001,MAC-04,rg-mac-04-backend-prod,Microsoft.Storage/storageAccounts,Blob Storage,Storage,team:Backend,438.53,INR,92.16,1 Hour
2026-03-24,sub-psiog-001,MAC-04,rg-mac-04-backend-prod,Microsoft.Network/loadBalancers,Load Balancers,Networking,team:Backend,238.37,INR,53.01,1 Hour
2026-03-24,sub-psiog-001,MAC-04,rg-mac-04-backend-prod,Microsoft.Sql/servers/databases,SQL Database,Data Services,team:Backend,507.44,INR,36.76,1 Hour
2026-03-24,sub-psiog-001,MAC-04,rg-mac-04-qa-prod,Microsoft.ContainerService/managedClusters,AKS Clusters,Compute,team:QA,437.94,INR,34.13,1 Hour
2026-03-24,sub-psiog-001,MAC-04,rg-mac-04-qa-prod,Microsoft.Storage/storageAccounts/fileServices,File Storage,Storage,team:QA,204.8,INR,94.75,1 Hour
2026-03-24,sub-psiog-001,MAC-04,rg-mac-04-qa-prod,Microsoft.Network/loadBalancers,Load Balancers,Networking,team:QA,94.63,INR,78.42,1 Hour
2026-03-24,sub-psiog-001,MAC-04,rg-mac-04-qa-prod,Microsoft.Sql/servers/databases,SQL Database,Data Services,team:QA,257.84,INR,67.41,1 Hour
2026-03-24,sub-psiog-001,MAC-05,rg-mac-05-security-prod,Microsoft.ContainerService/managedClusters,AKS Clusters,Compute,team:Security,844.39,INR,66.1,1 Hour
2026-03-24,sub-psiog-001,MAC-05,rg-mac-05-security-prod,Microsoft.Storage/storageAccounts/fileServices,File Storage,Storage,team:Security,313.57,INR,79.44,1 Hour
2026-03-24,sub-psiog-001,MAC-05,rg-mac-05-security-prod,Microsoft.Network/virtualNetworks,Virtual Networks,Networking,team:Security,377.9,INR,36.45,1 Hour
2026-03-24,sub-psiog-001,MAC-05,rg-mac-05-security-prod,Microsoft.DocumentDB/databaseAccounts,Cosmos DB,Data Services,team:Security,374.82,INR,91.11,1 Hour
2026-03-24,sub-psiog-001,MAC-05,rg-mac-05-compliance-prod,Microsoft.Compute/virtualMachines,Virtual Machines,Compute,team:Compliance,452.11,INR,86.14,1 Hour
2026-03-24,sub-psiog-001,MAC-05,rg-mac-05-compliance-prod,Microsoft.Storage/storageAccounts/fileServices,File Storage,Storage,team:Compliance,283.82,INR,21.13,1 Hour
2026-03-24,sub-psiog-001,MAC-05,rg-mac-05-compliance-prod,Microsoft.Network/loadBalancers,Load Balancers,Networking,team:Compliance,151.76,INR,68.69,1 Hour
2026-03-24,sub-psiog-001,MAC-05,rg-mac-05-compliance-prod,Microsoft.Sql/servers/databases,SQL Database,Data Services,team:Compliance,392.08,INR,94.8,1 Hour
2026-03-24,sub-psiog-001,MAC-06,rg-mac-06-infrastructure-prod,Microsoft.Compute/virtualMachines,Virtual Machines,Compute,team:Infrastructure,1555.53,INR,35.16,1 Hour
2026-03-24,sub-psiog-001,MAC-06,rg-mac-06-infrastructure-prod,Microsoft.Storage/storageAccounts,Blob Storage,Storage,team:Infrastructure,519.98,INR,13.55,1 Hour
2026-03-24,sub-psiog-001,MAC-06,rg-mac-06-infrastructure-prod,Microsoft.Network/loadBalancers,Load Balancers,Networking,team:Infrastructure,394.49,INR,18.83,1 Hour
2026-03-24,sub-psiog-001,MAC-06,rg-mac-06-infrastructure-prod,Microsoft.Sql/servers/databases,SQL Database,Data Services,team:Infrastructure,535.43,INR,77.76,1 Hour
2026-03-24,sub-psiog-001,MAC-06,rg-mac-06-cloudops-prod,Microsoft.Compute/virtualMachines,Virtual Machines,Compute,team:CloudOps,1663.65,INR,34.57,1 Hour
2026-03-24,sub-psiog-001,MAC-06,rg-mac-06-cloudops-prod,Microsoft.Storage/storageAccounts,Blob Storage,Storage,team:CloudOps,439.45,INR,74.46,1 Hour
2026-03-24,sub-psiog-001,MAC-06,rg-mac-06-cloudops-prod,Microsoft.Network/virtualNetworks,Virtual Networks,Networking,team:CloudOps,378.48,INR,74.07,1 Hour
2026-03-24,sub-psiog-001,MAC-06,rg-mac-06-cloudops-prod,Microsoft.DocumentDB/databaseAccounts,Cosmos DB,Data Services,team:CloudOps,440.25,INR,3.4,1 Hour
2026-03-24,sub-psiog-001,MAC-07,rg-mac-07-ml-prod,Microsoft.ContainerService/managedClusters,AKS Clusters,Compute,team:ML,1996.24,INR,48.24,1 Hour
2026-03-24,sub-psiog-001,MAC-07,rg-mac-07-ml-prod,Microsoft.Storage/storageAccounts/fileServices,File Storage,Storage,team:ML,591.76,INR,12.19,1 Hour
2026-03-24,sub-psiog-001,MAC-07,rg-mac-07-ml-prod,Microsoft.Network/virtualNetworks,Virtual Networks,Networking,team:ML,223.48,INR,81.25,1 Hour
2026-03-24,sub-psiog-001,MAC-07,rg-mac-07-ml-prod,Microsoft.Sql/servers/databases,SQL Database,Data Services,team:ML,697.28,INR,61.0,1 Hour
2026-03-24,sub-psiog-001,MAC-07,rg-mac-07-research-prod,Microsoft.Compute/virtualMachines,Virtual Machines,Compute,team:Research,935.86,INR,29.99,1 Hour
2026-03-24,sub-psiog-001,MAC-07,rg-mac-07-research-prod,Microsoft.Storage/storageAccounts/fileServices,File Storage,Storage,team:Research,547.05,INR,41.02,1 Hour
2026-03-24,sub-psiog-001,MAC-07,rg-mac-07-research-prod,Microsoft.Network/virtualNetworks,Virtual Networks,Networking,team:Research,179.47,INR,16.48,1 Hour
2026-03-24,sub-psiog-001,MAC-07,rg-mac-07-research-prod,Microsoft.Sql/servers/databases,SQL Database,Data Services,team:Research,813.32,INR,16.83,1 Hour
2026-03-24,sub-psiog-001,MAC-08,rg-mac-08-finance-prod,Microsoft.ContainerService/managedClusters,AKS Clusters,Compute,team:Finance,375.69,INR,14.52,1 Hour
2026-03-24,sub-psiog-001,MAC-08,rg-mac-08-finance-prod,Microsoft.Storage/storageAccounts/fileServices,File Storage,Storage,team:Finance,227.97,INR,60.53,1 Hour
2026-03-24,sub-psiog-001,MAC-08,rg-mac-08-finance-prod,Microsoft.Network/virtualNetworks,Virtual Networks,Networking,team:Finance,123.93,INR,40.14,1 Hour
2026-03-24,sub-psiog-001,MAC-08,rg-mac-08-finance-prod,Microsoft.Sql/servers/databases,SQL Database,Data Services,team:Finance,484.09,INR,80.2,1 Hour
2026-03-24,sub-psiog-001,MAC-08,rg-mac-08-operations-prod,Microsoft.Compute/virtualMachines,Virtual Machines,Compute,team:Operations,501.27,INR,22.95,1 Hour
2026-03-24,sub-psiog-001,MAC-08,rg-mac-08-operations-prod,Microsoft.Storage/storageAccounts/fileServices,File Storage,Storage,team:Operations,378.66,INR,12.64,1 Hour
2026-03-24,sub-psiog-001,MAC-08,rg-mac-08-operations-prod,Microsoft.Network/virtualNetworks,Virtual Networks,Networking,team:Operations,152.41,INR,30.45,1 Hour
2026-03-24,sub-psiog-001,MAC-08,rg-mac-08-operations-prod,Microsoft.Sql/servers/databases,SQL Database,Data Services,team:Operations,463.34,INR,50.84,1 Hour
2026-03-25,sub-psiog-001,MAC-01,rg-mac-01-devops-prod,Microsoft.ContainerService/managedClusters,AKS Clusters,Compute,team:DevOps,1417.49,INR,44.64,1 Hour
2026-03-25,sub-psiog-001,MAC-01,rg-mac-01-devops-prod,Microsoft.Storage/storageAccounts,Blob Storage,Storage,team:DevOps,348.4,INR,16.61,1 Hour
2026-03-25,sub-psiog-001,MAC-01,rg-mac-01-devops-prod,Microsoft.Network/virtualNetworks,Virtual Networks,Networking,team:DevOps,215.85,INR,54.01,1 Hour
2026-03-25,sub-psiog-001,MAC-01,rg-mac-01-devops-prod,Microsoft.Sql/servers/databases,SQL Database,Data Services,team:DevOps,492.89,INR,39.47,1 Hour
2026-03-25,sub-psiog-001,MAC-01,rg-mac-01-platform-prod,Microsoft.Compute/virtualMachines,Virtual Machines,Compute,team:Platform,1443.28,INR,62.56,1 Hour
2026-03-25,sub-psiog-001,MAC-01,rg-mac-01-platform-prod,Microsoft.Storage/storageAccounts,Blob Storage,Storage,team:Platform,302.91,INR,72.54,1 Hour
2026-03-25,sub-psiog-001,MAC-01,rg-mac-01-platform-prod,Microsoft.Network/virtualNetworks,Virtual Networks,Networking,team:Platform,315.67,INR,35.62,1 Hour
2026-03-25,sub-psiog-001,MAC-01,rg-mac-01-platform-prod,Microsoft.DocumentDB/databaseAccounts,Cosmos DB,Data Services,team:Platform,504.25,INR,2.6,1 Hour
2026-03-25,sub-psiog-001,MAC-02,rg-mac-02-dataengineering-prod,Microsoft.Compute/virtualMachines,Virtual Machines,Compute,team:DataEngineering,898.43,INR,70.73,1 Hour
2026-03-25,sub-psiog-001,MAC-02,rg-mac-02-dataengineering-prod,Microsoft.Storage/storageAccounts,Blob Storage,Storage,team:DataEngineering,605.84,INR,36.97,1 Hour
2026-03-25,sub-psiog-001,MAC-02,rg-mac-02-dataengineering-prod,Microsoft.Network/loadBalancers,Load Balancers,Networking,team:DataEngineering,208.47,INR,17.77,1 Hour
2026-03-25,sub-psiog-001,MAC-02,rg-mac-02-dataengineering-prod,Microsoft.Sql/servers/databases,SQL Database,Data Services,team:DataEngineering,1018.75,INR,52.16,1 Hour
2026-03-25,sub-psiog-001,MAC-02,rg-mac-02-analytics-prod,Microsoft.ContainerService/managedClusters,AKS Clusters,Compute,team:Analytics,882.98,INR,15.77,1 Hour
2026-03-25,sub-psiog-001,MAC-02,rg-mac-02-analytics-prod,Microsoft.Storage/storageAccounts/fileServices,File Storage,Storage,team:Analytics,558.2,INR,69.78,1 Hour
2026-03-25,sub-psiog-001,MAC-02,rg-mac-02-analytics-prod,Microsoft.Network/loadBalancers,Load Balancers,Networking,team:Analytics,193.03,INR,16.22,1 Hour
2026-03-25,sub-psiog-001,MAC-02,rg-mac-02-analytics-prod,Microsoft.DocumentDB/databaseAccounts,Cosmos DB,Data Services,team:Analytics,1048.32,INR,28.69,1 Hour
2026-03-25,sub-psiog-001,MAC-03,rg-mac-03-product-prod,Microsoft.Compute/virtualMachines,Virtual Machines,Compute,team:Product,596.49,INR,79.27,1 Hour
2026-03-25,sub-psiog-001,MAC-03,rg-mac-03-product-prod,Microsoft.Storage/storageAccounts/fileServices,File Storage,Storage,team:Product,200.96,INR,56.25,1 Hour
2026-03-25,sub-psiog-001,MAC-03,rg-mac-03-product-prod,Microsoft.Network/loadBalancers,Load Balancers,Networking,team:Product,123.71,INR,72.81,1 Hour
2026-03-25,sub-psiog-001,MAC-03,rg-mac-03-product-prod,Microsoft.DocumentDB/databaseAccounts,Cosmos DB,Data Services,team:Product,352.41,INR,16.82,1 Hour
2026-03-25,sub-psiog-001,MAC-03,rg-mac-03-frontend-prod,Microsoft.Compute/virtualMachines,Virtual Machines,Compute,team:Frontend,502.32,INR,27.45,1 Hour
2026-03-25,sub-psiog-001,MAC-03,rg-mac-03-frontend-prod,Microsoft.Storage/storageAccounts/fileServices,File Storage,Storage,team:Frontend,151.08,INR,48.16,1 Hour
2026-03-25,sub-psiog-001,MAC-03,rg-mac-03-frontend-prod,Microsoft.Network/loadBalancers,Load Balancers,Networking,team:Frontend,101.87,INR,47.0,1 Hour
2026-03-25,sub-psiog-001,MAC-03,rg-mac-03-frontend-prod,Microsoft.DocumentDB/databaseAccounts,Cosmos DB,Data Services,team:Frontend,237.11,INR,50.47,1 Hour
2026-03-25,sub-psiog-001,MAC-04,rg-mac-04-backend-prod,Microsoft.Compute/virtualMachines,Virtual Machines,Compute,team:Backend,965.21,INR,38.54,1 Hour
2026-03-25,sub-psiog-001,MAC-04,rg-mac-04-backend-prod,Microsoft.Storage/storageAccounts,Blob Storage,Storage,team:Backend,400.86,INR,69.36,1 Hour
2026-03-25,sub-psiog-001,MAC-04,rg-mac-04-backend-prod,Microsoft.Network/loadBalancers,Load Balancers,Networking,team:Backend,252.29,INR,23.28,1 Hour
2026-03-25,sub-psiog-001,MAC-04,rg-mac-04-backend-prod,Microsoft.DocumentDB/databaseAccounts,Cosmos DB,Data Services,team:Backend,629.2,INR,94.96,1 Hour
2026-03-25,sub-psiog-001,MAC-04,rg-mac-04-qa-prod,Microsoft.Compute/virtualMachines,Virtual Machines,Compute,team:QA,507.62,INR,15.58,1 Hour
2026-03-25,sub-psiog-001,MAC-04,rg-mac-04-qa-prod,Microsoft.Storage/storageAccounts/fileServices,File Storage,Storage,team:QA,218.01,INR,63.08,1 Hour
2026-03-25,sub-psiog-001,MAC-04,rg-mac-04-qa-prod,Microsoft.Network/virtualNetworks,Virtual Networks,Networking,team:QA,91.3,INR,79.99,1 Hour
2026-03-25,sub-psiog-001,MAC-04,rg-mac-04-qa-prod,Microsoft.Sql/servers/databases,SQL Database,Data Services,team:QA,282.07,INR,87.99,1 Hour
2026-03-25,sub-psiog-001,MAC-05,rg-mac-05-security-prod,Microsoft.ContainerService/managedClusters,AKS Clusters,Compute,team:Security,930.93,INR,40.41,1 Hour
2026-03-25,sub-psiog-001,MAC-05,rg-mac-05-security-prod,Microsoft.Storage/storageAccounts,Blob Storage,Storage,team:Security,269.93,INR,7.84,1 Hour
2026-03-25,sub-psiog-001,MAC-05,rg-mac-05-security-prod,Microsoft.Network/loadBalancers,Load Balancers,Networking,team:Security,310.89,INR,74.03,1 Hour
2026-03-25,sub-psiog-001,MAC-05,rg-mac-05-security-prod,Microsoft.Sql/servers/databases,SQL Database,Data Services,team:Security,409.1,INR,98.46,1 Hour
2026-03-25,sub-psiog-001,MAC-05,rg-mac-05-compliance-prod,Microsoft.Compute/virtualMachines,Virtual Machines,Compute,team:Compliance,346.92,INR,51.3,1 Hour
2026-03-25,sub-psiog-001,MAC-05,rg-mac-05-compliance-prod,Microsoft.Storage/storageAccounts/fileServices,File Storage,Storage,team:Compliance,227.69,INR,67.59,1 Hour
2026-03-25,sub-psiog-001,MAC-05,rg-mac-05-compliance-prod,Microsoft.Network/virtualNetworks,Virtual Networks,Networking,team:Compliance,191.52,INR,46.92,1 Hour
2026-03-25,sub-psiog-001,MAC-05,rg-mac-05-compliance-prod,Microsoft.DocumentDB/databaseAccounts,Cosmos DB,Data Services,team:Compliance,373.25,INR,50.73,1 Hour
2026-03-25,sub-psiog-001,MAC-06,rg-mac-06-infrastructure-prod,Microsoft.Compute/virtualMachines,Virtual Machines,Compute,team:Infrastructure,1544.72,INR,82.72,1 Hour
2026-03-25,sub-psiog-001,MAC-06,rg-mac-06-infrastructure-prod,Microsoft.Storage/storageAccounts,Blob Storage,Storage,team:Infrastructure,494.76,INR,21.9,1 Hour
2026-03-25,sub-psiog-001,MAC-06,rg-mac-06-infrastructure-prod,Microsoft.Network/virtualNetworks,Virtual Networks,Networking,team:Infrastructure,456.3,INR,83.44,1 Hour
2026-03-25,sub-psiog-001,MAC-06,rg-mac-06-infrastructure-prod,Microsoft.DocumentDB/databaseAccounts,Cosmos DB,Data Services,team:Infrastructure,537.04,INR,35.47,1 Hour
2026-03-25,sub-psiog-001,MAC-06,rg-mac-06-cloudops-prod,Microsoft.ContainerService/managedClusters,AKS Clusters,Compute,team:CloudOps,1571.98,INR,60.7,1 Hour
2026-03-25,sub-psiog-001,MAC-06,rg-mac-06-cloudops-prod,Microsoft.Storage/storageAccounts,Blob Storage,Storage,team:CloudOps,474.92,INR,45.3,1 Hour
2026-03-25,sub-psiog-001,MAC-06,rg-mac-06-cloudops-prod,Microsoft.Network/loadBalancers,Load Balancers,Networking,team:CloudOps,358.37,INR,78.5,1 Hour
2026-03-25,sub-psiog-001,MAC-06,rg-mac-06-cloudops-prod,Microsoft.Sql/servers/databases,SQL Database,Data Services,team:CloudOps,502.69,INR,25.37,1 Hour
2026-03-25,sub-psiog-001,MAC-07,rg-mac-07-ml-prod,Microsoft.Compute/virtualMachines,Virtual Machines,Compute,team:ML,1660.81,INR,68.47,1 Hour
2026-03-25,sub-psiog-001,MAC-07,rg-mac-07-ml-prod,Microsoft.Storage/storageAccounts,Blob Storage,Storage,team:ML,496.85,INR,34.01,1 Hour
2026-03-25,sub-psiog-001,MAC-07,rg-mac-07-ml-prod,Microsoft.Network/virtualNetworks,Virtual Networks,Networking,team:ML,266.16,INR,97.52,1 Hour
2026-03-25,sub-psiog-001,MAC-07,rg-mac-07-ml-prod,Microsoft.Sql/servers/databases,SQL Database,Data Services,team:ML,840.52,INR,24.43,1 Hour
2026-03-25,sub-psiog-001,MAC-07,rg-mac-07-research-prod,Microsoft.ContainerService/managedClusters,AKS Clusters,Compute,team:Research,1020.35,INR,81.41,1 Hour
2026-03-25,sub-psiog-001,MAC-07,rg-mac-07-research-prod,Microsoft.Storage/storageAccounts,Blob Storage,Storage,team:Research,540.78,INR,80.32,1 Hour
2026-03-25,sub-psiog-001,MAC-07,rg-mac-07-research-prod,Microsoft.Network/loadBalancers,Load Balancers,Networking,team:Research,216.21,INR,95.29,1 Hour
2026-03-25,sub-psiog-001,MAC-07,rg-mac-07-research-prod,Microsoft.Sql/servers/databases,SQL Database,Data Services,team:Research,749.28,INR,67.8,1 Hour
2026-03-25,sub-psiog-001,MAC-08,rg-mac-08-finance-prod,Microsoft.Compute/virtualMachines,Virtual Machines,Compute,team:Finance,391.08,INR,63.0,1 Hour
2026-03-25,sub-psiog-001,MAC-08,rg-mac-08-finance-prod,Microsoft.Storage/storageAccounts/fileServices,File Storage,Storage,team:Finance,225.82,INR,35.92,1 Hour
2026-03-25,sub-psiog-001,MAC-08,rg-mac-08-finance-prod,Microsoft.Network/virtualNetworks,Virtual Networks,Networking,team:Finance,117.41,INR,81.65,1 Hour
2026-03-25,sub-psiog-001,MAC-08,rg-mac-08-finance-prod,Microsoft.DocumentDB/databaseAccounts,Cosmos DB,Data Services,team:Finance,602.01,INR,17.57,1 Hour
2026-03-25,sub-psiog-001,MAC-08,rg-mac-08-operations-prod,Microsoft.Compute/virtualMachines,Virtual Machines,Compute,team:Operations,538.46,INR,2.47,1 Hour
2026-03-25,sub-psiog-001,MAC-08,rg-mac-08-operations-prod,Microsoft.Storage/storageAccounts,Blob Storage,Storage,team:Operations,364.43,INR,71.75,1 Hour
2026-03-25,sub-psiog-001,MAC-08,rg-mac-08-operations-prod,Microsoft.Network/virtualNetworks,Virtual Networks,Networking,team:Operations,158.03,INR,68.81,1 Hour
2026-03-25,sub-psiog-001,MAC-08,rg-mac-08-operations-prod,Microsoft.DocumentDB/databaseAccounts,Cosmos DB,Data Services,team:Operations,507.58,INR,77.85,1 Hour
2026-03-26,sub-psiog-001,MAC-01,rg-mac-01-devops-prod,Microsoft.Compute/virtualMachines,Virtual Machines,Compute,team:DevOps,1522.46,INR,14.52,1 Hour
2026-03-26,sub-psiog-001,MAC-01,rg-mac-01-devops-prod,Microsoft.Storage/storageAccounts/fileServices,File Storage,Storage,team:DevOps,298.26,INR,61.01,1 Hour
2026-03-26,sub-psiog-001,MAC-01,rg-mac-01-devops-prod,Microsoft.Network/virtualNetworks,Virtual Networks,Networking,team:DevOps,261.88,INR,34.77,1 Hour
2026-03-26,sub-psiog-001,MAC-01,rg-mac-01-devops-prod,Microsoft.DocumentDB/databaseAccounts,Cosmos DB,Data Services,team:DevOps,433.4,INR,37.63,1 Hour
2026-03-26,sub-psiog-001,MAC-01,rg-mac-01-platform-prod,Microsoft.ContainerService/managedClusters,AKS Clusters,Compute,team:Platform,1153.29,INR,37.83,1 Hour
2026-03-26,sub-psiog-001,MAC-01,rg-mac-01-platform-prod,Microsoft.Storage/storageAccounts,Blob Storage,Storage,team:Platform,360.74,INR,42.61,1 Hour
2026-03-26,sub-psiog-001,MAC-01,rg-mac-01-platform-prod,Microsoft.Network/virtualNetworks,Virtual Networks,Networking,team:Platform,298.67,INR,80.64,1 Hour
2026-03-26,sub-psiog-001,MAC-01,rg-mac-01-platform-prod,Microsoft.DocumentDB/databaseAccounts,Cosmos DB,Data Services,team:Platform,388.98,INR,19.33,1 Hour
2026-03-26,sub-psiog-001,MAC-02,rg-mac-02-dataengineering-prod,Microsoft.Compute/virtualMachines,Virtual Machines,Compute,team:DataEngineering,1122.86,INR,16.62,1 Hour
2026-03-26,sub-psiog-001,MAC-02,rg-mac-02-dataengineering-prod,Microsoft.Storage/storageAccounts/fileServices,File Storage,Storage,team:DataEngineering,781.31,INR,40.68,1 Hour
2026-03-26,sub-psiog-001,MAC-02,rg-mac-02-dataengineering-prod,Microsoft.Network/loadBalancers,Load Balancers,Networking,team:DataEngineering,217.59,INR,12.17,1 Hour
2026-03-26,sub-psiog-001,MAC-02,rg-mac-02-dataengineering-prod,Microsoft.Sql/servers/databases,SQL Database,Data Services,team:DataEngineering,952.65,INR,25.11,1 Hour
2026-03-26,sub-psiog-001,MAC-02,rg-mac-02-analytics-prod,Microsoft.ContainerService/managedClusters,AKS Clusters,Compute,team:Analytics,1031.49,INR,98.03,1 Hour
2026-03-26,sub-psiog-001,MAC-02,rg-mac-02-analytics-prod,Microsoft.Storage/storageAccounts/fileServices,File Storage,Storage,team:Analytics,560.54,INR,86.72,1 Hour
2026-03-26,sub-psiog-001,MAC-02,rg-mac-02-analytics-prod,Microsoft.Network/virtualNetworks,Virtual Networks,Networking,team:Analytics,181.52,INR,56.65,1 Hour
2026-03-26,sub-psiog-001,MAC-02,rg-mac-02-analytics-prod,Microsoft.Sql/servers/databases,SQL Database,Data Services,team:Analytics,1002.28,INR,64.96,1 Hour
2026-03-26,sub-psiog-001,MAC-03,rg-mac-03-product-prod,Microsoft.Compute/virtualMachines,Virtual Machines,Compute,team:Product,618.97,INR,74.57,1 Hour
2026-03-26,sub-psiog-001,MAC-03,rg-mac-03-product-prod,Microsoft.Storage/storageAccounts/fileServices,File Storage,Storage,team:Product,266.01,INR,73.71,1 Hour
2026-03-26,sub-psiog-001,MAC-03,rg-mac-03-product-prod,Microsoft.Network/virtualNetworks,Virtual Networks,Networking,team:Product,150.86,INR,22.39,1 Hour
2026-03-26,sub-psiog-001,MAC-03,rg-mac-03-product-prod,Microsoft.DocumentDB/databaseAccounts,Cosmos DB,Data Services,team:Product,327.23,INR,41.95,1 Hour
2026-03-26,sub-psiog-001,MAC-03,rg-mac-03-frontend-prod,Microsoft.ContainerService/managedClusters,AKS Clusters,Compute,team:Frontend,543.33,INR,62.68,1 Hour
2026-03-26,sub-psiog-001,MAC-03,rg-mac-03-frontend-prod,Microsoft.Storage/storageAccounts/fileServices,File Storage,Storage,team:Frontend,186.66,INR,59.61,1 Hour
2026-03-26,sub-psiog-001,MAC-03,rg-mac-03-frontend-prod,Microsoft.Network/loadBalancers,Load Balancers,Networking,team:Frontend,119.29,INR,10.94,1 Hour
2026-03-26,sub-psiog-001,MAC-03,rg-mac-03-frontend-prod,Microsoft.Sql/servers/databases,SQL Database,Data Services,team:Frontend,207.33,INR,38.12,1 Hour
2026-03-26,sub-psiog-001,MAC-04,rg-mac-04-backend-prod,Microsoft.ContainerService/managedClusters,AKS Clusters,Compute,team:Backend,1218.51,INR,48.49,1 Hour
2026-03-26,sub-psiog-001,MAC-04,rg-mac-04-backend-prod,Microsoft.Storage/storageAccounts,Blob Storage,Storage,team:Backend,435.6,INR,70.79,1 Hour
2026-03-26,sub-psiog-001,MAC-04,rg-mac-04-backend-prod,Microsoft.Network/virtualNetworks,Virtual Networks,Networking,team:Backend,243.59,INR,62.54,1 Hour
2026-03-26,sub-psiog-001,MAC-04,rg-mac-04-backend-prod,Microsoft.DocumentDB/databaseAccounts,Cosmos DB,Data Services,team:Backend,619.83,INR,51.08,1 Hour
2026-03-26,sub-psiog-001,MAC-04,rg-mac-04-qa-prod,Microsoft.Compute/virtualMachines,Virtual Machines,Compute,team:QA,426.69,INR,1.91,1 Hour
2026-03-26,sub-psiog-001,MAC-04,rg-mac-04-qa-prod,Microsoft.Storage/storageAccounts,Blob Storage,Storage,team:QA,232.75,INR,53.3,1 Hour
2026-03-26,sub-psiog-001,MAC-04,rg-mac-04-qa-prod,Microsoft.Network/loadBalancers,Load Balancers,Networking,team:QA,119.19,INR,82.93,1 Hour
2026-03-26,sub-psiog-001,MAC-04,rg-mac-04-qa-prod,Microsoft.Sql/servers/databases,SQL Database,Data Services,team:QA,254.55,INR,15.63,1 Hour
2026-03-26,sub-psiog-001,MAC-05,rg-mac-05-security-prod,Microsoft.Compute/virtualMachines,Virtual Machines,Compute,team:Security,881.08,INR,68.96,1 Hour
2026-03-26,sub-psiog-001,MAC-05,rg-mac-05-security-prod,Microsoft.Storage/storageAccounts,Blob Storage,Storage,team:Security,296.03,INR,94.07,1 Hour
2026-03-26,sub-psiog-001,MAC-05,rg-mac-05-security-prod,Microsoft.Network/loadBalancers,Load Balancers,Networking,team:Security,368.59,INR,69.23,1 Hour
2026-03-26,sub-psiog-001,MAC-05,rg-mac-05-security-prod,Microsoft.Sql/servers/databases,SQL Database,Data Services,team:Security,401.72,INR,13.36,1 Hour
2026-03-26,sub-psiog-001,MAC-05,rg-mac-05-compliance-prod,Microsoft.ContainerService/managedClusters,AKS Clusters,Compute,team:Compliance,415.8,INR,27.98,1 Hour
2026-03-26,sub-psiog-001,MAC-05,rg-mac-05-compliance-prod,Microsoft.Storage/storageAccounts/fileServices,File Storage,Storage,team:Compliance,262.4,INR,56.17,1 Hour
2026-03-26,sub-psiog-001,MAC-05,rg-mac-05-compliance-prod,Microsoft.Network/loadBalancers,Load Balancers,Networking,team:Compliance,177.47,INR,63.03,1 Hour
2026-03-26,sub-psiog-001,MAC-05,rg-mac-05-compliance-prod,Microsoft.Sql/servers/databases,SQL Database,Data Services,team:Compliance,305.96,INR,8.51,1 Hour
2026-03-26,sub-psiog-001,MAC-06,rg-mac-06-infrastructure-prod,Microsoft.Compute/virtualMachines,Virtual Machines,Compute,team:Infrastructure,1632.59,INR,20.38,1 Hour
2026-03-26,sub-psiog-001,MAC-06,rg-mac-06-infrastructure-prod,Microsoft.Storage/storageAccounts/fileServices,File Storage,Storage,team:Infrastructure,512.89,INR,18.42,1 Hour
2026-03-26,sub-psiog-001,MAC-06,rg-mac-06-infrastructure-prod,Microsoft.Network/loadBalancers,Load Balancers,Networking,team:Infrastructure,457.68,INR,79.83,1 Hour
2026-03-26,sub-psiog-001,MAC-06,rg-mac-06-infrastructure-prod,Microsoft.DocumentDB/databaseAccounts,Cosmos DB,Data Services,team:Infrastructure,447.0,INR,5.13,1 Hour
2026-03-26,sub-psiog-001,MAC-06,rg-mac-06-cloudops-prod,Microsoft.Compute/virtualMachines,Virtual Machines,Compute,team:CloudOps,1653.48,INR,31.96,1 Hour
2026-03-26,sub-psiog-001,MAC-06,rg-mac-06-cloudops-prod,Microsoft.Storage/storageAccounts/fileServices,File Storage,Storage,team:CloudOps,481.18,INR,63.52,1 Hour
2026-03-26,sub-psiog-001,MAC-06,rg-mac-06-cloudops-prod,Microsoft.Network/virtualNetworks,Virtual Networks,Networking,team:CloudOps,322.87,INR,18.03,1 Hour
2026-03-26,sub-psiog-001,MAC-06,rg-mac-06-cloudops-prod,Microsoft.Sql/servers/databases,SQL Database,Data Services,team:CloudOps,463.27,INR,32.79,1 Hour
2026-03-26,sub-psiog-001,MAC-07,rg-mac-07-ml-prod,Microsoft.Compute/virtualMachines,Virtual Machines,Compute,team:ML,1618.69,INR,46.79,1 Hour
2026-03-26,sub-psiog-001,MAC-07,rg-mac-07-ml-prod,Microsoft.Storage/storageAccounts/fileServices,File Storage,Storage,team:ML,638.33,INR,82.52,1 Hour
2026-03-26,sub-psiog-001,MAC-07,rg-mac-07-ml-prod,Microsoft.Network/loadBalancers,Load Balancers,Networking,team:ML,235.67,INR,9.02,1 Hour
2026-03-26,sub-psiog-001,MAC-07,rg-mac-07-ml-prod,Microsoft.Sql/servers/databases,SQL Database,Data Services,team:ML,815.34,INR,62.63,1 Hour
2026-03-26,sub-psiog-001,MAC-07,rg-mac-07-research-prod,Microsoft.Compute/virtualMachines,Virtual Machines,Compute,team:Research,943.4,INR,57.38,1 Hour
2026-03-26,sub-psiog-001,MAC-07,rg-mac-07-research-prod,Microsoft.Storage/storageAccounts,Blob Storage,Storage,team:Research,598.17,INR,20.29,1 Hour
2026-03-26,sub-psiog-001,MAC-07,rg-mac-07-research-prod,Microsoft.Network/virtualNetworks,Virtual Networks,Networking,team:Research,236.74,INR,89.54,1 Hour
2026-03-26,sub-psiog-001,MAC-07,rg-mac-07-research-prod,Microsoft.DocumentDB/databaseAccounts,Cosmos DB,Data Services,team:Research,685.84,INR,19.7,1 Hour
2026-03-26,sub-psiog-001,MAC-08,rg-mac-08-finance-prod,Microsoft.Compute/virtualMachines,Virtual Machines,Compute,team:Finance,327.44,INR,90.33,1 Hour
2026-03-26,sub-psiog-001,MAC-08,rg-mac-08-finance-prod,Microsoft.Storage/storageAccounts,Blob Storage,Storage,team:Finance,246.23,INR,58.96,1 Hour
2026-03-26,sub-psiog-001,MAC-08,rg-mac-08-finance-prod,Microsoft.Network/loadBalancers,Load Balancers,Networking,team:Finance,133.5,INR,85.57,1 Hour
2026-03-26,sub-psiog-001,MAC-08,rg-mac-08-finance-prod,Microsoft.Sql/servers/databases,SQL Database,Data Services,team:Finance,563.28,INR,89.74,1 Hour
2026-03-26,sub-psiog-001,MAC-08,rg-mac-08-operations-prod,Microsoft.Compute/virtualMachines,Virtual Machines,Compute,team:Operations,458.99,INR,19.99,1 Hour
2026-03-26,sub-psiog-001,MAC-08,rg-mac-08-operations-prod,Microsoft.Storage/storageAccounts,Blob Storage,Storage,team:Operations,312.94,INR,29.13,1 Hour
2026-03-26,sub-psiog-001,MAC-08,rg-mac-08-operations-prod,Microsoft.Network/virtualNetworks,Virtual Networks,Networking,team:Operations,145.75,INR,20.02,1 Hour
2026-03-26,sub-psiog-001,MAC-08,rg-mac-08-operations-prod,Microsoft.Sql/servers/databases,SQL Database,Data Services,team:Operations,463.2,INR,81.74,1 Hour
2026-03-27,sub-psiog-001,MAC-01,rg-mac-01-devops-prod,Microsoft.ContainerService/managedClusters,AKS Clusters,Compute,team:DevOps,1285.82,INR,36.37,1 Hour
2026-03-27,sub-psiog-001,MAC-01,rg-mac-01-devops-prod,Microsoft.Storage/storageAccounts,Blob Storage,Storage,team:DevOps,390.32,INR,12.22,1 Hour
2026-03-27,sub-psiog-001,MAC-01,rg-mac-01-devops-prod,Microsoft.Network/loadBalancers,Load Balancers,Networking,team:DevOps,231.48,INR,7.73,1 Hour
2026-03-27,sub-psiog-001,MAC-01,rg-mac-01-devops-prod,Microsoft.Sql/servers/databases,SQL Database,Data Services,team:DevOps,432.19,INR,92.37,1 Hour
2026-03-27,sub-psiog-001,MAC-01,rg-mac-01-platform-prod,Microsoft.ContainerService/managedClusters,AKS Clusters,Compute,team:Platform,1260.2,INR,38.56,1 Hour
2026-03-27,sub-psiog-001,MAC-01,rg-mac-01-platform-prod,Microsoft.Storage/storageAccounts,Blob Storage,Storage,team:Platform,360.77,INR,37.89,1 Hour
2026-03-27,sub-psiog-001,MAC-01,rg-mac-01-platform-prod,Microsoft.Network/loadBalancers,Load Balancers,Networking,team:Platform,302.31,INR,11.81,1 Hour
2026-03-27,sub-psiog-001,MAC-01,rg-mac-01-platform-prod,Microsoft.Sql/servers/databases,SQL Database,Data Services,team:Platform,506.98,INR,13.36,1 Hour
2026-03-27,sub-psiog-001,MAC-02,rg-mac-02-dataengineering-prod,Microsoft.Compute/virtualMachines,Virtual Machines,Compute,team:DataEngineering,1015.39,INR,38.38,1 Hour
2026-03-27,sub-psiog-001,MAC-02,rg-mac-02-dataengineering-prod,Microsoft.Storage/storageAccounts,Blob Storage,Storage,team:DataEngineering,774.96,INR,91.33,1 Hour
2026-03-27,sub-psiog-001,MAC-02,rg-mac-02-dataengineering-prod,Microsoft.Network/loadBalancers,Load Balancers,Networking,team:DataEngineering,237.45,INR,42.82,1 Hour
2026-03-27,sub-psiog-001,MAC-02,rg-mac-02-dataengineering-prod,Microsoft.DocumentDB/databaseAccounts,Cosmos DB,Data Services,team:DataEngineering,1197.69,INR,97.16,1 Hour
2026-03-27,sub-psiog-001,MAC-02,rg-mac-02-analytics-prod,Microsoft.Compute/virtualMachines,Virtual Machines,Compute,team:Analytics,1087.86,INR,11.54,1 Hour
2026-03-27,sub-psiog-001,MAC-02,rg-mac-02-analytics-prod,Microsoft.Storage/storageAccounts,Blob Storage,Storage,team:Analytics,650.98,INR,19.96,1 Hour
2026-03-27,sub-psiog-001,MAC-02,rg-mac-02-analytics-prod,Microsoft.Network/virtualNetworks,Virtual Networks,Networking,team:Analytics,176.09,INR,97.37,1 Hour
2026-03-27,sub-psiog-001,MAC-02,rg-mac-02-analytics-prod,Microsoft.DocumentDB/databaseAccounts,Cosmos DB,Data Services,team:Analytics,990.79,INR,8.42,1 Hour
2026-03-27,sub-psiog-001,MAC-03,rg-mac-03-product-prod,Microsoft.Compute/virtualMachines,Virtual Machines,Compute,team:Product,598.01,INR,41.08,1 Hour
2026-03-27,sub-psiog-001,MAC-03,rg-mac-03-product-prod,Microsoft.Storage/storageAccounts,Blob Storage,Storage,team:Product,226.68,INR,20.41,1 Hour
2026-03-27,sub-psiog-001,MAC-03,rg-mac-03-product-prod,Microsoft.Network/loadBalancers,Load Balancers,Networking,team:Product,120.59,INR,14.15,1 Hour
2026-03-27,sub-psiog-001,MAC-03,rg-mac-03-product-prod,Microsoft.Sql/servers/databases,SQL Database,Data Services,team:Product,368.44,INR,70.53,1 Hour
2026-03-27,sub-psiog-001,MAC-03,rg-mac-03-frontend-prod,Microsoft.ContainerService/managedClusters,AKS Clusters,Compute,team:Frontend,614.42,INR,75.1,1 Hour
2026-03-27,sub-psiog-001,MAC-03,rg-mac-03-frontend-prod,Microsoft.Storage/storageAccounts/fileServices,File Storage,Storage,team:Frontend,165.8,INR,28.96,1 Hour
2026-03-27,sub-psiog-001,MAC-03,rg-mac-03-frontend-prod,Microsoft.Network/loadBalancers,Load Balancers,Networking,team:Frontend,123.6,INR,85.37,1 Hour
2026-03-27,sub-psiog-001,MAC-03,rg-mac-03-frontend-prod,Microsoft.Sql/servers/databases,SQL Database,Data Services,team:Frontend,226.04,INR,5.83,1 Hour
2026-03-27,sub-psiog-001,MAC-04,rg-mac-04-backend-prod,Microsoft.ContainerService/managedClusters,AKS Clusters,Compute,team:Backend,1227.13,INR,40.61,1 Hour
2026-03-27,sub-psiog-001,MAC-04,rg-mac-04-backend-prod,Microsoft.Storage/storageAccounts,Blob Storage,Storage,team:Backend,373.61,INR,42.2,1 Hour
2026-03-27,sub-psiog-001,MAC-04,rg-mac-04-backend-prod,Microsoft.Network/loadBalancers,Load Balancers,Networking,team:Backend,291.87,INR,83.53,1 Hour
2026-03-27,sub-psiog-001,MAC-04,rg-mac-04-backend-prod,Microsoft.Sql/servers/databases,SQL Database,Data Services,team:Backend,534.04,INR,72.54,1 Hour
2026-03-27,sub-psiog-001,MAC-04,rg-mac-04-qa-prod,Microsoft.Compute/virtualMachines,Virtual Machines,Compute,team:QA,439.61,INR,58.53,1 Hour
2026-03-27,sub-psiog-001,MAC-04,rg-mac-04-qa-prod,Microsoft.Storage/storageAccounts,Blob Storage,Storage,team:QA,207.23,INR,52.02,1 Hour
2026-03-27,sub-psiog-001,MAC-04,rg-mac-04-qa-prod,Microsoft.Network/virtualNetworks,Virtual Networks,Networking,team:QA,100.95,INR,32.5,1 Hour
2026-03-27,sub-psiog-001,MAC-04,rg-mac-04-qa-prod,Microsoft.Sql/servers/databases,SQL Database,Data Services,team:QA,271.24,INR,29.55,1 Hour
2026-03-27,sub-psiog-001,MAC-05,rg-mac-05-security-prod,Microsoft.Compute/virtualMachines,Virtual Machines,Compute,team:Security,730.3,INR,28.16,1 Hour
2026-03-27,sub-psiog-001,MAC-05,rg-mac-05-security-prod,Microsoft.Storage/storageAccounts,Blob Storage,Storage,team:Security,255.43,INR,13.17,1 Hour
2026-03-27,sub-psiog-001,MAC-05,rg-mac-05-security-prod,Microsoft.Network/virtualNetworks,Virtual Networks,Networking,team:Security,337.97,INR,56.36,1 Hour
2026-03-27,sub-psiog-001,MAC-05,rg-mac-05-security-prod,Microsoft.DocumentDB/databaseAccounts,Cosmos DB,Data Services,team:Security,396.57,INR,78.98,1 Hour
2026-03-27,sub-psiog-001,MAC-05,rg-mac-05-compliance-prod,Microsoft.Compute/virtualMachines,Virtual Machines,Compute,team:Compliance,361.85,INR,99.44,1 Hour
2026-03-27,sub-psiog-001,MAC-05,rg-mac-05-compliance-prod,Microsoft.Storage/storageAccounts/fileServices,File Storage,Storage,team:Compliance,236.7,INR,71.23,1 Hour
2026-03-27,sub-psiog-001,MAC-05,rg-mac-05-compliance-prod,Microsoft.Network/virtualNetworks,Virtual Networks,Networking,team:Compliance,195.33,INR,71.87,1 Hour
2026-03-27,sub-psiog-001,MAC-05,rg-mac-05-compliance-prod,Microsoft.DocumentDB/databaseAccounts,Cosmos DB,Data Services,team:Compliance,330.86,INR,55.94,1 Hour
2026-03-27,sub-psiog-001,MAC-06,rg-mac-06-infrastructure-prod,Microsoft.ContainerService/managedClusters,AKS Clusters,Compute,team:Infrastructure,1661.86,INR,36.5,1 Hour
2026-03-27,sub-psiog-001,MAC-06,rg-mac-06-infrastructure-prod,Microsoft.Storage/storageAccounts,Blob Storage,Storage,team:Infrastructure,419.22,INR,7.61,1 Hour
2026-03-27,sub-psiog-001,MAC-06,rg-mac-06-infrastructure-prod,Microsoft.Network/virtualNetworks,Virtual Networks,Networking,team:Infrastructure,352.04,INR,50.44,1 Hour
2026-03-27,sub-psiog-001,MAC-06,rg-mac-06-infrastructure-prod,Microsoft.DocumentDB/databaseAccounts,Cosmos DB,Data Services,team:Infrastructure,485.19,INR,4.04,1 Hour
2026-03-27,sub-psiog-001,MAC-06,rg-mac-06-cloudops-prod,Microsoft.Compute/virtualMachines,Virtual Machines,Compute,team:CloudOps,1512.37,INR,3.91,1 Hour
2026-03-27,sub-psiog-001,MAC-06,rg-mac-06-cloudops-prod,Microsoft.Storage/storageAccounts,Blob Storage,Storage,team:CloudOps,394.44,INR,17.87,1 Hour
2026-03-27,sub-psiog-001,MAC-06,rg-mac-06-cloudops-prod,Microsoft.Network/virtualNetworks,Virtual Networks,Networking,team:CloudOps,401.55,INR,20.01,1 Hour
2026-03-27,sub-psiog-001,MAC-06,rg-mac-06-cloudops-prod,Microsoft.Sql/servers/databases,SQL Database,Data Services,team:CloudOps,481.26,INR,5.44,1 Hour
2026-03-27,sub-psiog-001,MAC-07,rg-mac-07-ml-prod,Microsoft.ContainerService/managedClusters,AKS Clusters,Compute,team:ML,2033.51,INR,4.81,1 Hour
2026-03-27,sub-psiog-001,MAC-07,rg-mac-07-ml-prod,Microsoft.Storage/storageAccounts/fileServices,File Storage,Storage,team:ML,591.29,INR,52.59,1 Hour
2026-03-27,sub-psiog-001,MAC-07,rg-mac-07-ml-prod,Microsoft.Network/virtualNetworks,Virtual Networks,Networking,team:ML,206.19,INR,87.48,1 Hour
2026-03-27,sub-psiog-001,MAC-07,rg-mac-07-ml-prod,Microsoft.DocumentDB/databaseAccounts,Cosmos DB,Data Services,team:ML,897.05,INR,42.88,1 Hour
2026-03-27,sub-psiog-001,MAC-07,rg-mac-07-research-prod,Microsoft.Compute/virtualMachines,Virtual Machines,Compute,team:Research,1068.59,INR,28.46,1 Hour
2026-03-27,sub-psiog-001,MAC-07,rg-mac-07-research-prod,Microsoft.Storage/storageAccounts,Blob Storage,Storage,team:Research,562.44,INR,8.89,1 Hour
2026-03-27,sub-psiog-001,MAC-07,rg-mac-07-research-prod,Microsoft.Network/loadBalancers,Load Balancers,Networking,team:Research,189.49,INR,55.3,1 Hour
2026-03-27,sub-psiog-001,MAC-07,rg-mac-07-research-prod,Microsoft.Sql/servers/databases,SQL Database,Data Services,team:Research,775.64,INR,28.1,1 Hour
2026-03-27,sub-psiog-001,MAC-08,rg-mac-08-finance-prod,Microsoft.Compute/virtualMachines,Virtual Machines,Compute,team:Finance,374.9,INR,99.09,1 Hour
2026-03-27,sub-psiog-001,MAC-08,rg-mac-08-finance-prod,Microsoft.Storage/storageAccounts/fileServices,File Storage,Storage,team:Finance,209.93,INR,80.79,1 Hour
2026-03-27,sub-psiog-001,MAC-08,rg-mac-08-finance-prod,Microsoft.Network/virtualNetworks,Virtual Networks,Networking,team:Finance,128.45,INR,48.78,1 Hour
2026-03-27,sub-psiog-001,MAC-08,rg-mac-08-finance-prod,Microsoft.Sql/servers/databases,SQL Database,Data Services,team:Finance,458.66,INR,70.44,1 Hour
2026-03-27,sub-psiog-001,MAC-08,rg-mac-08-operations-prod,Microsoft.Compute/virtualMachines,Virtual Machines,Compute,team:Operations,453.27,INR,19.27,1 Hour
2026-03-27,sub-psiog-001,MAC-08,rg-mac-08-operations-prod,Microsoft.Storage/storageAccounts,Blob Storage,Storage,team:Operations,345.77,INR,59.7,1 Hour
2026-03-27,sub-psiog-001,MAC-08,rg-mac-08-operations-prod,Microsoft.Network/loadBalancers,Load Balancers,Networking,team:Operations,171.47,INR,8.17,1 Hour
2026-03-27,sub-psiog-001,MAC-08,rg-mac-08-operations-prod,Microsoft.Sql/servers/databases,SQL Database,Data Services,team:Operations,392.66,INR,11.42,1 Hour
2026-03-28,sub-psiog-001,MAC-01,rg-mac-01-devops-prod,Microsoft.ContainerService/managedClusters,AKS Clusters,Compute,team:DevOps,1520.24,INR,45.42,1 Hour
2026-03-28,sub-psiog-001,MAC-01,rg-mac-01-devops-prod,Microsoft.Storage/storageAccounts,Blob Storage,Storage,team:DevOps,336.98,INR,79.56,1 Hour
2026-03-28,sub-psiog-001,MAC-01,rg-mac-01-devops-prod,Microsoft.Network/loadBalancers,Load Balancers,Networking,team:DevOps,226.49,INR,97.5,1 Hour
2026-03-28,sub-psiog-001,MAC-01,rg-mac-01-devops-prod,Microsoft.DocumentDB/databaseAccounts,Cosmos DB,Data Services,team:DevOps,530.81,INR,17.67,1 Hour
2026-03-28,sub-psiog-001,MAC-01,rg-mac-01-platform-prod,Microsoft.Compute/virtualMachines,Virtual Machines,Compute,team:Platform,1444.98,INR,94.67,1 Hour
2026-03-28,sub-psiog-001,MAC-01,rg-mac-01-platform-prod,Microsoft.Storage/storageAccounts,Blob Storage,Storage,team:Platform,321.42,INR,98.52,1 Hour
2026-03-28,sub-psiog-001,MAC-01,rg-mac-01-platform-prod,Microsoft.Network/loadBalancers,Load Balancers,Networking,team:Platform,302.83,INR,48.45,1 Hour
2026-03-28,sub-psiog-001,MAC-01,rg-mac-01-platform-prod,Microsoft.Sql/servers/databases,SQL Database,Data Services,team:Platform,476.86,INR,38.55,1 Hour
2026-03-28,sub-psiog-001,MAC-02,rg-mac-02-dataengineering-prod,Microsoft.Compute/virtualMachines,Virtual Machines,Compute,team:DataEngineering,953.31,INR,11.48,1 Hour
2026-03-28,sub-psiog-001,MAC-02,rg-mac-02-dataengineering-prod,Microsoft.Storage/storageAccounts,Blob Storage,Storage,team:DataEngineering,667.98,INR,7.96,1 Hour
2026-03-28,sub-psiog-001,MAC-02,rg-mac-02-dataengineering-prod,Microsoft.Network/loadBalancers,Load Balancers,Networking,team:DataEngineering,219.11,INR,40.56,1 Hour
2026-03-28,sub-psiog-001,MAC-02,rg-mac-02-dataengineering-prod,Microsoft.Sql/servers/databases,SQL Database,Data Services,team:DataEngineering,920.64,INR,40.76,1 Hour
2026-03-28,sub-psiog-001,MAC-02,rg-mac-02-analytics-prod,Microsoft.Compute/virtualMachines,Virtual Machines,Compute,team:Analytics,1106.24,INR,19.99,1 Hour
2026-03-28,sub-psiog-001,MAC-02,rg-mac-02-analytics-prod,Microsoft.Storage/storageAccounts,Blob Storage,Storage,team:Analytics,643.37,INR,35.34,1 Hour
2026-03-28,sub-psiog-001,MAC-02,rg-mac-02-analytics-prod,Microsoft.Network/virtualNetworks,Virtual Networks,Networking,team:Analytics,178.91,INR,48.08,1 Hour
2026-03-28,sub-psiog-001,MAC-02,rg-mac-02-analytics-prod,Microsoft.DocumentDB/databaseAccounts,Cosmos DB,Data Services,team:Analytics,1022.67,INR,80.82,1 Hour
2026-03-28,sub-psiog-001,MAC-03,rg-mac-03-product-prod,Microsoft.Compute/virtualMachines,Virtual Machines,Compute,team:Product,698.41,INR,31.72,1 Hour
2026-03-28,sub-psiog-001,MAC-03,rg-mac-03-product-prod,Microsoft.Storage/storageAccounts/fileServices,File Storage,Storage,team:Product,234.36,INR,38.73,1 Hour
2026-03-28,sub-psiog-001,MAC-03,rg-mac-03-product-prod,Microsoft.Network/loadBalancers,Load Balancers,Networking,team:Product,160.29,INR,66.96,1 Hour
2026-03-28,sub-psiog-001,MAC-03,rg-mac-03-product-prod,Microsoft.DocumentDB/databaseAccounts,Cosmos DB,Data Services,team:Product,345.12,INR,16.35,1 Hour
2026-03-28,sub-psiog-001,MAC-03,rg-mac-03-frontend-prod,Microsoft.Compute/virtualMachines,Virtual Machines,Compute,team:Frontend,666.51,INR,30.75,1 Hour
2026-03-28,sub-psiog-001,MAC-03,rg-mac-03-frontend-prod,Microsoft.Storage/storageAccounts,Blob Storage,Storage,team:Frontend,172.59,INR,34.24,1 Hour
2026-03-28,sub-psiog-001,MAC-03,rg-mac-03-frontend-prod,Microsoft.Network/loadBalancers,Load Balancers,Networking,team:Frontend,130.08,INR,30.53,1 Hour
2026-03-28,sub-psiog-001,MAC-03,rg-mac-03-frontend-prod,Microsoft.Sql/servers/databases,SQL Database,Data Services,team:Frontend,254.03,INR,41.8,1 Hour
2026-03-28,sub-psiog-001,MAC-04,rg-mac-04-backend-prod,Microsoft.ContainerService/managedClusters,AKS Clusters,Compute,team:Backend,978.61,INR,81.92,1 Hour
2026-03-28,sub-psiog-001,MAC-04,rg-mac-04-backend-prod,Microsoft.Storage/storageAccounts/fileServices,File Storage,Storage,team:Backend,372.46,INR,41.77,1 Hour
2026-03-28,sub-psiog-001,MAC-04,rg-mac-04-backend-prod,Microsoft.Network/virtualNetworks,Virtual Networks,Networking,team:Backend,225.85,INR,29.63,1 Hour
2026-03-28,sub-psiog-001,MAC-04,rg-mac-04-backend-prod,Microsoft.DocumentDB/databaseAccounts,Cosmos DB,Data Services,team:Backend,539.66,INR,70.42,1 Hour
2026-03-28,sub-psiog-001,MAC-04,rg-mac-04-qa-prod,Microsoft.Compute/virtualMachines,Virtual Machines,Compute,team:QA,534.61,INR,55.29,1 Hour
2026-03-28,sub-psiog-001,MAC-04,rg-mac-04-qa-prod,Microsoft.Storage/storageAccounts,Blob Storage,Storage,team:QA,205.17,INR,22.68,1 Hour
2026-03-28,sub-psiog-001,MAC-04,rg-mac-04-qa-prod,Microsoft.Network/virtualNetworks,Virtual Networks,Networking,team:QA,91.06,INR,35.86,1 Hour
2026-03-28,sub-psiog-001,MAC-04,rg-mac-04-qa-prod,Microsoft.Sql/servers/databases,SQL Database,Data Services,team:QA,272.37,INR,84.06,1 Hour
2026-03-28,sub-psiog-001,MAC-05,rg-mac-05-security-prod,Microsoft.Compute/virtualMachines,Virtual Machines,Compute,team:Security,838.58,INR,92.96,1 Hour
2026-03-28,sub-psiog-001,MAC-05,rg-mac-05-security-prod,Microsoft.Storage/storageAccounts,Blob Storage,Storage,team:Security,329.56,INR,35.16,1 Hour
2026-03-28,sub-psiog-001,MAC-05,rg-mac-05-security-prod,Microsoft.Network/virtualNetworks,Virtual Networks,Networking,team:Security,339.15,INR,47.65,1 Hour
2026-03-28,sub-psiog-001,MAC-05,rg-mac-05-security-prod,Microsoft.Sql/servers/databases,SQL Database,Data Services,team:Security,411.04,INR,39.06,1 Hour
2026-03-28,sub-psiog-001,MAC-05,rg-mac-05-compliance-prod,Microsoft.Compute/virtualMachines,Virtual Machines,Compute,team:Compliance,358.29,INR,8.1,1 Hour
2026-03-28,sub-psiog-001,MAC-05,rg-mac-05-compliance-prod,Microsoft.Storage/storageAccounts/fileServices,File Storage,Storage,team:Compliance,223.8,INR,8.01,1 Hour
2026-03-28,sub-psiog-001,MAC-05,rg-mac-05-compliance-prod,Microsoft.Network/loadBalancers,Load Balancers,Networking,team:Compliance,198.48,INR,14.19,1 Hour
2026-03-28,sub-psiog-001,MAC-05,rg-mac-05-compliance-prod,Microsoft.Sql/servers/databases,SQL Database,Data Services,team:Compliance,342.84,INR,77.56,1 Hour
2026-03-28,sub-psiog-001,MAC-06,rg-mac-06-infrastructure-prod,Microsoft.Compute/virtualMachines,Virtual Machines,Compute,team:Infrastructure,1752.4,INR,20.55,1 Hour
2026-03-28,sub-psiog-001,MAC-06,rg-mac-06-infrastructure-prod,Microsoft.Storage/storageAccounts/fileServices,File Storage,Storage,team:Infrastructure,528.83,INR,78.08,1 Hour
2026-03-28,sub-psiog-001,MAC-06,rg-mac-06-infrastructure-prod,Microsoft.Network/virtualNetworks,Virtual Networks,Networking,team:Infrastructure,389.09,INR,63.39,1 Hour
2026-03-28,sub-psiog-001,MAC-06,rg-mac-06-infrastructure-prod,Microsoft.DocumentDB/databaseAccounts,Cosmos DB,Data Services,team:Infrastructure,465.83,INR,18.95,1 Hour
2026-03-28,sub-psiog-001,MAC-06,rg-mac-06-cloudops-prod,Microsoft.ContainerService/managedClusters,AKS Clusters,Compute,team:CloudOps,1639.6,INR,68.48,1 Hour
2026-03-28,sub-psiog-001,MAC-06,rg-mac-06-cloudops-prod,Microsoft.Storage/storageAccounts/fileServices,File Storage,Storage,team:CloudOps,485.25,INR,82.26,1 Hour
2026-03-28,sub-psiog-001,MAC-06,rg-mac-06-cloudops-prod,Microsoft.Network/virtualNetworks,Virtual Networks,Networking,team:CloudOps,385.37,INR,87.0,1 Hour
2026-03-28,sub-psiog-001,MAC-06,rg-mac-06-cloudops-prod,Microsoft.Sql/servers/databases,SQL Database,Data Services,team:CloudOps,515.0,INR,89.98,1 Hour
2026-03-28,sub-psiog-001,MAC-07,rg-mac-07-ml-prod,Microsoft.ContainerService/managedClusters,AKS Clusters,Compute,team:ML,1952.93,INR,68.14,1 Hour
2026-03-28,sub-psiog-001,MAC-07,rg-mac-07-ml-prod,Microsoft.Storage/storageAccounts,Blob Storage,Storage,team:ML,567.03,INR,90.8,1 Hour
2026-03-28,sub-psiog-001,MAC-07,rg-mac-07-ml-prod,Microsoft.Network/loadBalancers,Load Balancers,Networking,team:ML,252.78,INR,83.64,1 Hour
2026-03-28,sub-psiog-001,MAC-07,rg-mac-07-ml-prod,Microsoft.DocumentDB/databaseAccounts,Cosmos DB,Data Services,team:ML,707.76,INR,26.44,1 Hour
2026-03-28,sub-psiog-001,MAC-07,rg-mac-07-research-prod,Microsoft.ContainerService/managedClusters,AKS Clusters,Compute,team:Research,1052.26,INR,74.3,1 Hour
2026-03-28,sub-psiog-001,MAC-07,rg-mac-07-research-prod,Microsoft.Storage/storageAccounts,Blob Storage,Storage,team:Research,595.77,INR,66.61,1 Hour
2026-03-28,sub-psiog-001,MAC-07,rg-mac-07-research-prod,Microsoft.Network/loadBalancers,Load Balancers,Networking,team:Research,228.09,INR,58.86,1 Hour
2026-03-28,sub-psiog-001,MAC-07,rg-mac-07-research-prod,Microsoft.Sql/servers/databases,SQL Database,Data Services,team:Research,866.26,INR,94.21,1 Hour
2026-03-28,sub-psiog-001,MAC-08,rg-mac-08-finance-prod,Microsoft.Compute/virtualMachines,Virtual Machines,Compute,team:Finance,402.65,INR,76.63,1 Hour
2026-03-28,sub-psiog-001,MAC-08,rg-mac-08-finance-prod,Microsoft.Storage/storageAccounts/fileServices,File Storage,Storage,team:Finance,210.86,INR,93.1,1 Hour
2026-03-28,sub-psiog-001,MAC-08,rg-mac-08-finance-prod,Microsoft.Network/loadBalancers,Load Balancers,Networking,team:Finance,111.61,INR,63.91,1 Hour
2026-03-28,sub-psiog-001,MAC-08,rg-mac-08-finance-prod,Microsoft.DocumentDB/databaseAccounts,Cosmos DB,Data Services,team:Finance,551.86,INR,98.59,1 Hour
2026-03-28,sub-psiog-001,MAC-08,rg-mac-08-operations-prod,Microsoft.Compute/virtualMachines,Virtual Machines,Compute,team:Operations,498.06,INR,48.29,1 Hour
2026-03-28,sub-psiog-001,MAC-08,rg-mac-08-operations-prod,Microsoft.Storage/storageAccounts/fileServices,File Storage,Storage,team:Operations,364.82,INR,33.04,1 Hour
2026-03-28,sub-psiog-001,MAC-08,rg-mac-08-operations-prod,Microsoft.Network/loadBalancers,Load Balancers,Networking,team:Operations,161.1,INR,95.57,1 Hour
2026-03-28,sub-psiog-001,MAC-08,rg-mac-08-operations-prod,Microsoft.Sql/servers/databases,SQL Database,Data Services,team:Operations,384.4,INR,98.53,1 Hour
2026-03-29,sub-psiog-001,MAC-01,rg-mac-01-devops-prod,Microsoft.Compute/virtualMachines,Virtual Machines,Compute,team:DevOps,1527.29,INR,77.31,1 Hour
2026-03-29,sub-psiog-001,MAC-01,rg-mac-01-devops-prod,Microsoft.Storage/storageAccounts/fileServices,File Storage,Storage,team:DevOps,379.36,INR,91.53,1 Hour
2026-03-29,sub-psiog-001,MAC-01,rg-mac-01-devops-prod,Microsoft.Network/loadBalancers,Load Balancers,Networking,team:DevOps,228.03,INR,91.52,1 Hour
2026-03-29,sub-psiog-001,MAC-01,rg-mac-01-devops-prod,Microsoft.Sql/servers/databases,SQL Database,Data Services,team:DevOps,401.03,INR,36.74,1 Hour
2026-03-29,sub-psiog-001,MAC-01,rg-mac-01-platform-prod,Microsoft.Compute/virtualMachines,Virtual Machines,Compute,team:Platform,1106.52,INR,78.04,1 Hour
2026-03-29,sub-psiog-001,MAC-01,rg-mac-01-platform-prod,Microsoft.Storage/storageAccounts/fileServices,File Storage,Storage,team:Platform,287.31,INR,8.81,1 Hour
2026-03-29,sub-psiog-001,MAC-01,rg-mac-01-platform-prod,Microsoft.Network/loadBalancers,Load Balancers,Networking,team:Platform,285.53,INR,27.6,1 Hour
2026-03-29,sub-psiog-001,MAC-01,rg-mac-01-platform-prod,Microsoft.Sql/servers/databases,SQL Database,Data Services,team:Platform,431.98,INR,27.57,1 Hour
2026-03-29,sub-psiog-001,MAC-02,rg-mac-02-dataengineering-prod,Microsoft.Compute/virtualMachines,Virtual Machines,Compute,team:DataEngineering,1101.26,INR,93.49,1 Hour
2026-03-29,sub-psiog-001,MAC-02,rg-mac-02-dataengineering-prod,Microsoft.Storage/storageAccounts/fileServices,File Storage,Storage,team:DataEngineering,644.64,INR,21.52,1 Hour
2026-03-29,sub-psiog-001,MAC-02,rg-mac-02-dataengineering-prod,Microsoft.Network/virtualNetworks,Virtual Networks,Networking,team:DataEngineering,235.68,INR,7.83,1 Hour
2026-03-29,sub-psiog-001,MAC-02,rg-mac-02-dataengineering-prod,Microsoft.Sql/servers/databases,SQL Database,Data Services,team:DataEngineering,934.97,INR,99.33,1 Hour
2026-03-29,sub-psiog-001,MAC-02,rg-mac-02-analytics-prod,Microsoft.Compute/virtualMachines,Virtual Machines,Compute,team:Analytics,1052.44,INR,98.98,1 Hour
2026-03-29,sub-psiog-001,MAC-02,rg-mac-02-analytics-prod,Microsoft.Storage/storageAccounts,Blob Storage,Storage,team:Analytics,708.5,INR,23.81,1 Hour
2026-03-29,sub-psiog-001,MAC-02,rg-mac-02-analytics-prod,Microsoft.Network/virtualNetworks,Virtual Networks,Networking,team:Analytics,202.11,INR,20.05,1 Hour
2026-03-29,sub-psiog-001,MAC-02,rg-mac-02-analytics-prod,Microsoft.Sql/servers/databases,SQL Database,Data Services,team:Analytics,991.9,INR,46.0,1 Hour
2026-03-29,sub-psiog-001,MAC-03,rg-mac-03-product-prod,Microsoft.Compute/virtualMachines,Virtual Machines,Compute,team:Product,629.48,INR,42.36,1 Hour
2026-03-29,sub-psiog-001,MAC-03,rg-mac-03-product-prod,Microsoft.Storage/storageAccounts/fileServices,File Storage,Storage,team:Product,210.62,INR,73.25,1 Hour
2026-03-29,sub-psiog-001,MAC-03,rg-mac-03-product-prod,Microsoft.Network/virtualNetworks,Virtual Networks,Networking,team:Product,136.69,INR,96.1,1 Hour
2026-03-29,sub-psiog-001,MAC-03,rg-mac-03-product-prod,Microsoft.Sql/servers/databases,SQL Database,Data Services,team:Product,379.27,INR,44.18,1 Hour
2026-03-29,sub-psiog-001,MAC-03,rg-mac-03-frontend-prod,Microsoft.ContainerService/managedClusters,AKS Clusters,Compute,team:Frontend,551.8,INR,35.48,1 Hour
2026-03-29,sub-psiog-001,MAC-03,rg-mac-03-frontend-prod,Microsoft.Storage/storageAccounts/fileServices,File Storage,Storage,team:Frontend,155.47,INR,49.77,1 Hour
2026-03-29,sub-psiog-001,MAC-03,rg-mac-03-frontend-prod,Microsoft.Network/virtualNetworks,Virtual Networks,Networking,team:Frontend,123.95,INR,78.72,1 Hour
2026-03-29,sub-psiog-001,MAC-03,rg-mac-03-frontend-prod,Microsoft.DocumentDB/databaseAccounts,Cosmos DB,Data Services,team:Frontend,239.05,INR,16.34,1 Hour
2026-03-29,sub-psiog-001,MAC-04,rg-mac-04-backend-prod,Microsoft.ContainerService/managedClusters,AKS Clusters,Compute,team:Backend,1072.9,INR,61.19,1 Hour
2026-03-29,sub-psiog-001,MAC-04,rg-mac-04-backend-prod,Microsoft.Storage/storageAccounts/fileServices,File Storage,Storage,team:Backend,438.31,INR,88.57,1 Hour
2026-03-29,sub-psiog-001,MAC-04,rg-mac-04-backend-prod,Microsoft.Network/loadBalancers,Load Balancers,Networking,team:Backend,277.23,INR,18.83,1 Hour
2026-03-29,sub-psiog-001,MAC-04,rg-mac-04-backend-prod,Microsoft.Sql/servers/databases,SQL Database,Data Services,team:Backend,529.94,INR,18.05,1 Hour
2026-03-29,sub-psiog-001,MAC-04,rg-mac-04-qa-prod,Microsoft.Compute/virtualMachines,Virtual Machines,Compute,team:QA,465.42,INR,75.78,1 Hour
2026-03-29,sub-psiog-001,MAC-04,rg-mac-04-qa-prod,Microsoft.Storage/storageAccounts/fileServices,File Storage,Storage,team:QA,236.62,INR,3.32,1 Hour
2026-03-29,sub-psiog-001,MAC-04,rg-mac-04-qa-prod,Microsoft.Network/loadBalancers,Load Balancers,Networking,team:QA,112.52,INR,52.27,1 Hour
2026-03-29,sub-psiog-001,MAC-04,rg-mac-04-qa-prod,Microsoft.Sql/servers/databases,SQL Database,Data Services,team:QA,283.31,INR,72.91,1 Hour
2026-03-29,sub-psiog-001,MAC-05,rg-mac-05-security-prod,Microsoft.Compute/virtualMachines,Virtual Machines,Compute,team:Security,774.97,INR,10.55,1 Hour
2026-03-29,sub-psiog-001,MAC-05,rg-mac-05-security-prod,Microsoft.Storage/storageAccounts,Blob Storage,Storage,team:Security,326.6,INR,94.15,1 Hour
2026-03-29,sub-psiog-001,MAC-05,rg-mac-05-security-prod,Microsoft.Network/loadBalancers,Load Balancers,Networking,team:Security,383.67,INR,31.73,1 Hour
2026-03-29,sub-psiog-001,MAC-05,rg-mac-05-security-prod,Microsoft.Sql/servers/databases,SQL Database,Data Services,team:Security,384.46,INR,75.17,1 Hour
2026-03-29,sub-psiog-001,MAC-05,rg-mac-05-compliance-prod,Microsoft.Compute/virtualMachines,Virtual Machines,Compute,team:Compliance,449.11,INR,60.47,1 Hour
2026-03-29,sub-psiog-001,MAC-05,rg-mac-05-compliance-prod,Microsoft.Storage/storageAccounts,Blob Storage,Storage,team:Compliance,263.47,INR,95.22,1 Hour
2026-03-29,sub-psiog-001,MAC-05,rg-mac-05-compliance-prod,Microsoft.Network/virtualNetworks,Virtual Networks,Networking,team:Compliance,184.58,INR,84.13,1 Hour
2026-03-29,sub-psiog-001,MAC-05,rg-mac-05-compliance-prod,Microsoft.DocumentDB/databaseAccounts,Cosmos DB,Data Services,team:Compliance,304.45,INR,64.78,1 Hour
2026-03-29,sub-psiog-001,MAC-06,rg-mac-06-infrastructure-prod,Microsoft.Compute/virtualMachines,Virtual Machines,Compute,team:Infrastructure,1649.8,INR,34.47,1 Hour
2026-03-29,sub-psiog-001,MAC-06,rg-mac-06-infrastructure-prod,Microsoft.Storage/storageAccounts,Blob Storage,Storage,team:Infrastructure,417.1,INR,37.57,1 Hour
2026-03-29,sub-psiog-001,MAC-06,rg-mac-06-infrastructure-prod,Microsoft.Network/virtualNetworks,Virtual Networks,Networking,team:Infrastructure,379.73,INR,77.12,1 Hour
2026-03-29,sub-psiog-001,MAC-06,rg-mac-06-infrastructure-prod,Microsoft.Sql/servers/databases,SQL Database,Data Services,team:Infrastructure,546.75,INR,70.84,1 Hour
2026-03-29,sub-psiog-001,MAC-06,rg-mac-06-cloudops-prod,Microsoft.ContainerService/managedClusters,AKS Clusters,Compute,team:CloudOps,1646.84,INR,5.26,1 Hour
2026-03-29,sub-psiog-001,MAC-06,rg-mac-06-cloudops-prod,Microsoft.Storage/storageAccounts,Blob Storage,Storage,team:CloudOps,493.21,INR,61.41,1 Hour
2026-03-29,sub-psiog-001,MAC-06,rg-mac-06-cloudops-prod,Microsoft.Network/virtualNetworks,Virtual Networks,Networking,team:CloudOps,416.01,INR,31.03,1 Hour
2026-03-29,sub-psiog-001,MAC-06,rg-mac-06-cloudops-prod,Microsoft.DocumentDB/databaseAccounts,Cosmos DB,Data Services,team:CloudOps,429.16,INR,15.56,1 Hour
2026-03-29,sub-psiog-001,MAC-07,rg-mac-07-ml-prod,Microsoft.Compute/virtualMachines,Virtual Machines,Compute,team:ML,1783.24,INR,77.52,1 Hour
2026-03-29,sub-psiog-001,MAC-07,rg-mac-07-ml-prod,Microsoft.Storage/storageAccounts,Blob Storage,Storage,team:ML,631.94,INR,58.76,1 Hour
2026-03-29,sub-psiog-001,MAC-07,rg-mac-07-ml-prod,Microsoft.Network/virtualNetworks,Virtual Networks,Networking,team:ML,227.77,INR,24.44,1 Hour
2026-03-29,sub-psiog-001,MAC-07,rg-mac-07-ml-prod,Microsoft.DocumentDB/databaseAccounts,Cosmos DB,Data Services,team:ML,863.18,INR,18.35,1 Hour
2026-03-29,sub-psiog-001,MAC-07,rg-mac-07-research-prod,Microsoft.ContainerService/managedClusters,AKS Clusters,Compute,team:Research,898.61,INR,74.57,1 Hour
2026-03-29,sub-psiog-001,MAC-07,rg-mac-07-research-prod,Microsoft.Storage/storageAccounts/fileServices,File Storage,Storage,team:Research,593.05,INR,81.8,1 Hour
2026-03-29,sub-psiog-001,MAC-07,rg-mac-07-research-prod,Microsoft.Network/virtualNetworks,Virtual Networks,Networking,team:Research,189.41,INR,80.48,1 Hour
2026-03-29,sub-psiog-001,MAC-07,rg-mac-07-research-prod,Microsoft.Sql/servers/databases,SQL Database,Data Services,team:Research,708.83,INR,56.24,1 Hour
2026-03-29,sub-psiog-001,MAC-08,rg-mac-08-finance-prod,Microsoft.ContainerService/managedClusters,AKS Clusters,Compute,team:Finance,313.59,INR,41.41,1 Hour
2026-03-29,sub-psiog-001,MAC-08,rg-mac-08-finance-prod,Microsoft.Storage/storageAccounts/fileServices,File Storage,Storage,team:Finance,227.26,INR,48.51,1 Hour
2026-03-29,sub-psiog-001,MAC-08,rg-mac-08-finance-prod,Microsoft.Network/loadBalancers,Load Balancers,Networking,team:Finance,102.66,INR,7.11,1 Hour
2026-03-29,sub-psiog-001,MAC-08,rg-mac-08-finance-prod,Microsoft.Sql/servers/databases,SQL Database,Data Services,team:Finance,450.94,INR,13.97,1 Hour
2026-03-29,sub-psiog-001,MAC-08,rg-mac-08-operations-prod,Microsoft.ContainerService/managedClusters,AKS Clusters,Compute,team:Operations,599.96,INR,99.86,1 Hour
2026-03-29,sub-psiog-001,MAC-08,rg-mac-08-operations-prod,Microsoft.Storage/storageAccounts/fileServices,File Storage,Storage,team:Operations,299.49,INR,97.05,1 Hour
2026-03-29,sub-psiog-001,MAC-08,rg-mac-08-operations-prod,Microsoft.Network/loadBalancers,Load Balancers,Networking,team:Operations,134.44,INR,54.24,1 Hour
2026-03-29,sub-psiog-001,MAC-08,rg-mac-08-operations-prod,Microsoft.DocumentDB/databaseAccounts,Cosmos DB,Data Services,team:Operations,405.95,INR,90.82,1 Hour
2026-03-30,sub-psiog-001,MAC-01,rg-mac-01-devops-prod,Microsoft.Compute/virtualMachines,Virtual Machines,Compute,team:DevOps,1240.89,INR,90.4,1 Hour
2026-03-30,sub-psiog-001,MAC-01,rg-mac-01-devops-prod,Microsoft.Storage/storageAccounts,Blob Storage,Storage,team:DevOps,386.01,INR,88.47,1 Hour
2026-03-30,sub-psiog-001,MAC-01,rg-mac-01-devops-prod,Microsoft.Network/loadBalancers,Load Balancers,Networking,team:DevOps,229.37,INR,54.26,1 Hour
2026-03-30,sub-psiog-001,MAC-01,rg-mac-01-devops-prod,Microsoft.Sql/servers/databases,SQL Database,Data Services,team:DevOps,489.55,INR,40.1,1 Hour
2026-03-30,sub-psiog-001,MAC-01,rg-mac-01-platform-prod,Microsoft.Compute/virtualMachines,Virtual Machines,Compute,team:Platform,1374.98,INR,51.23,1 Hour
2026-03-30,sub-psiog-001,MAC-01,rg-mac-01-platform-prod,Microsoft.Storage/storageAccounts,Blob Storage,Storage,team:Platform,334.02,INR,40.56,1 Hour
2026-03-30,sub-psiog-001,MAC-01,rg-mac-01-platform-prod,Microsoft.Network/virtualNetworks,Virtual Networks,Networking,team:Platform,258.76,INR,8.72,1 Hour
2026-03-30,sub-psiog-001,MAC-01,rg-mac-01-platform-prod,Microsoft.DocumentDB/databaseAccounts,Cosmos DB,Data Services,team:Platform,395.9,INR,72.63,1 Hour
2026-03-30,sub-psiog-001,MAC-02,rg-mac-02-dataengineering-prod,Microsoft.ContainerService/managedClusters,AKS Clusters,Compute,team:DataEngineering,904.05,INR,33.01,1 Hour
2026-03-30,sub-psiog-001,MAC-02,rg-mac-02-dataengineering-prod,Microsoft.Storage/storageAccounts,Blob Storage,Storage,team:DataEngineering,606.4,INR,90.21,1 Hour
2026-03-30,sub-psiog-001,MAC-02,rg-mac-02-dataengineering-prod,Microsoft.Network/loadBalancers,Load Balancers,Networking,team:DataEngineering,198.72,INR,41.68,1 Hour
2026-03-30,sub-psiog-001,MAC-02,rg-mac-02-dataengineering-prod,Microsoft.Sql/servers/databases,SQL Database,Data Services,team:DataEngineering,1124.1,INR,61.96,1 Hour
2026-03-30,sub-psiog-001,MAC-02,rg-mac-02-analytics-prod,Microsoft.ContainerService/managedClusters,AKS Clusters,Compute,team:Analytics,1036.14,INR,41.44,1 Hour
2026-03-30,sub-psiog-001,MAC-02,rg-mac-02-analytics-prod,Microsoft.Storage/storageAccounts,Blob Storage,Storage,team:Analytics,706.81,INR,88.67,1 Hour
2026-03-30,sub-psiog-001,MAC-02,rg-mac-02-analytics-prod,Microsoft.Network/virtualNetworks,Virtual Networks,Networking,team:Analytics,160.84,INR,44.53,1 Hour
2026-03-30,sub-psiog-001,MAC-02,rg-mac-02-analytics-prod,Microsoft.Sql/servers/databases,SQL Database,Data Services,team:Analytics,961.1,INR,11.89,1 Hour
2026-03-30,sub-psiog-001,MAC-03,rg-mac-03-product-prod,Microsoft.Compute/virtualMachines,Virtual Machines,Compute,team:Product,631.79,INR,13.65,1 Hour
2026-03-30,sub-psiog-001,MAC-03,rg-mac-03-product-prod,Microsoft.Storage/storageAccounts/fileServices,File Storage,Storage,team:Product,265.91,INR,93.28,1 Hour
2026-03-30,sub-psiog-001,MAC-03,rg-mac-03-product-prod,Microsoft.Network/virtualNetworks,Virtual Networks,Networking,team:Product,142.03,INR,60.3,1 Hour
2026-03-30,sub-psiog-001,MAC-03,rg-mac-03-product-prod,Microsoft.DocumentDB/databaseAccounts,Cosmos DB,Data Services,team:Product,311.83,INR,79.52,1 Hour
2026-03-30,sub-psiog-001,MAC-03,rg-mac-03-frontend-prod,Microsoft.ContainerService/managedClusters,AKS Clusters,Compute,team:Frontend,610.82,INR,79.19,1 Hour
2026-03-30,sub-psiog-001,MAC-03,rg-mac-03-frontend-prod,Microsoft.Storage/storageAccounts/fileServices,File Storage,Storage,team:Frontend,155.8,INR,93.17,1 Hour
2026-03-30,sub-psiog-001,MAC-03,rg-mac-03-frontend-prod,Microsoft.Network/virtualNetworks,Virtual Networks,Networking,team:Frontend,112.71,INR,96.74,1 Hour
2026-03-30,sub-psiog-001,MAC-03,rg-mac-03-frontend-prod,Microsoft.DocumentDB/databaseAccounts,Cosmos DB,Data Services,team:Frontend,244.08,INR,70.44,1 Hour
2026-03-30,sub-psiog-001,MAC-04,rg-mac-04-backend-prod,Microsoft.ContainerService/managedClusters,AKS Clusters,Compute,team:Backend,1022.45,INR,20.31,1 Hour
2026-03-30,sub-psiog-001,MAC-04,rg-mac-04-backend-prod,Microsoft.Storage/storageAccounts,Blob Storage,Storage,team:Backend,457.79,INR,30.12,1 Hour
2026-03-30,sub-psiog-001,MAC-04,rg-mac-04-backend-prod,Microsoft.Network/virtualNetworks,Virtual Networks,Networking,team:Backend,278.42,INR,5.4,1 Hour
2026-03-30,sub-psiog-001,MAC-04,rg-mac-04-backend-prod,Microsoft.DocumentDB/databaseAccounts,Cosmos DB,Data Services,team:Backend,606.71,INR,52.17,1 Hour
2026-03-30,sub-psiog-001,MAC-04,rg-mac-04-qa-prod,Microsoft.ContainerService/managedClusters,AKS Clusters,Compute,team:QA,498.73,INR,78.89,1 Hour
2026-03-30,sub-psiog-001,MAC-04,rg-mac-04-qa-prod,Microsoft.Storage/storageAccounts/fileServices,File Storage,Storage,team:QA,231.09,INR,23.32,1 Hour
2026-03-30,sub-psiog-001,MAC-04,rg-mac-04-qa-prod,Microsoft.Network/virtualNetworks,Virtual Networks,Networking,team:QA,109.54,INR,14.1,1 Hour
2026-03-30,sub-psiog-001,MAC-04,rg-mac-04-qa-prod,Microsoft.Sql/servers/databases,SQL Database,Data Services,team:QA,273.37,INR,65.31,1 Hour
2026-03-30,sub-psiog-001,MAC-05,rg-mac-05-security-prod,Microsoft.ContainerService/managedClusters,AKS Clusters,Compute,team:Security,745.06,INR,40.93,1 Hour
2026-03-30,sub-psiog-001,MAC-05,rg-mac-05-security-prod,Microsoft.Storage/storageAccounts/fileServices,File Storage,Storage,team:Security,301.68,INR,50.9,1 Hour
2026-03-30,sub-psiog-001,MAC-05,rg-mac-05-security-prod,Microsoft.Network/loadBalancers,Load Balancers,Networking,team:Security,334.96,INR,15.16,1 Hour
2026-03-30,sub-psiog-001,MAC-05,rg-mac-05-security-prod,Microsoft.Sql/servers/databases,SQL Database,Data Services,team:Security,412.96,INR,97.39,1 Hour
2026-03-30,sub-psiog-001,MAC-05,rg-mac-05-compliance-prod,Microsoft.Compute/virtualMachines,Virtual Machines,Compute,team:Compliance,383.47,INR,27.8,1 Hour
2026-03-30,sub-psiog-001,MAC-05,rg-mac-05-compliance-prod,Microsoft.Storage/storageAccounts/fileServices,File Storage,Storage,team:Compliance,246.53,INR,43.39,1 Hour
2026-03-30,sub-psiog-001,MAC-05,rg-mac-05-compliance-prod,Microsoft.Network/virtualNetworks,Virtual Networks,Networking,team:Compliance,195.97,INR,22.07,1 Hour
2026-03-30,sub-psiog-001,MAC-05,rg-mac-05-compliance-prod,Microsoft.DocumentDB/databaseAccounts,Cosmos DB,Data Services,team:Compliance,334.74,INR,86.53,1 Hour
2026-03-30,sub-psiog-001,MAC-06,rg-mac-06-infrastructure-prod,Microsoft.ContainerService/managedClusters,AKS Clusters,Compute,team:Infrastructure,1641.86,INR,18.02,1 Hour
2026-03-30,sub-psiog-001,MAC-06,rg-mac-06-infrastructure-prod,Microsoft.Storage/storageAccounts/fileServices,File Storage,Storage,team:Infrastructure,430.29,INR,76.54,1 Hour
2026-03-30,sub-psiog-001,MAC-06,rg-mac-06-infrastructure-prod,Microsoft.Network/virtualNetworks,Virtual Networks,Networking,team:Infrastructure,445.11,INR,61.73,1 Hour
2026-03-30,sub-psiog-001,MAC-06,rg-mac-06-infrastructure-prod,Microsoft.DocumentDB/databaseAccounts,Cosmos DB,Data Services,team:Infrastructure,435.1,INR,80.04,1 Hour
2026-03-30,sub-psiog-001,MAC-06,rg-mac-06-cloudops-prod,Microsoft.ContainerService/managedClusters,AKS Clusters,Compute,team:CloudOps,1499.42,INR,70.89,1 Hour
2026-03-30,sub-psiog-001,MAC-06,rg-mac-06-cloudops-prod,Microsoft.Storage/storageAccounts,Blob Storage,Storage,team:CloudOps,406.51,INR,98.98,1 Hour
2026-03-30,sub-psiog-001,MAC-06,rg-mac-06-cloudops-prod,Microsoft.Network/virtualNetworks,Virtual Networks,Networking,team:CloudOps,427.14,INR,38.45,1 Hour
2026-03-30,sub-psiog-001,MAC-06,rg-mac-06-cloudops-prod,Microsoft.DocumentDB/databaseAccounts,Cosmos DB,Data Services,team:CloudOps,531.74,INR,80.24,1 Hour
2026-03-30,sub-psiog-001,MAC-07,rg-mac-07-ml-prod,Microsoft.ContainerService/managedClusters,AKS Clusters,Compute,team:ML,1701.52,INR,87.11,1 Hour
2026-03-30,sub-psiog-001,MAC-07,rg-mac-07-ml-prod,Microsoft.Storage/storageAccounts/fileServices,File Storage,Storage,team:ML,563.39,INR,20.36,1 Hour
2026-03-30,sub-psiog-001,MAC-07,rg-mac-07-ml-prod,Microsoft.Network/virtualNetworks,Virtual Networks,Networking,team:ML,250.79,INR,24.63,1 Hour
2026-03-30,sub-psiog-001,MAC-07,rg-mac-07-ml-prod,Microsoft.Sql/servers/databases,SQL Database,Data Services,team:ML,748.28,INR,18.87,1 Hour
2026-03-30,sub-psiog-001,MAC-07,rg-mac-07-research-prod,Microsoft.ContainerService/managedClusters,AKS Clusters,Compute,team:Research,917.79,INR,63.66,1 Hour
2026-03-30,sub-psiog-001,MAC-07,rg-mac-07-research-prod,Microsoft.Storage/storageAccounts,Blob Storage,Storage,team:Research,574.78,INR,47.95,1 Hour
2026-03-30,sub-psiog-001,MAC-07,rg-mac-07-research-prod,Microsoft.Network/loadBalancers,Load Balancers,Networking,team:Research,206.2,INR,36.82,1 Hour
2026-03-30,sub-psiog-001,MAC-07,rg-mac-07-research-prod,Microsoft.Sql/servers/databases,SQL Database,Data Services,team:Research,870.16,INR,84.18,1 Hour
2026-03-30,sub-psiog-001,MAC-08,rg-mac-08-finance-prod,Microsoft.ContainerService/managedClusters,AKS Clusters,Compute,team:Finance,375.2,INR,68.25,1 Hour
2026-03-30,sub-psiog-001,MAC-08,rg-mac-08-finance-prod,Microsoft.Storage/storageAccounts,Blob Storage,Storage,team:Finance,235.74,INR,30.58,1 Hour
2026-03-30,sub-psiog-001,MAC-08,rg-mac-08-finance-prod,Microsoft.Network/loadBalancers,Load Balancers,Networking,team:Finance,104.18,INR,70.17,1 Hour
2026-03-30,sub-psiog-001,MAC-08,rg-mac-08-finance-prod,Microsoft.DocumentDB/databaseAccounts,Cosmos DB,Data Services,team:Finance,567.17,INR,98.23,1 Hour
2026-03-30,sub-psiog-001,MAC-08,rg-mac-08-operations-prod,Microsoft.ContainerService/managedClusters,AKS Clusters,Compute,team:Operations,549.48,INR,78.56,1 Hour
2026-03-30,sub-psiog-001,MAC-08,rg-mac-08-operations-prod,Microsoft.Storage/storageAccounts/fileServices,File Storage,Storage,team:Operations,310.99,INR,90.03,1 Hour
2026-03-30,sub-psiog-001,MAC-08,rg-mac-08-operations-prod,Microsoft.Network/virtualNetworks,Virtual Networks,Networking,team:Operations,167.48,INR,15.44,1 Hour
2026-03-30,sub-psiog-001,MAC-08,rg-mac-08-operations-prod,Microsoft.Sql/servers/databases,SQL Database,Data Services,team:Operations,479.92,INR,20.31,1 Hour
2026-03-31,sub-psiog-001,MAC-01,rg-mac-01-devops-prod,Microsoft.ContainerService/managedClusters,AKS Clusters,Compute,team:DevOps,1511.62,INR,77.45,1 Hour
2026-03-31,sub-psiog-001,MAC-01,rg-mac-01-devops-prod,Microsoft.Storage/storageAccounts,Blob Storage,Storage,team:DevOps,358.07,INR,88.81,1 Hour
2026-03-31,sub-psiog-001,MAC-01,rg-mac-01-devops-prod,Microsoft.Network/loadBalancers,Load Balancers,Networking,team:DevOps,232.52,INR,89.98,1 Hour
2026-03-31,sub-psiog-001,MAC-01,rg-mac-01-devops-prod,Microsoft.DocumentDB/databaseAccounts,Cosmos DB,Data Services,team:DevOps,459.22,INR,60.58,1 Hour
2026-03-31,sub-psiog-001,MAC-01,rg-mac-01-platform-prod,Microsoft.Compute/virtualMachines,Virtual Machines,Compute,team:Platform,1349.0,INR,26.37,1 Hour
2026-03-31,sub-psiog-001,MAC-01,rg-mac-01-platform-prod,Microsoft.Storage/storageAccounts/fileServices,File Storage,Storage,team:Platform,373.89,INR,45.6,1 Hour
2026-03-31,sub-psiog-001,MAC-01,rg-mac-01-platform-prod,Microsoft.Network/loadBalancers,Load Balancers,Networking,team:Platform,315.84,INR,89.76,1 Hour
2026-03-31,sub-psiog-001,MAC-01,rg-mac-01-platform-prod,Microsoft.DocumentDB/databaseAccounts,Cosmos DB,Data Services,team:Platform,459.12,INR,45.61,1 Hour
2026-03-31,sub-psiog-001,MAC-02,rg-mac-02-dataengineering-prod,Microsoft.Compute/virtualMachines,Virtual Machines,Compute,team:DataEngineering,994.44,INR,89.16,1 Hour
2026-03-31,sub-psiog-001,MAC-02,rg-mac-02-dataengineering-prod,Microsoft.Storage/storageAccounts,Blob Storage,Storage,team:DataEngineering,707.68,INR,49.4,1 Hour
2026-03-31,sub-psiog-001,MAC-02,rg-mac-02-dataengineering-prod,Microsoft.Network/virtualNetworks,Virtual Networks,Networking,team:DataEngineering,218.16,INR,68.7,1 Hour
2026-03-31,sub-psiog-001,MAC-02,rg-mac-02-dataengineering-prod,Microsoft.Sql/servers/databases,SQL Database,Data Services,team:DataEngineering,902.02,INR,50.83,1 Hour
2026-03-31,sub-psiog-001,MAC-02,rg-mac-02-analytics-prod,Microsoft.ContainerService/managedClusters,AKS Clusters,Compute,team:Analytics,888.1,INR,53.43,1 Hour
2026-03-31,sub-psiog-001,MAC-02,rg-mac-02-analytics-prod,Microsoft.Storage/storageAccounts/fileServices,File Storage,Storage,team:Analytics,658.13,INR,16.81,1 Hour
2026-03-31,sub-psiog-001,MAC-02,rg-mac-02-analytics-prod,Microsoft.Network/loadBalancers,Load Balancers,Networking,team:Analytics,169.62,INR,42.04,1 Hour
2026-03-31,sub-psiog-001,MAC-02,rg-mac-02-analytics-prod,Microsoft.DocumentDB/databaseAccounts,Cosmos DB,Data Services,team:Analytics,962.82,INR,21.94,1 Hour
2026-03-31,sub-psiog-001,MAC-03,rg-mac-03-product-prod,Microsoft.ContainerService/managedClusters,AKS Clusters,Compute,team:Product,632.53,INR,14.51,1 Hour
2026-03-31,sub-psiog-001,MAC-03,rg-mac-03-product-prod,Microsoft.Storage/storageAccounts/fileServices,File Storage,Storage,team:Product,202.42,INR,80.44,1 Hour
2026-03-31,sub-psiog-001,MAC-03,rg-mac-03-product-prod,Microsoft.Network/loadBalancers,Load Balancers,Networking,team:Product,137.34,INR,81.08,1 Hour
2026-03-31,sub-psiog-001,MAC-03,rg-mac-03-product-prod,Microsoft.DocumentDB/databaseAccounts,Cosmos DB,Data Services,team:Product,345.71,INR,22.93,1 Hour
2026-03-31,sub-psiog-001,MAC-03,rg-mac-03-frontend-prod,Microsoft.ContainerService/managedClusters,AKS Clusters,Compute,team:Frontend,672.74,INR,97.81,1 Hour
2026-03-31,sub-psiog-001,MAC-03,rg-mac-03-frontend-prod,Microsoft.Storage/storageAccounts/fileServices,File Storage,Storage,team:Frontend,179.33,INR,20.0,1 Hour
2026-03-31,sub-psiog-001,MAC-03,rg-mac-03-frontend-prod,Microsoft.Network/virtualNetworks,Virtual Networks,Networking,team:Frontend,114.53,INR,9.07,1 Hour
2026-03-31,sub-psiog-001,MAC-03,rg-mac-03-frontend-prod,Microsoft.Sql/servers/databases,SQL Database,Data Services,team:Frontend,269.36,INR,24.68,1 Hour
2026-03-31,sub-psiog-001,MAC-04,rg-mac-04-backend-prod,Microsoft.Compute/virtualMachines,Virtual Machines,Compute,team:Backend,1266.06,INR,90.99,1 Hour
2026-03-31,sub-psiog-001,MAC-04,rg-mac-04-backend-prod,Microsoft.Storage/storageAccounts,Blob Storage,Storage,team:Backend,447.53,INR,94.65,1 Hour
2026-03-31,sub-psiog-001,MAC-04,rg-mac-04-backend-prod,Microsoft.Network/virtualNetworks,Virtual Networks,Networking,team:Backend,233.81,INR,12.18,1 Hour
2026-03-31,sub-psiog-001,MAC-04,rg-mac-04-backend-prod,Microsoft.Sql/servers/databases,SQL Database,Data Services,team:Backend,670.78,INR,88.9,1 Hour
2026-03-31,sub-psiog-001,MAC-04,rg-mac-04-qa-prod,Microsoft.Compute/virtualMachines,Virtual Machines,Compute,team:QA,402.74,INR,49.9,1 Hour
2026-03-31,sub-psiog-001,MAC-04,rg-mac-04-qa-prod,Microsoft.Storage/storageAccounts,Blob Storage,Storage,team:QA,235.52,INR,47.12,1 Hour
2026-03-31,sub-psiog-001,MAC-04,rg-mac-04-qa-prod,Microsoft.Network/loadBalancers,Load Balancers,Networking,team:QA,106.61,INR,43.15,1 Hour
2026-03-31,sub-psiog-001,MAC-04,rg-mac-04-qa-prod,Microsoft.Sql/servers/databases,SQL Database,Data Services,team:QA,257.45,INR,84.92,1 Hour
2026-03-31,sub-psiog-001,MAC-05,rg-mac-05-security-prod,Microsoft.Compute/virtualMachines,Virtual Machines,Compute,team:Security,831.19,INR,19.47,1 Hour
2026-03-31,sub-psiog-001,MAC-05,rg-mac-05-security-prod,Microsoft.Storage/storageAccounts/fileServices,File Storage,Storage,team:Security,259.86,INR,76.38,1 Hour
2026-03-31,sub-psiog-001,MAC-05,rg-mac-05-security-prod,Microsoft.Network/loadBalancers,Load Balancers,Networking,team:Security,391.43,INR,93.01,1 Hour
2026-03-31,sub-psiog-001,MAC-05,rg-mac-05-security-prod,Microsoft.DocumentDB/databaseAccounts,Cosmos DB,Data Services,team:Security,352.18,INR,27.53,1 Hour
2026-03-31,sub-psiog-001,MAC-05,rg-mac-05-compliance-prod,Microsoft.ContainerService/managedClusters,AKS Clusters,Compute,team:Compliance,442.66,INR,69.4,1 Hour
2026-03-31,sub-psiog-001,MAC-05,rg-mac-05-compliance-prod,Microsoft.Storage/storageAccounts,Blob Storage,Storage,team:Compliance,237.7,INR,85.27,1 Hour
2026-03-31,sub-psiog-001,MAC-05,rg-mac-05-compliance-prod,Microsoft.Network/loadBalancers,Load Balancers,Networking,team:Compliance,165.8,INR,61.53,1 Hour
2026-03-31,sub-psiog-001,MAC-05,rg-mac-05-compliance-prod,Microsoft.DocumentDB/databaseAccounts,Cosmos DB,Data Services,team:Compliance,340.2,INR,18.06,1 Hour
2026-03-31,sub-psiog-001,MAC-06,rg-mac-06-infrastructure-prod,Microsoft.ContainerService/managedClusters,AKS Clusters,Compute,team:Infrastructure,1616.52,INR,72.37,1 Hour
2026-03-31,sub-psiog-001,MAC-06,rg-mac-06-infrastructure-prod,Microsoft.Storage/storageAccounts,Blob Storage,Storage,team:Infrastructure,400.54,INR,68.82,1 Hour
2026-03-31,sub-psiog-001,MAC-06,rg-mac-06-infrastructure-prod,Microsoft.Network/virtualNetworks,Virtual Networks,Networking,team:Infrastructure,414.6,INR,8.75,1 Hour
2026-03-31,sub-psiog-001,MAC-06,rg-mac-06-infrastructure-prod,Microsoft.DocumentDB/databaseAccounts,Cosmos DB,Data Services,team:Infrastructure,509.76,INR,71.31,1 Hour
2026-03-31,sub-psiog-001,MAC-06,rg-mac-06-cloudops-prod,Microsoft.ContainerService/managedClusters,AKS Clusters,Compute,team:CloudOps,1412.32,INR,27.7,1 Hour
2026-03-31,sub-psiog-001,MAC-06,rg-mac-06-cloudops-prod,Microsoft.Storage/storageAccounts/fileServices,File Storage,Storage,team:CloudOps,428.81,INR,79.95,1 Hour
2026-03-31,sub-psiog-001,MAC-06,rg-mac-06-cloudops-prod,Microsoft.Network/loadBalancers,Load Balancers,Networking,team:CloudOps,364.32,INR,27.32,1 Hour
2026-03-31,sub-psiog-001,MAC-06,rg-mac-06-cloudops-prod,Microsoft.Sql/servers/databases,SQL Database,Data Services,team:CloudOps,497.62,INR,72.78,1 Hour
2026-03-31,sub-psiog-001,MAC-07,rg-mac-07-ml-prod,Microsoft.Compute/virtualMachines,Virtual Machines,Compute,team:ML,1797.7,INR,14.25,1 Hour
2026-03-31,sub-psiog-001,MAC-07,rg-mac-07-ml-prod,Microsoft.Storage/storageAccounts,Blob Storage,Storage,team:ML,657.99,INR,74.49,1 Hour
2026-03-31,sub-psiog-001,MAC-07,rg-mac-07-ml-prod,Microsoft.Network/loadBalancers,Load Balancers,Networking,team:ML,229.56,INR,93.1,1 Hour
2026-03-31,sub-psiog-001,MAC-07,rg-mac-07-ml-prod,Microsoft.DocumentDB/databaseAccounts,Cosmos DB,Data Services,team:ML,778.09,INR,19.54,1 Hour
2026-03-31,sub-psiog-001,MAC-07,rg-mac-07-research-prod,Microsoft.Compute/virtualMachines,Virtual Machines,Compute,team:Research,835.38,INR,10.16,1 Hour
2026-03-31,sub-psiog-001,MAC-07,rg-mac-07-research-prod,Microsoft.Storage/storageAccounts/fileServices,File Storage,Storage,team:Research,585.65,INR,45.27,1 Hour
2026-03-31,sub-psiog-001,MAC-07,rg-mac-07-research-prod,Microsoft.Network/virtualNetworks,Virtual Networks,Networking,team:Research,220.79,INR,77.08,1 Hour
2026-03-31,sub-psiog-001,MAC-07,rg-mac-07-research-prod,Microsoft.DocumentDB/databaseAccounts,Cosmos DB,Data Services,team:Research,722.38,INR,17.66,1 Hour
2026-03-31,sub-psiog-001,MAC-08,rg-mac-08-finance-prod,Microsoft.Compute/virtualMachines,Virtual Machines,Compute,team:Finance,384.78,INR,81.34,1 Hour
2026-03-31,sub-psiog-001,MAC-08,rg-mac-08-finance-prod,Microsoft.Storage/storageAccounts,Blob Storage,Storage,team:Finance,258.41,INR,56.57,1 Hour
2026-03-31,sub-psiog-001,MAC-08,rg-mac-08-finance-prod,Microsoft.Network/loadBalancers,Load Balancers,Networking,team:Finance,116.74,INR,37.71,1 Hour
2026-03-31,sub-psiog-001,MAC-08,rg-mac-08-finance-prod,Microsoft.Sql/servers/databases,SQL Database,Data Services,team:Finance,536.66,INR,34.21,1 Hour
2026-03-31,sub-psiog-001,MAC-08,rg-mac-08-operations-prod,Microsoft.ContainerService/managedClusters,AKS Clusters,Compute,team:Operations,467.15,INR,30.76,1 Hour
2026-03-31,sub-psiog-001,MAC-08,rg-mac-08-operations-prod,Microsoft.Storage/storageAccounts,Blob Storage,Storage,team:Operations,327.9,INR,12.43,1 Hour
2026-03-31,sub-psiog-001,MAC-08,rg-mac-08-operations-prod,Microsoft.Network/loadBalancers,Load Balancers,Networking,team:Operations,174.76,INR,27.98,1 Hour
2026-03-31,sub-psiog-001,MAC-08,rg-mac-08-operations-prod,Microsoft.DocumentDB/databaseAccounts,Cosmos DB,Data Services,team:Operations,434.59,INR,65.66,1 Hour
