usage_date,mac_id,team,resource_category,total_cost_inr,resource_count
2026-01-01,MAC-01,DevOps,Storage,294.27,1
2026-01-01,MAC-01,DevOps,Networking,224.37,1
2026-01-01,MAC-01,DevOps,Data Services,434.57,1
2026-01-01,MAC-01,DevOps,Compute,1244.3,1
2026-01-01,MAC-01,Platform,Networking,254.71,1
2026-01-01,MAC-01,Platform,Data Services,418.79,1
2026-01-01,MAC-01,Platform,Compute,1011.24,1
2026-01-01,MAC-01,Platform,Storage,267.61,1
2026-01-01,MAC-02,Analytics,Data Services,846.17,1
2026-01-01,MAC-02,Analytics,Compute,787.29,1
2026-01-01,MAC-02,Analytics,Networking,174.67,1
2026-01-01,MAC-02,Analytics,Storage,615.02,1
2026-01-01,MAC-02,DataEngineering,Storage,635.12,1
2026-01-01,MAC-02,DataEngineering,Compute,809.69,1
2026-01-01,MAC-02,DataEngineering,Data Services,834.64,1
2026-01-01,MAC-02,DataEngineering,Networking,169.75,1
2026-01-01,MAC-03,Frontend,Storage,148.31,1
2026-01-01,MAC-03,Frontend,Networking,107.92,1
2026-01-01,MAC-03,Frontend,Data Services,183.8,1
2026-01-01,MAC-03,Frontend,Compute,460.49,1
2026-01-01,MAC-03,Product,Storage,193.3,1
2026-01-01,MAC-03,Product,Compute,543.12,1
2026-01-01,MAC-03,Product,Data Services,327.5,1
2026-01-01,MAC-03,Product,Networking,126.78,1
2026-01-01,MAC-04,Backend,Data Services,536.77,1
2026-01-01,MAC-04,Backend,Storage,386.72,1
2026-01-01,MAC-04,Backend,Compute,1000.86,1
2026-01-01,MAC-04,Backend,Networking,232.4,1
2026-01-01,MAC-04,QA,Storage,203.45,1
2026-01-01,MAC-04,QA,Compute,438.91,1
2026-01-01,MAC-04,QA,Data Services,236.46,1
2026-01-01,MAC-04,QA,Networking,87.64,1
2026-01-01,MAC-05,Compliance,Networking,141.82,1
2026-01-01,MAC-05,Compliance,Compute,379.13,1
2026-01-01,MAC-05,Compliance,Data Services,319.51,1
2026-01-01,MAC-05,Compliance,Storage,252.27,1
2026-01-01,MAC-05,Security,Storage,267.55,1
2026-01-01,MAC-05,Security,Networking,314.78,1
2026-01-01,MAC-05,Security,Data Services,376.22,1
2026-01-01,MAC-05,Security,Compute,632.51,1
2026-01-01,MAC-06,CloudOps,Storage,430.42,1
2026-01-01,MAC-06,CloudOps,Networking,317.26,1
2026-01-01,MAC-06,CloudOps,Compute,1451.32,1
2026-01-01,MAC-06,CloudOps,Data Services,341.15,1
2026-01-01,MAC-06,Infrastructure,Data Services,384.87,1
2026-01-01,MAC-06,Infrastructure,Compute,1229.36,1
2026-01-01,MAC-06,Infrastructure,Storage,403.44,1
2026-01-01,MAC-06,Infrastructure,Networking,347.36,1
2026-01-01,MAC-07,ML,Storage,565.49,1
2026-01-01,MAC-07,ML,Networking,228.2,1
2026-01-01,MAC-07,ML,Data Services,804.09,1
2026-01-01,MAC-07,ML,Compute,1477.32,1
2026-01-01,MAC-07,Research,Compute,916.33,1
2026-01-01,MAC-07,Research,Data Services,585.65,1
2026-01-01,MAC-07,Research,Networking,163.7,1
2026-01-01,MAC-07,Research,Storage,393.38,1
2026-01-01,MAC-08,Finance,Storage,196.03,1
2026-01-01,MAC-08,Finance,Data Services,459.42,1
2026-01-01,MAC-08,Finance,Networking,112.49,1
2026-01-01,MAC-08,Finance,Compute,313.83,1
2026-01-01,MAC-08,Operations,Compute,487.92,1
2026-01-01,MAC-08,Operations,Storage,329.33,1
2026-01-01,MAC-08,Operations,Networking,116.04,1
2026-01-01,MAC-08,Operations,Data Services,376.32,1
2026-01-02,MAC-01,DevOps,Data Services,386.86,1
2026-01-02,MAC-01,DevOps,Compute,1256.43,1
2026-01-02,MAC-01,DevOps,Networking,202.02,1
2026-01-02,MAC-01,DevOps,Storage,258.51,1
2026-01-02,MAC-01,Platform,Storage,255.02,1
2026-01-02,MAC-01,Platform,Data Services,405.49,1
2026-01-02,MAC-01,Platform,Networking,246.38,1
2026-01-02,MAC-01,Platform,Compute,987.74,1
2026-01-02,MAC-02,Analytics,Data Services,899.58,1
2026-01-02,MAC-02,Analytics,Storage,524.59,1
2026-01-02,MAC-02,Analytics,Compute,769.36,1
2026-01-02,MAC-02,Analytics,Networking,163.81,1
2026-01-02,MAC-02,DataEngineering,Storage,645.42,1
2026-01-02,MAC-02,DataEngineering,Networking,196.74,1
2026-01-02,MAC-02,DataEngineering,Compute,771.23,1
2026-01-02,MAC-02,DataEngineering,Data Services,844.37,1
2026-01-02,MAC-03,Frontend,Storage,148.26,1
2026-01-02,MAC-03,Frontend,Networking,109.73,1
2026-01-02,MAC-03,Frontend,Compute,425.93,1
2026-01-02,MAC-03,Frontend,Data Services,223.81,1
2026-01-02,MAC-03,Product,Data Services,292.23,1
2026-01-02,MAC-03,Product,Networking,116.4,1
2026-01-02,MAC-03,Product,Compute,542.31,1
2026-01-02,MAC-03,Product,Storage,221.49,1
2026-01-02,MAC-04,Backend,Compute,1011.82,1
2026-01-02,MAC-04,Backend,Storage,330.28,1
2026-01-02,MAC-04,Backend,Data Services,529.64,1
2026-01-02,MAC-04,Backend,Networking,192.35,1
2026-01-02,MAC-04,QA,Data Services,249.7,1
2026-01-02,MAC-04,QA,Compute,369.57,1
2026-01-02,MAC-04,QA,Networking,102.1,1
2026-01-02,MAC-04,QA,Storage,180.52,1
2026-01-02,MAC-05,Compliance,Data Services,327.66,1
2026-01-02,MAC-05,Compliance,Compute,389.61,1
2026-01-02,MAC-05,Compliance,Networking,132.15,1
2026-01-02,MAC-05,Compliance,Storage,196.89,1
2026-01-02,MAC-05,Security,Data Services,386.92,1
2026-01-02,MAC-05,Security,Networking,314.72,1
2026-01-02,MAC-05,Security,Compute,745.48,1
2026-01-02,MAC-05,Security,Storage,254.71,1
2026-01-02,MAC-06,CloudOps,Storage,406.23,1
2026-01-02,MAC-06,CloudOps,Data Services,408.63,1
2026-01-02,MAC-06,CloudOps,Networking,294.44,1
2026-01-02,MAC-06,CloudOps,Compute,1148.36,1
2026-01-02,MAC-06,Infrastructure,Storage,350.76,1
2026-01-02,MAC-06,Infrastructure,Networking,363.24,1
2026-01-02,MAC-06,Infrastructure,Compute,1256.42,1
2026-01-02,MAC-06,Infrastructure,Data Services,389.44,1
2026-01-02,MAC-07,ML,Compute,1430.88,1
2026-01-02,MAC-07,ML,Storage,458.62,1
2026-01-02,MAC-07,ML,Data Services,627.09,1
2026-01-02,MAC-07,ML,Networking,185.55,1
2026-01-02,MAC-07,Research,Compute,737.16,1
2026-01-02,MAC-07,Research,Data Services,745.37,1
2026-01-02,MAC-07,Research,Networking,190.75,1
2026-01-02,MAC-07,Research,Storage,422.17,1
2026-01-02,MAC-08,Finance,Compute,309.65,1
2026-01-02,MAC-08,Finance,Storage,185.98,1
2026-01-02,MAC-08,Finance,Data Services,488.72,1
2026-01-02,MAC-08,Finance,Networking,97.4,1
2026-01-02,MAC-08,Operations,Storage,342.45,1
2026-01-02,MAC-08,Operations,Networking,111.14,1
2026-01-02,MAC-08,Operations,Compute,401.17,1
2026-01-02,MAC-08,Operations,Data Services,335.22,1
2026-01-03,MAC-01,DevOps,Data Services,395.41,1
2026-01-03,MAC-01,DevOps,Compute,1290.85,1
2026-01-03,MAC-01,DevOps,Networking,222.21,1
2026-01-03,MAC-01,DevOps,Storage,329.89,1
2026-01-03,MAC-01,Platform,Storage,261.58,1
2026-01-03,MAC-01,Platform,Networking,220.92,1
2026-01-03,MAC-01,Platform,Data Services,372.72,1
2026-01-03,MAC-01,Platform,Compute,1113.96,1
2026-01-03,MAC-02,Analytics,Data Services,974.94,1
2026-01-03,MAC-02,Analytics,Networking,137.81,1
2026-01-03,MAC-02,Analytics,Compute,725.84,1
2026-01-03,MAC-02,Analytics,Storage,557.32,1
2026-01-03,MAC-02,DataEngineering,Compute,838.86,1
2026-01-03,MAC-02,DataEngineering,Networking,201.66,1
2026-01-03,MAC-02,DataEngineering,Data Services,815.54,1
2026-01-03,MAC-02,DataEngineering,Storage,549.92,1
2026-01-03,MAC-03,Frontend,Data Services,197.03,1
2026-01-03,MAC-03,Frontend,Compute,526.84,1
2026-01-03,MAC-03,Frontend,Storage,155.28,1
2026-01-03,MAC-03,Frontend,Networking,110.45,1
2026-01-03,MAC-03,Product,Storage,210.59,1
2026-01-03,MAC-03,Product,Data Services,343.31,1
2026-01-03,MAC-03,Product,Networking,103.7,1
2026-01-03,MAC-03,Product,Compute,678.32,1
2026-01-03,MAC-04,Backend,Data Services,459.32,1
2026-01-03,MAC-04,Backend,Compute,941.74,1
2026-01-03,MAC-04,Backend,Networking,226.36,1
2026-01-03,MAC-04,Backend,Storage,403.37,1
2026-01-03,MAC-04,QA,Storage,193.57,1
2026-01-03,MAC-04,QA,Compute,341.6,1
2026-01-03,MAC-04,QA,Data Services,269.39,1
2026-01-03,MAC-04,QA,Networking,77.92,1
2026-01-03,MAC-05,Compliance,Data Services,304.6,1
2026-01-03,MAC-05,Compliance,Compute,396.53,1
2026-01-03,MAC-05,Compliance,Networking,155.29,1
2026-01-03,MAC-05,Compliance,Storage,218.6,1
2026-01-03,MAC-05,Security,Storage,272.41,1
2026-01-03,MAC-05,Security,Compute,806.81,1
2026-01-03,MAC-05,Security,Networking,277.54,1
2026-01-03,MAC-05,Security,Data Services,382.3,1
2026-01-03,MAC-06,CloudOps,Data Services,356.3,1
2026-01-03,MAC-06,CloudOps,Networking,362.27,1
2026-01-03,MAC-06,CloudOps,Storage,376.43,1
2026-01-03,MAC-06,CloudOps,Compute,1304.59,1
2026-01-03,MAC-06,Infrastructure,Storage,420.12,1
2026-01-03,MAC-06,Infrastructure,Networking,364.36,1
2026-01-03,MAC-06,Infrastructure,Compute,1378.07,1
2026-01-03,MAC-06,Infrastructure,Data Services,482.46,1
2026-01-03,MAC-07,ML,Data Services,719.88,1
2026-01-03,MAC-07,ML,Compute,1685.24,1
2026-01-03,MAC-07,ML,Storage,567.94,1
2026-01-03,MAC-07,ML,Networking,192.15,1
2026-01-03,MAC-07,Research,Storage,398.7,1
2026-01-03,MAC-07,Research,Compute,690.65,1
2026-01-03,MAC-07,Research,Data Services,656.69,1
2026-01-03,MAC-07,Research,Networking,184.47,1
2026-01-03,MAC-08,Finance,Storage,183.75,1
2026-01-03,MAC-08,Finance,Data Services,497.03,1
2026-01-03,MAC-08,Finance,Compute,272.58,1
2026-01-03,MAC-08,Finance,Networking,86.03,1
2026-01-03,MAC-08,Operations,Compute,485.56,1
2026-01-03,MAC-08,Operations,Storage,283.35,1
2026-01-03,MAC-08,Operations,Networking,131.16,1
2026-01-03,MAC-08,Operations,Data Services,420.6,1
2026-01-04,MAC-01,DevOps,Storage,282.6,1
2026-01-04,MAC-01,DevOps,Networking,215.63,1
2026-01-04,MAC-01,DevOps,Compute,1028.71,1
2026-01-04,MAC-01,DevOps,Data Services,349.52,1
2026-01-04,MAC-01,Platform,Storage,320.15,1
2026-01-04,MAC-01,Platform,Compute,1234.74,1
2026-01-04,MAC-01,Platform,Data Services,355.95,1
2026-01-04,MAC-01,Platform,Networking,216.14,1
2026-01-04,MAC-02,Analytics,Networking,183.54,1
2026-01-04,MAC-02,Analytics,Storage,587.59,1
2026-01-04,MAC-02,Analytics,Compute,846.81,1
2026-01-04,MAC-02,Analytics,Data Services,896.45,1
2026-01-04,MAC-02,DataEngineering,Storage,637.88,1
2026-01-04,MAC-02,DataEngineering,Networking,190.4,1
2026-01-04,MAC-02,DataEngineering,Data Services,845.87,1
2026-01-04,MAC-02,DataEngineering,Compute,900.82,1
2026-01-04,MAC-03,Frontend,Storage,141.4,1
2026-01-04,MAC-03,Frontend,Networking,99.23,1
2026-01-04,MAC-03,Frontend,Compute,493.72,1
2026-01-04,MAC-03,Frontend,Data Services,204.57,1
2026-01-04,MAC-03,Product,Networking,127.39,1
2026-01-04,MAC-03,Product,Compute,693.51,1
2026-01-04,MAC-03,Product,Data Services,311.8,1
2026-01-04,MAC-03,Product,Storage,212.98,1
2026-01-04,MAC-04,Backend,Storage,315.94,1
2026-01-04,MAC-04,Backend,Networking,202.73,1
2026-01-04,MAC-04,Backend,Compute,873.71,1
2026-01-04,MAC-04,Backend,Data Services,461.09,1
2026-01-04,MAC-04,QA,Data Services,278.91,1
2026-01-04,MAC-04,QA,Compute,386.38,1
2026-01-04,MAC-04,QA,Networking,99.37,1
2026-01-04,MAC-04,QA,Storage,173.32,1
2026-01-04,MAC-05,Compliance,Networking,169.78,1
2026-01-04,MAC-05,Compliance,Compute,401.48,1
2026-01-04,MAC-05,Compliance,Data Services,307.81,1
2026-01-04,MAC-05,Compliance,Storage,251.64,1
2026-01-04,MAC-05,Security,Storage,268.06,1
2026-01-04,MAC-05,Security,Networking,325.43,1
2026-01-04,MAC-05,Security,Data Services,302.47,1
2026-01-04,MAC-05,Security,Compute,746.75,1
2026-01-04,MAC-06,CloudOps,Data Services,405.45,1
2026-01-04,MAC-06,CloudOps,Storage,401.22,1
2026-01-04,MAC-06,CloudOps,Compute,1115.53,1
2026-01-04,MAC-06,CloudOps,Networking,320.41,1
2026-01-04,MAC-06,Infrastructure,Networking,356.19,1
2026-01-04,MAC-06,Infrastructure,Compute,1456.36,1
2026-01-04,MAC-06,Infrastructure,Storage,389.24,1
2026-01-04,MAC-06,Infrastructure,Data Services,388.19,1
2026-01-04,MAC-07,ML,Data Services,664.89,1
2026-01-04,MAC-07,ML,Storage,439.04,1
2026-01-04,MAC-07,ML,Networking,229.66,1
2026-01-04,MAC-07,ML,Compute,1518.74,1
2026-01-04,MAC-07,Research,Compute,921.74,1
2026-01-04,MAC-07,Research,Storage,451.54,1
2026-01-04,MAC-07,Research,Data Services,634.55,1
2026-01-04,MAC-07,Research,Networking,176.27,1
2026-01-04,MAC-08,Finance,Networking,97.32,1
2026-01-04,MAC-08,Finance,Compute,326.59,1
2026-01-04,MAC-08,Finance,Data Services,485.44,1
2026-01-04,MAC-08,Finance,Storage,183.77,1
2026-01-04,MAC-08,Operations,Storage,282.27,1
2026-01-04,MAC-08,Operations,Compute,481.55,1
2026-01-04,MAC-08,Operations,Data Services,335.41,1
2026-01-04,MAC-08,Operations,Networking,134.69,1
2026-01-05,MAC-01,DevOps,Storage,306.98,1
2026-01-05,MAC-01,DevOps,Data Services,366.53,1
2026-01-05,MAC-01,DevOps,Compute,1211.62,1
2026-01-05,MAC-01,DevOps,Networking,184.01,1
2026-01-05,MAC-01,Platform,Compute,1242.19,1
2026-01-05,MAC-01,Platform,Storage,319.62,1
2026-01-05,MAC-01,Platform,Data Services,348.49,1
2026-01-05,MAC-01,Platform,Networking,286.26,1
2026-01-05,MAC-02,Analytics,Compute,846.9,1
2026-01-05,MAC-02,Analytics,Storage,536.76,1
2026-01-05,MAC-02,Analytics,Networking,179.11,1
2026-01-05,MAC-02,Analytics,Data Services,927.69,1
2026-01-05,MAC-02,DataEngineering,Compute,799.55,1
2026-01-05,MAC-02,DataEngineering,Data Services,989.84,1
2026-01-05,MAC-02,DataEngineering,Networking,177.1,1
2026-01-05,MAC-02,DataEngineering,Storage,597.8,1
2026-01-05,MAC-03,Frontend,Storage,152.69,1
2026-01-05,MAC-03,Frontend,Networking,105.39,1
2026-01-05,MAC-03,Frontend,Compute,484.47,1
2026-01-05,MAC-03,Frontend,Data Services,203.49,1
2026-01-05,MAC-03,Product,Storage,212.79,1
2026-01-05,MAC-03,Product,Networking,114.9,1
2026-01-05,MAC-03,Product,Data Services,342.5,1
2026-01-05,MAC-03,Product,Compute,520.04,1
2026-01-05,MAC-04,Backend,Networking,226.6,1
2026-01-05,MAC-04,Backend,Data Services,564.58,1
2026-01-05,MAC-04,Backend,Compute,1082.73,1
2026-01-05,MAC-04,Backend,Storage,378.42,1
2026-01-05,MAC-04,QA,Compute,380.46,1
2026-01-05,MAC-04,QA,Networking,99.73,1
2026-01-05,MAC-04,QA,Storage,190.69,1
2026-01-05,MAC-04,QA,Data Services,240.09,1
2026-01-05,MAC-05,Compliance,Data Services,283.19,1
2026-01-05,MAC-05,Compliance,Storage,218.02,1
2026-01-05,MAC-05,Compliance,Networking,142.09,1
2026-01-05,MAC-05,Compliance,Compute,358.43,1
2026-01-05,MAC-05,Security,Networking,274.83,1
2026-01-05,MAC-05,Security,Data Services,405.07,1
2026-01-05,MAC-05,Security,Compute,746.9,1
2026-01-05,MAC-05,Security,Storage,240.11,1
2026-01-05,MAC-06,CloudOps,Compute,1200.7,1
2026-01-05,MAC-06,CloudOps,Networking,299.09,1
2026-01-05,MAC-06,CloudOps,Data Services,402.9,1
2026-01-05,MAC-06,CloudOps,Storage,378.77,1
2026-01-05,MAC-06,Infrastructure,Compute,1272.3,1
2026-01-05,MAC-06,Infrastructure,Storage,387.18,1
2026-01-05,MAC-06,Infrastructure,Data Services,480.84,1
2026-01-05,MAC-06,Infrastructure,Networking,392.59,1
2026-01-05,MAC-07,ML,Storage,549.63,1
2026-01-05,MAC-07,ML,Networking,178.66,1
2026-01-05,MAC-07,ML,Compute,1757.12,1
2026-01-05,MAC-07,ML,Data Services,671.16,1
2026-01-05,MAC-07,Research,Compute,713.76,1
2026-01-05,MAC-07,Research,Networking,181.63,1
2026-01-05,MAC-07,Research,Storage,412.38,1
2026-01-05,MAC-07,Research,Data Services,695.48,1
2026-01-05,MAC-08,Finance,Compute,318.8,1
2026-01-05,MAC-08,Finance,Networking,113.84,1
2026-01-05,MAC-08,Finance,Data Services,434.22,1
2026-01-05,MAC-08,Finance,Storage,184.71,1
2026-01-05,MAC-08,Operations,Storage,282.6,1
2026-01-05,MAC-08,Operations,Networking,147.78,1
2026-01-05,MAC-08,Operations,Data Services,352.58,1
2026-01-05,MAC-08,Operations,Compute,398.98,1
2026-01-06,MAC-01,DevOps,Data Services,358.67,1
2026-01-06,MAC-01,DevOps,Compute,1040.37,1
2026-01-06,MAC-01,DevOps,Storage,269.11,1
2026-01-06,MAC-01,DevOps,Networking,195.64,1
2026-01-06,MAC-01,Platform,Data Services,430.18,1
2026-01-06,MAC-01,Platform,Storage,301.46,1
2026-01-06,MAC-01,Platform,Networking,221.04,1
2026-01-06,MAC-01,Platform,Compute,952.91,1
2026-01-06,MAC-02,Analytics,Data Services,987.26,1
2026-01-06,MAC-02,Analytics,Networking,142.85,1
2026-01-06,MAC-02,Analytics,Compute,764.89,1
2026-01-06,MAC-02,Analytics,Storage,543.49,1
2026-01-06,MAC-02,DataEngineering,Data Services,793.84,1
2026-01-06,MAC-02,DataEngineering,Networking,193.71,1
2026-01-06,MAC-02,DataEngineering,Compute,807.74,1
2026-01-06,MAC-02,DataEngineering,Storage,539.29,1
2026-01-06,MAC-03,Frontend,Data Services,197.32,1
2026-01-06,MAC-03,Frontend,Storage,139.26,1
2026-01-06,MAC-03,Frontend,Networking,112.83,1
2026-01-06,MAC-03,Frontend,Compute,551.9,1
2026-01-06,MAC-03,Product,Networking,136.48,1
2026-01-06,MAC-03,Product,Compute,593.06,1
2026-01-06,MAC-03,Product,Data Services,304.22,1
2026-01-06,MAC-03,Product,Storage,225.14,1
2026-01-06,MAC-04,Backend,Data Services,555.44,1
2026-01-06,MAC-04,Backend,Storage,322.47,1
2026-01-06,MAC-04,Backend,Networking,200.78,1
2026-01-06,MAC-04,Backend,Compute,931.8,1
2026-01-06,MAC-04,QA,Storage,160.56,1
2026-01-06,MAC-04,QA,Compute,390.66,1
2026-01-06,MAC-04,QA,Data Services,239.33,1
2026-01-06,MAC-04,QA,Networking,102.6,1
2026-01-06,MAC-05,Compliance,Networking,146.04,1
2026-01-06,MAC-05,Compliance,Storage,218.21,1
2026-01-06,MAC-05,Compliance,Compute,368.48,1
2026-01-06,MAC-05,Compliance,Data Services,265.45,1
2026-01-06,MAC-05,Security,Compute,652.5,1
2026-01-06,MAC-05,Security,Networking,266.9,1
2026-01-06,MAC-05,Security,Data Services,367.19,1
2026-01-06,MAC-05,Security,Storage,255.66,1
2026-01-06,MAC-06,CloudOps,Data Services,428.73,1
2026-01-06,MAC-06,CloudOps,Compute,1146.24,1
2026-01-06,MAC-06,CloudOps,Networking,324.08,1
2026-01-06,MAC-06,CloudOps,Storage,370.0,1
2026-01-06,MAC-06,Infrastructure,Data Services,438.76,1
2026-01-06,MAC-06,Infrastructure,Compute,1525.96,1
2026-01-06,MAC-06,Infrastructure,Networking,343.86,1
2026-01-06,MAC-06,Infrastructure,Storage,376.23,1
2026-01-06,MAC-07,ML,Storage,480.61,1
2026-01-06,MAC-07,ML,Networking,219.5,1
2026-01-06,MAC-07,ML,Data Services,777.19,1
2026-01-06,MAC-07,ML,Compute,1505.38,1
2026-01-06,MAC-07,Research,Compute,864.38,1
2026-01-06,MAC-07,Research,Storage,434.21,1
2026-01-06,MAC-07,Research,Networking,167.62,1
2026-01-06,MAC-07,Research,Data Services,749.7,1
2026-01-06,MAC-08,Finance,Networking,96.77,1
2026-01-06,MAC-08,Finance,Storage,213.74,1
2026-01-06,MAC-08,Finance,Compute,302.09,1
2026-01-06,MAC-08,Finance,Data Services,477.94,1
2026-01-06,MAC-08,Operations,Storage,334.67,1
2026-01-06,MAC-08,Operations,Networking,148.82,1
2026-01-06,MAC-08,Operations,Compute,497.72,1
2026-01-06,MAC-08,Operations,Data Services,387.11,1
2026-01-07,MAC-01,DevOps,Data Services,442.41,1
2026-01-07,MAC-01,DevOps,Compute,1040.05,1
2026-01-07,MAC-01,DevOps,Networking,172.43,1
2026-01-07,MAC-01,DevOps,Storage,285.98,1
2026-01-07,MAC-01,Platform,Storage,286.95,1
2026-01-07,MAC-01,Platform,Networking,224.37,1
2026-01-07,MAC-01,Platform,Compute,1076.85,1
2026-01-07,MAC-01,Platform,Data Services,422.85,1
2026-01-07,MAC-02,Analytics,Storage,561.3,1
2026-01-07,MAC-02,Analytics,Networking,142.99,1
2026-01-07,MAC-02,Analytics,Data Services,978.29,1
2026-01-07,MAC-02,Analytics,Compute,899.58,1
2026-01-07,MAC-02,DataEngineering,Data Services,1028.06,1
2026-01-07,MAC-02,DataEngineering,Networking,187.87,1
2026-01-07,MAC-02,DataEngineering,Compute,923.65,1
2026-01-07,MAC-02,DataEngineering,Storage,537.89,1
2026-01-07,MAC-03,Frontend,Data Services,188.37,1
2026-01-07,MAC-03,Frontend,Compute,442.89,1
2026-01-07,MAC-03,Frontend,Networking,97.37,1
2026-01-07,MAC-03,Frontend,Storage,163.84,1
2026-01-07,MAC-03,Product,Data Services,273.29,1
2026-01-07,MAC-03,Product,Compute,549.21,1
2026-01-07,MAC-03,Product,Networking,119.97,1
2026-01-07,MAC-03,Product,Storage,192.57,1
2026-01-07,MAC-04,Backend,Networking,229.81,1
2026-01-07,MAC-04,Backend,Compute,1053.97,1
2026-01-07,MAC-04,Backend,Data Services,574.65,1
2026-01-07,MAC-04,Backend,Storage,323.42,1
2026-01-07,MAC-04,QA,Data Services,276.39,1
2026-01-07,MAC-04,QA,Compute,382.66,1
2026-01-07,MAC-04,QA,Networking,94.0,1
2026-01-07,MAC-04,QA,Storage,161.29,1
2026-01-07,MAC-05,Compliance,Compute,345.75,1
2026-01-07,MAC-05,Compliance,Storage,226.27,1
2026-01-07,MAC-05,Compliance,Data Services,287.26,1
2026-01-07,MAC-05,Compliance,Networking,130.54,1
2026-01-07,MAC-05,Security,Networking,303.71,1
2026-01-07,MAC-05,Security,Storage,268.06,1
2026-01-07,MAC-05,Security,Compute,714.97,1
2026-01-07,MAC-05,Security,Data Services,321.79,1
2026-01-07,MAC-06,CloudOps,Storage,351.07,1
2026-01-07,MAC-06,CloudOps,Compute,1122.4,1
2026-01-07,MAC-06,CloudOps,Networking,294.28,1
2026-01-07,MAC-06,CloudOps,Data Services,444.18,1
2026-01-07,MAC-06,Infrastructure,Storage,391.76,1
2026-01-07,MAC-06,Infrastructure,Networking,313.01,1
2026-01-07,MAC-06,Infrastructure,Data Services,435.97,1
2026-01-07,MAC-06,Infrastructure,Compute,1503.44,1
2026-01-07,MAC-07,ML,Compute,1792.12,1
2026-01-07,MAC-07,ML,Networking,173.34,1
2026-01-07,MAC-07,ML,Data Services,761.6,1
2026-01-07,MAC-07,ML,Storage,470.01,1
2026-01-07,MAC-07,Research,Compute,930.57,1
2026-01-07,MAC-07,Research,Networking,203.77,1
2026-01-07,MAC-07,Research,Data Services,616.25,1
2026-01-07,MAC-07,Research,Storage,419.47,1
2026-01-07,MAC-08,Finance,Networking,109.82,1
2026-01-07,MAC-08,Finance,Compute,313.61,1
2026-01-07,MAC-08,Finance,Data Services,410.64,1
2026-01-07,MAC-08,Finance,Storage,232.18,1
2026-01-07,MAC-08,Operations,Storage,278.91,1
2026-01-07,MAC-08,Operations,Networking,121.27,1
2026-01-07,MAC-08,Operations,Compute,509.15,1
2026-01-07,MAC-08,Operations,Data Services,414.74,1
2026-01-08,MAC-01,DevOps,Data Services,463.2,1
2026-01-08,MAC-01,DevOps,Networking,210.03,1
2026-01-08,MAC-01,DevOps,Storage,303.44,1
2026-01-08,MAC-01,DevOps,Compute,1100.99,1
2026-01-08,MAC-01,Platform,Networking,272.92,1
2026-01-08,MAC-01,Platform,Storage,292.29,1
2026-01-08,MAC-01,Platform,Compute,1171.91,1
2026-01-08,MAC-01,Platform,Data Services,424.42,1
2026-01-08,MAC-02,Analytics,Compute,963.14,1
2026-01-08,MAC-02,Analytics,Data Services,819.12,1
2026-01-08,MAC-02,Analytics,Networking,141.1,1
2026-01-08,MAC-02,Analytics,Storage,622.79,1
2026-01-08,MAC-02,DataEngineering,Networking,165.54,1
2026-01-08,MAC-02,DataEngineering,Compute,784.99,1
2026-01-08,MAC-02,DataEngineering,Data Services,798.03,1
2026-01-08,MAC-02,DataEngineering,Storage,564.43,1
2026-01-08,MAC-03,Frontend,Storage,171.91,1
2026-01-08,MAC-03,Frontend,Networking,110.89,1
2026-01-08,MAC-03,Frontend,Data Services,173.54,1
2026-01-08,MAC-03,Frontend,Compute,563.41,1
2026-01-08,MAC-03,Product,Networking,134.38,1
2026-01-08,MAC-03,Product,Data Services,300.69,1
2026-01-08,MAC-03,Product,Compute,588.74,1
2026-01-08,MAC-03,Product,Storage,212.17,1
2026-01-08,MAC-04,Backend,Storage,390.66,1
2026-01-08,MAC-04,Backend,Networking,255.01,1
2026-01-08,MAC-04,Backend,Data Services,537.68,1
2026-01-08,MAC-04,Backend,Compute,1069.33,1
2026-01-08,MAC-04,QA,Compute,373.92,1
2026-01-08,MAC-04,QA,Networking,95.41,1
2026-01-08,MAC-04,QA,Data Services,261.19,1
2026-01-08,MAC-04,QA,Storage,185.97,1
2026-01-08,MAC-05,Compliance,Networking,146.46,1
2026-01-08,MAC-05,Compliance,Compute,390.82,1
2026-01-08,MAC-05,Compliance,Data Services,323.55,1
2026-01-08,MAC-05,Compliance,Storage,250.47,1
2026-01-08,MAC-05,Security,Data Services,371.35,1
2026-01-08,MAC-05,Security,Storage,222.66,1
2026-01-08,MAC-05,Security,Networking,265.31,1
2026-01-08,MAC-05,Security,Compute,804.49,1
2026-01-08,MAC-06,CloudOps,Networking,331.54,1
2026-01-08,MAC-06,CloudOps,Compute,1152.02,1
2026-01-08,MAC-06,CloudOps,Data Services,435.97,1
2026-01-08,MAC-06,CloudOps,Storage,330.39,1
2026-01-08,MAC-06,Infrastructure,Data Services,479.21,1
2026-01-08,MAC-06,Infrastructure,Networking,402.24,1
2026-01-08,MAC-06,Infrastructure,Compute,1332.15,1
2026-01-08,MAC-06,Infrastructure,Storage,400.39,1
2026-01-08,MAC-07,ML,Compute,1406.27,1
2026-01-08,MAC-07,ML,Storage,534.84,1
2026-01-08,MAC-07,ML,Data Services,707.07,1
2026-01-08,MAC-07,ML,Networking,181.79,1
2026-01-08,MAC-07,Research,Networking,200.26,1
2026-01-08,MAC-07,Research,Storage,387.96,1
2026-01-08,MAC-07,Research,Compute,889.68,1
2026-01-08,MAC-07,Research,Data Services,646.33,1
2026-01-08,MAC-08,Finance,Compute,337.69,1
2026-01-08,MAC-08,Finance,Networking,108.71,1
2026-01-08,MAC-08,Finance,Data Services,477.53,1
2026-01-08,MAC-08,Finance,Storage,208.64,1
2026-01-08,MAC-08,Operations,Networking,124.47,1
2026-01-08,MAC-08,Operations,Data Services,387.1,1
2026-01-08,MAC-08,Operations,Compute,467.39,1
2026-01-08,MAC-08,Operations,Storage,284.49,1
2026-01-09,MAC-01,DevOps,Networking,219.15,1
2026-01-09,MAC-01,DevOps,Compute,1167.53,1
2026-01-09,MAC-01,DevOps,Data Services,386.17,1
2026-01-09,MAC-01,DevOps,Storage,341.55,1
2026-01-09,MAC-01,Platform,Networking,276.67,1
2026-01-09,MAC-01,Platform,Compute,1108.63,1
2026-01-09,MAC-01,Platform,Data Services,412.1,1
2026-01-09,MAC-01,Platform,Storage,271.16,1
2026-01-09,MAC-02,Analytics,Compute,957.08,1
2026-01-09,MAC-02,Analytics,Networking,162.1,1
2026-01-09,MAC-02,Analytics,Data Services,923.23,1
2026-01-09,MAC-02,Analytics,Storage,597.5,1
2026-01-09,MAC-02,DataEngineering,Compute,877.28,1
2026-01-09,MAC-02,DataEngineering,Storage,636.56,1
2026-01-09,MAC-02,DataEngineering,Networking,196.76,1
2026-01-09,MAC-02,DataEngineering,Data Services,830.25,1
2026-01-09,MAC-03,Frontend,Data Services,192.09,1
2026-01-09,MAC-03,Frontend,Networking,98.67,1
2026-01-09,MAC-03,Frontend,Storage,143.36,1
2026-01-09,MAC-03,Frontend,Compute,529.6,1
2026-01-09,MAC-03,Product,Data Services,275.53,1
2026-01-09,MAC-03,Product,Compute,615.22,1
2026-01-09,MAC-03,Product,Storage,183.22,1
2026-01-09,MAC-03,Product,Networking,118.25,1
2026-01-09,MAC-04,Backend,Data Services,517.23,1
2026-01-09,MAC-04,Backend,Compute,1018.36,1
2026-01-09,MAC-04,Backend,Networking,217.28,1
2026-01-09,MAC-04,Backend,Storage,404.97,1
2026-01-09,MAC-04,QA,Storage,175.18,1
2026-01-09,MAC-04,QA,Compute,387.69,1
2026-01-09,MAC-04,QA,Networking,90.76,1
2026-01-09,MAC-04,QA,Data Services,232.67,1
2026-01-09,MAC-05,Compliance,Compute,358.82,1
2026-01-09,MAC-05,Compliance,Networking,135.06,1
2026-01-09,MAC-05,Compliance,Data Services,315.95,1
2026-01-09,MAC-05,Compliance,Storage,233.55,1
2026-01-09,MAC-05,Security,Data Services,360.47,1
2026-01-09,MAC-05,Security,Storage,250.08,1
2026-01-09,MAC-05,Security,Networking,321.27,1
2026-01-09,MAC-05,Security,Compute,697.46,1
2026-01-09,MAC-06,CloudOps,Networking,349.51,1
2026-01-09,MAC-06,CloudOps,Storage,411.79,1
2026-01-09,MAC-06,CloudOps,Compute,1123.23,1
2026-01-09,MAC-06,CloudOps,Data Services,451.57,1
2026-01-09,MAC-06,Infrastructure,Storage,437.35,1
2026-01-09,MAC-06,Infrastructure,Compute,1280.83,1
2026-01-09,MAC-06,Infrastructure,Data Services,409.7,1
2026-01-09,MAC-06,Infrastructure,Networking,398.47,1
2026-01-09,MAC-07,ML,Data Services,783.12,1
2026-01-09,MAC-07,ML,Networking,213.13,1
2026-01-09,MAC-07,ML,Compute,1394.17,1
2026-01-09,MAC-07,ML,Storage,479.04,1
2026-01-09,MAC-07,Research,Networking,192.73,1
2026-01-09,MAC-07,Research,Data Services,569.38,1
2026-01-09,MAC-07,Research,Compute,908.21,1
2026-01-09,MAC-07,Research,Storage,474.82,1
2026-01-09,MAC-08,Finance,Compute,271.12,1
2026-01-09,MAC-08,Finance,Storage,181.0,1
2026-01-09,MAC-08,Finance,Networking,105.59,1
2026-01-09,MAC-08,Finance,Data Services,481.53,1
2026-01-09,MAC-08,Operations,Data Services,331.4,1
2026-01-09,MAC-08,Operations,Storage,321.24,1
2026-01-09,MAC-08,Operations,Compute,501.4,1
2026-01-09,MAC-08,Operations,Networking,136.83,1
2026-01-10,MAC-01,DevOps,Data Services,382.64,1
2026-01-10,MAC-01,DevOps,Storage,319.45,1
2026-01-10,MAC-01,DevOps,Compute,1328.67,1
2026-01-10,MAC-01,DevOps,Networking,178.13,1
2026-01-10,MAC-01,Platform,Networking,232.77,1
2026-01-10,MAC-01,Platform,Data Services,385.85,1
2026-01-10,MAC-01,Platform,Compute,1032.77,1
2026-01-10,MAC-01,Platform,Storage,247.94,1
2026-01-10,MAC-02,Analytics,Data Services,841.8,1
2026-01-10,MAC-02,Analytics,Compute,894.05,1
2026-01-10,MAC-02,Analytics,Storage,557.99,1
2026-01-10,MAC-02,Analytics,Networking,184.43,1
2026-01-10,MAC-02,DataEngineering,Compute,905.89,1
2026-01-10,MAC-02,DataEngineering,Storage,654.83,1
2026-01-10,MAC-02,DataEngineering,Networking,162.35,1
2026-01-10,MAC-02,DataEngineering,Data Services,900.16,1
2026-01-10,MAC-03,Frontend,Networking,109.51,1
2026-01-10,MAC-03,Frontend,Data Services,198.97,1
2026-01-10,MAC-03,Frontend,Compute,542.23,1
2026-01-10,MAC-03,Frontend,Storage,162.17,1
2026-01-10,MAC-03,Product,Data Services,319.16,1
2026-01-10,MAC-03,Product,Storage,224.67,1
2026-01-10,MAC-03,Product,Compute,579.94,1
2026-01-10,MAC-03,Product,Networking,124.98,1
2026-01-10,MAC-04,Backend,Data Services,525.16,1
2026-01-10,MAC-04,Backend,Networking,231.33,1
2026-01-10,MAC-04,Backend,Compute,1109.98,1
2026-01-10,MAC-04,Backend,Storage,336.97,1
2026-01-10,MAC-04,QA,Networking,103.37,1
2026-01-10,MAC-04,QA,Data Services,237.59,1
2026-01-10,MAC-04,QA,Compute,364.85,1
2026-01-10,MAC-04,QA,Storage,170.57,1
2026-01-10,MAC-05,Compliance,Storage,250.77,1
2026-01-10,MAC-05,Compliance,Compute,367.4,1
2026-01-10,MAC-05,Compliance,Data Services,340.39,1
2026-01-10,MAC-05,Compliance,Networking,133.06,1
2026-01-10,MAC-05,Security,Compute,665.22,1
2026-01-10,MAC-05,Security,Storage,278.56,1
2026-01-10,MAC-05,Security,Data Services,306.64,1
2026-01-10,MAC-05,Security,Networking,317.64,1
2026-01-10,MAC-06,CloudOps,Storage,390.04,1
2026-01-10,MAC-06,CloudOps,Compute,1231.01,1
2026-01-10,MAC-06,CloudOps,Data Services,398.85,1
2026-01-10,MAC-06,CloudOps,Networking,373.77,1
2026-01-10,MAC-06,Infrastructure,Data Services,428.67,1
2026-01-10,MAC-06,Infrastructure,Storage,400.52,1
2026-01-10,MAC-06,Infrastructure,Networking,406.17,1
2026-01-10,MAC-06,Infrastructure,Compute,1522.97,1
2026-01-10,MAC-07,ML,Storage,551.99,1
2026-01-10,MAC-07,ML,Networking,215.26,1
2026-01-10,MAC-07,ML,Compute,1721.12,1
2026-01-10,MAC-07,ML,Data Services,731.61,1
2026-01-10,MAC-07,Research,Networking,190.89,1
2026-01-10,MAC-07,Research,Storage,477.76,1
2026-01-10,MAC-07,Research,Data Services,717.59,1
2026-01-10,MAC-07,Research,Compute,840.36,1
2026-01-10,MAC-08,Finance,Storage,174.94,1
2026-01-10,MAC-08,Finance,Networking,111.89,1
2026-01-10,MAC-08,Finance,Data Services,450.1,1
2026-01-10,MAC-08,Finance,Compute,327.27,1
2026-01-10,MAC-08,Operations,Storage,272.53,1
2026-01-10,MAC-08,Operations,Networking,115.43,1
2026-01-10,MAC-08,Operations,Compute,457.91,1
2026-01-10,MAC-08,Operations,Data Services,422.6,1
2026-01-11,MAC-01,DevOps,Compute,1065.01,1
2026-01-11,MAC-01,DevOps,Data Services,412.13,1
2026-01-11,MAC-01,DevOps,Networking,221.43,1
2026-01-11,MAC-01,DevOps,Storage,268.66,1
2026-01-11,MAC-01,Platform,Storage,259.17,1
2026-01-11,MAC-01,Platform,Networking,247.23,1
2026-01-11,MAC-01,Platform,Compute,1184.59,1
2026-01-11,MAC-01,Platform,Data Services,444.1,1
2026-01-11,MAC-02,Analytics,Data Services,994.97,1
2026-01-11,MAC-02,Analytics,Compute,853.51,1
2026-01-11,MAC-02,Analytics,Networking,182.86,1
2026-01-11,MAC-02,Analytics,Storage,543.15,1
2026-01-11,MAC-02,DataEngineering,Data Services,822.43,1
2026-01-11,MAC-02,DataEngineering,Compute,860.38,1
2026-01-11,MAC-02,DataEngineering,Networking,160.56,1
2026-01-11,MAC-02,DataEngineering,Storage,566.23,1
2026-01-11,MAC-03,Frontend,Compute,451.77,1
2026-01-11,MAC-03,Frontend,Networking,111.46,1
2026-01-11,MAC-03,Frontend,Data Services,180.14,1
2026-01-11,MAC-03,Frontend,Storage,166.75,1
2026-01-11,MAC-03,Product,Data Services,333.7,1
2026-01-11,MAC-03,Product,Compute,676.78,1
2026-01-11,MAC-03,Product,Networking,119.42,1
2026-01-11,MAC-03,Product,Storage,184.67,1
2026-01-11,MAC-04,Backend,Data Services,560.15,1
2026-01-11,MAC-04,Backend,Networking,238.47,1
2026-01-11,MAC-04,Backend,Compute,1106.09,1
2026-01-11,MAC-04,Backend,Storage,404.68,1
2026-01-11,MAC-04,QA,Data Services,281.49,1
2026-01-11,MAC-04,QA,Networking,87.62,1
2026-01-11,MAC-04,QA,Compute,407.1,1
2026-01-11,MAC-04,QA,Storage,182.8,1
2026-01-11,MAC-05,Compliance,Data Services,344.67,1
2026-01-11,MAC-05,Compliance,Compute,363.82,1
2026-01-11,MAC-05,Compliance,Networking,157.29,1
2026-01-11,MAC-05,Compliance,Storage,202.06,1
2026-01-11,MAC-05,Security,Networking,317.97,1
2026-01-11,MAC-05,Security,Compute,607.93,1
2026-01-11,MAC-05,Security,Data Services,330.67,1
2026-01-11,MAC-05,Security,Storage,231.24,1
2026-01-11,MAC-06,CloudOps,Data Services,367.81,1
2026-01-11,MAC-06,CloudOps,Networking,357.96,1
2026-01-11,MAC-06,CloudOps,Compute,1304.46,1
2026-01-11,MAC-06,CloudOps,Storage,433.78,1
2026-01-11,MAC-06,Infrastructure,Compute,1536.48,1
2026-01-11,MAC-06,Infrastructure,Networking,317.11,1
2026-01-11,MAC-06,Infrastructure,Data Services,470.58,1
2026-01-11,MAC-06,Infrastructure,Storage,360.55,1
2026-01-11,MAC-07,ML,Compute,1545.43,1
2026-01-11,MAC-07,ML,Storage,582.87,1
2026-01-11,MAC-07,ML,Networking,187.4,1
2026-01-11,MAC-07,ML,Data Services,781.9,1
2026-01-11,MAC-07,Research,Compute,773.03,1
2026-01-11,MAC-07,Research,Networking,210.32,1
2026-01-11,MAC-07,Research,Data Services,732.88,1
2026-01-11,MAC-07,Research,Storage,398.23,1
2026-01-11,MAC-08,Finance,Compute,286.81,1
2026-01-11,MAC-08,Finance,Storage,193.57,1
2026-01-11,MAC-08,Finance,Networking,109.68,1
2026-01-11,MAC-08,Finance,Data Services,424.27,1
2026-01-11,MAC-08,Operations,Compute,453.18,1
2026-01-11,MAC-08,Operations,Data Services,417.97,1
2026-01-11,MAC-08,Operations,Networking,143.65,1
2026-01-11,MAC-08,Operations,Storage,291.67,1
2026-01-12,MAC-01,DevOps,Storage,319.46,1
2026-01-12,MAC-01,DevOps,Networking,230.69,1
2026-01-12,MAC-01,DevOps,Compute,1392.98,1
2026-01-12,MAC-01,DevOps,Data Services,437.55,1
2026-01-12,MAC-01,Platform,Data Services,425.39,1
2026-01-12,MAC-01,Platform,Networking,247.32,1
2026-01-12,MAC-01,Platform,Compute,1162.73,1
2026-01-12,MAC-01,Platform,Storage,315.48,1
2026-01-12,MAC-02,Analytics,Storage,553.3,1
2026-01-12,MAC-02,Analytics,Data Services,907.25,1
2026-01-12,MAC-02,Analytics,Networking,156.42,1
2026-01-12,MAC-02,Analytics,Compute,955.94,1
2026-01-12,MAC-02,DataEngineering,Storage,655.67,1
2026-01-12,MAC-02,DataEngineering,Networking,159.74,1
2026-01-12,MAC-02,DataEngineering,Compute,1018.93,1
2026-01-12,MAC-02,DataEngineering,Data Services,884.26,1
2026-01-12,MAC-03,Frontend,Storage,138.4,1
2026-01-12,MAC-03,Frontend,Networking,102.38,1
2026-01-12,MAC-03,Frontend,Data Services,204.78,1
2026-01-12,MAC-03,Frontend,Compute,471.66,1
2026-01-12,MAC-03,Product,Storage,185.53,1
2026-01-12,MAC-03,Product,Networking,105.09,1
2026-01-12,MAC-03,Product,Compute,576.86,1
2026-01-12,MAC-03,Product,Data Services,345.75,1
2026-01-12,MAC-04,Backend,Compute,921.81,1
2026-01-12,MAC-04,Backend,Storage,394.84,1
2026-01-12,MAC-04,Backend,Networking,253.21,1
2026-01-12,MAC-04,Backend,Data Services,551.99,1
2026-01-12,MAC-04,QA,Storage,161.84,1
2026-01-12,MAC-04,QA,Compute,405.92,1
2026-01-12,MAC-04,QA,Networking,88.91,1
2026-01-12,MAC-04,QA,Data Services,250.18,1
2026-01-12,MAC-05,Compliance,Data Services,281.45,1
2026-01-12,MAC-05,Compliance,Networking,143.76,1
2026-01-12,MAC-05,Compliance,Compute,334.9,1
2026-01-12,MAC-05,Compliance,Storage,254.84,1
2026-01-12,MAC-05,Security,Data Services,403.89,1
2026-01-12,MAC-05,Security,Networking,337.16,1
2026-01-12,MAC-05,Security,Compute,622.77,1
2026-01-12,MAC-05,Security,Storage,272.05,1
2026-01-12,MAC-06,CloudOps,Storage,383.84,1
2026-01-12,MAC-06,CloudOps,Networking,321.44,1
2026-01-12,MAC-06,CloudOps,Data Services,409.62,1
2026-01-12,MAC-06,CloudOps,Compute,1310.62,1
2026-01-12,MAC-06,Infrastructure,Storage,379.39,1
2026-01-12,MAC-06,Infrastructure,Networking,338.26,1
2026-01-12,MAC-06,Infrastructure,Data Services,373.6,1
2026-01-12,MAC-06,Infrastructure,Compute,1391.09,1
2026-01-12,MAC-07,ML,Compute,1613.66,1
2026-01-12,MAC-07,ML,Networking,178.02,1
2026-01-12,MAC-07,ML,Data Services,753.48,1
2026-01-12,MAC-07,ML,Storage,465.01,1
2026-01-12,MAC-07,Research,Storage,467.95,1
2026-01-12,MAC-07,Research,Networking,184.87,1
2026-01-12,MAC-07,Research,Data Services,761.11,1
2026-01-12,MAC-07,Research,Compute,768.41,1
2026-01-12,MAC-08,Finance,Networking,91.87,1
2026-01-12,MAC-08,Finance,Compute,319.58,1
2026-01-12,MAC-08,Finance,Data Services,393.88,1
2026-01-12,MAC-08,Finance,Storage,206.16,1
2026-01-12,MAC-08,Operations,Networking,129.83,1
2026-01-12,MAC-08,Operations,Compute,412.85,1
2026-01-12,MAC-08,Operations,Data Services,391.33,1
2026-01-12,MAC-08,Operations,Storage,271.37,1
2026-01-13,MAC-01,DevOps,Compute,1085.07,1
2026-01-13,MAC-01,DevOps,Storage,314.47,1
2026-01-13,MAC-01,DevOps,Networking,199.89,1
2026-01-13,MAC-01,DevOps,Data Services,457.49,1
2026-01-13,MAC-01,Platform,Storage,312.92,1
2026-01-13,MAC-01,Platform,Networking,284.08,1
2026-01-13,MAC-01,Platform,Data Services,435.12,1
2026-01-13,MAC-01,Platform,Compute,1271.15,1
2026-01-13,MAC-02,Analytics,Storage,530.88,1
2026-01-13,MAC-02,Analytics,Compute,834.1,1
2026-01-13,MAC-02,Analytics,Networking,176.91,1
2026-01-13,MAC-02,Analytics,Data Services,830.16,1
2026-01-13,MAC-02,DataEngineering,Data Services,819.41,1
2026-01-13,MAC-02,DataEngineering,Compute,894.86,1
2026-01-13,MAC-02,DataEngineering,Networking,181.41,1
2026-01-13,MAC-02,DataEngineering,Storage,682.72,1
2026-01-13,MAC-03,Frontend,Storage,140.31,1
2026-01-13,MAC-03,Frontend,Networking,114.98,1
2026-01-13,MAC-03,Frontend,Compute,464.39,1
2026-01-13,MAC-03,Frontend,Data Services,192.71,1
2026-01-13,MAC-03,Product,Networking,131.57,1
2026-01-13,MAC-03,Product,Storage,209.71,1
2026-01-13,MAC-03,Product,Compute,539.47,1
2026-01-13,MAC-03,Product,Data Services,323.81,1
2026-01-13,MAC-04,Backend,Compute,886.38,1
2026-01-13,MAC-04,Backend,Networking,250.77,1
2026-01-13,MAC-04,Backend,Storage,364.18,1
2026-01-13,MAC-04,Backend,Data Services,450.1,1
2026-01-13,MAC-04,QA,Compute,411.94,1
2026-01-13,MAC-04,QA,Storage,168.25,1
2026-01-13,MAC-04,QA,Data Services,291.0,1
2026-01-13,MAC-04,QA,Networking,95.01,1
2026-01-13,MAC-05,Compliance,Data Services,350.79,1
2026-01-13,MAC-05,Compliance,Compute,377.62,1
2026-01-13,MAC-05,Compliance,Networking,156.13,1
2026-01-13,MAC-05,Compliance,Storage,230.03,1
2026-01-13,MAC-05,Security,Storage,279.37,1
2026-01-13,MAC-05,Security,Data Services,385.62,1
2026-01-13,MAC-05,Security,Networking,305.63,1
2026-01-13,MAC-05,Security,Compute,687.66,1
2026-01-13,MAC-06,CloudOps,Storage,433.45,1
2026-01-13,MAC-06,CloudOps,Networking,341.67,1
2026-01-13,MAC-06,CloudOps,Data Services,457.74,1
2026-01-13,MAC-06,CloudOps,Compute,1166.68,1
2026-01-13,MAC-06,Infrastructure,Compute,1576.98,1
2026-01-13,MAC-06,Infrastructure,Data Services,430.06,1
2026-01-13,MAC-06,Infrastructure,Networking,318.1,1
2026-01-13,MAC-06,Infrastructure,Storage,403.38,1
2026-01-13,MAC-07,ML,Networking,207.52,1
2026-01-13,MAC-07,ML,Storage,462.96,1
2026-01-13,MAC-07,ML,Compute,1803.33,1
2026-01-13,MAC-07,ML,Data Services,698.15,1
2026-01-13,MAC-07,Research,Compute,735.85,1
2026-01-13,MAC-07,Research,Data Services,616.97,1
2026-01-13,MAC-07,Research,Networking,161.47,1
2026-01-13,MAC-07,Research,Storage,508.98,1
2026-01-13,MAC-08,Finance,Compute,263.01,1
2026-01-13,MAC-08,Finance,Storage,194.55,1
2026-01-13,MAC-08,Finance,Networking,95.04,1
2026-01-13,MAC-08,Finance,Data Services,494.48,1
2026-01-13,MAC-08,Operations,Data Services,344.03,1
2026-01-13,MAC-08,Operations,Networking,137.04,1
2026-01-13,MAC-08,Operations,Compute,456.3,1
2026-01-13,MAC-08,Operations,Storage,271.49,1
2026-01-14,MAC-01,DevOps,Compute,1381.79,1
2026-01-14,MAC-01,DevOps,Networking,224.42,1
2026-01-14,MAC-01,DevOps,Storage,263.46,1
2026-01-14,MAC-01,DevOps,Data Services,454.04,1
2026-01-14,MAC-01,Platform,Data Services,368.53,1
2026-01-14,MAC-01,Platform,Compute,1073.44,1
2026-01-14,MAC-01,Platform,Storage,258.31,1
2026-01-14,MAC-01,Platform,Networking,233.66,1
2026-01-14,MAC-02,Analytics,Storage,510.61,1
2026-01-14,MAC-02,Analytics,Compute,982.88,1
2026-01-14,MAC-02,Analytics,Networking,177.8,1
2026-01-14,MAC-02,Analytics,Data Services,893.8,1
2026-01-14,MAC-02,DataEngineering,Data Services,1031.27,1
2026-01-14,MAC-02,DataEngineering,Networking,205.89,1
2026-01-14,MAC-02,DataEngineering,Compute,976.26,1
2026-01-14,MAC-02,DataEngineering,Storage,696.11,1
2026-01-14,MAC-03,Frontend,Data Services,207.61,1
2026-01-14,MAC-03,Frontend,Storage,133.85,1
2026-01-14,MAC-03,Frontend,Networking,104.23,1
2026-01-14,MAC-03,Frontend,Compute,491.35,1
2026-01-14,MAC-03,Product,Data Services,273.48,1
2026-01-14,MAC-03,Product,Compute,567.35,1
2026-01-14,MAC-03,Product,Networking,110.7,1
2026-01-14,MAC-03,Product,Storage,191.11,1
2026-01-14,MAC-04,Backend,Storage,358.97,1
2026-01-14,MAC-04,Backend,Networking,256.36,1
2026-01-14,MAC-04,Backend,Compute,956.89,1
2026-01-14,MAC-04,Backend,Data Services,481.77,1
2026-01-14,MAC-04,QA,Data Services,258.79,1
2026-01-14,MAC-04,QA,Compute,454.03,1
2026-01-14,MAC-04,QA,Networking,89.81,1
2026-01-14,MAC-04,QA,Storage,189.04,1
2026-01-14,MAC-05,Compliance,Networking,160.03,1
2026-01-14,MAC-05,Compliance,Storage,195.23,1
2026-01-14,MAC-05,Compliance,Compute,404.59,1
2026-01-14,MAC-05,Compliance,Data Services,287.7,1
2026-01-14,MAC-05,Security,Compute,675.54,1
2026-01-14,MAC-05,Security,Storage,225.18,1
2026-01-14,MAC-05,Security,Data Services,361.89,1
2026-01-14,MAC-05,Security,Networking,308.58,1
2026-01-14,MAC-06,CloudOps,Networking,346.97,1
2026-01-14,MAC-06,CloudOps,Compute,1192.87,1
2026-01-14,MAC-06,CloudOps,Data Services,436.95,1
2026-01-14,MAC-06,CloudOps,Storage,338.08,1
2026-01-14,MAC-06,Infrastructure,Data Services,406.58,1
2026-01-14,MAC-06,Infrastructure,Networking,316.1,1
2026-01-14,MAC-06,Infrastructure,Storage,394.62,1
2026-01-14,MAC-06,Infrastructure,Compute,1482.81,1
2026-01-14,MAC-07,ML,Storage,568.89,1
2026-01-14,MAC-07,ML,Networking,196.88,1
2026-01-14,MAC-07,ML,Compute,1533.8,1
2026-01-14,MAC-07,ML,Data Services,681.56,1
2026-01-14,MAC-07,Research,Data Services,622.53,1
2026-01-14,MAC-07,Research,Compute,702.0,1
2026-01-14,MAC-07,Research,Networking,204.56,1
2026-01-14,MAC-07,Research,Storage,500.19,1
2026-01-14,MAC-08,Finance,Storage,185.26,1
2026-01-14,MAC-08,Finance,Networking,109.92,1
2026-01-14,MAC-08,Finance,Compute,302.33,1
2026-01-14,MAC-08,Finance,Data Services,448.02,1
2026-01-14,MAC-08,Operations,Networking,127.86,1
2026-01-14,MAC-08,Operations,Data Services,382.5,1
2026-01-14,MAC-08,Operations,Compute,464.17,1
2026-01-14,MAC-08,Operations,Storage,304.94,1
2026-01-15,MAC-01,DevOps,Networking,229.57,1
2026-01-15,MAC-01,DevOps,Compute,1063.84,1
2026-01-15,MAC-01,DevOps,Data Services,421.8,1
2026-01-15,MAC-01,DevOps,Storage,307.65,1
2026-01-15,MAC-01,Platform,Compute,1107.31,1
2026-01-15,MAC-01,Platform,Data Services,353.39,1
2026-01-15,MAC-01,Platform,Networking,252.82,1
2026-01-15,MAC-01,Platform,Storage,246.06,1
2026-01-15,MAC-02,Analytics,Data Services,767.57,1
2026-01-15,MAC-02,Analytics,Compute,777.05,1
2026-01-15,MAC-02,Analytics,Networking,141.4,1
2026-01-15,MAC-02,Analytics,Storage,497.56,1
2026-01-15,MAC-02,DataEngineering,Compute,925.04,1
2026-01-15,MAC-02,DataEngineering,Networking,206.09,1
2026-01-15,MAC-02,DataEngineering,Data Services,996.94,1
2026-01-15,MAC-02,DataEngineering,Storage,526.35,1
2026-01-15,MAC-03,Frontend,Compute,439.35,1
2026-01-15,MAC-03,Frontend,Storage,169.83,1
2026-01-15,MAC-03,Frontend,Data Services,199.91,1
2026-01-15,MAC-03,Frontend,Networking,106.89,1
2026-01-15,MAC-03,Product,Storage,204.56,1
2026-01-15,MAC-03,Product,Networking,131.5,1
2026-01-15,MAC-03,Product,Compute,603.77,1
2026-01-15,MAC-03,Product,Data Services,350.16,1
2026-01-15,MAC-04,Backend,Data Services,486.81,1
2026-01-15,MAC-04,Backend,Storage,367.86,1
2026-01-15,MAC-04,Backend,Compute,932.29,1
2026-01-15,MAC-04,Backend,Networking,210.41,1
2026-01-15,MAC-04,QA,Storage,189.74,1
2026-01-15,MAC-04,QA,Networking,85.15,1
2026-01-15,MAC-04,QA,Data Services,224.09,1
2026-01-15,MAC-04,QA,Compute,471.89,1
2026-01-15,MAC-05,Compliance,Storage,213.57,1
2026-01-15,MAC-05,Compliance,Data Services,351.51,1
2026-01-15,MAC-05,Compliance,Compute,384.49,1
2026-01-15,MAC-05,Compliance,Networking,138.14,1
2026-01-15,MAC-05,Security,Compute,663.03,1
2026-01-15,MAC-05,Security,Data Services,324.69,1
2026-01-15,MAC-05,Security,Networking,279.9,1
2026-01-15,MAC-05,Security,Storage,289.73,1
2026-01-15,MAC-06,CloudOps,Data Services,352.94,1
2026-01-15,MAC-06,CloudOps,Networking,281.48,1
2026-01-15,MAC-06,CloudOps,Compute,1472.09,1
2026-01-15,MAC-06,CloudOps,Storage,439.12,1
2026-01-15,MAC-06,Infrastructure,Data Services,488.06,1
2026-01-15,MAC-06,Infrastructure,Compute,1440.17,1
2026-01-15,MAC-06,Infrastructure,Networking,361.56,1
2026-01-15,MAC-06,Infrastructure,Storage,377.62,1
2026-01-15,MAC-07,ML,Storage,541.1,1
2026-01-15,MAC-07,ML,Data Services,742.33,1
2026-01-15,MAC-07,ML,Networking,190.47,1
2026-01-15,MAC-07,ML,Compute,1737.01,1
2026-01-15,MAC-07,Research,Networking,160.91,1
2026-01-15,MAC-07,Research,Compute,839.83,1
2026-01-15,MAC-07,Research,Data Services,595.9,1
2026-01-15,MAC-07,Research,Storage,528.65,1
2026-01-15,MAC-08,Finance,Networking,94.05,1
2026-01-15,MAC-08,Finance,Compute,289.05,1
2026-01-15,MAC-08,Finance,Data Services,421.96,1
2026-01-15,MAC-08,Finance,Storage,200.77,1
2026-01-15,MAC-08,Operations,Storage,301.3,1
2026-01-15,MAC-08,Operations,Networking,128.72,1
2026-01-15,MAC-08,Operations,Data Services,413.08,1
2026-01-15,MAC-08,Operations,Compute,502.47,1
2026-01-16,MAC-01,DevOps,Compute,1385.21,1
2026-01-16,MAC-01,DevOps,Networking,217.35,1
2026-01-16,MAC-01,DevOps,Data Services,456.36,1
2026-01-16,MAC-01,DevOps,Storage,283.88,1
2026-01-16,MAC-01,Platform,Networking,240.6,1
2026-01-16,MAC-01,Platform,Storage,284.45,1
2026-01-16,MAC-01,Platform,Compute,1285.03,1
2026-01-16,MAC-01,Platform,Data Services,393.93,1
2026-01-16,MAC-02,Analytics,Data Services,931.67,1
2026-01-16,MAC-02,Analytics,Compute,806.77,1
2026-01-16,MAC-02,Analytics,Storage,623.74,1
2026-01-16,MAC-02,Analytics,Networking,168.53,1
2026-01-16,MAC-02,DataEngineering,Networking,175.21,1
2026-01-16,MAC-02,DataEngineering,Storage,593.83,1
2026-01-16,MAC-02,DataEngineering,Data Services,821.36,1
2026-01-16,MAC-02,DataEngineering,Compute,894.08,1
2026-01-16,MAC-03,Frontend,Storage,174.2,1
2026-01-16,MAC-03,Frontend,Compute,446.05,1
2026-01-16,MAC-03,Frontend,Networking,111.58,1
2026-01-16,MAC-03,Frontend,Data Services,231.38,1
2026-01-16,MAC-03,Product,Networking,133.67,1
2026-01-16,MAC-03,Product,Data Services,344.37,1
2026-01-16,MAC-03,Product,Compute,642.7,1
2026-01-16,MAC-03,Product,Storage,196.93,1
2026-01-16,MAC-04,Backend,Storage,315.99,1
2026-01-16,MAC-04,Backend,Compute,951.82,1
2026-01-16,MAC-04,Backend,Data Services,453.12,1
2026-01-16,MAC-04,Backend,Networking,240.35,1
2026-01-16,MAC-04,QA,Compute,418.03,1
2026-01-16,MAC-04,QA,Storage,170.69,1
2026-01-16,MAC-04,QA,Networking,79.55,1
2026-01-16,MAC-04,QA,Data Services,243.66,1
2026-01-16,MAC-05,Compliance,Storage,223.54,1
2026-01-16,MAC-05,Compliance,Data Services,312.46,1
2026-01-16,MAC-05,Compliance,Networking,155.15,1
2026-01-16,MAC-05,Compliance,Compute,343.01,1
2026-01-16,MAC-05,Security,Networking,338.61,1
2026-01-16,MAC-05,Security,Storage,222.11,1
2026-01-16,MAC-05,Security,Data Services,380.19,1
2026-01-16,MAC-05,Security,Compute,662.67,1
2026-01-16,MAC-06,CloudOps,Data Services,360.77,1
2026-01-16,MAC-06,CloudOps,Compute,1365.09,1
2026-01-16,MAC-06,CloudOps,Storage,399.26,1
2026-01-16,MAC-06,CloudOps,Networking,336.63,1
2026-01-16,MAC-06,Infrastructure,Networking,354.75,1
2026-01-16,MAC-06,Infrastructure,Compute,1500.46,1
2026-01-16,MAC-06,Infrastructure,Data Services,397.97,1
2026-01-16,MAC-06,Infrastructure,Storage,418.26,1
2026-01-16,MAC-07,ML,Compute,1627.87,1
2026-01-16,MAC-07,ML,Networking,203.6,1
2026-01-16,MAC-07,ML,Storage,516.24,1
2026-01-16,MAC-07,ML,Data Services,617.08,1
2026-01-16,MAC-07,Research,Storage,489.05,1
2026-01-16,MAC-07,Research,Compute,834.98,1
2026-01-16,MAC-07,Research,Data Services,676.65,1
2026-01-16,MAC-07,Research,Networking,179.33,1
2026-01-16,MAC-08,Finance,Compute,294.77,1
2026-01-16,MAC-08,Finance,Networking,111.93,1
2026-01-16,MAC-08,Finance,Storage,219.4,1
2026-01-16,MAC-08,Finance,Data Services,443.25,1
2026-01-16,MAC-08,Operations,Storage,293.99,1
2026-01-16,MAC-08,Operations,Compute,518.56,1
2026-01-16,MAC-08,Operations,Data Services,397.46,1
2026-01-16,MAC-08,Operations,Networking,116.32,1
2026-01-17,MAC-01,DevOps,Compute,1201.33,1
2026-01-17,MAC-01,DevOps,Networking,186.85,1
2026-01-17,MAC-01,DevOps,Data Services,437.53,1
2026-01-17,MAC-01,DevOps,Storage,345.22,1
2026-01-17,MAC-01,Platform,Networking,287.26,1
2026-01-17,MAC-01,Platform,Compute,1160.3,1
2026-01-17,MAC-01,Platform,Data Services,430.11,1
2026-01-17,MAC-01,Platform,Storage,285.96,1
2026-01-17,MAC-02,Analytics,Data Services,855.97,1
2026-01-17,MAC-02,Analytics,Compute,866.91,1
2026-01-17,MAC-02,Analytics,Networking,159.0,1
2026-01-17,MAC-02,Analytics,Storage,614.78,1
2026-01-17,MAC-02,DataEngineering,Storage,608.87,1
2026-01-17,MAC-02,DataEngineering,Data Services,1008.57,1
2026-01-17,MAC-02,DataEngineering,Compute,887.06,1
2026-01-17,MAC-02,DataEngineering,Networking,183.75,1
2026-01-17,MAC-03,Frontend,Networking,111.59,1
2026-01-17,MAC-03,Frontend,Storage,160.48,1
2026-01-17,MAC-03,Frontend,Data Services,226.15,1
2026-01-17,MAC-03,Frontend,Compute,500.2,1
2026-01-17,MAC-03,Product,Data Services,332.11,1
2026-01-17,MAC-03,Product,Compute,537.63,1
2026-01-17,MAC-03,Product,Networking,125.4,1
2026-01-17,MAC-03,Product,Storage,220.19,1
2026-01-17,MAC-04,Backend,Storage,347.19,1
2026-01-17,MAC-04,Backend,Networking,231.08,1
2026-01-17,MAC-04,Backend,Data Services,521.09,1
2026-01-17,MAC-04,Backend,Compute,834.74,1
2026-01-17,MAC-04,QA,Storage,179.46,1
2026-01-17,MAC-04,QA,Networking,102.95,1
2026-01-17,MAC-04,QA,Data Services,275.59,1
2026-01-17,MAC-04,QA,Compute,412.13,1
2026-01-17,MAC-05,Compliance,Storage,196.42,1
2026-01-17,MAC-05,Compliance,Networking,162.05,1
2026-01-17,MAC-05,Compliance,Compute,308.31,1
2026-01-17,MAC-05,Compliance,Data Services,264.16,1
2026-01-17,MAC-05,Security,Data Services,372.56,1
2026-01-17,MAC-05,Security,Networking,355.06,1
2026-01-17,MAC-05,Security,Compute,765.05,1
2026-01-17,MAC-05,Security,Storage,262.31,1
2026-01-17,MAC-06,CloudOps,Storage,448.35,1
2026-01-17,MAC-06,CloudOps,Compute,1517.54,1
2026-01-17,MAC-06,CloudOps,Data Services,378.25,1
2026-01-17,MAC-06,CloudOps,Networking,372.72,1
2026-01-17,MAC-06,Infrastructure,Networking,383.61,1
2026-01-17,MAC-06,Infrastructure,Data Services,377.93,1
2026-01-17,MAC-06,Infrastructure,Compute,1243.39,1
2026-01-17,MAC-06,Infrastructure,Storage,443.95,1
2026-01-17,MAC-07,ML,Compute,1628.36,1
2026-01-17,MAC-07,ML,Storage,531.72,1
2026-01-17,MAC-07,ML,Networking,225.73,1
2026-01-17,MAC-07,ML,Data Services,663.64,1
2026-01-17,MAC-07,Research,Storage,399.49,1
2026-01-17,MAC-07,Research,Networking,188.17,1
2026-01-17,MAC-07,Research,Data Services,640.41,1
2026-01-17,MAC-07,Research,Compute,810.63,1
2026-01-17,MAC-08,Finance,Storage,223.3,1
2026-01-17,MAC-08,Finance,Networking,89.42,1
2026-01-17,MAC-08,Finance,Compute,344.31,1
2026-01-17,MAC-08,Finance,Data Services,451.6,1
2026-01-17,MAC-08,Operations,Data Services,395.45,1
2026-01-17,MAC-08,Operations,Networking,135.46,1
2026-01-17,MAC-08,Operations,Compute,417.13,1
2026-01-17,MAC-08,Operations,Storage,346.72,1
2026-01-18,MAC-01,DevOps,Data Services,449.46,1
2026-01-18,MAC-01,DevOps,Networking,237.6,1
2026-01-18,MAC-01,DevOps,Compute,1207.53,1
2026-01-18,MAC-01,DevOps,Storage,291.41,1
2026-01-18,MAC-01,Platform,Data Services,418.91,1
2026-01-18,MAC-01,Platform,Compute,1139.49,1
2026-01-18,MAC-01,Platform,Networking,256.24,1
2026-01-18,MAC-01,Platform,Storage,256.56,1
2026-01-18,MAC-02,Analytics,Storage,645.86,1
2026-01-18,MAC-02,Analytics,Compute,770.78,1
2026-01-18,MAC-02,Analytics,Data Services,972.62,1
2026-01-18,MAC-02,Analytics,Networking,142.62,1
2026-01-18,MAC-02,DataEngineering,Storage,588.05,1
2026-01-18,MAC-02,DataEngineering,Networking,176.32,1
2026-01-18,MAC-02,DataEngineering,Data Services,1065.08,1
2026-01-18,MAC-02,DataEngineering,Compute,803.24,1
2026-01-18,MAC-03,Frontend,Networking,112.98,1
2026-01-18,MAC-03,Frontend,Data Services,184.51,1
2026-01-18,MAC-03,Frontend,Compute,513.59,1
2026-01-18,MAC-03,Frontend,Storage,160.64,1
2026-01-18,MAC-03,Product,Storage,208.13,1
2026-01-18,MAC-03,Product,Networking,116.85,1
2026-01-18,MAC-03,Product,Compute,609.02,1
2026-01-18,MAC-03,Product,Data Services,300.76,1
2026-01-18,MAC-04,Backend,Compute,852.45,1
2026-01-18,MAC-04,Backend,Storage,371.66,1
2026-01-18,MAC-04,Backend,Data Services,564.93,1
2026-01-18,MAC-04,Backend,Networking,193.84,1
2026-01-18,MAC-04,QA,Storage,174.63,1
2026-01-18,MAC-04,QA,Networking,81.21,1
2026-01-18,MAC-04,QA,Compute,416.41,1
2026-01-18,MAC-04,QA,Data Services,281.73,1
2026-01-18,MAC-05,Compliance,Data Services,297.52,1
2026-01-18,MAC-05,Compliance,Compute,351.72,1
2026-01-18,MAC-05,Compliance,Storage,197.26,1
2026-01-18,MAC-05,Compliance,Networking,168.21,1
2026-01-18,MAC-05,Security,Storage,289.9,1
2026-01-18,MAC-05,Security,Compute,778.12,1
2026-01-18,MAC-05,Security,Data Services,384.03,1
2026-01-18,MAC-05,Security,Networking,297.75,1
2026-01-18,MAC-06,CloudOps,Data Services,466.98,1
2026-01-18,MAC-06,CloudOps,Storage,395.93,1
2026-01-18,MAC-06,CloudOps,Compute,1468.92,1
2026-01-18,MAC-06,CloudOps,Networking,292.02,1
2026-01-18,MAC-06,Infrastructure,Data Services,476.56,1
2026-01-18,MAC-06,Infrastructure,Storage,419.8,1
2026-01-18,MAC-06,Infrastructure,Networking,359.31,1
2026-01-18,MAC-06,Infrastructure,Compute,1362.55,1
2026-01-18,MAC-07,ML,Data Services,641.45,1
2026-01-18,MAC-07,ML,Storage,549.74,1
2026-01-18,MAC-07,ML,Compute,1406.95,1
2026-01-18,MAC-07,ML,Networking,191.77,1
2026-01-18,MAC-07,Research,Compute,710.89,1
2026-01-18,MAC-07,Research,Storage,469.97,1
2026-01-18,MAC-07,Research,Networking,210.88,1
2026-01-18,MAC-07,Research,Data Services,669.63,1
2026-01-18,MAC-08,Finance,Compute,310.69,1
2026-01-18,MAC-08,Finance,Data Services,526.7,1
2026-01-18,MAC-08,Finance,Networking,96.43,1
2026-01-18,MAC-08,Finance,Storage,215.68,1
2026-01-18,MAC-08,Operations,Storage,301.68,1
2026-01-18,MAC-08,Operations,Networking,118.89,1
2026-01-18,MAC-08,Operations,Compute,529.84,1
2026-01-18,MAC-08,Operations,Data Services,423.51,1
2026-01-19,MAC-01,DevOps,Storage,295.39,1
2026-01-19,MAC-01,DevOps,Networking,211.22,1
2026-01-19,MAC-01,DevOps,Data Services,394.49,1
2026-01-19,MAC-01,DevOps,Compute,1207.1,1
2026-01-19,MAC-01,Platform,Compute,1229.87,1
2026-01-19,MAC-01,Platform,Networking,234.14,1
2026-01-19,MAC-01,Platform,Data Services,413.17,1
2026-01-19,MAC-01,Platform,Storage,294.38,1
2026-01-19,MAC-02,Analytics,Compute,840.83,1
2026-01-19,MAC-02,Analytics,Networking,177.71,1
2026-01-19,MAC-02,Analytics,Data Services,903.51,1
2026-01-19,MAC-02,Analytics,Storage,637.68,1
2026-01-19,MAC-02,DataEngineering,Storage,562.29,1
2026-01-19,MAC-02,DataEngineering,Networking,199.65,1
2026-01-19,MAC-02,DataEngineering,Data Services,935.14,1
2026-01-19,MAC-02,DataEngineering,Compute,929.91,1
2026-01-19,MAC-03,Frontend,Compute,496.85,1
2026-01-19,MAC-03,Frontend,Networking,107.13,1
2026-01-19,MAC-03,Frontend,Data Services,196.59,1
2026-01-19,MAC-03,Frontend,Storage,163.48,1
2026-01-19,MAC-03,Product,Storage,236.45,1
2026-01-19,MAC-03,Product,Data Services,265.06,1
2026-01-19,MAC-03,Product,Networking,136.73,1
2026-01-19,MAC-03,Product,Compute,662.67,1
2026-01-19,MAC-04,Backend,Data Services,443.57,1
2026-01-19,MAC-04,Backend,Compute,1111.68,1
2026-01-19,MAC-04,Backend,Storage,411.66,1
2026-01-19,MAC-04,Backend,Networking,228.15,1
2026-01-19,MAC-04,QA,Storage,203.89,1
2026-01-19,MAC-04,QA,Networking,87.2,1
2026-01-19,MAC-04,QA,Data Services,274.99,1
2026-01-19,MAC-04,QA,Compute,419.01,1
2026-01-19,MAC-05,Compliance,Networking,176.89,1
2026-01-19,MAC-05,Compliance,Storage,262.09,1
2026-01-19,MAC-05,Compliance,Compute,337.16,1
2026-01-19,MAC-05,Compliance,Data Services,340.29,1
2026-01-19,MAC-05,Security,Compute,657.49,1
2026-01-19,MAC-05,Security,Networking,281.51,1
2026-01-19,MAC-05,Security,Storage,282.01,1
2026-01-19,MAC-05,Security,Data Services,408.74,1
2026-01-19,MAC-06,CloudOps,Compute,1289.2,1
2026-01-19,MAC-06,CloudOps,Networking,307.77,1
2026-01-19,MAC-06,CloudOps,Data Services,413.82,1
2026-01-19,MAC-06,CloudOps,Storage,355.9,1
2026-01-19,MAC-06,Infrastructure,Compute,1280.19,1
2026-01-19,MAC-06,Infrastructure,Networking,374.0,1
2026-01-19,MAC-06,Infrastructure,Data Services,404.66,1
2026-01-19,MAC-06,Infrastructure,Storage,383.91,1
2026-01-19,MAC-07,ML,Storage,574.95,1
2026-01-19,MAC-07,ML,Networking,232.99,1
2026-01-19,MAC-07,ML,Compute,1721.8,1
2026-01-19,MAC-07,ML,Data Services,658.71,1
2026-01-19,MAC-07,Research,Storage,475.52,1
2026-01-19,MAC-07,Research,Data Services,770.72,1
2026-01-19,MAC-07,Research,Networking,213.69,1
2026-01-19,MAC-07,Research,Compute,785.7,1
2026-01-19,MAC-08,Finance,Data Services,469.91,1
2026-01-19,MAC-08,Finance,Networking,103.41,1
2026-01-19,MAC-08,Finance,Compute,266.14,1
2026-01-19,MAC-08,Finance,Storage,232.78,1
2026-01-19,MAC-08,Operations,Compute,431.85,1
2026-01-19,MAC-08,Operations,Storage,302.1,1
2026-01-19,MAC-08,Operations,Data Services,422.41,1
2026-01-19,MAC-08,Operations,Networking,137.91,1
2026-01-20,MAC-01,DevOps,Compute,1207.77,1
2026-01-20,MAC-01,DevOps,Networking,207.55,1
2026-01-20,MAC-01,DevOps,Storage,318.99,1
2026-01-20,MAC-01,DevOps,Data Services,431.18,1
2026-01-20,MAC-01,Platform,Storage,262.07,1
2026-01-20,MAC-01,Platform,Data Services,376.22,1
2026-01-20,MAC-01,Platform,Networking,259.33,1
2026-01-20,MAC-01,Platform,Compute,1083.25,1
2026-01-20,MAC-02,Analytics,Compute,962.6,1
2026-01-20,MAC-02,Analytics,Networking,173.77,1
2026-01-20,MAC-02,Analytics,Data Services,929.03,1
2026-01-20,MAC-02,Analytics,Storage,543.68,1
2026-01-20,MAC-02,DataEngineering,Networking,162.8,1
2026-01-20,MAC-02,DataEngineering,Data Services,901.6,1
2026-01-20,MAC-02,DataEngineering,Compute,1005.72,1
2026-01-20,MAC-02,DataEngineering,Storage,593.33,1
2026-01-20,MAC-03,Frontend,Networking,104.35,1
2026-01-20,MAC-03,Frontend,Storage,165.92,1
2026-01-20,MAC-03,Frontend,Compute,565.92,1
2026-01-20,MAC-03,Frontend,Data Services,221.37,1
2026-01-20,MAC-03,Product,Compute,539.67,1
2026-01-20,MAC-03,Product,Storage,196.24,1
2026-01-20,MAC-03,Product,Networking,106.16,1
2026-01-20,MAC-03,Product,Data Services,324.94,1
2026-01-20,MAC-04,Backend,Data Services,497.88,1
2026-01-20,MAC-04,Backend,Compute,885.61,1
2026-01-20,MAC-04,Backend,Networking,225.26,1
2026-01-20,MAC-04,Backend,Storage,397.58,1
2026-01-20,MAC-04,QA,Data Services,264.8,1
2026-01-20,MAC-04,QA,Networking,88.6,1
2026-01-20,MAC-04,QA,Compute,374.84,1
2026-01-20,MAC-04,QA,Storage,188.85,1
2026-01-20,MAC-05,Compliance,Data Services,284.58,1
2026-01-20,MAC-05,Compliance,Compute,327.69,1
2026-01-20,MAC-05,Compliance,Networking,166.41,1
2026-01-20,MAC-05,Compliance,Storage,220.52,1
2026-01-20,MAC-05,Security,Networking,300.01,1
2026-01-20,MAC-05,Security,Storage,253.02,1
2026-01-20,MAC-05,Security,Compute,668.74,1
2026-01-20,MAC-05,Security,Data Services,387.7,1
2026-01-20,MAC-06,CloudOps,Networking,300.49,1
2026-01-20,MAC-06,CloudOps,Storage,376.91,1
2026-01-20,MAC-06,CloudOps,Compute,1269.24,1
2026-01-20,MAC-06,CloudOps,Data Services,447.59,1
2026-01-20,MAC-06,Infrastructure,Networking,411.88,1
2026-01-20,MAC-06,Infrastructure,Storage,428.08,1
2026-01-20,MAC-06,Infrastructure,Compute,1289.65,1
2026-01-20,MAC-06,Infrastructure,Data Services,423.28,1
2026-01-20,MAC-07,ML,Storage,537.73,1
2026-01-20,MAC-07,ML,Data Services,686.95,1
2026-01-20,MAC-07,ML,Compute,1536.4,1
2026-01-20,MAC-07,ML,Networking,217.83,1
2026-01-20,MAC-07,Research,Networking,167.26,1
2026-01-20,MAC-07,Research,Storage,433.4,1
2026-01-20,MAC-07,Research,Compute,845.04,1
2026-01-20,MAC-07,Research,Data Services,598.84,1
2026-01-20,MAC-08,Finance,Data Services,451.75,1
2026-01-20,MAC-08,Finance,Networking,104.3,1
2026-01-20,MAC-08,Finance,Compute,278.34,1
2026-01-20,MAC-08,Finance,Storage,229.31,1
2026-01-20,MAC-08,Operations,Networking,131.35,1
2026-01-20,MAC-08,Operations,Compute,491.7,1
2026-01-20,MAC-08,Operations,Data Services,383.54,1
2026-01-20,MAC-08,Operations,Storage,354.21,1
2026-01-21,MAC-01,DevOps,Compute,1220.39,1
2026-01-21,MAC-01,DevOps,Networking,216.27,1
2026-01-21,MAC-01,DevOps,Data Services,433.26,1
2026-01-21,MAC-01,DevOps,Storage,281.17,1
2026-01-21,MAC-01,Platform,Compute,983.2,1
2026-01-21,MAC-01,Platform,Data Services,397.23,1
2026-01-21,MAC-01,Platform,Networking,223.93,1
2026-01-21,MAC-01,Platform,Storage,258.41,1
2026-01-21,MAC-02,Analytics,Storage,565.95,1
2026-01-21,MAC-02,Analytics,Data Services,797.72,1
2026-01-21,MAC-02,Analytics,Compute,957.27,1
2026-01-21,MAC-02,Analytics,Networking,155.94,1
2026-01-21,MAC-02,DataEngineering,Storage,646.26,1
2026-01-21,MAC-02,DataEngineering,Networking,197.26,1
2026-01-21,MAC-02,DataEngineering,Compute,951.16,1
2026-01-21,MAC-02,DataEngineering,Data Services,824.23,1
2026-01-21,MAC-03,Frontend,Storage,147.3,1
2026-01-21,MAC-03,Frontend,Networking,118.34,1
2026-01-21,MAC-03,Frontend,Compute,583.81,1
2026-01-21,MAC-03,Frontend,Data Services,225.59,1
2026-01-21,MAC-03,Product,Storage,186.54,1
2026-01-21,MAC-03,Product,Compute,660.28,1
2026-01-21,MAC-03,Product,Data Services,276.72,1
2026-01-21,MAC-03,Product,Networking,129.01,1
2026-01-21,MAC-04,Backend,Data Services,468.2,1
2026-01-21,MAC-04,Backend,Networking,236.13,1
2026-01-21,MAC-04,Backend,Compute,1068.2,1
2026-01-21,MAC-04,Backend,Storage,364.67,1
2026-01-21,MAC-04,QA,Data Services,262.72,1
2026-01-21,MAC-04,QA,Networking,100.32,1
2026-01-21,MAC-04,QA,Compute,444.5,1
2026-01-21,MAC-04,QA,Storage,208.59,1
2026-01-21,MAC-05,Compliance,Storage,215.11,1
2026-01-21,MAC-05,Compliance,Data Services,267.51,1
2026-01-21,MAC-05,Compliance,Compute,367.82,1
2026-01-21,MAC-05,Compliance,Networking,161.2,1
2026-01-21,MAC-05,Security,Compute,763.58,1
2026-01-21,MAC-05,Security,Data Services,413.57,1
2026-01-21,MAC-05,Security,Networking,275.18,1
2026-01-21,MAC-05,Security,Storage,265.3,1
2026-01-21,MAC-06,CloudOps,Compute,1491.01,1
2026-01-21,MAC-06,CloudOps,Networking,289.85,1
2026-01-21,MAC-06,CloudOps,Data Services,409.57,1
2026-01-21,MAC-06,CloudOps,Storage,446.93,1
2026-01-21,MAC-06,Infrastructure,Networking,323.07,1
2026-01-21,MAC-06,Infrastructure,Storage,454.36,1
2026-01-21,MAC-06,Infrastructure,Compute,1466.04,1
2026-01-21,MAC-06,Infrastructure,Data Services,438.84,1
2026-01-21,MAC-07,ML,Data Services,681.99,1
2026-01-21,MAC-07,ML,Storage,477.7,1
2026-01-21,MAC-07,ML,Compute,1640.85,1
2026-01-21,MAC-07,ML,Networking,180.6,1
2026-01-21,MAC-07,Research,Data Services,587.31,1
2026-01-21,MAC-07,Research,Networking,166.97,1
2026-01-21,MAC-07,Research,Compute,754.85,1
2026-01-21,MAC-07,Research,Storage,409.66,1
2026-01-21,MAC-08,Finance,Storage,212.04,1
2026-01-21,MAC-08,Finance,Networking,113.91,1
2026-01-21,MAC-08,Finance,Compute,275.3,1
2026-01-21,MAC-08,Finance,Data Services,428.61,1
2026-01-21,MAC-08,Operations,Compute,453.19,1
2026-01-21,MAC-08,Operations,Networking,143.46,1
2026-01-21,MAC-08,Operations,Data Services,431.47,1
2026-01-21,MAC-08,Operations,Storage,319.91,1
2026-01-22,MAC-01,DevOps,Data Services,470.25,1
2026-01-22,MAC-01,DevOps,Networking,210.22,1
2026-01-22,MAC-01,DevOps,Compute,1360.98,1
2026-01-22,MAC-01,DevOps,Storage,341.66,1
2026-01-22,MAC-01,Platform,Storage,307.9,1
2026-01-22,MAC-01,Platform,Compute,1238.2,1
2026-01-22,MAC-01,Platform,Data Services,352.62,1
2026-01-22,MAC-01,Platform,Networking,273.25,1
2026-01-22,MAC-02,Analytics,Data Services,890.04,1
2026-01-22,MAC-02,Analytics,Compute,838.72,1
2026-01-22,MAC-02,Analytics,Storage,570.12,1
2026-01-22,MAC-02,Analytics,Networking,181.48,1
2026-01-22,MAC-02,DataEngineering,Data Services,1018.82,1
2026-01-22,MAC-02,DataEngineering,Networking,204.77,1
2026-01-22,MAC-02,DataEngineering,Storage,545.33,1
2026-01-22,MAC-02,DataEngineering,Compute,864.01,1
2026-01-22,MAC-03,Frontend,Data Services,220.9,1
2026-01-22,MAC-03,Frontend,Networking,105.97,1
2026-01-22,MAC-03,Frontend,Storage,167.12,1
2026-01-22,MAC-03,Frontend,Compute,525.39,1
2026-01-22,MAC-03,Product,Data Services,297.52,1
2026-01-22,MAC-03,Product,Networking,119.73,1
2026-01-22,MAC-03,Product,Compute,601.55,1
2026-01-22,MAC-03,Product,Storage,236.66,1
2026-01-22,MAC-04,Backend,Compute,901.49,1
2026-01-22,MAC-04,Backend,Storage,326.79,1
2026-01-22,MAC-04,Backend,Data Services,476.27,1
2026-01-22,MAC-04,Backend,Networking,227.64,1
2026-01-22,MAC-04,QA,Storage,211.32,1
2026-01-22,MAC-04,QA,Networking,87.17,1
2026-01-22,MAC-04,QA,Compute,469.87,1
2026-01-22,MAC-04,QA,Data Services,278.35,1
2026-01-22,MAC-05,Compliance,Data Services,270.5,1
2026-01-22,MAC-05,Compliance,Storage,211.06,1
2026-01-22,MAC-05,Compliance,Networking,165.61,1
2026-01-22,MAC-05,Compliance,Compute,380.62,1
2026-01-22,MAC-05,Security,Data Services,364.66,1
2026-01-22,MAC-05,Security,Storage,232.19,1
2026-01-22,MAC-05,Security,Networking,321.74,1
2026-01-22,MAC-05,Security,Compute,820.59,1
2026-01-22,MAC-06,CloudOps,Compute,1257.16,1
2026-01-22,MAC-06,CloudOps,Networking,319.66,1
2026-01-22,MAC-06,CloudOps,Data Services,381.76,1
2026-01-22,MAC-06,CloudOps,Storage,393.98,1
2026-01-22,MAC-06,Infrastructure,Storage,394.42,1
2026-01-22,MAC-06,Infrastructure,Compute,1539.1,1
2026-01-22,MAC-06,Infrastructure,Data Services,494.17,1
2026-01-22,MAC-06,Infrastructure,Networking,329.94,1
2026-01-22,MAC-07,ML,Data Services,795.9,1
2026-01-22,MAC-07,ML,Networking,233.02,1
2026-01-22,MAC-07,ML,Compute,1825.96,1
2026-01-22,MAC-07,ML,Storage,511.5,1
2026-01-22,MAC-07,Research,Storage,455.21,1
2026-01-22,MAC-07,Research,Networking,175.13,1
2026-01-22,MAC-07,Research,Compute,821.6,1
2026-01-22,MAC-07,Research,Data Services,751.01,1
2026-01-22,MAC-08,Finance,Storage,237.55,1
2026-01-22,MAC-08,Finance,Networking,103.73,1
2026-01-22,MAC-08,Finance,Data Services,538.6,1
2026-01-22,MAC-08,Finance,Compute,284.07,1
2026-01-22,MAC-08,Operations,Data Services,396.92,1
2026-01-22,MAC-08,Operations,Compute,419.27,1
2026-01-22,MAC-08,Operations,Networking,125.45,1
2026-01-22,MAC-08,Operations,Storage,288.1,1
2026-01-23,MAC-01,DevOps,Storage,326.51,1
2026-01-23,MAC-01,DevOps,Networking,225.13,1
2026-01-23,MAC-01,DevOps,Data Services,431.36,1
2026-01-23,MAC-01,DevOps,Compute,1100.47,1
2026-01-23,MAC-01,Platform,Compute,1095.44,1
2026-01-23,MAC-01,Platform,Storage,304.78,1
2026-01-23,MAC-01,Platform,Data Services,344.33,1
2026-01-23,MAC-01,Platform,Networking,257.4,1
2026-01-23,MAC-02,Analytics,Data Services,784.45,1
2026-01-23,MAC-02,Analytics,Networking,187.88,1
2026-01-23,MAC-02,Analytics,Compute,900.98,1
2026-01-23,MAC-02,Analytics,Storage,535.52,1
2026-01-23,MAC-02,DataEngineering,Storage,649.46,1
2026-01-23,MAC-02,DataEngineering,Compute,997.52,1
2026-01-23,MAC-02,DataEngineering,Data Services,1028.7,1
2026-01-23,MAC-02,DataEngineering,Networking,201.77,1
2026-01-23,MAC-03,Frontend,Storage,153.61,1
2026-01-23,MAC-03,Frontend,Networking,94.86,1
2026-01-23,MAC-03,Frontend,Data Services,228.85,1
2026-01-23,MAC-03,Frontend,Compute,448.5,1
2026-01-23,MAC-03,Product,Data Services,300.49,1
2026-01-23,MAC-03,Product,Networking,130.13,1
2026-01-23,MAC-03,Product,Compute,655.11,1
2026-01-23,MAC-03,Product,Storage,197.88,1
2026-01-23,MAC-04,Backend,Data Services,448.71,1
2026-01-23,MAC-04,Backend,Compute,848.19,1
2026-01-23,MAC-04,Backend,Networking,259.77,1
2026-01-23,MAC-04,Backend,Storage,322.33,1
2026-01-23,MAC-04,QA,Data Services,250.27,1
2026-01-23,MAC-04,QA,Networking,90.18,1
2026-01-23,MAC-04,QA,Compute,378.08,1
2026-01-23,MAC-04,QA,Storage,211.92,1
2026-01-23,MAC-05,Compliance,Data Services,335.69,1
2026-01-23,MAC-05,Compliance,Networking,169.64,1
2026-01-23,MAC-05,Compliance,Storage,252.62,1
2026-01-23,MAC-05,Compliance,Compute,387.34,1
2026-01-23,MAC-05,Security,Storage,233.8,1
2026-01-23,MAC-05,Security,Networking,272.44,1
2026-01-23,MAC-05,Security,Data Services,317.17,1
2026-01-23,MAC-05,Security,Compute,696.06,1
2026-01-23,MAC-06,CloudOps,Networking,339.91,1
2026-01-23,MAC-06,CloudOps,Data Services,361.2,1
2026-01-23,MAC-06,CloudOps,Compute,1340.29,1
2026-01-23,MAC-06,CloudOps,Storage,422.08,1
2026-01-23,MAC-06,Infrastructure,Storage,358.33,1
2026-01-23,MAC-06,Infrastructure,Networking,404.77,1
2026-01-23,MAC-06,Infrastructure,Compute,1480.41,1
2026-01-23,MAC-06,Infrastructure,Data Services,375.75,1
2026-01-23,MAC-07,ML,Compute,1757.03,1
2026-01-23,MAC-07,ML,Storage,571.15,1
2026-01-23,MAC-07,ML,Networking,214.36,1
2026-01-23,MAC-07,ML,Data Services,714.53,1
2026-01-23,MAC-07,Research,Networking,168.45,1
2026-01-23,MAC-07,Research,Data Services,727.49,1
2026-01-23,MAC-07,Research,Compute,846.31,1
2026-01-23,MAC-07,Research,Storage,442.58,1
2026-01-23,MAC-08,Finance,Storage,218.84,1
2026-01-23,MAC-08,Finance,Networking,117.11,1
2026-01-23,MAC-08,Finance,Compute,359.07,1
2026-01-23,MAC-08,Finance,Data Services,414.97,1
2026-01-23,MAC-08,Operations,Storage,270.33,1
2026-01-23,MAC-08,Operations,Networking,128.61,1
2026-01-23,MAC-08,Operations,Data Services,380.87,1
2026-01-23,MAC-08,Operations,Compute,476.02,1
2026-01-24,MAC-01,DevOps,Data Services,366.3,1
2026-01-24,MAC-01,DevOps,Storage,308.48,1
2026-01-24,MAC-01,DevOps,Networking,233.73,1
2026-01-24,MAC-01,DevOps,Compute,1325.03,1
2026-01-24,MAC-01,Platform,Data Services,438.84,1
2026-01-24,MAC-01,Platform,Storage,305.26,1
2026-01-24,MAC-01,Platform,Networking,242.61,1
2026-01-24,MAC-01,Platform,Compute,1021.86,1
2026-01-24,MAC-02,Analytics,Data Services,809.88,1
2026-01-24,MAC-02,Analytics,Compute,781.43,1
2026-01-24,MAC-02,Analytics,Storage,603.31,1
2026-01-24,MAC-02,Analytics,Networking,168.68,1
2026-01-24,MAC-02,DataEngineering,Networking,179.35,1
2026-01-24,MAC-02,DataEngineering,Compute,1034.41,1
2026-01-24,MAC-02,DataEngineering,Data Services,802.49,1
2026-01-24,MAC-02,DataEngineering,Storage,575.08,1
2026-01-24,MAC-03,Frontend,Compute,600.9,1
2026-01-24,MAC-03,Frontend,Networking,117.83,1
2026-01-24,MAC-03,Frontend,Data Services,183.73,1
2026-01-24,MAC-03,Frontend,Storage,138.54,1
2026-01-24,MAC-03,Product,Storage,200.58,1
2026-01-24,MAC-03,Product,Data Services,273.55,1
2026-01-24,MAC-03,Product,Networking,133.38,1
2026-01-24,MAC-03,Product,Compute,688.11,1
2026-01-24,MAC-04,Backend,Networking,217.59,1
2026-01-24,MAC-04,Backend,Storage,388.67,1
2026-01-24,MAC-04,Backend,Data Services,478.08,1
2026-01-24,MAC-04,Backend,Compute,1085.28,1
2026-01-24,MAC-04,QA,Data Services,245.49,1
2026-01-24,MAC-04,QA,Compute,447.59,1
2026-01-24,MAC-04,QA,Storage,162.3,1
2026-01-24,MAC-04,QA,Networking,87.12,1
2026-01-24,MAC-05,Compliance,Compute,321.21,1
2026-01-24,MAC-05,Compliance,Networking,179.54,1
2026-01-24,MAC-05,Compliance,Data Services,304.01,1
2026-01-24,MAC-05,Compliance,Storage,256.93,1
2026-01-24,MAC-05,Security,Compute,824.43,1
2026-01-24,MAC-05,Security,Networking,351.46,1
2026-01-24,MAC-05,Security,Storage,277.68,1
2026-01-24,MAC-05,Security,Data Services,347.9,1
2026-01-24,MAC-06,CloudOps,Data Services,444.21,1
2026-01-24,MAC-06,CloudOps,Networking,287.94,1
2026-01-24,MAC-06,CloudOps,Storage,388.29,1
2026-01-24,MAC-06,CloudOps,Compute,1162.86,1
2026-01-24,MAC-06,Infrastructure,Data Services,433.56,1
2026-01-24,MAC-06,Infrastructure,Networking,318.37,1
2026-01-24,MAC-06,Infrastructure,Storage,420.49,1
2026-01-24,MAC-06,Infrastructure,Compute,1275.44,1
2026-01-24,MAC-07,ML,Storage,584.46,1
2026-01-24,MAC-07,ML,Networking,230.23,1
2026-01-24,MAC-07,ML,Data Services,832.08,1
2026-01-24,MAC-07,ML,Compute,1468.04,1
2026-01-24,MAC-07,Research,Storage,422.24,1
2026-01-24,MAC-07,Research,Networking,206.61,1
2026-01-24,MAC-07,Research,Compute,874.72,1
2026-01-24,MAC-07,Research,Data Services,663.2,1
2026-01-24,MAC-08,Finance,Storage,214.77,1
2026-01-24,MAC-08,Finance,Compute,267.29,1
2026-01-24,MAC-08,Finance,Data Services,433.82,1
2026-01-24,MAC-08,Finance,Networking,104.86,1
2026-01-24,MAC-08,Operations,Data Services,385.69,1
2026-01-24,MAC-08,Operations,Networking,124.1,1
2026-01-24,MAC-08,Operations,Storage,329.37,1
2026-01-24,MAC-08,Operations,Compute,515.51,1
2026-01-25,MAC-01,DevOps,Networking,217.96,1
2026-01-25,MAC-01,DevOps,Compute,1105.59,1
2026-01-25,MAC-01,DevOps,Data Services,395.39,1
2026-01-25,MAC-01,DevOps,Storage,337.49,1
2026-01-25,MAC-01,Platform,Storage,322.73,1
2026-01-25,MAC-01,Platform,Networking,273.37,1
2026-01-25,MAC-01,Platform,Data Services,401.57,1
2026-01-25,MAC-01,Platform,Compute,1278.06,1
2026-01-25,MAC-02,Analytics,Storage,526.97,1
2026-01-25,MAC-02,Analytics,Networking,150.24,1
2026-01-25,MAC-02,Analytics,Data Services,963.81,1
2026-01-25,MAC-02,Analytics,Compute,1001.67,1
2026-01-25,MAC-02,DataEngineering,Data Services,864.15,1
2026-01-25,MAC-02,DataEngineering,Compute,1004.36,1
2026-01-25,MAC-02,DataEngineering,Networking,207.26,1
2026-01-25,MAC-02,DataEngineering,Storage,707.42,1
2026-01-25,MAC-03,Frontend,Storage,159.91,1
2026-01-25,MAC-03,Frontend,Networking,113.89,1
2026-01-25,MAC-03,Frontend,Compute,537.54,1
2026-01-25,MAC-03,Frontend,Data Services,198.76,1
2026-01-25,MAC-03,Product,Storage,178.42,1
2026-01-25,MAC-03,Product,Compute,582.12,1
2026-01-25,MAC-03,Product,Data Services,338.51,1
2026-01-25,MAC-03,Product,Networking,108.0,1
2026-01-25,MAC-04,Backend,Data Services,472.87,1
2026-01-25,MAC-04,Backend,Storage,414.02,1
2026-01-25,MAC-04,Backend,Compute,945.45,1
2026-01-25,MAC-04,Backend,Networking,200.24,1
2026-01-25,MAC-04,QA,Storage,191.35,1
2026-01-25,MAC-04,QA,Networking,83.73,1
2026-01-25,MAC-04,QA,Compute,371.82,1
2026-01-25,MAC-04,QA,Data Services,287.73,1
2026-01-25,MAC-05,Compliance,Compute,396.01,1
2026-01-25,MAC-05,Compliance,Storage,215.33,1
2026-01-25,MAC-05,Compliance,Data Services,343.45,1
2026-01-25,MAC-05,Compliance,Networking,177.14,1
2026-01-25,MAC-05,Security,Networking,328.12,1
2026-01-25,MAC-05,Security,Storage,291.44,1
2026-01-25,MAC-05,Security,Compute,683.93,1
2026-01-25,MAC-05,Security,Data Services,388.56,1
2026-01-25,MAC-06,CloudOps,Storage,391.16,1
2026-01-25,MAC-06,CloudOps,Networking,364.75,1
2026-01-25,MAC-06,CloudOps,Compute,1489.64,1
2026-01-25,MAC-06,CloudOps,Data Services,396.72,1
2026-01-25,MAC-06,Infrastructure,Storage,440.93,1
2026-01-25,MAC-06,Infrastructure,Networking,384.62,1
2026-01-25,MAC-06,Infrastructure,Compute,1680.71,1
2026-01-25,MAC-06,Infrastructure,Data Services,475.56,1
2026-01-25,MAC-07,ML,Storage,464.88,1
2026-01-25,MAC-07,ML,Compute,1747.78,1
2026-01-25,MAC-07,ML,Data Services,676.8,1
2026-01-25,MAC-07,ML,Networking,181.7,1
2026-01-25,MAC-07,Research,Data Services,704.73,1
2026-01-25,MAC-07,Research,Compute,801.3,1
2026-01-25,MAC-07,Research,Storage,499.86,1
2026-01-25,MAC-07,Research,Networking,200.82,1
2026-01-25,MAC-08,Finance,Data Services,429.21,1
2026-01-25,MAC-08,Finance,Networking,93.54,1
2026-01-25,MAC-08,Finance,Compute,305.34,1
2026-01-25,MAC-08,Finance,Storage,201.46,1
2026-01-25,MAC-08,Operations,Compute,458.08,1
2026-01-25,MAC-08,Operations,Storage,338.37,1
2026-01-25,MAC-08,Operations,Data Services,396.75,1
2026-01-25,MAC-08,Operations,Networking,146.35,1
2026-01-26,MAC-01,DevOps,Compute,1295.41,1
2026-01-26,MAC-01,DevOps,Networking,234.22,1
2026-01-26,MAC-01,DevOps,Data Services,414.77,1
2026-01-26,MAC-01,DevOps,Storage,324.05,1
2026-01-26,MAC-01,Platform,Storage,318.55,1
2026-01-26,MAC-01,Platform,Networking,283.43,1
2026-01-26,MAC-01,Platform,Data Services,432.56,1
2026-01-26,MAC-01,Platform,Compute,1161.81,1
2026-01-26,MAC-02,Analytics,Storage,512.43,1
2026-01-26,MAC-02,Analytics,Data Services,761.82,1
2026-01-26,MAC-02,Analytics,Compute,945.12,1
2026-01-26,MAC-02,Analytics,Networking,163.76,1
2026-01-26,MAC-02,DataEngineering,Networking,198.65,1
2026-01-26,MAC-02,DataEngineering,Storage,656.58,1
2026-01-26,MAC-02,DataEngineering,Compute,978.45,1
2026-01-26,MAC-02,DataEngineering,Data Services,910.74,1
2026-01-26,MAC-03,Frontend,Networking,106.21,1
2026-01-26,MAC-03,Frontend,Storage,174.3,1
2026-01-26,MAC-03,Frontend,Compute,467.21,1
2026-01-26,MAC-03,Frontend,Data Services,238.18,1
2026-01-26,MAC-03,Product,Data Services,315.01,1
2026-01-26,MAC-03,Product,Networking,138.95,1
2026-01-26,MAC-03,Product,Compute,625.46,1
2026-01-26,MAC-03,Product,Storage,187.29,1
2026-01-26,MAC-04,Backend,Storage,340.51,1
2026-01-26,MAC-04,Backend,Compute,969.61,1
2026-01-26,MAC-04,Backend,Networking,215.88,1
2026-01-26,MAC-04,Backend,Data Services,549.35,1
2026-01-26,MAC-04,QA,Networking,81.83,1
2026-01-26,MAC-04,QA,Data Services,299.51,1
2026-01-26,MAC-04,QA,Compute,463.21,1
2026-01-26,MAC-04,QA,Storage,207.71,1
2026-01-26,MAC-05,Compliance,Data Services,318.53,1
2026-01-26,MAC-05,Compliance,Storage,218.64,1
2026-01-26,MAC-05,Compliance,Networking,155.07,1
2026-01-26,MAC-05,Compliance,Compute,352.71,1
2026-01-26,MAC-05,Security,Networking,360.94,1
2026-01-26,MAC-05,Security,Storage,249.06,1
2026-01-26,MAC-05,Security,Compute,813.56,1
2026-01-26,MAC-05,Security,Data Services,408.24,1
2026-01-26,MAC-06,CloudOps,Networking,294.2,1
2026-01-26,MAC-06,CloudOps,Data Services,431.71,1
2026-01-26,MAC-06,CloudOps,Compute,1176.8,1
2026-01-26,MAC-06,CloudOps,Storage,414.03,1
2026-01-26,MAC-06,Infrastructure,Compute,1293.44,1
2026-01-26,MAC-06,Infrastructure,Storage,388.15,1
2026-01-26,MAC-06,Infrastructure,Networking,348.7,1
2026-01-26,MAC-06,Infrastructure,Data Services,424.64,1
2026-01-26,MAC-07,ML,Data Services,679.79,1
2026-01-26,MAC-07,ML,Storage,570.04,1
2026-01-26,MAC-07,ML,Compute,1869.43,1
2026-01-26,MAC-07,ML,Networking,218.91,1
2026-01-26,MAC-07,Research,Storage,454.34,1
2026-01-26,MAC-07,Research,Networking,178.44,1
2026-01-26,MAC-07,Research,Data Services,733.42,1
2026-01-26,MAC-07,Research,Compute,725.58,1
2026-01-26,MAC-08,Finance,Compute,291.47,1
2026-01-26,MAC-08,Finance,Networking,101.84,1
2026-01-26,MAC-08,Finance,Data Services,494.83,1
2026-01-26,MAC-08,Finance,Storage,199.84,1
2026-01-26,MAC-08,Operations,Storage,277.08,1
2026-01-26,MAC-08,Operations,Compute,505.17,1
2026-01-26,MAC-08,Operations,Data Services,363.07,1
2026-01-26,MAC-08,Operations,Networking,130.53,1
2026-01-27,MAC-01,DevOps,Storage,326.55,1
2026-01-27,MAC-01,DevOps,Compute,1080.4,1
2026-01-27,MAC-01,DevOps,Data Services,473.69,1
2026-01-27,MAC-01,DevOps,Networking,192.37,1
2026-01-27,MAC-01,Platform,Storage,251.89,1
2026-01-27,MAC-01,Platform,Compute,1261.65,1
2026-01-27,MAC-01,Platform,Networking,228.21,1
2026-01-27,MAC-01,Platform,Data Services,415.06,1
2026-01-27,MAC-02,Analytics,Storage,523.26,1
2026-01-27,MAC-02,Analytics,Compute,897.88,1
2026-01-27,MAC-02,Analytics,Data Services,817.51,1
2026-01-27,MAC-02,Analytics,Networking,157.75,1
2026-01-27,MAC-02,DataEngineering,Compute,897.99,1
2026-01-27,MAC-02,DataEngineering,Data Services,809.25,1
2026-01-27,MAC-02,DataEngineering,Networking,199.81,1
2026-01-27,MAC-02,DataEngineering,Storage,596.28,1
2026-01-27,MAC-03,Frontend,Networking,104.21,1
2026-01-27,MAC-03,Frontend,Storage,174.92,1
2026-01-27,MAC-03,Frontend,Compute,456.17,1
2026-01-27,MAC-03,Frontend,Data Services,202.26,1
2026-01-27,MAC-03,Product,Storage,213.72,1
2026-01-27,MAC-03,Product,Compute,542.7,1
2026-01-27,MAC-03,Product,Data Services,332.31,1
2026-01-27,MAC-03,Product,Networking,143.49,1
2026-01-27,MAC-04,Backend,Networking,239.86,1
2026-01-27,MAC-04,Backend,Storage,359.19,1
2026-01-27,MAC-04,Backend,Data Services,573.03,1
2026-01-27,MAC-04,Backend,Compute,931.66,1
2026-01-27,MAC-04,QA,Networking,90.59,1
2026-01-27,MAC-04,QA,Storage,178.0,1
2026-01-27,MAC-04,QA,Data Services,242.36,1
2026-01-27,MAC-04,QA,Compute,361.9,1
2026-01-27,MAC-05,Compliance,Storage,223.94,1
2026-01-27,MAC-05,Compliance,Networking,176.23,1
2026-01-27,MAC-05,Compliance,Compute,419.7,1
2026-01-27,MAC-05,Compliance,Data Services,345.03,1
2026-01-27,MAC-05,Security,Data Services,356.08,1
2026-01-27,MAC-05,Security,Compute,747.47,1
2026-01-27,MAC-05,Security,Storage,287.67,1
2026-01-27,MAC-05,Security,Networking,340.55,1
2026-01-27,MAC-06,CloudOps,Compute,1469.79,1
2026-01-27,MAC-06,CloudOps,Data Services,468.1,1
2026-01-27,MAC-06,CloudOps,Networking,365.96,1
2026-01-27,MAC-06,CloudOps,Storage,449.23,1
2026-01-27,MAC-06,Infrastructure,Storage,437.76,1
2026-01-27,MAC-06,Infrastructure,Networking,398.61,1
2026-01-27,MAC-06,Infrastructure,Compute,1397.55,1
2026-01-27,MAC-06,Infrastructure,Data Services,379.82,1
2026-01-27,MAC-07,ML,Storage,488.02,1
2026-01-27,MAC-07,ML,Data Services,707.48,1
2026-01-27,MAC-07,ML,Compute,1533.77,1
2026-01-27,MAC-07,ML,Networking,213.37,1
2026-01-27,MAC-07,Research,Storage,465.86,1
2026-01-27,MAC-07,Research,Data Services,593.55,1
2026-01-27,MAC-07,Research,Networking,192.26,1
2026-01-27,MAC-07,Research,Compute,732.22,1
2026-01-27,MAC-08,Finance,Networking,110.83,1
2026-01-27,MAC-08,Finance,Compute,276.98,1
2026-01-27,MAC-08,Finance,Data Services,505.44,1
2026-01-27,MAC-08,Finance,Storage,201.84,1
2026-01-27,MAC-08,Operations,Networking,131.76,1
2026-01-27,MAC-08,Operations,Data Services,358.51,1
2026-01-27,MAC-08,Operations,Compute,480.85,1
2026-01-27,MAC-08,Operations,Storage,337.87,1
2026-01-28,MAC-01,DevOps,Storage,292.4,1
2026-01-28,MAC-01,DevOps,Compute,1441.58,1
2026-01-28,MAC-01,DevOps,Data Services,425.32,1
2026-01-28,MAC-01,DevOps,Networking,193.58,1
2026-01-28,MAC-01,Platform,Data Services,436.08,1
2026-01-28,MAC-01,Platform,Storage,262.98,1
2026-01-28,MAC-01,Platform,Compute,1004.49,1
2026-01-28,MAC-01,Platform,Networking,271.46,1
2026-01-28,MAC-02,Analytics,Storage,555.7,1
2026-01-28,MAC-02,Analytics,Compute,871.43,1
2026-01-28,MAC-02,Analytics,Data Services,813.78,1
2026-01-28,MAC-02,Analytics,Networking,176.0,1
2026-01-28,MAC-02,DataEngineering,Storage,651.33,1
2026-01-28,MAC-02,DataEngineering,Compute,922.39,1
2026-01-28,MAC-02,DataEngineering,Networking,210.32,1
2026-01-28,MAC-02,DataEngineering,Data Services,866.44,1
2026-01-28,MAC-03,Frontend,Data Services,200.28,1
2026-01-28,MAC-03,Frontend,Compute,476.59,1
2026-01-28,MAC-03,Frontend,Storage,137.03,1
2026-01-28,MAC-03,Frontend,Networking,102.93,1
2026-01-28,MAC-03,Product,Storage,216.52,1
2026-01-28,MAC-03,Product,Compute,559.31,1
2026-01-28,MAC-03,Product,Data Services,286.21,1
2026-01-28,MAC-03,Product,Networking,130.5,1
2026-01-28,MAC-04,Backend,Storage,405.96,1
2026-01-28,MAC-04,Backend,Networking,246.19,1
2026-01-28,MAC-04,Backend,Compute,905.98,1
2026-01-28,MAC-04,Backend,Data Services,603.63,1
2026-01-28,MAC-04,QA,Networking,102.17,1
2026-01-28,MAC-04,QA,Data Services,279.18,1
2026-01-28,MAC-04,QA,Compute,464.39,1
2026-01-28,MAC-04,QA,Storage,187.4,1
2026-01-28,MAC-05,Compliance,Compute,334.47,1
2026-01-28,MAC-05,Compliance,Networking,180.69,1
2026-01-28,MAC-05,Compliance,Data Services,330.64,1
2026-01-28,MAC-05,Compliance,Storage,226.41,1
2026-01-28,MAC-05,Security,Data Services,380.58,1
2026-01-28,MAC-05,Security,Compute,812.99,1
2026-01-28,MAC-05,Security,Storage,242.14,1
2026-01-28,MAC-05,Security,Networking,268.84,1
2026-01-28,MAC-06,CloudOps,Compute,1406.85,1
2026-01-28,MAC-06,CloudOps,Networking,368.04,1
2026-01-28,MAC-06,CloudOps,Data Services,435.51,1
2026-01-28,MAC-06,CloudOps,Storage,380.21,1
2026-01-28,MAC-06,Infrastructure,Storage,452.8,1
2026-01-28,MAC-06,Infrastructure,Compute,1580.75,1
2026-01-28,MAC-06,Infrastructure,Data Services,505.99,1
2026-01-28,MAC-06,Infrastructure,Networking,350.37,1
2026-01-28,MAC-07,ML,Storage,597.0,1
2026-01-28,MAC-07,ML,Networking,241.78,1
2026-01-28,MAC-07,ML,Compute,1750.35,1
2026-01-28,MAC-07,ML,Data Services,631.91,1
2026-01-28,MAC-07,Research,Data Services,770.37,1
2026-01-28,MAC-07,Research,Compute,915.0,1
2026-01-28,MAC-07,Research,Networking,174.61,1
2026-01-28,MAC-07,Research,Storage,512.35,1
2026-01-28,MAC-08,Finance,Storage,179.33,1
2026-01-28,MAC-08,Finance,Networking,97.07,1
2026-01-28,MAC-08,Finance,Data Services,520.37,1
2026-01-28,MAC-08,Finance,Compute,331.51,1
2026-01-28,MAC-08,Operations,Compute,474.26,1
2026-01-28,MAC-08,Operations,Storage,288.38,1
2026-01-28,MAC-08,Operations,Networking,137.12,1
2026-01-28,MAC-08,Operations,Data Services,406.31,1
2026-01-29,MAC-01,DevOps,Storage,296.18,1
2026-01-29,MAC-01,DevOps,Networking,202.95,1
2026-01-29,MAC-01,DevOps,Compute,1310.18,1
2026-01-29,MAC-01,DevOps,Data Services,447.43,1
2026-01-29,MAC-01,Platform,Storage,336.68,1
2026-01-29,MAC-01,Platform,Data Services,434.87,1
2026-01-29,MAC-01,Platform,Compute,1334.26,1
2026-01-29,MAC-01,Platform,Networking,241.39,1
2026-01-29,MAC-02,Analytics,Compute,1019.29,1
2026-01-29,MAC-02,Analytics,Networking,168.29,1
2026-01-29,MAC-02,Analytics,Data Services,768.2,1
2026-01-29,MAC-02,Analytics,Storage,525.61,1
2026-01-29,MAC-02,DataEngineering,Storage,551.73,1
2026-01-29,MAC-02,DataEngineering,Networking,201.34,1
2026-01-29,MAC-02,DataEngineering,Compute,909.71,1
2026-01-29,MAC-02,DataEngineering,Data Services,863.51,1
2026-01-29,MAC-03,Frontend,Storage,167.73,1
2026-01-29,MAC-03,Frontend,Compute,562.65,1
2026-01-29,MAC-03,Frontend,Networking,106.35,1
2026-01-29,MAC-03,Frontend,Data Services,188.48,1
2026-01-29,MAC-03,Product,Data Services,299.87,1
2026-01-29,MAC-03,Product,Networking,142.39,1
2026-01-29,MAC-03,Product,Compute,707.96,1
2026-01-29,MAC-03,Product,Storage,219.68,1
2026-01-29,MAC-04,Backend,Storage,407.51,1
2026-01-29,MAC-04,Backend,Networking,209.67,1
2026-01-29,MAC-04,Backend,Compute,852.97,1
2026-01-29,MAC-04,Backend,Data Services,602.62,1
2026-01-29,MAC-04,QA,Data Services,230.33,1
2026-01-29,MAC-04,QA,Compute,406.26,1
2026-01-29,MAC-04,QA,Storage,184.94,1
2026-01-29,MAC-04,QA,Networking,107.38,1
2026-01-29,MAC-05,Compliance,Data Services,324.38,1
2026-01-29,MAC-05,Compliance,Networking,152.88,1
2026-01-29,MAC-05,Compliance,Compute,353.63,1
2026-01-29,MAC-05,Compliance,Storage,231.75,1
2026-01-29,MAC-05,Security,Data Services,386.58,1
2026-01-29,MAC-05,Security,Networking,282.24,1
2026-01-29,MAC-05,Security,Compute,719.23,1
2026-01-29,MAC-05,Security,Storage,263.16,1
2026-01-29,MAC-06,CloudOps,Data Services,475.41,1
2026-01-29,MAC-06,CloudOps,Networking,384.99,1
2026-01-29,MAC-06,CloudOps,Storage,394.73,1
2026-01-29,MAC-06,CloudOps,Compute,1463.49,1
2026-01-29,MAC-06,Infrastructure,Data Services,402.82,1
2026-01-29,MAC-06,Infrastructure,Networking,335.97,1
2026-01-29,MAC-06,Infrastructure,Compute,1650.67,1
2026-01-29,MAC-06,Infrastructure,Storage,480.38,1
2026-01-29,MAC-07,ML,Storage,452.6,1
2026-01-29,MAC-07,ML,Networking,223.44,1
2026-01-29,MAC-07,ML,Compute,1658.28,1
2026-01-29,MAC-07,ML,Data Services,629.86,1
2026-01-29,MAC-07,Research,Storage,518.76,1
2026-01-29,MAC-07,Research,Networking,214.1,1
2026-01-29,MAC-07,Research,Compute,907.96,1
2026-01-29,MAC-07,Research,Data Services,649.93,1
2026-01-29,MAC-08,Finance,Compute,297.47,1
2026-01-29,MAC-08,Finance,Networking,110.01,1
2026-01-29,MAC-08,Finance,Data Services,419.05,1
2026-01-29,MAC-08,Finance,Storage,193.9,1
2026-01-29,MAC-08,Operations,Networking,153.07,1
2026-01-29,MAC-08,Operations,Data Services,417.53,1
2026-01-29,MAC-08,Operations,Compute,454.97,1
2026-01-29,MAC-08,Operations,Storage,291.7,1
2026-01-30,MAC-01,DevOps,Networking,213.78,1
2026-01-30,MAC-01,DevOps,Data Services,451.77,1
2026-01-30,MAC-01,DevOps,Compute,1356.06,1
2026-01-30,MAC-01,DevOps,Storage,314.98,1
2026-01-30,MAC-01,Platform,Storage,316.28,1
2026-01-30,MAC-01,Platform,Compute,1001.65,1
2026-01-30,MAC-01,Platform,Data Services,396.47,1
2026-01-30,MAC-01,Platform,Networking,242.36,1
2026-01-30,MAC-02,Analytics,Compute,808.1,1
2026-01-30,MAC-02,Analytics,Networking,154.05,1
2026-01-30,MAC-02,Analytics,Data Services,883.48,1
2026-01-30,MAC-02,Analytics,Storage,597.74,1
2026-01-30,MAC-02,DataEngineering,Compute,1075.46,1
2026-01-30,MAC-02,DataEngineering,Storage,575.09,1
2026-01-30,MAC-02,DataEngineering,Data Services,847.26,1
2026-01-30,MAC-02,DataEngineering,Networking,173.78,1
2026-01-30,MAC-03,Frontend,Networking,121.35,1
2026-01-30,MAC-03,Frontend,Data Services,191.43,1
2026-01-30,MAC-03,Frontend,Compute,495.53,1
2026-01-30,MAC-03,Frontend,Storage,135.85,1
2026-01-30,MAC-03,Product,Compute,676.72,1
2026-01-30,MAC-03,Product,Networking,142.69,1
2026-01-30,MAC-03,Product,Data Services,298.65,1
2026-01-30,MAC-03,Product,Storage,197.92,1
2026-01-30,MAC-04,Backend,Data Services,459.06,1
2026-01-30,MAC-04,Backend,Storage,369.71,1
2026-01-30,MAC-04,Backend,Networking,234.51,1
2026-01-30,MAC-04,Backend,Compute,1101.88,1
2026-01-30,MAC-04,QA,Compute,374.77,1
2026-01-30,MAC-04,QA,Storage,178.55,1
2026-01-30,MAC-04,QA,Data Services,244.62,1
2026-01-30,MAC-04,QA,Networking,88.26,1
2026-01-30,MAC-05,Compliance,Compute,370.39,1
2026-01-30,MAC-05,Compliance,Networking,175.36,1
2026-01-30,MAC-05,Compliance,Data Services,289.7,1
2026-01-30,MAC-05,Compliance,Storage,200.58,1
2026-01-30,MAC-05,Security,Storage,290.05,1
2026-01-30,MAC-05,Security,Networking,328.1,1
2026-01-30,MAC-05,Security,Compute,799.87,1
2026-01-30,MAC-05,Security,Data Services,327.81,1
2026-01-30,MAC-06,CloudOps,Data Services,365.31,1
2026-01-30,MAC-06,CloudOps,Networking,339.91,1
2026-01-30,MAC-06,CloudOps,Compute,1548.47,1
2026-01-30,MAC-06,CloudOps,Storage,394.93,1
2026-01-30,MAC-06,Infrastructure,Storage,418.74,1
2026-01-30,MAC-06,Infrastructure,Networking,395.68,1
2026-01-30,MAC-06,Infrastructure,Compute,1359.62,1
2026-01-30,MAC-06,Infrastructure,Data Services,438.38,1
2026-01-30,MAC-07,ML,Networking,240.91,1
2026-01-30,MAC-07,ML,Storage,557.03,1
2026-01-30,MAC-07,ML,Compute,1544.35,1
2026-01-30,MAC-07,ML,Data Services,729.78,1
2026-01-30,MAC-07,Research,Compute,831.66,1
2026-01-30,MAC-07,Research,Networking,207.51,1
2026-01-30,MAC-07,Research,Data Services,756.06,1
2026-01-30,MAC-07,Research,Storage,547.07,1
2026-01-30,MAC-08,Finance,Data Services,457.99,1
2026-01-30,MAC-08,Finance,Networking,102.84,1
2026-01-30,MAC-08,Finance,Storage,200.46,1
2026-01-30,MAC-08,Finance,Compute,286.74,1
2026-01-30,MAC-08,Operations,Storage,359.01,1
2026-01-30,MAC-08,Operations,Compute,463.04,1
2026-01-30,MAC-08,Operations,Data Services,433.51,1
2026-01-30,MAC-08,Operations,Networking,123.85,1
2026-01-31,MAC-01,DevOps,Compute,1363.25,1
2026-01-31,MAC-01,DevOps,Networking,202.71,1
2026-01-31,MAC-01,DevOps,Data Services,374.36,1
2026-01-31,MAC-01,DevOps,Storage,330.65,1
2026-01-31,MAC-01,Platform,Storage,282.29,1
2026-01-31,MAC-01,Platform,Networking,254.92,1
2026-01-31,MAC-01,Platform,Data Services,451.97,1
2026-01-31,MAC-01,Platform,Compute,1067.86,1
2026-01-31,MAC-02,Analytics,Data Services,858.75,1
2026-01-31,MAC-02,Analytics,Compute,770.58,1
2026-01-31,MAC-02,Analytics,Networking,191.52,1
2026-01-31,MAC-02,Analytics,Storage,625.49,1
2026-01-31,MAC-02,DataEngineering,Data Services,854.59,1
2026-01-31,MAC-02,DataEngineering,Networking,163.99,1
2026-01-31,MAC-02,DataEngineering,Compute,864.3,1
2026-01-31,MAC-02,DataEngineering,Storage,649.69,1
2026-01-31,MAC-03,Frontend,Storage,146.42,1
2026-01-31,MAC-03,Frontend,Compute,489.31,1
2026-01-31,MAC-03,Frontend,Data Services,226.74,1
2026-01-31,MAC-03,Frontend,Networking,113.32,1
2026-01-31,MAC-03,Product,Storage,240.45,1
2026-01-31,MAC-03,Product,Data Services,293.42,1
2026-01-31,MAC-03,Product,Compute,614.53,1
2026-01-31,MAC-03,Product,Networking,129.12,1
2026-01-31,MAC-04,Backend,Storage,347.34,1
2026-01-31,MAC-04,Backend,Compute,967.54,1
2026-01-31,MAC-04,Backend,Data Services,580.72,1
2026-01-31,MAC-04,Backend,Networking,264.47,1
2026-01-31,MAC-04,QA,Storage,191.49,1
2026-01-31,MAC-04,QA,Compute,435.41,1
2026-01-31,MAC-04,QA,Data Services,266.18,1
2026-01-31,MAC-04,QA,Networking,91.32,1
2026-01-31,MAC-05,Compliance,Data Services,311.31,1
2026-01-31,MAC-05,Compliance,Networking,137.86,1
2026-01-31,MAC-05,Compliance,Compute,316.89,1
2026-01-31,MAC-05,Compliance,Storage,254.06,1
2026-01-31,MAC-05,Security,Data Services,374.22,1
2026-01-31,MAC-05,Security,Networking,286.46,1
2026-01-31,MAC-05,Security,Compute,714.15,1
2026-01-31,MAC-05,Security,Storage,280.45,1
2026-01-31,MAC-06,CloudOps,Storage,398.59,1
2026-01-31,MAC-06,CloudOps,Compute,1221.6,1
2026-01-31,MAC-06,CloudOps,Data Services,382.83,1
2026-01-31,MAC-06,CloudOps,Networking,373.55,1
2026-01-31,MAC-06,Infrastructure,Storage,469.75,1
2026-01-31,MAC-06,Infrastructure,Networking,395.48,1
2026-01-31,MAC-06,Infrastructure,Data Services,468.39,1
2026-01-31,MAC-06,Infrastructure,Compute,1572.35,1
2026-01-31,MAC-07,ML,Networking,228.28,1
2026-01-31,MAC-07,ML,Storage,516.52,1
2026-01-31,MAC-07,ML,Data Services,685.28,1
2026-01-31,MAC-07,ML,Compute,1766.0,1
2026-01-31,MAC-07,Research,Data Services,666.31,1
2026-01-31,MAC-07,Research,Networking,213.41,1
2026-01-31,MAC-07,Research,Compute,816.8,1
2026-01-31,MAC-07,Research,Storage,535.37,1
2026-01-31,MAC-08,Finance,Storage,237.31,1
2026-01-31,MAC-08,Finance,Compute,303.73,1
2026-01-31,MAC-08,Finance,Networking,101.56,1
2026-01-31,MAC-08,Finance,Data Services,427.29,1
2026-01-31,MAC-08,Operations,Networking,155.98,1
2026-01-31,MAC-08,Operations,Compute,544.7,1
2026-01-31,MAC-08,Operations,Data Services,374.67,1
2026-01-31,MAC-08,Operations,Storage,358.55,1
2026-02-01,MAC-01,DevOps,Networking,190.56,1
2026-02-01,MAC-01,DevOps,Storage,275.92,1
2026-02-01,MAC-01,DevOps,Compute,1243.21,1
2026-02-01,MAC-01,DevOps,Data Services,468.57,1
2026-02-01,MAC-01,Platform,Compute,1236.4,1
2026-02-01,MAC-01,Platform,Storage,341.18,1
2026-02-01,MAC-01,Platform,Networking,283.52,1
2026-02-01,MAC-01,Platform,Data Services,378.53,1
2026-02-01,MAC-02,Analytics,Data Services,803.24,1
2026-02-01,MAC-02,Analytics,Networking,166.12,1
2026-02-01,MAC-02,Analytics,Compute,990.97,1
2026-02-01,MAC-02,Analytics,Storage,660.77,1
2026-02-01,MAC-02,DataEngineering,Storage,652.5,1
2026-02-01,MAC-02,DataEngineering,Networking,163.85,1
2026-02-01,MAC-02,DataEngineering,Data Services,965.19,1
2026-02-01,MAC-02,DataEngineering,Compute,998.81,1
2026-02-01,MAC-03,Frontend,Data Services,240.38,1
2026-02-01,MAC-03,Frontend,Storage,162.6,1
2026-02-01,MAC-03,Frontend,Networking,116.49,1
2026-02-01,MAC-03,Frontend,Compute,508.49,1
2026-02-01,MAC-03,Product,Data Services,308.57,1
2026-02-01,MAC-03,Product,Storage,191.85,1
2026-02-01,MAC-03,Product,Networking,125.35,1
2026-02-01,MAC-03,Product,Compute,625.45,1
2026-02-01,MAC-04,Backend,Storage,350.9,1
2026-02-01,MAC-04,Backend,Compute,974.59,1
2026-02-01,MAC-04,Backend,Data Services,481.37,1
2026-02-01,MAC-04,Backend,Networking,236.25,1
2026-02-01,MAC-04,QA,Compute,426.92,1
2026-02-01,MAC-04,QA,Storage,210.57,1
2026-02-01,MAC-04,QA,Data Services,242.82,1
2026-02-01,MAC-04,QA,Networking,106.15,1
2026-02-01,MAC-05,Compliance,Storage,260.06,1
2026-02-01,MAC-05,Compliance,Networking,148.03,1
2026-02-01,MAC-05,Compliance,Compute,334.36,1
2026-02-01,MAC-05,Compliance,Data Services,307.33,1
2026-02-01,MAC-05,Security,Networking,337.57,1
2026-02-01,MAC-05,Security,Storage,233.09,1
2026-02-01,MAC-05,Security,Compute,723.6,1
2026-02-01,MAC-05,Security,Data Services,384.06,1
2026-02-01,MAC-06,CloudOps,Networking,342.68,1
2026-02-01,MAC-06,CloudOps,Storage,384.6,1
2026-02-01,MAC-06,CloudOps,Compute,1578.27,1
2026-02-01,MAC-06,CloudOps,Data Services,466.16,1
2026-02-01,MAC-06,Infrastructure,Storage,430.48,1
2026-02-01,MAC-06,Infrastructure,Data Services,460.74,1
2026-02-01,MAC-06,Infrastructure,Compute,1593.22,1
2026-02-01,MAC-06,Infrastructure,Networking,327.16,1
2026-02-01,MAC-07,ML,Data Services,749.52,1
2026-02-01,MAC-07,ML,Storage,512.17,1
2026-02-01,MAC-07,ML,Compute,1711.73,1
2026-02-01,MAC-07,ML,Networking,204.12,1
2026-02-01,MAC-07,Research,Storage,428.99,1
2026-02-01,MAC-07,Research,Data Services,722.55,1
2026-02-01,MAC-07,Research,Compute,848.94,1
2026-02-01,MAC-07,Research,Networking,198.28,1
2026-02-01,MAC-08,Finance,Storage,186.2,1
2026-02-01,MAC-08,Finance,Compute,347.12,1
2026-02-01,MAC-08,Finance,Data Services,527.6,1
2026-02-01,MAC-08,Finance,Networking,119.25,1
2026-02-01,MAC-08,Operations,Storage,285.43,1
2026-02-01,MAC-08,Operations,Networking,158.58,1
2026-02-01,MAC-08,Operations,Data Services,366.86,1
2026-02-01,MAC-08,Operations,Compute,408.73,1
2026-02-02,MAC-01,DevOps,Networking,206.18,1
2026-02-02,MAC-01,DevOps,Data Services,478.91,1
2026-02-02,MAC-01,DevOps,Compute,1433.9,1
2026-02-02,MAC-01,DevOps,Storage,301.78,1
2026-02-02,MAC-01,Platform,Storage,312.21,1
2026-02-02,MAC-01,Platform,Data Services,443.24,1
2026-02-02,MAC-01,Platform,Networking,231.89,1
2026-02-02,MAC-01,Platform,Compute,1032.47,1
2026-02-02,MAC-02,Analytics,Compute,797.12,1
2026-02-02,MAC-02,Analytics,Networking,149.92,1
2026-02-02,MAC-02,Analytics,Data Services,904.5,1
2026-02-02,MAC-02,Analytics,Storage,605.75,1
2026-02-02,MAC-02,DataEngineering,Compute,1052.23,1
2026-02-02,MAC-02,DataEngineering,Networking,177.78,1
2026-02-02,MAC-02,DataEngineering,Data Services,894.58,1
2026-02-02,MAC-02,DataEngineering,Storage,732.09,1
2026-02-02,MAC-03,Frontend,Data Services,231.32,1
2026-02-02,MAC-03,Frontend,Networking,103.08,1
2026-02-02,MAC-03,Frontend,Storage,182.19,1
2026-02-02,MAC-03,Frontend,Compute,574.69,1
2026-02-02,MAC-03,Product,Data Services,360.53,1
2026-02-02,MAC-03,Product,Compute,732.97,1
2026-02-02,MAC-03,Product,Networking,145.66,1
2026-02-02,MAC-03,Product,Storage,200.74,1
2026-02-02,MAC-04,Backend,Compute,1033.98,1
2026-02-02,MAC-04,Backend,Storage,363.67,1
2026-02-02,MAC-04,Backend,Networking,248.25,1
2026-02-02,MAC-04,Backend,Data Services,480.83,1
2026-02-02,MAC-04,QA,Data Services,241.69,1
2026-02-02,MAC-04,QA,Compute,403.7,1
2026-02-02,MAC-04,QA,Networking,84.39,1
2026-02-02,MAC-04,QA,Storage,197.83,1
2026-02-02,MAC-05,Compliance,Networking,159.44,1
2026-02-02,MAC-05,Compliance,Data Services,315.55,1
2026-02-02,MAC-05,Compliance,Compute,408.23,1
2026-02-02,MAC-05,Compliance,Storage,205.89,1
2026-02-02,MAC-05,Security,Storage,246.09,1
2026-02-02,MAC-05,Security,Networking,293.75,1
2026-02-02,MAC-05,Security,Data Services,399.21,1
2026-02-02,MAC-05,Security,Compute,737.87,1
2026-02-02,MAC-06,CloudOps,Networking,380.27,1
2026-02-02,MAC-06,CloudOps,Data Services,409.12,1
2026-02-02,MAC-06,CloudOps,Compute,1331.47,1
2026-02-02,MAC-06,CloudOps,Storage,458.67,1
2026-02-02,MAC-06,Infrastructure,Data Services,504.8,1
2026-02-02,MAC-06,Infrastructure,Networking,378.47,1
2026-02-02,MAC-06,Infrastructure,Compute,1701.64,1
2026-02-02,MAC-06,Infrastructure,Storage,435.58,1
2026-02-02,MAC-07,ML,Storage,609.77,1
2026-02-02,MAC-07,ML,Networking,181.75,1
2026-02-02,MAC-07,ML,Compute,1629.9,1
2026-02-02,MAC-07,ML,Data Services,837.23,1
2026-02-02,MAC-07,Research,Data Services,658.73,1
2026-02-02,MAC-07,Research,Compute,800.93,1
2026-02-02,MAC-07,Research,Storage,501.93,1
2026-02-02,MAC-07,Research,Networking,171.69,1
2026-02-02,MAC-08,Finance,Data Services,503.31,1
2026-02-02,MAC-08,Finance,Networking,91.01,1
2026-02-02,MAC-08,Finance,Storage,205.88,1
2026-02-02,MAC-08,Finance,Compute,331.88,1
2026-02-02,MAC-08,Operations,Storage,274.85,1
2026-02-02,MAC-08,Operations,Compute,465.28,1
2026-02-02,MAC-08,Operations,Networking,151.12,1
2026-02-02,MAC-08,Operations,Data Services,381.4,1
2026-02-03,MAC-01,DevOps,Compute,1177.66,1
2026-02-03,MAC-01,DevOps,Networking,227.61,1
2026-02-03,MAC-01,DevOps,Data Services,472.09,1
2026-02-03,MAC-01,DevOps,Storage,331.99,1
2026-02-03,MAC-01,Platform,Storage,292.98,1
2026-02-03,MAC-01,Platform,Networking,245.58,1
2026-02-03,MAC-01,Platform,Data Services,351.82,1
2026-02-03,MAC-01,Platform,Compute,1118.52,1
2026-02-03,MAC-02,Analytics,Compute,1028.07,1
2026-02-03,MAC-02,Analytics,Storage,643.57,1
2026-02-03,MAC-02,Analytics,Networking,166.23,1
2026-02-03,MAC-02,Analytics,Data Services,898.54,1
2026-02-03,MAC-02,DataEngineering,Storage,668.3,1
2026-02-03,MAC-02,DataEngineering,Compute,1098.42,1
2026-02-03,MAC-02,DataEngineering,Networking,168.08,1
2026-02-03,MAC-02,DataEngineering,Data Services,892.24,1
2026-02-03,MAC-03,Frontend,Networking,108.25,1
2026-02-03,MAC-03,Frontend,Compute,609.15,1
2026-02-03,MAC-03,Frontend,Data Services,217.84,1
2026-02-03,MAC-03,Frontend,Storage,158.93,1
2026-02-03,MAC-03,Product,Data Services,348.59,1
2026-02-03,MAC-03,Product,Compute,659.0,1
2026-02-03,MAC-03,Product,Networking,110.63,1
2026-02-03,MAC-03,Product,Storage,212.58,1
2026-02-03,MAC-04,Backend,Networking,259.17,1
2026-02-03,MAC-04,Backend,Storage,389.37,1
2026-02-03,MAC-04,Backend,Compute,912.97,1
2026-02-03,MAC-04,Backend,Data Services,521.69,1
2026-02-03,MAC-04,QA,Data Services,259.68,1
2026-02-03,MAC-04,QA,Compute,465.54,1
2026-02-03,MAC-04,QA,Storage,163.96,1
2026-02-03,MAC-04,QA,Networking,92.76,1
2026-02-03,MAC-05,Compliance,Compute,416.5,1
2026-02-03,MAC-05,Compliance,Storage,216.56,1
2026-02-03,MAC-05,Compliance,Data Services,319.24,1
2026-02-03,MAC-05,Compliance,Networking,156.39,1
2026-02-03,MAC-05,Security,Data Services,330.75,1
2026-02-03,MAC-05,Security,Compute,663.04,1
2026-02-03,MAC-05,Security,Networking,331.16,1
2026-02-03,MAC-05,Security,Storage,277.55,1
2026-02-03,MAC-06,CloudOps,Storage,457.62,1
2026-02-03,MAC-06,CloudOps,Data Services,445.21,1
2026-02-03,MAC-06,CloudOps,Networking,318.89,1
2026-02-03,MAC-06,CloudOps,Compute,1265.8,1
2026-02-03,MAC-06,Infrastructure,Networking,400.17,1
2026-02-03,MAC-06,Infrastructure,Compute,1388.65,1
2026-02-03,MAC-06,Infrastructure,Data Services,469.79,1
2026-02-03,MAC-06,Infrastructure,Storage,437.41,1
2026-02-03,MAC-07,ML,Data Services,814.79,1
2026-02-03,MAC-07,ML,Networking,205.7,1
2026-02-03,MAC-07,ML,Compute,1912.3,1
2026-02-03,MAC-07,ML,Storage,512.09,1
2026-02-03,MAC-07,Research,Data Services,669.64,1
2026-02-03,MAC-07,Research,Compute,762.26,1
2026-02-03,MAC-07,Research,Storage,546.38,1
2026-02-03,MAC-07,Research,Networking,168.21,1
2026-02-03,MAC-08,Finance,Storage,192.8,1
2026-02-03,MAC-08,Finance,Networking,115.14,1
2026-02-03,MAC-08,Finance,Data Services,432.91,1
2026-02-03,MAC-08,Finance,Compute,306.53,1
2026-02-03,MAC-08,Operations,Compute,522.8,1
2026-02-03,MAC-08,Operations,Networking,127.79,1
2026-02-03,MAC-08,Operations,Data Services,373.18,1
2026-02-03,MAC-08,Operations,Storage,339.33,1
2026-02-04,MAC-01,DevOps,Storage,320.04,1
2026-02-04,MAC-01,DevOps,Data Services,420.8,1
2026-02-04,MAC-01,DevOps,Networking,210.74,1
2026-02-04,MAC-01,DevOps,Compute,1242.79,1
2026-02-04,MAC-01,Platform,Data Services,382.33,1
2026-02-04,MAC-01,Platform,Networking,306.74,1
2026-02-04,MAC-01,Platform,Compute,1236.55,1
2026-02-04,MAC-01,Platform,Storage,306.03,1
2026-02-04,MAC-02,Analytics,Networking,175.13,1
2026-02-04,MAC-02,Analytics,Compute,893.03,1
2026-02-04,MAC-02,Analytics,Data Services,1025.69,1
2026-02-04,MAC-02,Analytics,Storage,603.52,1
2026-02-04,MAC-02,DataEngineering,Data Services,992.95,1
2026-02-04,MAC-02,DataEngineering,Networking,189.87,1
2026-02-04,MAC-02,DataEngineering,Compute,1035.53,1
2026-02-04,MAC-02,DataEngineering,Storage,653.19,1
2026-02-04,MAC-03,Frontend,Networking,98.78,1
2026-02-04,MAC-03,Frontend,Data Services,193.33,1
2026-02-04,MAC-03,Frontend,Compute,566.56,1
2026-02-04,MAC-03,Frontend,Storage,179.23,1
2026-02-04,MAC-03,Product,Storage,214.11,1
2026-02-04,MAC-03,Product,Compute,580.61,1
2026-02-04,MAC-03,Product,Data Services,273.41,1
2026-02-04,MAC-03,Product,Networking,139.31,1
2026-02-04,MAC-04,Backend,Data Services,519.57,1
2026-02-04,MAC-04,Backend,Compute,1151.22,1
2026-02-04,MAC-04,Backend,Networking,233.81,1
2026-02-04,MAC-04,Backend,Storage,387.71,1
2026-02-04,MAC-04,QA,Data Services,257.32,1
2026-02-04,MAC-04,QA,Compute,486.62,1
2026-02-04,MAC-04,QA,Storage,183.16,1
2026-02-04,MAC-04,QA,Networking,110.24,1
2026-02-04,MAC-05,Compliance,Compute,394.03,1
2026-02-04,MAC-05,Compliance,Data Services,317.18,1
2026-02-04,MAC-05,Compliance,Networking,164.3,1
2026-02-04,MAC-05,Compliance,Storage,223.89,1
2026-02-04,MAC-05,Security,Data Services,332.62,1
2026-02-04,MAC-05,Security,Networking,325.33,1
2026-02-04,MAC-05,Security,Storage,261.97,1
2026-02-04,MAC-05,Security,Compute,834.64,1
2026-02-04,MAC-06,CloudOps,Compute,1396.03,1
2026-02-04,MAC-06,CloudOps,Storage,412.17,1
2026-02-04,MAC-06,CloudOps,Networking,372.89,1
2026-02-04,MAC-06,CloudOps,Data Services,385.14,1
2026-02-04,MAC-06,Infrastructure,Storage,429.39,1
2026-02-04,MAC-06,Infrastructure,Networking,358.59,1
2026-02-04,MAC-06,Infrastructure,Compute,1667.04,1
2026-02-04,MAC-06,Infrastructure,Data Services,446.21,1
2026-02-04,MAC-07,ML,Storage,587.79,1
2026-02-04,MAC-07,ML,Data Services,654.12,1
2026-02-04,MAC-07,ML,Networking,206.63,1
2026-02-04,MAC-07,ML,Compute,1578.66,1
2026-02-04,MAC-07,Research,Compute,732.55,1
2026-02-04,MAC-07,Research,Networking,175.49,1
2026-02-04,MAC-07,Research,Storage,517.36,1
2026-02-04,MAC-07,Research,Data Services,628.62,1
2026-02-04,MAC-08,Finance,Storage,183.0,1
2026-02-04,MAC-08,Finance,Compute,317.78,1
2026-02-04,MAC-08,Finance,Networking,93.13,1
2026-02-04,MAC-08,Finance,Data Services,495.47,1
2026-02-04,MAC-08,Operations,Compute,444.31,1
2026-02-04,MAC-08,Operations,Storage,299.06,1
2026-02-04,MAC-08,Operations,Data Services,441.01,1
2026-02-04,MAC-08,Operations,Networking,122.33,1
2026-02-05,MAC-01,DevOps,Compute,1371.85,1
2026-02-05,MAC-01,DevOps,Networking,211.42,1
2026-02-05,MAC-01,DevOps,Data Services,436.13,1
2026-02-05,MAC-01,DevOps,Storage,318.35,1
2026-02-05,MAC-01,Platform,Storage,294.89,1
2026-02-05,MAC-01,Platform,Data Services,442.73,1
2026-02-05,MAC-01,Platform,Networking,239.28,1
2026-02-05,MAC-01,Platform,Compute,1188.06,1
2026-02-05,MAC-02,Analytics,Compute,872.01,1
2026-02-05,MAC-02,Analytics,Storage,507.41,1
2026-02-05,MAC-02,Analytics,Networking,159.88,1
2026-02-05,MAC-02,Analytics,Data Services,811.12,1
2026-02-05,MAC-02,DataEngineering,Data Services,1000.87,1
2026-02-05,MAC-02,DataEngineering,Compute,915.81,1
2026-02-05,MAC-02,DataEngineering,Networking,194.47,1
2026-02-05,MAC-02,DataEngineering,Storage,608.73,1
2026-02-05,MAC-03,Frontend,Data Services,211.76,1
2026-02-05,MAC-03,Frontend,Compute,454.87,1
2026-02-05,MAC-03,Frontend,Networking,100.01,1
2026-02-05,MAC-03,Frontend,Storage,147.66,1
2026-02-05,MAC-03,Product,Storage,222.99,1
2026-02-05,MAC-03,Product,Compute,574.11,1
2026-02-05,MAC-03,Product,Networking,119.75,1
2026-02-05,MAC-03,Product,Data Services,323.33,1
2026-02-05,MAC-04,Backend,Storage,359.64,1
2026-02-05,MAC-04,Backend,Compute,1094.93,1
2026-02-05,MAC-04,Backend,Networking,240.25,1
2026-02-05,MAC-04,Backend,Data Services,497.67,1
2026-02-05,MAC-04,QA,Networking,87.53,1
2026-02-05,MAC-04,QA,Data Services,297.99,1
2026-02-05,MAC-04,QA,Compute,387.55,1
2026-02-05,MAC-04,QA,Storage,167.36,1
2026-02-05,MAC-05,Compliance,Compute,420.65,1
2026-02-05,MAC-05,Compliance,Networking,145.39,1
2026-02-05,MAC-05,Compliance,Storage,218.61,1
2026-02-05,MAC-05,Compliance,Data Services,338.82,1
2026-02-05,MAC-05,Security,Networking,347.64,1
2026-02-05,MAC-05,Security,Compute,639.38,1
2026-02-05,MAC-05,Security,Data Services,327.4,1
2026-02-05,MAC-05,Security,Storage,248.67,1
2026-02-05,MAC-06,CloudOps,Data Services,412.94,1
2026-02-05,MAC-06,CloudOps,Storage,386.28,1
2026-02-05,MAC-06,CloudOps,Compute,1529.38,1
2026-02-05,MAC-06,CloudOps,Networking,354.3,1
2026-02-05,MAC-06,Infrastructure,Storage,447.8,1
2026-02-05,MAC-06,Infrastructure,Networking,429.17,1
2026-02-05,MAC-06,Infrastructure,Data Services,476.36,1
2026-02-05,MAC-06,Infrastructure,Compute,1301.19,1
2026-02-05,MAC-07,ML,Compute,1761.54,1
2026-02-05,MAC-07,ML,Networking,187.83,1
2026-02-05,MAC-07,ML,Storage,504.61,1
2026-02-05,MAC-07,ML,Data Services,725.95,1
2026-02-05,MAC-07,Research,Compute,841.99,1
2026-02-05,MAC-07,Research,Storage,546.35,1
2026-02-05,MAC-07,Research,Data Services,650.39,1
2026-02-05,MAC-07,Research,Networking,183.52,1
2026-02-05,MAC-08,Finance,Storage,211.78,1
2026-02-05,MAC-08,Finance,Networking,102.17,1
2026-02-05,MAC-08,Finance,Data Services,436.44,1
2026-02-05,MAC-08,Finance,Compute,315.57,1
2026-02-05,MAC-08,Operations,Networking,156.01,1
2026-02-05,MAC-08,Operations,Storage,352.9,1
2026-02-05,MAC-08,Operations,Compute,501.02,1
2026-02-05,MAC-08,Operations,Data Services,432.35,1
2026-02-06,MAC-01,DevOps,Data Services,376.34,1
2026-02-06,MAC-01,DevOps,Compute,1201.39,1
2026-02-06,MAC-01,DevOps,Networking,209.35,1
2026-02-06,MAC-01,DevOps,Storage,300.74,1
2026-02-06,MAC-01,Platform,Storage,325.79,1
2026-02-06,MAC-01,Platform,Compute,1193.55,1
2026-02-06,MAC-01,Platform,Networking,304.8,1
2026-02-06,MAC-01,Platform,Data Services,382.47,1
2026-02-06,MAC-02,Analytics,Storage,644.77,1
2026-02-06,MAC-02,Analytics,Networking,148.09,1
2026-02-06,MAC-02,Analytics,Compute,812.01,1
2026-02-06,MAC-02,Analytics,Data Services,955.4,1
2026-02-06,MAC-02,DataEngineering,Compute,1074.06,1
2026-02-06,MAC-02,DataEngineering,Storage,601.76,1
2026-02-06,MAC-02,DataEngineering,Networking,206.86,1
2026-02-06,MAC-02,DataEngineering,Data Services,867.37,1
2026-02-06,MAC-03,Frontend,Data Services,237.94,1
2026-02-06,MAC-03,Frontend,Compute,563.64,1
2026-02-06,MAC-03,Frontend,Networking,115.78,1
2026-02-06,MAC-03,Frontend,Storage,179.01,1
2026-02-06,MAC-03,Product,Data Services,306.75,1
2026-02-06,MAC-03,Product,Networking,136.94,1
2026-02-06,MAC-03,Product,Compute,696.84,1
2026-02-06,MAC-03,Product,Storage,189.12,1
2026-02-06,MAC-04,Backend,Compute,999.93,1
2026-02-06,MAC-04,Backend,Networking,235.31,1
2026-02-06,MAC-04,Backend,Data Services,586.61,1
2026-02-06,MAC-04,Backend,Storage,430.54,1
2026-02-06,MAC-04,QA,Data Services,298.24,1
2026-02-06,MAC-04,QA,Networking,96.53,1
2026-02-06,MAC-04,QA,Compute,457.08,1
2026-02-06,MAC-04,QA,Storage,176.24,1
2026-02-06,MAC-05,Compliance,Networking,170.08,1
2026-02-06,MAC-05,Compliance,Storage,249.58,1
2026-02-06,MAC-05,Compliance,Compute,338.18,1
2026-02-06,MAC-05,Compliance,Data Services,326.17,1
2026-02-06,MAC-05,Security,Networking,273.97,1
2026-02-06,MAC-05,Security,Compute,785.41,1
2026-02-06,MAC-05,Security,Storage,296.37,1
2026-02-06,MAC-05,Security,Data Services,357.11,1
2026-02-06,MAC-06,CloudOps,Compute,1414.59,1
2026-02-06,MAC-06,CloudOps,Networking,370.99,1
2026-02-06,MAC-06,CloudOps,Storage,410.58,1
2026-02-06,MAC-06,CloudOps,Data Services,446.27,1
2026-02-06,MAC-06,Infrastructure,Networking,397.55,1
2026-02-06,MAC-06,Infrastructure,Storage,382.78,1
2026-02-06,MAC-06,Infrastructure,Compute,1562.65,1
2026-02-06,MAC-06,Infrastructure,Data Services,458.48,1
2026-02-06,MAC-07,ML,Data Services,736.38,1
2026-02-06,MAC-07,ML,Compute,1844.25,1
2026-02-06,MAC-07,ML,Storage,521.46,1
2026-02-06,MAC-07,ML,Networking,184.19,1
2026-02-06,MAC-07,Research,Networking,212.03,1
2026-02-06,MAC-07,Research,Storage,420.08,1
2026-02-06,MAC-07,Research,Compute,890.01,1
2026-02-06,MAC-07,Research,Data Services,595.25,1
2026-02-06,MAC-08,Finance,Data Services,498.71,1
2026-02-06,MAC-08,Finance,Storage,215.67,1
2026-02-06,MAC-08,Finance,Networking,102.02,1
2026-02-06,MAC-08,Finance,Compute,345.61,1
2026-02-06,MAC-08,Operations,Storage,310.56,1
2026-02-06,MAC-08,Operations,Networking,154.72,1
2026-02-06,MAC-08,Operations,Data Services,409.04,1
2026-02-06,MAC-08,Operations,Compute,512.44,1
2026-02-07,MAC-01,DevOps,Compute,1417.18,1
2026-02-07,MAC-01,DevOps,Data Services,456.38,1
2026-02-07,MAC-01,DevOps,Networking,206.2,1
2026-02-07,MAC-01,DevOps,Storage,316.33,1
2026-02-07,MAC-01,Platform,Networking,281.26,1
2026-02-07,MAC-01,Platform,Data Services,463.69,1
2026-02-07,MAC-01,Platform,Compute,1123.98,1
2026-02-07,MAC-01,Platform,Storage,275.09,1
2026-02-07,MAC-02,Analytics,Networking,149.01,1
2026-02-07,MAC-02,Analytics,Storage,663.27,1
2026-02-07,MAC-02,Analytics,Compute,781.67,1
2026-02-07,MAC-02,Analytics,Data Services,855.76,1
2026-02-07,MAC-02,DataEngineering,Compute,1018.38,1
2026-02-07,MAC-02,DataEngineering,Data Services,1037.12,1
2026-02-07,MAC-02,DataEngineering,Networking,183.14,1
2026-02-07,MAC-02,DataEngineering,Storage,562.52,1
2026-02-07,MAC-03,Frontend,Data Services,237.9,1
2026-02-07,MAC-03,Frontend,Compute,492.4,1
2026-02-07,MAC-03,Frontend,Networking,95.68,1
2026-02-07,MAC-03,Frontend,Storage,143.16,1
2026-02-07,MAC-03,Product,Storage,228.78,1
2026-02-07,MAC-03,Product,Compute,615.6,1
2026-02-07,MAC-03,Product,Networking,146.46,1
2026-02-07,MAC-03,Product,Data Services,333.37,1
2026-02-07,MAC-04,Backend,Compute,926.59,1
2026-02-07,MAC-04,Backend,Storage,370.82,1
2026-02-07,MAC-04,Backend,Data Services,609.29,1
2026-02-07,MAC-04,Backend,Networking,239.11,1
2026-02-07,MAC-04,QA,Networking,104.29,1
2026-02-07,MAC-04,QA,Data Services,239.53,1
2026-02-07,MAC-04,QA,Compute,460.65,1
2026-02-07,MAC-04,QA,Storage,187.31,1
2026-02-07,MAC-05,Compliance,Compute,337.36,1
2026-02-07,MAC-05,Compliance,Storage,261.1,1
2026-02-07,MAC-05,Compliance,Networking,154.12,1
2026-02-07,MAC-05,Compliance,Data Services,319.97,1
2026-02-07,MAC-05,Security,Compute,653.5,1
2026-02-07,MAC-05,Security,Data Services,375.99,1
2026-02-07,MAC-05,Security,Networking,283.81,1
2026-02-07,MAC-05,Security,Storage,242.91,1
2026-02-07,MAC-06,CloudOps,Networking,310.47,1
2026-02-07,MAC-06,CloudOps,Data Services,423.87,1
2026-02-07,MAC-06,CloudOps,Compute,1580.73,1
2026-02-07,MAC-06,CloudOps,Storage,389.41,1
2026-02-07,MAC-06,Infrastructure,Storage,389.81,1
2026-02-07,MAC-06,Infrastructure,Compute,1710.61,1
2026-02-07,MAC-06,Infrastructure,Data Services,449.45,1
2026-02-07,MAC-06,Infrastructure,Networking,411.77,1
2026-02-07,MAC-07,ML,Data Services,735.08,1
2026-02-07,MAC-07,ML,Compute,1530.94,1
2026-02-07,MAC-07,ML,Networking,187.06,1
2026-02-07,MAC-07,ML,Storage,468.08,1
2026-02-07,MAC-07,Research,Data Services,741.87,1
2026-02-07,MAC-07,Research,Compute,837.04,1
2026-02-07,MAC-07,Research,Networking,176.83,1
2026-02-07,MAC-07,Research,Storage,541.35,1
2026-02-07,MAC-08,Finance,Storage,235.48,1
2026-02-07,MAC-08,Finance,Networking,112.33,1
2026-02-07,MAC-08,Finance,Data Services,422.75,1
2026-02-07,MAC-08,Finance,Compute,319.08,1
2026-02-07,MAC-08,Operations,Compute,456.51,1
2026-02-07,MAC-08,Operations,Data Services,381.85,1
2026-02-07,MAC-08,Operations,Networking,140.77,1
2026-02-07,MAC-08,Operations,Storage,300.67,1
2026-02-08,MAC-01,DevOps,Data Services,475.05,1
2026-02-08,MAC-01,DevOps,Networking,233.43,1
2026-02-08,MAC-01,DevOps,Storage,355.41,1
2026-02-08,MAC-01,DevOps,Compute,1147.87,1
2026-02-08,MAC-01,Platform,Compute,1046.86,1
2026-02-08,MAC-01,Platform,Storage,289.84,1
2026-02-08,MAC-01,Platform,Data Services,453.39,1
2026-02-08,MAC-01,Platform,Networking,293.0,1
2026-02-08,MAC-02,Analytics,Compute,871.22,1
2026-02-08,MAC-02,Analytics,Storage,542.63,1
2026-02-08,MAC-02,Analytics,Data Services,909.8,1
2026-02-08,MAC-02,Analytics,Networking,163.55,1
2026-02-08,MAC-02,DataEngineering,Storage,645.03,1
2026-02-08,MAC-02,DataEngineering,Networking,215.39,1
2026-02-08,MAC-02,DataEngineering,Data Services,846.55,1
2026-02-08,MAC-02,DataEngineering,Compute,1046.08,1
2026-02-08,MAC-03,Frontend,Data Services,218.28,1
2026-02-08,MAC-03,Frontend,Networking,111.21,1
2026-02-08,MAC-03,Frontend,Storage,168.39,1
2026-02-08,MAC-03,Frontend,Compute,499.03,1
2026-02-08,MAC-03,Product,Storage,207.2,1
2026-02-08,MAC-03,Product,Networking,125.87,1
2026-02-08,MAC-03,Product,Data Services,275.04,1
2026-02-08,MAC-03,Product,Compute,644.75,1
2026-02-08,MAC-04,Backend,Networking,213.94,1
2026-02-08,MAC-04,Backend,Data Services,548.28,1
2026-02-08,MAC-04,Backend,Compute,941.27,1
2026-02-08,MAC-04,Backend,Storage,327.72,1
2026-02-08,MAC-04,QA,Compute,477.48,1
2026-02-08,MAC-04,QA,Networking,93.9,1
2026-02-08,MAC-04,QA,Data Services,296.32,1
2026-02-08,MAC-04,QA,Storage,193.11,1
2026-02-08,MAC-05,Compliance,Compute,410.01,1
2026-02-08,MAC-05,Compliance,Storage,204.59,1
2026-02-08,MAC-05,Compliance,Networking,173.16,1
2026-02-08,MAC-05,Compliance,Data Services,305.09,1
2026-02-08,MAC-05,Security,Storage,307.92,1
2026-02-08,MAC-05,Security,Compute,693.93,1
2026-02-08,MAC-05,Security,Data Services,429.62,1
2026-02-08,MAC-05,Security,Networking,312.84,1
2026-02-08,MAC-06,CloudOps,Storage,390.19,1
2026-02-08,MAC-06,CloudOps,Networking,347.99,1
2026-02-08,MAC-06,CloudOps,Compute,1211.1,1
2026-02-08,MAC-06,CloudOps,Data Services,494.93,1
2026-02-08,MAC-06,Infrastructure,Data Services,433.09,1
2026-02-08,MAC-06,Infrastructure,Networking,370.9,1
2026-02-08,MAC-06,Infrastructure,Storage,471.63,1
2026-02-08,MAC-06,Infrastructure,Compute,1512.16,1
2026-02-08,MAC-07,ML,Data Services,837.45,1
2026-02-08,MAC-07,ML,Compute,1802.44,1
2026-02-08,MAC-07,ML,Networking,195.33,1
2026-02-08,MAC-07,ML,Storage,542.83,1
2026-02-08,MAC-07,Research,Networking,190.71,1
2026-02-08,MAC-07,Research,Storage,529.84,1
2026-02-08,MAC-07,Research,Compute,967.69,1
2026-02-08,MAC-07,Research,Data Services,695.05,1
2026-02-08,MAC-08,Finance,Storage,236.07,1
2026-02-08,MAC-08,Finance,Compute,358.81,1
2026-02-08,MAC-08,Finance,Data Services,500.01,1
2026-02-08,MAC-08,Finance,Networking,119.55,1
2026-02-08,MAC-08,Operations,Storage,276.58,1
2026-02-08,MAC-08,Operations,Compute,482.85,1
2026-02-08,MAC-08,Operations,Networking,153.66,1
2026-02-08,MAC-08,Operations,Data Services,447.75,1
2026-02-09,MAC-01,DevOps,Networking,191.35,1
2026-02-09,MAC-01,DevOps,Storage,321.69,1
2026-02-09,MAC-01,DevOps,Compute,1205.62,1
2026-02-09,MAC-01,DevOps,Data Services,431.32,1
2026-02-09,MAC-01,Platform,Data Services,409.21,1
2026-02-09,MAC-01,Platform,Networking,276.05,1
2026-02-09,MAC-01,Platform,Compute,1269.0,1
2026-02-09,MAC-01,Platform,Storage,293.97,1
2026-02-09,MAC-02,Analytics,Storage,562.27,1
2026-02-09,MAC-02,Analytics,Data Services,925.82,1
2026-02-09,MAC-02,Analytics,Networking,164.96,1
2026-02-09,MAC-02,Analytics,Compute,841.43,1
2026-02-09,MAC-02,DataEngineering,Compute,1069.47,1
2026-02-09,MAC-02,DataEngineering,Networking,186.45,1
2026-02-09,MAC-02,DataEngineering,Storage,563.88,1
2026-02-09,MAC-02,DataEngineering,Data Services,1086.19,1
2026-02-09,MAC-03,Frontend,Storage,149.24,1
2026-02-09,MAC-03,Frontend,Compute,528.21,1
2026-02-09,MAC-03,Frontend,Networking,113.8,1
2026-02-09,MAC-03,Frontend,Data Services,244.38,1
2026-02-09,MAC-03,Product,Data Services,291.77,1
2026-02-09,MAC-03,Product,Storage,185.28,1
2026-02-09,MAC-03,Product,Compute,729.69,1
2026-02-09,MAC-03,Product,Networking,130.97,1
2026-02-09,MAC-04,Backend,Data Services,489.26,1
2026-02-09,MAC-04,Backend,Compute,920.78,1
2026-02-09,MAC-04,Backend,Networking,202.06,1
2026-02-09,MAC-04,Backend,Storage,325.23,1
2026-02-09,MAC-04,QA,Storage,191.14,1
2026-02-09,MAC-04,QA,Networking,83.95,1
2026-02-09,MAC-04,QA,Data Services,295.11,1
2026-02-09,MAC-04,QA,Compute,386.91,1
2026-02-09,MAC-05,Compliance,Compute,366.61,1
2026-02-09,MAC-05,Compliance,Storage,236.11,1
2026-02-09,MAC-05,Compliance,Data Services,280.75,1
2026-02-09,MAC-05,Compliance,Networking,155.44,1
2026-02-09,MAC-05,Security,Storage,260.14,1
2026-02-09,MAC-05,Security,Data Services,424.87,1
2026-02-09,MAC-05,Security,Networking,311.2,1
2026-02-09,MAC-05,Security,Compute,641.64,1
2026-02-09,MAC-06,CloudOps,Compute,1272.04,1
2026-02-09,MAC-06,CloudOps,Networking,367.74,1
2026-02-09,MAC-06,CloudOps,Storage,371.3,1
2026-02-09,MAC-06,CloudOps,Data Services,447.7,1
2026-02-09,MAC-06,Infrastructure,Storage,444.06,1
2026-02-09,MAC-06,Infrastructure,Networking,391.28,1
2026-02-09,MAC-06,Infrastructure,Data Services,490.59,1
2026-02-09,MAC-06,Infrastructure,Compute,1546.69,1
2026-02-09,MAC-07,ML,Data Services,690.3,1
2026-02-09,MAC-07,ML,Storage,463.41,1
2026-02-09,MAC-07,ML,Networking,214.13,1
2026-02-09,MAC-07,ML,Compute,1861.02,1
2026-02-09,MAC-07,Research,Networking,177.43,1
2026-02-09,MAC-07,Research,Storage,519.91,1
2026-02-09,MAC-07,Research,Compute,764.25,1
2026-02-09,MAC-07,Research,Data Services,725.44,1
2026-02-09,MAC-08,Finance,Data Services,548.73,1
2026-02-09,MAC-08,Finance,Networking,96.99,1
2026-02-09,MAC-08,Finance,Compute,316.6,1
2026-02-09,MAC-08,Finance,Storage,205.99,1
2026-02-09,MAC-08,Operations,Storage,294.96,1
2026-02-09,MAC-08,Operations,Data Services,416.69,1
2026-02-09,MAC-08,Operations,Networking,141.36,1
2026-02-09,MAC-08,Operations,Compute,460.26,1
2026-02-10,MAC-01,DevOps,Storage,291.84,1
2026-02-10,MAC-01,DevOps,Networking,233.35,1
2026-02-10,MAC-01,DevOps,Data Services,444.52,1
2026-02-10,MAC-01,DevOps,Compute,1191.24,1
2026-02-10,MAC-01,Platform,Data Services,351.0,1
2026-02-10,MAC-01,Platform,Compute,1232.13,1
2026-02-10,MAC-01,Platform,Networking,257.12,1
2026-02-10,MAC-01,Platform,Storage,267.25,1
2026-02-10,MAC-02,Analytics,Storage,598.98,1
2026-02-10,MAC-02,Analytics,Networking,173.18,1
2026-02-10,MAC-02,Analytics,Compute,916.75,1
2026-02-10,MAC-02,Analytics,Data Services,930.41,1
2026-02-10,MAC-02,DataEngineering,Data Services,946.28,1
2026-02-10,MAC-02,DataEngineering,Compute,888.42,1
2026-02-10,MAC-02,DataEngineering,Networking,218.64,1
2026-02-10,MAC-02,DataEngineering,Storage,629.69,1
2026-02-10,MAC-03,Frontend,Compute,504.7,1
2026-02-10,MAC-03,Frontend,Networking,97.05,1
2026-02-10,MAC-03,Frontend,Data Services,210.06,1
2026-02-10,MAC-03,Frontend,Storage,153.15,1
2026-02-10,MAC-03,Product,Storage,239.59,1
2026-02-10,MAC-03,Product,Networking,134.44,1
2026-02-10,MAC-03,Product,Data Services,344.62,1
2026-02-10,MAC-03,Product,Compute,718.19,1
2026-02-10,MAC-04,Backend,Data Services,595.45,1
2026-02-10,MAC-04,Backend,Networking,209.06,1
2026-02-10,MAC-04,Backend,Compute,1177.06,1
2026-02-10,MAC-04,Backend,Storage,355.6,1
2026-02-10,MAC-04,QA,Data Services,306.8,1
2026-02-10,MAC-04,QA,Compute,372.93,1
2026-02-10,MAC-04,QA,Networking,86.44,1
2026-02-10,MAC-04,QA,Storage,220.53,1
2026-02-10,MAC-05,Compliance,Storage,238.02,1
2026-02-10,MAC-05,Compliance,Compute,405.73,1
2026-02-10,MAC-05,Compliance,Data Services,330.55,1
2026-02-10,MAC-05,Compliance,Networking,165.74,1
2026-02-10,MAC-05,Security,Data Services,414.01,1
2026-02-10,MAC-05,Security,Storage,297.23,1
2026-02-10,MAC-05,Security,Networking,350.78,1
2026-02-10,MAC-05,Security,Compute,664.83,1
2026-02-10,MAC-06,CloudOps,Data Services,458.74,1
2026-02-10,MAC-06,CloudOps,Networking,319.04,1
2026-02-10,MAC-06,CloudOps,Compute,1461.76,1
2026-02-10,MAC-06,CloudOps,Storage,408.8,1
2026-02-10,MAC-06,Infrastructure,Data Services,417.58,1
2026-02-10,MAC-06,Infrastructure,Networking,336.06,1
2026-02-10,MAC-06,Infrastructure,Compute,1542.34,1
2026-02-10,MAC-06,Infrastructure,Storage,399.17,1
2026-02-10,MAC-07,ML,Data Services,724.75,1
2026-02-10,MAC-07,ML,Networking,208.72,1
2026-02-10,MAC-07,ML,Compute,1910.26,1
2026-02-10,MAC-07,ML,Storage,493.11,1
2026-02-10,MAC-07,Research,Data Services,731.6,1
2026-02-10,MAC-07,Research,Compute,798.92,1
2026-02-10,MAC-07,Research,Networking,213.45,1
2026-02-10,MAC-07,Research,Storage,527.42,1
2026-02-10,MAC-08,Finance,Networking,100.53,1
2026-02-10,MAC-08,Finance,Compute,316.44,1
2026-02-10,MAC-08,Finance,Data Services,490.66,1
2026-02-10,MAC-08,Finance,Storage,222.66,1
2026-02-10,MAC-08,Operations,Data Services,365.28,1
2026-02-10,MAC-08,Operations,Storage,346.33,1
2026-02-10,MAC-08,Operations,Networking,152.49,1
2026-02-10,MAC-08,Operations,Compute,457.97,1
2026-02-11,MAC-01,DevOps,Networking,242.29,1
2026-02-11,MAC-01,DevOps,Storage,287.16,1
2026-02-11,MAC-01,DevOps,Compute,1187.86,1
2026-02-11,MAC-01,DevOps,Data Services,455.73,1
2026-02-11,MAC-01,Platform,Data Services,355.27,1
2026-02-11,MAC-01,Platform,Compute,1071.71,1
2026-02-11,MAC-01,Platform,Storage,303.35,1
2026-02-11,MAC-01,Platform,Networking,269.95,1
2026-02-11,MAC-02,Analytics,Compute,874.2,1
2026-02-11,MAC-02,Analytics,Networking,185.87,1
2026-02-11,MAC-02,Analytics,Data Services,810.62,1
2026-02-11,MAC-02,Analytics,Storage,590.84,1
2026-02-11,MAC-02,DataEngineering,Storage,600.26,1
2026-02-11,MAC-02,DataEngineering,Networking,217.53,1
2026-02-11,MAC-02,DataEngineering,Data Services,1094.77,1
2026-02-11,MAC-02,DataEngineering,Compute,1007.37,1
2026-02-11,MAC-03,Frontend,Storage,157.32,1
2026-02-11,MAC-03,Frontend,Networking,119.73,1
2026-02-11,MAC-03,Frontend,Data Services,212.48,1
2026-02-11,MAC-03,Frontend,Compute,483.5,1
2026-02-11,MAC-03,Product,Storage,227.72,1
2026-02-11,MAC-03,Product,Networking,139.48,1
2026-02-11,MAC-03,Product,Data Services,291.34,1
2026-02-11,MAC-03,Product,Compute,553.15,1
2026-02-11,MAC-04,Backend,Data Services,472.13,1
2026-02-11,MAC-04,Backend,Storage,387.15,1
2026-02-11,MAC-04,Backend,Networking,212.21,1
2026-02-11,MAC-04,Backend,Compute,993.94,1
2026-02-11,MAC-04,QA,Networking,102.9,1
2026-02-11,MAC-04,QA,Storage,172.46,1
2026-02-11,MAC-04,QA,Compute,404.12,1
2026-02-11,MAC-04,QA,Data Services,245.71,1
2026-02-11,MAC-05,Compliance,Storage,206.42,1
2026-02-11,MAC-05,Compliance,Data Services,292.76,1
2026-02-11,MAC-05,Compliance,Networking,154.54,1
2026-02-11,MAC-05,Compliance,Compute,330.6,1
2026-02-11,MAC-05,Security,Compute,797.85,1
2026-02-11,MAC-05,Security,Storage,287.09,1
2026-02-11,MAC-05,Security,Networking,350.33,1
2026-02-11,MAC-05,Security,Data Services,374.18,1
2026-02-11,MAC-06,CloudOps,Data Services,397.54,1
2026-02-11,MAC-06,CloudOps,Networking,318.98,1
2026-02-11,MAC-06,CloudOps,Compute,1257.11,1
2026-02-11,MAC-06,CloudOps,Storage,357.34,1
2026-02-11,MAC-06,Infrastructure,Compute,1652.54,1
2026-02-11,MAC-06,Infrastructure,Storage,479.07,1
2026-02-11,MAC-06,Infrastructure,Networking,378.59,1
2026-02-11,MAC-06,Infrastructure,Data Services,521.5,1
2026-02-11,MAC-07,ML,Data Services,645.31,1
2026-02-11,MAC-07,ML,Storage,582.44,1
2026-02-11,MAC-07,ML,Compute,1517.53,1
2026-02-11,MAC-07,ML,Networking,193.8,1
2026-02-11,MAC-07,Research,Compute,756.01,1
2026-02-11,MAC-07,Research,Storage,419.97,1
2026-02-11,MAC-07,Research,Data Services,666.64,1
2026-02-11,MAC-07,Research,Networking,169.54,1
2026-02-11,MAC-08,Finance,Networking,94.38,1
2026-02-11,MAC-08,Finance,Data Services,548.01,1
2026-02-11,MAC-08,Finance,Compute,346.44,1
2026-02-11,MAC-08,Finance,Storage,226.91,1
2026-02-11,MAC-08,Operations,Networking,128.32,1
2026-02-11,MAC-08,Operations,Storage,322.08,1
2026-02-11,MAC-08,Operations,Compute,532.94,1
2026-02-11,MAC-08,Operations,Data Services,394.17,1
2026-02-12,MAC-01,DevOps,Data Services,383.82,1
2026-02-12,MAC-01,DevOps,Networking,198.32,1
2026-02-12,MAC-01,DevOps,Storage,321.59,1
2026-02-12,MAC-01,DevOps,Compute,1304.38,1
2026-02-12,MAC-01,Platform,Networking,263.04,1
2026-02-12,MAC-01,Platform,Compute,1314.57,1
2026-02-12,MAC-01,Platform,Data Services,431.8,1
2026-02-12,MAC-01,Platform,Storage,291.48,1
2026-02-12,MAC-02,Analytics,Storage,535.09,1
2026-02-12,MAC-02,Analytics,Networking,154.09,1
2026-02-12,MAC-02,Analytics,Compute,819.77,1
2026-02-12,MAC-02,Analytics,Data Services,887.24,1
2026-02-12,MAC-02,DataEngineering,Compute,884.14,1
2026-02-12,MAC-02,DataEngineering,Networking,185.71,1
2026-02-12,MAC-02,DataEngineering,Data Services,987.99,1
2026-02-12,MAC-02,DataEngineering,Storage,696.61,1
2026-02-12,MAC-03,Frontend,Networking,120.36,1
2026-02-12,MAC-03,Frontend,Storage,153.71,1
2026-02-12,MAC-03,Frontend,Data Services,234.87,1
2026-02-12,MAC-03,Frontend,Compute,585.22,1
2026-02-12,MAC-03,Product,Compute,555.29,1
2026-02-12,MAC-03,Product,Networking,140.03,1
2026-02-12,MAC-03,Product,Storage,187.45,1
2026-02-12,MAC-03,Product,Data Services,315.36,1
2026-02-12,MAC-04,Backend,Data Services,468.22,1
2026-02-12,MAC-04,Backend,Compute,1153.27,1
2026-02-12,MAC-04,Backend,Networking,235.16,1
2026-02-12,MAC-04,Backend,Storage,339.53,1
2026-02-12,MAC-04,QA,Networking,95.93,1
2026-02-12,MAC-04,QA,Storage,210.04,1
2026-02-12,MAC-04,QA,Compute,480.97,1
2026-02-12,MAC-04,QA,Data Services,269.19,1
2026-02-12,MAC-05,Compliance,Storage,258.22,1
2026-02-12,MAC-05,Compliance,Networking,186.12,1
2026-02-12,MAC-05,Compliance,Compute,376.24,1
2026-02-12,MAC-05,Compliance,Data Services,293.45,1
2026-02-12,MAC-05,Security,Data Services,342.44,1
2026-02-12,MAC-05,Security,Compute,825.72,1
2026-02-12,MAC-05,Security,Networking,357.12,1
2026-02-12,MAC-05,Security,Storage,300.22,1
2026-02-12,MAC-06,CloudOps,Compute,1497.36,1
2026-02-12,MAC-06,CloudOps,Data Services,469.32,1
2026-02-12,MAC-06,CloudOps,Networking,376.65,1
2026-02-12,MAC-06,CloudOps,Storage,359.52,1
2026-02-12,MAC-06,Infrastructure,Data Services,451.93,1
2026-02-12,MAC-06,Infrastructure,Storage,401.72,1
2026-02-12,MAC-06,Infrastructure,Networking,364.95,1
2026-02-12,MAC-06,Infrastructure,Compute,1319.6,1
2026-02-12,MAC-07,ML,Storage,465.26,1
2026-02-12,MAC-07,ML,Networking,205.97,1
2026-02-12,MAC-07,ML,Data Services,730.95,1
2026-02-12,MAC-07,ML,Compute,1516.27,1
2026-02-12,MAC-07,Research,Compute,837.21,1
2026-02-12,MAC-07,Research,Storage,511.68,1
2026-02-12,MAC-07,Research,Networking,191.82,1
2026-02-12,MAC-07,Research,Data Services,614.35,1
2026-02-12,MAC-08,Finance,Data Services,513.24,1
2026-02-12,MAC-08,Finance,Networking,103.76,1
2026-02-12,MAC-08,Finance,Compute,336.71,1
2026-02-12,MAC-08,Finance,Storage,233.5,1
2026-02-12,MAC-08,Operations,Data Services,430.69,1
2026-02-12,MAC-08,Operations,Networking,133.46,1
2026-02-12,MAC-08,Operations,Compute,478.72,1
2026-02-12,MAC-08,Operations,Storage,282.36,1
2026-02-13,MAC-01,DevOps,Compute,1444.77,1
2026-02-13,MAC-01,DevOps,Networking,226.72,1
2026-02-13,MAC-01,DevOps,Data Services,416.54,1
2026-02-13,MAC-01,DevOps,Storage,337.43,1
2026-02-13,MAC-01,Platform,Data Services,406.3,1
2026-02-13,MAC-01,Platform,Compute,1151.55,1
2026-02-13,MAC-01,Platform,Networking,242.93,1
2026-02-13,MAC-01,Platform,Storage,313.48,1
2026-02-13,MAC-02,Analytics,Data Services,859.69,1
2026-02-13,MAC-02,Analytics,Storage,532.36,1
2026-02-13,MAC-02,Analytics,Compute,853.46,1
2026-02-13,MAC-02,Analytics,Networking,166.04,1
2026-02-13,MAC-02,DataEngineering,Data Services,1026.88,1
2026-02-13,MAC-02,DataEngineering,Networking,191.54,1
2026-02-13,MAC-02,DataEngineering,Compute,982.78,1
2026-02-13,MAC-02,DataEngineering,Storage,673.69,1
2026-02-13,MAC-03,Frontend,Storage,148.18,1
2026-02-13,MAC-03,Frontend,Compute,573.87,1
2026-02-13,MAC-03,Frontend,Networking,123.24,1
2026-02-13,MAC-03,Frontend,Data Services,205.58,1
2026-02-13,MAC-03,Product,Compute,685.88,1
2026-02-13,MAC-03,Product,Storage,212.56,1
2026-02-13,MAC-03,Product,Networking,146.43,1
2026-02-13,MAC-03,Product,Data Services,297.09,1
2026-02-13,MAC-04,Backend,Compute,1024.27,1
2026-02-13,MAC-04,Backend,Storage,391.72,1
2026-02-13,MAC-04,Backend,Networking,228.96,1
2026-02-13,MAC-04,Backend,Data Services,522.47,1
2026-02-13,MAC-04,QA,Storage,182.73,1
2026-02-13,MAC-04,QA,Networking,95.45,1
2026-02-13,MAC-04,QA,Compute,434.41,1
2026-02-13,MAC-04,QA,Data Services,301.45,1
2026-02-13,MAC-05,Compliance,Storage,240.12,1
2026-02-13,MAC-05,Compliance,Networking,156.16,1
2026-02-13,MAC-05,Compliance,Data Services,356.53,1
2026-02-13,MAC-05,Compliance,Compute,373.0,1
2026-02-13,MAC-05,Security,Networking,290.51,1
2026-02-13,MAC-05,Security,Compute,725.4,1
2026-02-13,MAC-05,Security,Data Services,391.04,1
2026-02-13,MAC-05,Security,Storage,309.93,1
2026-02-13,MAC-06,CloudOps,Storage,455.95,1
2026-02-13,MAC-06,CloudOps,Data Services,418.92,1
2026-02-13,MAC-06,CloudOps,Networking,316.97,1
2026-02-13,MAC-06,CloudOps,Compute,1414.55,1
2026-02-13,MAC-06,Infrastructure,Storage,431.91,1
2026-02-13,MAC-06,Infrastructure,Compute,1703.15,1
2026-02-13,MAC-06,Infrastructure,Networking,420.45,1
2026-02-13,MAC-06,Infrastructure,Data Services,404.43,1
2026-02-13,MAC-07,ML,Storage,528.1,1
2026-02-13,MAC-07,ML,Networking,192.82,1
2026-02-13,MAC-07,ML,Compute,1890.24,1
2026-02-13,MAC-07,ML,Data Services,702.78,1
2026-02-13,MAC-07,Research,Networking,220.96,1
2026-02-13,MAC-07,Research,Data Services,711.53,1
2026-02-13,MAC-07,Research,Compute,993.47,1
2026-02-13,MAC-07,Research,Storage,426.04,1
2026-02-13,MAC-08,Finance,Storage,194.25,1
2026-02-13,MAC-08,Finance,Networking,102.54,1
2026-02-13,MAC-08,Finance,Compute,280.03,1
2026-02-13,MAC-08,Finance,Data Services,437.65,1
2026-02-13,MAC-08,Operations,Storage,290.97,1
2026-02-13,MAC-08,Operations,Data Services,417.61,1
2026-02-13,MAC-08,Operations,Networking,136.54,1
2026-02-13,MAC-08,Operations,Compute,465.24,1
2026-02-14,MAC-01,DevOps,Data Services,441.57,1
2026-02-14,MAC-01,DevOps,Compute,1274.31,1
2026-02-14,MAC-01,DevOps,Networking,225.01,1
2026-02-14,MAC-01,DevOps,Storage,338.04,1
2026-02-14,MAC-01,Platform,Storage,269.52,1
2026-02-14,MAC-01,Platform,Networking,294.7,1
2026-02-14,MAC-01,Platform,Compute,1062.75,1
2026-02-14,MAC-01,Platform,Data Services,373.96,1
2026-02-14,MAC-02,Analytics,Networking,180.93,1
2026-02-14,MAC-02,Analytics,Storage,514.69,1
2026-02-14,MAC-02,Analytics,Compute,1003.51,1
2026-02-14,MAC-02,Analytics,Data Services,906.6,1
2026-02-14,MAC-02,DataEngineering,Storage,560.46,1
2026-02-14,MAC-02,DataEngineering,Compute,879.54,1
2026-02-14,MAC-02,DataEngineering,Networking,195.8,1
2026-02-14,MAC-02,DataEngineering,Data Services,870.59,1
2026-02-14,MAC-03,Frontend,Storage,150.75,1
2026-02-14,MAC-03,Frontend,Networking,100.16,1
2026-02-14,MAC-03,Frontend,Compute,588.88,1
2026-02-14,MAC-03,Frontend,Data Services,186.65,1
2026-02-14,MAC-03,Product,Storage,206.75,1
2026-02-14,MAC-03,Product,Networking,142.78,1
2026-02-14,MAC-03,Product,Compute,610.07,1
2026-02-14,MAC-03,Product,Data Services,371.24,1
2026-02-14,MAC-04,Backend,Storage,432.51,1
2026-02-14,MAC-04,Backend,Compute,1122.56,1
2026-02-14,MAC-04,Backend,Data Services,580.28,1
2026-02-14,MAC-04,Backend,Networking,259.48,1
2026-02-14,MAC-04,QA,Storage,197.0,1
2026-02-14,MAC-04,QA,Networking,87.13,1
2026-02-14,MAC-04,QA,Data Services,233.51,1
2026-02-14,MAC-04,QA,Compute,469.14,1
2026-02-14,MAC-05,Compliance,Data Services,333.73,1
2026-02-14,MAC-05,Compliance,Compute,357.6,1
2026-02-14,MAC-05,Compliance,Storage,255.72,1
2026-02-14,MAC-05,Compliance,Networking,167.9,1
2026-02-14,MAC-05,Security,Data Services,357.23,1
2026-02-14,MAC-05,Security,Networking,291.09,1
2026-02-14,MAC-05,Security,Compute,875.11,1
2026-02-14,MAC-05,Security,Storage,241.16,1
2026-02-14,MAC-06,CloudOps,Storage,442.92,1
2026-02-14,MAC-06,CloudOps,Networking,393.89,1
2026-02-14,MAC-06,CloudOps,Compute,1538.07,1
2026-02-14,MAC-06,CloudOps,Data Services,480.72,1
2026-02-14,MAC-06,Infrastructure,Compute,1577.93,1
2026-02-14,MAC-06,Infrastructure,Networking,357.53,1
2026-02-14,MAC-06,Infrastructure,Data Services,391.21,1
2026-02-14,MAC-06,Infrastructure,Storage,451.99,1
2026-02-14,MAC-07,ML,Storage,495.77,1
2026-02-14,MAC-07,ML,Networking,189.82,1
2026-02-14,MAC-07,ML,Data Services,681.08,1
2026-02-14,MAC-07,ML,Compute,1898.66,1
2026-02-14,MAC-07,Research,Networking,186.41,1
2026-02-14,MAC-07,Research,Data Services,607.23,1
2026-02-14,MAC-07,Research,Compute,792.76,1
2026-02-14,MAC-07,Research,Storage,416.56,1
2026-02-14,MAC-08,Finance,Storage,201.57,1
2026-02-14,MAC-08,Finance,Networking,103.03,1
2026-02-14,MAC-08,Finance,Compute,343.24,1
2026-02-14,MAC-08,Finance,Data Services,546.57,1
2026-02-14,MAC-08,Operations,Storage,280.49,1
2026-02-14,MAC-08,Operations,Networking,137.5,1
2026-02-14,MAC-08,Operations,Data Services,383.59,1
2026-02-14,MAC-08,Operations,Compute,454.38,1
2026-02-15,MAC-01,DevOps,Data Services,496.09,1
2026-02-15,MAC-01,DevOps,Storage,323.71,1
2026-02-15,MAC-01,DevOps,Networking,198.98,1
2026-02-15,MAC-01,DevOps,Compute,1164.7,1
2026-02-15,MAC-01,Platform,Compute,1255.87,1
2026-02-15,MAC-01,Platform,Storage,330.39,1
2026-02-15,MAC-01,Platform,Networking,292.84,1
2026-02-15,MAC-01,Platform,Data Services,436.0,1
2026-02-15,MAC-02,Analytics,Data Services,875.43,1
2026-02-15,MAC-02,Analytics,Compute,896.3,1
2026-02-15,MAC-02,Analytics,Networking,166.23,1
2026-02-15,MAC-02,Analytics,Storage,668.93,1
2026-02-15,MAC-02,DataEngineering,Data Services,862.07,1
2026-02-15,MAC-02,DataEngineering,Networking,170.38,1
2026-02-15,MAC-02,DataEngineering,Compute,1090.66,1
2026-02-15,MAC-02,DataEngineering,Storage,631.34,1
2026-02-15,MAC-03,Frontend,Data Services,228.47,1
2026-02-15,MAC-03,Frontend,Storage,169.0,1
2026-02-15,MAC-03,Frontend,Networking,110.55,1
2026-02-15,MAC-03,Frontend,Compute,557.32,1
2026-02-15,MAC-03,Product,Data Services,314.8,1
2026-02-15,MAC-03,Product,Compute,651.69,1
2026-02-15,MAC-03,Product,Networking,129.27,1
2026-02-15,MAC-03,Product,Storage,203.0,1
2026-02-15,MAC-04,Backend,Compute,1046.4,1
2026-02-15,MAC-04,Backend,Data Services,532.54,1
2026-02-15,MAC-04,Backend,Networking,214.14,1
2026-02-15,MAC-04,Backend,Storage,366.61,1
2026-02-15,MAC-04,QA,Data Services,306.25,1
2026-02-15,MAC-04,QA,Storage,175.87,1
2026-02-15,MAC-04,QA,Networking,91.73,1
2026-02-15,MAC-04,QA,Compute,473.96,1
2026-02-15,MAC-05,Compliance,Networking,146.43,1
2026-02-15,MAC-05,Compliance,Storage,239.83,1
2026-02-15,MAC-05,Compliance,Compute,417.68,1
2026-02-15,MAC-05,Compliance,Data Services,329.5,1
2026-02-15,MAC-05,Security,Data Services,414.23,1
2026-02-15,MAC-05,Security,Compute,787.77,1
2026-02-15,MAC-05,Security,Networking,330.99,1
2026-02-15,MAC-05,Security,Storage,262.46,1
2026-02-15,MAC-06,CloudOps,Compute,1213.08,1
2026-02-15,MAC-06,CloudOps,Data Services,435.51,1
2026-02-15,MAC-06,CloudOps,Networking,366.2,1
2026-02-15,MAC-06,CloudOps,Storage,422.53,1
2026-02-15,MAC-06,Infrastructure,Networking,414.83,1
2026-02-15,MAC-06,Infrastructure,Storage,409.51,1
2026-02-15,MAC-06,Infrastructure,Compute,1356.77,1
2026-02-15,MAC-06,Infrastructure,Data Services,432.16,1
2026-02-15,MAC-07,ML,Compute,1665.56,1
2026-02-15,MAC-07,ML,Storage,562.65,1
2026-02-15,MAC-07,ML,Data Services,782.71,1
2026-02-15,MAC-07,ML,Networking,224.32,1
2026-02-15,MAC-07,Research,Data Services,611.66,1
2026-02-15,MAC-07,Research,Storage,503.3,1
2026-02-15,MAC-07,Research,Compute,965.92,1
2026-02-15,MAC-07,Research,Networking,182.66,1
2026-02-15,MAC-08,Finance,Networking,94.56,1
2026-02-15,MAC-08,Finance,Data Services,545.47,1
2026-02-15,MAC-08,Finance,Compute,336.93,1
2026-02-15,MAC-08,Finance,Storage,201.13,1
2026-02-15,MAC-08,Operations,Compute,548.18,1
2026-02-15,MAC-08,Operations,Data Services,395.93,1
2026-02-15,MAC-08,Operations,Networking,154.8,1
2026-02-15,MAC-08,Operations,Storage,308.6,1
2026-02-16,MAC-01,DevOps,Compute,1337.45,1
2026-02-16,MAC-01,DevOps,Networking,241.2,1
2026-02-16,MAC-01,DevOps,Storage,298.78,1
2026-02-16,MAC-01,DevOps,Data Services,372.63,1
2026-02-16,MAC-01,Platform,Data Services,360.03,1
2026-02-16,MAC-01,Platform,Compute,1114.25,1
2026-02-16,MAC-01,Platform,Networking,293.24,1
2026-02-16,MAC-01,Platform,Storage,341.54,1
2026-02-16,MAC-02,Analytics,Storage,578.35,1
2026-02-16,MAC-02,Analytics,Compute,853.91,1
2026-02-16,MAC-02,Analytics,Networking,165.81,1
2026-02-16,MAC-02,Analytics,Data Services,873.63,1
2026-02-16,MAC-02,DataEngineering,Storage,653.35,1
2026-02-16,MAC-02,DataEngineering,Data Services,1093.31,1
2026-02-16,MAC-02,DataEngineering,Networking,198.52,1
2026-02-16,MAC-02,DataEngineering,Compute,1128.76,1
2026-02-16,MAC-03,Frontend,Compute,489.13,1
2026-02-16,MAC-03,Frontend,Networking,97.07,1
2026-02-16,MAC-03,Frontend,Storage,144.21,1
2026-02-16,MAC-03,Frontend,Data Services,220.38,1
2026-02-16,MAC-03,Product,Data Services,293.12,1
2026-02-16,MAC-03,Product,Compute,626.9,1
2026-02-16,MAC-03,Product,Networking,120.05,1
2026-02-16,MAC-03,Product,Storage,219.62,1
2026-02-16,MAC-04,Backend,Networking,265.46,1
2026-02-16,MAC-04,Backend,Compute,1019.44,1
2026-02-16,MAC-04,Backend,Data Services,565.32,1
2026-02-16,MAC-04,Backend,Storage,409.93,1
2026-02-16,MAC-04,QA,Compute,428.69,1
2026-02-16,MAC-04,QA,Networking,91.79,1
2026-02-16,MAC-04,QA,Data Services,244.83,1
2026-02-16,MAC-04,QA,Storage,186.19,1
2026-02-16,MAC-05,Compliance,Storage,235.8,1
2026-02-16,MAC-05,Compliance,Networking,185.28,1
2026-02-16,MAC-05,Compliance,Data Services,328.77,1
2026-02-16,MAC-05,Compliance,Compute,386.99,1
2026-02-16,MAC-05,Security,Storage,290.48,1
2026-02-16,MAC-05,Security,Networking,344.15,1
2026-02-16,MAC-05,Security,Data Services,366.72,1
2026-02-16,MAC-05,Security,Compute,708.81,1
2026-02-16,MAC-06,CloudOps,Data Services,481.95,1
2026-02-16,MAC-06,CloudOps,Compute,1465.96,1
2026-02-16,MAC-06,CloudOps,Storage,466.78,1
2026-02-16,MAC-06,CloudOps,Networking,333.86,1
2026-02-16,MAC-06,Infrastructure,Networking,410.04,1
2026-02-16,MAC-06,Infrastructure,Storage,468.26,1
2026-02-16,MAC-06,Infrastructure,Compute,1316.37,1
2026-02-16,MAC-06,Infrastructure,Data Services,407.12,1
2026-02-16,MAC-07,ML,Compute,1937.67,1
2026-02-16,MAC-07,ML,Storage,609.96,1
2026-02-16,MAC-07,ML,Networking,250.58,1
2026-02-16,MAC-07,ML,Data Services,755.67,1
2026-02-16,MAC-07,Research,Data Services,744.36,1
2026-02-16,MAC-07,Research,Networking,215.05,1
2026-02-16,MAC-07,Research,Compute,935.62,1
2026-02-16,MAC-07,Research,Storage,492.88,1
2026-02-16,MAC-08,Finance,Networking,113.63,1
2026-02-16,MAC-08,Finance,Compute,365.6,1
2026-02-16,MAC-08,Finance,Data Services,540.3,1
2026-02-16,MAC-08,Finance,Storage,233.3,1
2026-02-16,MAC-08,Operations,Data Services,421.52,1
2026-02-16,MAC-08,Operations,Networking,135.23,1
2026-02-16,MAC-08,Operations,Compute,441.14,1
2026-02-16,MAC-08,Operations,Storage,372.05,1
2026-02-17,MAC-01,DevOps,Storage,332.78,1
2026-02-17,MAC-01,DevOps,Data Services,384.81,1
2026-02-17,MAC-01,DevOps,Compute,1245.8,1
2026-02-17,MAC-01,DevOps,Networking,223.62,1
2026-02-17,MAC-01,Platform,Compute,1369.83,1
2026-02-17,MAC-01,Platform,Networking,300.67,1
2026-02-17,MAC-01,Platform,Data Services,414.84,1
2026-02-17,MAC-01,Platform,Storage,336.84,1
2026-02-17,MAC-02,Analytics,Compute,812.24,1
2026-02-17,MAC-02,Analytics,Networking,171.32,1
2026-02-17,MAC-02,Analytics,Data Services,981.73,1
2026-02-17,MAC-02,Analytics,Storage,577.54,1
2026-02-17,MAC-02,DataEngineering,Data Services,1115.56,1
2026-02-17,MAC-02,DataEngineering,Compute,996.48,1
2026-02-17,MAC-02,DataEngineering,Networking,221.76,1
2026-02-17,MAC-02,DataEngineering,Storage,719.09,1
2026-02-17,MAC-03,Frontend,Networking,97.55,1
2026-02-17,MAC-03,Frontend,Compute,512.16,1
2026-02-17,MAC-03,Frontend,Data Services,215.7,1
2026-02-17,MAC-03,Frontend,Storage,162.5,1
2026-02-17,MAC-03,Product,Storage,219.26,1
2026-02-17,MAC-03,Product,Compute,606.99,1
2026-02-17,MAC-03,Product,Data Services,369.81,1
2026-02-17,MAC-03,Product,Networking,120.32,1
2026-02-17,MAC-04,Backend,Storage,439.09,1
2026-02-17,MAC-04,Backend,Networking,237.22,1
2026-02-17,MAC-04,Backend,Data Services,502.07,1
2026-02-17,MAC-04,Backend,Compute,1165.53,1
2026-02-17,MAC-04,QA,Data Services,302.73,1
2026-02-17,MAC-04,QA,Compute,477.18,1
2026-02-17,MAC-04,QA,Networking,106.11,1
2026-02-17,MAC-04,QA,Storage,208.71,1
2026-02-17,MAC-05,Compliance,Storage,243.55,1
2026-02-17,MAC-05,Compliance,Compute,366.91,1
2026-02-17,MAC-05,Compliance,Networking,175.76,1
2026-02-17,MAC-05,Compliance,Data Services,321.47,1
2026-02-17,MAC-05,Security,Compute,714.71,1
2026-02-17,MAC-05,Security,Storage,294.02,1
2026-02-17,MAC-05,Security,Data Services,391.87,1
2026-02-17,MAC-05,Security,Networking,373.89,1
2026-02-17,MAC-06,CloudOps,Data Services,458.26,1
2026-02-17,MAC-06,CloudOps,Networking,400.77,1
2026-02-17,MAC-06,CloudOps,Compute,1480.27,1
2026-02-17,MAC-06,CloudOps,Storage,385.71,1
2026-02-17,MAC-06,Infrastructure,Data Services,510.08,1
2026-02-17,MAC-06,Infrastructure,Networking,428.41,1
2026-02-17,MAC-06,Infrastructure,Compute,1422.43,1
2026-02-17,MAC-06,Infrastructure,Storage,397.91,1
2026-02-17,MAC-07,ML,Data Services,700.46,1
2026-02-17,MAC-07,ML,Compute,1507.99,1
2026-02-17,MAC-07,ML,Networking,243.6,1
2026-02-17,MAC-07,ML,Storage,526.67,1
2026-02-17,MAC-07,Research,Storage,530.69,1
2026-02-17,MAC-07,Research,Data Services,789.19,1
2026-02-17,MAC-07,Research,Compute,888.7,1
2026-02-17,MAC-07,Research,Networking,223.75,1
2026-02-17,MAC-08,Finance,Data Services,474.75,1
2026-02-17,MAC-08,Finance,Networking,107.94,1
2026-02-17,MAC-08,Finance,Compute,343.61,1
2026-02-17,MAC-08,Finance,Storage,227.05,1
2026-02-17,MAC-08,Operations,Compute,429.9,1
2026-02-17,MAC-08,Operations,Data Services,434.8,1
2026-02-17,MAC-08,Operations,Networking,149.23,1
2026-02-17,MAC-08,Operations,Storage,293.89,1
2026-02-18,MAC-01,DevOps,Compute,1379.78,1
2026-02-18,MAC-01,DevOps,Data Services,456.93,1
2026-02-18,MAC-01,DevOps,Networking,225.73,1
2026-02-18,MAC-01,DevOps,Storage,310.32,1
2026-02-18,MAC-01,Platform,Storage,339.72,1
2026-02-18,MAC-01,Platform,Compute,1060.48,1
2026-02-18,MAC-01,Platform,Data Services,447.92,1
2026-02-18,MAC-01,Platform,Networking,240.28,1
2026-02-18,MAC-02,Analytics,Storage,583.53,1
2026-02-18,MAC-02,Analytics,Networking,171.81,1
2026-02-18,MAC-02,Analytics,Compute,1061.72,1
2026-02-18,MAC-02,Analytics,Data Services,838.06,1
2026-02-18,MAC-02,DataEngineering,Storage,633.75,1
2026-02-18,MAC-02,DataEngineering,Networking,179.11,1
2026-02-18,MAC-02,DataEngineering,Compute,946.42,1
2026-02-18,MAC-02,DataEngineering,Data Services,1050.89,1
2026-02-18,MAC-03,Frontend,Storage,165.61,1
2026-02-18,MAC-03,Frontend,Data Services,228.75,1
2026-02-18,MAC-03,Frontend,Compute,512.11,1
2026-02-18,MAC-03,Frontend,Networking,93.97,1
2026-02-18,MAC-03,Product,Storage,234.76,1
2026-02-18,MAC-03,Product,Compute,635.53,1
2026-02-18,MAC-03,Product,Data Services,300.59,1
2026-02-18,MAC-03,Product,Networking,117.21,1
2026-02-18,MAC-04,Backend,Networking,262.89,1
2026-02-18,MAC-04,Backend,Compute,1059.44,1
2026-02-18,MAC-04,Backend,Data Services,514.05,1
2026-02-18,MAC-04,Backend,Storage,397.8,1
2026-02-18,MAC-04,QA,Compute,427.68,1
2026-02-18,MAC-04,QA,Storage,205.44,1
2026-02-18,MAC-04,QA,Data Services,295.05,1
2026-02-18,MAC-04,QA,Networking,95.73,1
2026-02-18,MAC-05,Compliance,Data Services,366.0,1
2026-02-18,MAC-05,Compliance,Compute,358.5,1
2026-02-18,MAC-05,Compliance,Storage,249.98,1
2026-02-18,MAC-05,Compliance,Networking,145.15,1
2026-02-18,MAC-05,Security,Data Services,366.3,1
2026-02-18,MAC-05,Security,Compute,760.78,1
2026-02-18,MAC-05,Security,Networking,361.1,1
2026-02-18,MAC-05,Security,Storage,234.6,1
2026-02-18,MAC-06,CloudOps,Data Services,409.94,1
2026-02-18,MAC-06,CloudOps,Networking,303.97,1
2026-02-18,MAC-06,CloudOps,Compute,1538.51,1
2026-02-18,MAC-06,CloudOps,Storage,450.5,1
2026-02-18,MAC-06,Infrastructure,Data Services,508.4,1
2026-02-18,MAC-06,Infrastructure,Storage,397.62,1
2026-02-18,MAC-06,Infrastructure,Networking,345.0,1
2026-02-18,MAC-06,Infrastructure,Compute,1724.61,1
2026-02-18,MAC-07,ML,Data Services,867.28,1
2026-02-18,MAC-07,ML,Networking,200.88,1
2026-02-18,MAC-07,ML,Compute,1607.17,1
2026-02-18,MAC-07,ML,Storage,494.85,1
2026-02-18,MAC-07,Research,Networking,186.87,1
2026-02-18,MAC-07,Research,Storage,443.66,1
2026-02-18,MAC-07,Research,Compute,970.3,1
2026-02-18,MAC-07,Research,Data Services,628.43,1
2026-02-18,MAC-08,Finance,Compute,306.65,1
2026-02-18,MAC-08,Finance,Networking,96.32,1
2026-02-18,MAC-08,Finance,Storage,234.16,1
2026-02-18,MAC-08,Finance,Data Services,540.08,1
2026-02-18,MAC-08,Operations,Data Services,404.82,1
2026-02-18,MAC-08,Operations,Storage,313.47,1
2026-02-18,MAC-08,Operations,Compute,465.02,1
2026-02-18,MAC-08,Operations,Networking,152.11,1
2026-02-19,MAC-01,DevOps,Compute,1327.22,1
2026-02-19,MAC-01,DevOps,Storage,294.75,1
2026-02-19,MAC-01,DevOps,Networking,207.02,1
2026-02-19,MAC-01,DevOps,Data Services,427.26,1
2026-02-19,MAC-01,Platform,Compute,1370.67,1
2026-02-19,MAC-01,Platform,Networking,297.34,1
2026-02-19,MAC-01,Platform,Data Services,475.61,1
2026-02-19,MAC-01,Platform,Storage,277.64,1
2026-02-19,MAC-02,Analytics,Storage,644.12,1
2026-02-19,MAC-02,Analytics,Networking,184.34,1
2026-02-19,MAC-02,Analytics,Data Services,895.3,1
2026-02-19,MAC-02,Analytics,Compute,886.61,1
2026-02-19,MAC-02,DataEngineering,Networking,189.23,1
2026-02-19,MAC-02,DataEngineering,Data Services,1069.34,1
2026-02-19,MAC-02,DataEngineering,Compute,994.48,1
2026-02-19,MAC-02,DataEngineering,Storage,742.31,1
2026-02-19,MAC-03,Frontend,Storage,154.23,1
2026-02-19,MAC-03,Frontend,Data Services,211.95,1
2026-02-19,MAC-03,Frontend,Networking,106.89,1
2026-02-19,MAC-03,Frontend,Compute,488.37,1
2026-02-19,MAC-03,Product,Data Services,325.04,1
2026-02-19,MAC-03,Product,Storage,228.94,1
2026-02-19,MAC-03,Product,Compute,638.56,1
2026-02-19,MAC-03,Product,Networking,129.38,1
2026-02-19,MAC-04,Backend,Data Services,542.85,1
2026-02-19,MAC-04,Backend,Networking,239.51,1
2026-02-19,MAC-04,Backend,Compute,1078.63,1
2026-02-19,MAC-04,Backend,Storage,364.0,1
2026-02-19,MAC-04,QA,Compute,420.57,1
2026-02-19,MAC-04,QA,Networking,101.84,1
2026-02-19,MAC-04,QA,Data Services,297.06,1
2026-02-19,MAC-04,QA,Storage,185.08,1
2026-02-19,MAC-05,Compliance,Data Services,349.68,1
2026-02-19,MAC-05,Compliance,Networking,161.27,1
2026-02-19,MAC-05,Compliance,Compute,429.37,1
2026-02-19,MAC-05,Compliance,Storage,237.31,1
2026-02-19,MAC-05,Security,Storage,302.94,1
2026-02-19,MAC-05,Security,Data Services,409.83,1
2026-02-19,MAC-05,Security,Networking,309.74,1
2026-02-19,MAC-05,Security,Compute,783.24,1
2026-02-19,MAC-06,CloudOps,Data Services,429.1,1
2026-02-19,MAC-06,CloudOps,Compute,1254.81,1
2026-02-19,MAC-06,CloudOps,Storage,378.41,1
2026-02-19,MAC-06,CloudOps,Networking,304.22,1
2026-02-19,MAC-06,Infrastructure,Compute,1418.18,1
2026-02-19,MAC-06,Infrastructure,Networking,408.56,1
2026-02-19,MAC-06,Infrastructure,Storage,424.08,1
2026-02-19,MAC-06,Infrastructure,Data Services,451.21,1
2026-02-19,MAC-07,ML,Data Services,768.98,1
2026-02-19,MAC-07,ML,Storage,520.43,1
2026-02-19,MAC-07,ML,Compute,2000.22,1
2026-02-19,MAC-07,ML,Networking,235.51,1
2026-02-19,MAC-07,Research,Data Services,760.0,1
2026-02-19,MAC-07,Research,Compute,981.41,1
2026-02-19,MAC-07,Research,Networking,172.41,1
2026-02-19,MAC-07,Research,Storage,534.99,1
2026-02-19,MAC-08,Finance,Data Services,558.34,1
2026-02-19,MAC-08,Finance,Compute,367.53,1
2026-02-19,MAC-08,Finance,Networking,94.43,1
2026-02-19,MAC-08,Finance,Storage,187.29,1
2026-02-19,MAC-08,Operations,Compute,493.44,1
2026-02-19,MAC-08,Operations,Networking,132.43,1
2026-02-19,MAC-08,Operations,Data Services,413.7,1
2026-02-19,MAC-08,Operations,Storage,300.75,1
2026-02-20,MAC-01,DevOps,Storage,287.05,1
2026-02-20,MAC-01,DevOps,Networking,221.47,1
2026-02-20,MAC-01,DevOps,Compute,1265.33,1
2026-02-20,MAC-01,DevOps,Data Services,426.37,1
2026-02-20,MAC-01,Platform,Storage,303.17,1
2026-02-20,MAC-01,Platform,Networking,270.96,1
2026-02-20,MAC-01,Platform,Data Services,404.96,1
2026-02-20,MAC-01,Platform,Compute,1105.89,1
2026-02-20,MAC-02,Analytics,Data Services,953.75,1
2026-02-20,MAC-02,Analytics,Compute,965.14,1
2026-02-20,MAC-02,Analytics,Storage,524.78,1
2026-02-20,MAC-02,Analytics,Networking,187.77,1
2026-02-20,MAC-02,DataEngineering,Storage,599.89,1
2026-02-20,MAC-02,DataEngineering,Data Services,1025.75,1
2026-02-20,MAC-02,DataEngineering,Networking,221.36,1
2026-02-20,MAC-02,DataEngineering,Compute,925.79,1
2026-02-20,MAC-03,Frontend,Data Services,216.26,1
2026-02-20,MAC-03,Frontend,Compute,601.78,1
2026-02-20,MAC-03,Frontend,Networking,100.03,1
2026-02-20,MAC-03,Frontend,Storage,180.18,1
2026-02-20,MAC-03,Product,Data Services,315.33,1
2026-02-20,MAC-03,Product,Compute,724.33,1
2026-02-20,MAC-03,Product,Networking,131.13,1
2026-02-20,MAC-03,Product,Storage,199.26,1
2026-02-20,MAC-04,Backend,Compute,940.58,1
2026-02-20,MAC-04,Backend,Networking,271.84,1
2026-02-20,MAC-04,Backend,Data Services,617.93,1
2026-02-20,MAC-04,Backend,Storage,362.96,1
2026-02-20,MAC-04,QA,Storage,213.94,1
2026-02-20,MAC-04,QA,Compute,479.19,1
2026-02-20,MAC-04,QA,Networking,90.12,1
2026-02-20,MAC-04,QA,Data Services,272.13,1
2026-02-20,MAC-05,Compliance,Data Services,318.24,1
2026-02-20,MAC-05,Compliance,Networking,169.07,1
2026-02-20,MAC-05,Compliance,Storage,218.41,1
2026-02-20,MAC-05,Compliance,Compute,385.36,1
2026-02-20,MAC-05,Security,Storage,263.53,1
2026-02-20,MAC-05,Security,Data Services,422.15,1
2026-02-20,MAC-05,Security,Networking,370.22,1
2026-02-20,MAC-05,Security,Compute,800.02,1
2026-02-20,MAC-06,CloudOps,Compute,1515.85,1
2026-02-20,MAC-06,CloudOps,Networking,341.36,1
2026-02-20,MAC-06,CloudOps,Data Services,428.55,1
2026-02-20,MAC-06,CloudOps,Storage,362.7,1
2026-02-20,MAC-06,Infrastructure,Storage,420.86,1
2026-02-20,MAC-06,Infrastructure,Networking,361.13,1
2026-02-20,MAC-06,Infrastructure,Compute,1682.87,1
2026-02-20,MAC-06,Infrastructure,Data Services,433.24,1
2026-02-20,MAC-07,ML,Networking,233.82,1
2026-02-20,MAC-07,ML,Compute,2011.12,1
2026-02-20,MAC-07,ML,Data Services,802.35,1
2026-02-20,MAC-07,ML,Storage,581.55,1
2026-02-20,MAC-07,Research,Compute,773.87,1
2026-02-20,MAC-07,Research,Networking,197.72,1
2026-02-20,MAC-07,Research,Storage,553.62,1
2026-02-20,MAC-07,Research,Data Services,680.09,1
2026-02-20,MAC-08,Finance,Storage,249.21,1
2026-02-20,MAC-08,Finance,Networking,111.28,1
2026-02-20,MAC-08,Finance,Compute,304.39,1
2026-02-20,MAC-08,Finance,Data Services,493.59,1
2026-02-20,MAC-08,Operations,Storage,365.13,1
2026-02-20,MAC-08,Operations,Data Services,431.74,1
2026-02-20,MAC-08,Operations,Compute,567.63,1
2026-02-20,MAC-08,Operations,Networking,139.55,1
2026-02-21,MAC-01,DevOps,Compute,1426.33,1
2026-02-21,MAC-01,DevOps,Storage,325.04,1
2026-02-21,MAC-01,DevOps,Networking,239.1,1
2026-02-21,MAC-01,DevOps,Data Services,391.44,1
2026-02-21,MAC-01,Platform,Data Services,404.55,1
2026-02-21,MAC-01,Platform,Compute,1271.37,1
2026-02-21,MAC-01,Platform,Networking,254.94,1
2026-02-21,MAC-01,Platform,Storage,291.05,1
2026-02-21,MAC-02,Analytics,Compute,972.39,1
2026-02-21,MAC-02,Analytics,Data Services,1040.67,1
2026-02-21,MAC-02,Analytics,Networking,190.48,1
2026-02-21,MAC-02,Analytics,Storage,672.63,1
2026-02-21,MAC-02,DataEngineering,Compute,915.02,1
2026-02-21,MAC-02,DataEngineering,Storage,611.15,1
2026-02-21,MAC-02,DataEngineering,Networking,223.42,1
2026-02-21,MAC-02,DataEngineering,Data Services,906.26,1
2026-02-21,MAC-03,Frontend,Networking,119.52,1
2026-02-21,MAC-03,Frontend,Data Services,202.39,1
2026-02-21,MAC-03,Frontend,Compute,616.77,1
2026-02-21,MAC-03,Frontend,Storage,165.62,1
2026-02-21,MAC-03,Product,Data Services,356.67,1
2026-02-21,MAC-03,Product,Compute,659.78,1
2026-02-21,MAC-03,Product,Storage,226.13,1
2026-02-21,MAC-03,Product,Networking,121.31,1
2026-02-21,MAC-04,Backend,Networking,233.69,1
2026-02-21,MAC-04,Backend,Data Services,618.82,1
2026-02-21,MAC-04,Backend,Compute,938.1,1
2026-02-21,MAC-04,Backend,Storage,431.12,1
2026-02-21,MAC-04,QA,Compute,415.6,1
2026-02-21,MAC-04,QA,Networking,98.4,1
2026-02-21,MAC-04,QA,Storage,194.94,1
2026-02-21,MAC-04,QA,Data Services,234.89,1
2026-02-21,MAC-05,Compliance,Storage,251.59,1
2026-02-21,MAC-05,Compliance,Networking,151.98,1
2026-02-21,MAC-05,Compliance,Data Services,309.17,1
2026-02-21,MAC-05,Compliance,Compute,401.74,1
2026-02-21,MAC-05,Security,Storage,273.88,1
2026-02-21,MAC-05,Security,Data Services,376.09,1
2026-02-21,MAC-05,Security,Networking,359.4,1
2026-02-21,MAC-05,Security,Compute,811.92,1
2026-02-21,MAC-06,CloudOps,Networking,383.73,1
2026-02-21,MAC-06,CloudOps,Data Services,462.52,1
2026-02-21,MAC-06,CloudOps,Compute,1459.91,1
2026-02-21,MAC-06,CloudOps,Storage,366.36,1
2026-02-21,MAC-06,Infrastructure,Storage,484.49,1
2026-02-21,MAC-06,Infrastructure,Networking,369.03,1
2026-02-21,MAC-06,Infrastructure,Data Services,468.59,1
2026-02-21,MAC-06,Infrastructure,Compute,1475.43,1
2026-02-21,MAC-07,ML,Networking,244.29,1
2026-02-21,MAC-07,ML,Data Services,672.71,1
2026-02-21,MAC-07,ML,Storage,525.53,1
2026-02-21,MAC-07,ML,Compute,2011.51,1
2026-02-21,MAC-07,Research,Storage,484.77,1
2026-02-21,MAC-07,Research,Networking,227.07,1
2026-02-21,MAC-07,Research,Data Services,621.94,1
2026-02-21,MAC-07,Research,Compute,838.9,1
2026-02-21,MAC-08,Finance,Data Services,522.31,1
2026-02-21,MAC-08,Finance,Compute,377.32,1
2026-02-21,MAC-08,Finance,Networking,108.38,1
2026-02-21,MAC-08,Finance,Storage,200.13,1
2026-02-21,MAC-08,Operations,Storage,363.93,1
2026-02-21,MAC-08,Operations,Networking,163.73,1
2026-02-21,MAC-08,Operations,Compute,487.76,1
2026-02-21,MAC-08,Operations,Data Services,428.81,1
2026-02-22,MAC-01,DevOps,Networking,221.55,1
2026-02-22,MAC-01,DevOps,Compute,1501.66,1
2026-02-22,MAC-01,DevOps,Data Services,491.69,1
2026-02-22,MAC-01,DevOps,Storage,349.78,1
2026-02-22,MAC-01,Platform,Data Services,409.91,1
2026-02-22,MAC-01,Platform,Networking,273.85,1
2026-02-22,MAC-01,Platform,Compute,1211.2,1
2026-02-22,MAC-01,Platform,Storage,274.27,1
2026-02-22,MAC-02,Analytics,Storage,545.54,1
2026-02-22,MAC-02,Analytics,Networking,178.77,1
2026-02-22,MAC-02,Analytics,Compute,1077.26,1
2026-02-22,MAC-02,Analytics,Data Services,1045.77,1
2026-02-22,MAC-02,DataEngineering,Storage,607.25,1
2026-02-22,MAC-02,DataEngineering,Networking,176.29,1
2026-02-22,MAC-02,DataEngineering,Compute,1129.9,1
2026-02-22,MAC-02,DataEngineering,Data Services,1096.62,1
2026-02-22,MAC-03,Frontend,Data Services,188.59,1
2026-02-22,MAC-03,Frontend,Networking,113.38,1
2026-02-22,MAC-03,Frontend,Compute,624.21,1
2026-02-22,MAC-03,Frontend,Storage,161.86,1
2026-02-22,MAC-03,Product,Compute,670.72,1
2026-02-22,MAC-03,Product,Networking,125.31,1
2026-02-22,MAC-03,Product,Storage,200.87,1
2026-02-22,MAC-03,Product,Data Services,300.78,1
2026-02-22,MAC-04,Backend,Networking,219.26,1
2026-02-22,MAC-04,Backend,Data Services,574.31,1
2026-02-22,MAC-04,Backend,Storage,411.88,1
2026-02-22,MAC-04,Backend,Compute,1033.93,1
2026-02-22,MAC-04,QA,Data Services,248.95,1
2026-02-22,MAC-04,QA,Networking,100.09,1
2026-02-22,MAC-04,QA,Storage,201.28,1
2026-02-22,MAC-04,QA,Compute,489.19,1
2026-02-22,MAC-05,Compliance,Compute,338.09,1
2026-02-22,MAC-05,Compliance,Networking,153.45,1
2026-02-22,MAC-05,Compliance,Data Services,283.64,1
2026-02-22,MAC-05,Compliance,Storage,257.14,1
2026-02-22,MAC-05,Security,Data Services,376.6,1
2026-02-22,MAC-05,Security,Networking,371.65,1
2026-02-22,MAC-05,Security,Compute,837.18,1
2026-02-22,MAC-05,Security,Storage,304.68,1
2026-02-22,MAC-06,CloudOps,Storage,420.67,1
2026-02-22,MAC-06,CloudOps,Data Services,471.73,1
2026-02-22,MAC-06,CloudOps,Compute,1348.57,1
2026-02-22,MAC-06,CloudOps,Networking,303.25,1
2026-02-22,MAC-06,Infrastructure,Data Services,481.81,1
2026-02-22,MAC-06,Infrastructure,Networking,377.8,1
2026-02-22,MAC-06,Infrastructure,Compute,1488.91,1
2026-02-22,MAC-06,Infrastructure,Storage,492.03,1
2026-02-22,MAC-07,ML,Data Services,785.02,1
2026-02-22,MAC-07,ML,Networking,201.99,1
2026-02-22,MAC-07,ML,Compute,1721.49,1
2026-02-22,MAC-07,ML,Storage,565.22,1
2026-02-22,MAC-07,Research,Data Services,620.27,1
2026-02-22,MAC-07,Research,Compute,844.67,1
2026-02-22,MAC-07,Research,Networking,184.05,1
2026-02-22,MAC-07,Research,Storage,445.23,1
2026-02-22,MAC-08,Finance,Storage,217.49,1
2026-02-22,MAC-08,Finance,Compute,362.96,1
2026-02-22,MAC-08,Finance,Data Services,522.08,1
2026-02-22,MAC-08,Finance,Networking,118.42,1
2026-02-22,MAC-08,Operations,Storage,304.83,1
2026-02-22,MAC-08,Operations,Compute,460.64,1
2026-02-22,MAC-08,Operations,Networking,122.74,1
2026-02-22,MAC-08,Operations,Data Services,408.17,1
2026-02-23,MAC-01,DevOps,Compute,1463.04,1
2026-02-23,MAC-01,DevOps,Networking,219.61,1
2026-02-23,MAC-01,DevOps,Data Services,459.36,1
2026-02-23,MAC-01,DevOps,Storage,333.3,1
2026-02-23,MAC-01,Platform,Data Services,481.9,1
2026-02-23,MAC-01,Platform,Storage,329.37,1
2026-02-23,MAC-01,Platform,Networking,293.07,1
2026-02-23,MAC-01,Platform,Compute,1260.58,1
2026-02-23,MAC-02,Analytics,Data Services,1000.71,1
2026-02-23,MAC-02,Analytics,Compute,1005.04,1
2026-02-23,MAC-02,Analytics,Networking,179.84,1
2026-02-23,MAC-02,Analytics,Storage,566.38,1
2026-02-23,MAC-02,DataEngineering,Data Services,864.33,1
2026-02-23,MAC-02,DataEngineering,Networking,221.0,1
2026-02-23,MAC-02,DataEngineering,Compute,1072.7,1
2026-02-23,MAC-02,DataEngineering,Storage,700.53,1
2026-02-23,MAC-03,Frontend,Networking,104.51,1
2026-02-23,MAC-03,Frontend,Data Services,221.27,1
2026-02-23,MAC-03,Frontend,Storage,169.88,1
2026-02-23,MAC-03,Frontend,Compute,549.39,1
2026-02-23,MAC-03,Product,Data Services,354.43,1
2026-02-23,MAC-03,Product,Compute,701.06,1
2026-02-23,MAC-03,Product,Storage,243.57,1
2026-02-23,MAC-03,Product,Networking,119.71,1
2026-02-23,MAC-04,Backend,Storage,365.7,1
2026-02-23,MAC-04,Backend,Compute,1107.13,1
2026-02-23,MAC-04,Backend,Data Services,569.05,1
2026-02-23,MAC-04,Backend,Networking,249.47,1
2026-02-23,MAC-04,QA,Data Services,245.01,1
2026-02-23,MAC-04,QA,Networking,89.86,1
2026-02-23,MAC-04,QA,Compute,425.85,1
2026-02-23,MAC-04,QA,Storage,198.53,1
2026-02-23,MAC-05,Compliance,Storage,216.61,1
2026-02-23,MAC-05,Compliance,Networking,148.13,1
2026-02-23,MAC-05,Compliance,Data Services,363.69,1
2026-02-23,MAC-05,Compliance,Compute,441.93,1
2026-02-23,MAC-05,Security,Compute,806.77,1
2026-02-23,MAC-05,Security,Data Services,363.26,1
2026-02-23,MAC-05,Security,Networking,328.65,1
2026-02-23,MAC-05,Security,Storage,248.57,1
2026-02-23,MAC-06,CloudOps,Compute,1223.02,1
2026-02-23,MAC-06,CloudOps,Data Services,503.03,1
2026-02-23,MAC-06,CloudOps,Networking,348.4,1
2026-02-23,MAC-06,CloudOps,Storage,372.58,1
2026-02-23,MAC-06,Infrastructure,Data Services,417.99,1
2026-02-23,MAC-06,Infrastructure,Networking,409.78,1
2026-02-23,MAC-06,Infrastructure,Compute,1458.81,1
2026-02-23,MAC-06,Infrastructure,Storage,408.04,1
2026-02-23,MAC-07,ML,Storage,532.4,1
2026-02-23,MAC-07,ML,Compute,1713.79,1
2026-02-23,MAC-07,ML,Data Services,692.81,1
2026-02-23,MAC-07,ML,Networking,231.94,1
2026-02-23,MAC-07,Research,Compute,814.09,1
2026-02-23,MAC-07,Research,Networking,181.39,1
2026-02-23,MAC-07,Research,Data Services,666.9,1
2026-02-23,MAC-07,Research,Storage,434.87,1
2026-02-23,MAC-08,Finance,Storage,208.32,1
2026-02-23,MAC-08,Finance,Compute,358.59,1
2026-02-23,MAC-08,Finance,Data Services,440.39,1
2026-02-23,MAC-08,Finance,Networking,107.55,1
2026-02-23,MAC-08,Operations,Data Services,412.68,1
2026-02-23,MAC-08,Operations,Storage,379.31,1
2026-02-23,MAC-08,Operations,Compute,485.81,1
2026-02-23,MAC-08,Operations,Networking,159.83,1
2026-02-24,MAC-01,DevOps,Compute,1339.27,1
2026-02-24,MAC-01,DevOps,Data Services,391.96,1
2026-02-24,MAC-01,DevOps,Networking,218.86,1
2026-02-24,MAC-01,DevOps,Storage,348.73,1
2026-02-24,MAC-01,Platform,Networking,293.26,1
2026-02-24,MAC-01,Platform,Data Services,401.03,1
2026-02-24,MAC-01,Platform,Compute,1362.99,1
2026-02-24,MAC-01,Platform,Storage,356.38,1
2026-02-24,MAC-02,Analytics,Compute,1006.06,1
2026-02-24,MAC-02,Analytics,Networking,164.85,1
2026-02-24,MAC-02,Analytics,Storage,524.93,1
2026-02-24,MAC-02,Analytics,Data Services,915.54,1
2026-02-24,MAC-02,DataEngineering,Data Services,910.88,1
2026-02-24,MAC-02,DataEngineering,Compute,992.97,1
2026-02-24,MAC-02,DataEngineering,Networking,177.17,1
2026-02-24,MAC-02,DataEngineering,Storage,603.63,1
2026-02-24,MAC-03,Frontend,Data Services,233.07,1
2026-02-24,MAC-03,Frontend,Storage,142.0,1
2026-02-24,MAC-03,Frontend,Networking,98.9,1
2026-02-24,MAC-03,Frontend,Compute,507.2,1
2026-02-24,MAC-03,Product,Data Services,359.16,1
2026-02-24,MAC-03,Product,Compute,639.81,1
2026-02-24,MAC-03,Product,Networking,147.69,1
2026-02-24,MAC-03,Product,Storage,223.92,1
2026-02-24,MAC-04,Backend,Compute,1035.04,1
2026-02-24,MAC-04,Backend,Networking,221.31,1
2026-02-24,MAC-04,Backend,Data Services,511.56,1
2026-02-24,MAC-04,Backend,Storage,370.38,1
2026-02-24,MAC-04,QA,Storage,222.48,1
2026-02-24,MAC-04,QA,Networking,100.43,1
2026-02-24,MAC-04,QA,Data Services,240.26,1
2026-02-24,MAC-04,QA,Compute,410.37,1
2026-02-24,MAC-05,Compliance,Compute,352.22,1
2026-02-24,MAC-05,Compliance,Networking,176.2,1
2026-02-24,MAC-05,Compliance,Storage,273.83,1
2026-02-24,MAC-05,Compliance,Data Services,297.9,1
2026-02-24,MAC-05,Security,Data Services,420.05,1
2026-02-24,MAC-05,Security,Compute,878.53,1
2026-02-24,MAC-05,Security,Networking,337.49,1
2026-02-24,MAC-05,Security,Storage,311.14,1
2026-02-24,MAC-06,CloudOps,Data Services,439.27,1
2026-02-24,MAC-06,CloudOps,Networking,391.84,1
2026-02-24,MAC-06,CloudOps,Compute,1637.55,1
2026-02-24,MAC-06,CloudOps,Storage,478.52,1
2026-02-24,MAC-06,Infrastructure,Compute,1587.1,1
2026-02-24,MAC-06,Infrastructure,Networking,402.86,1
2026-02-24,MAC-06,Infrastructure,Data Services,486.57,1
2026-02-24,MAC-06,Infrastructure,Storage,441.36,1
2026-02-24,MAC-07,ML,Storage,596.06,1
2026-02-24,MAC-07,ML,Compute,1678.21,1
2026-02-24,MAC-07,ML,Networking,251.14,1
2026-02-24,MAC-07,ML,Data Services,736.69,1
2026-02-24,MAC-07,Research,Compute,783.28,1
2026-02-24,MAC-07,Research,Networking,187.89,1
2026-02-24,MAC-07,Research,Data Services,809.02,1
2026-02-24,MAC-07,Research,Storage,531.21,1
2026-02-24,MAC-08,Finance,Data Services,550.08,1
2026-02-24,MAC-08,Finance,Networking,108.18,1
2026-02-24,MAC-08,Finance,Compute,364.39,1
2026-02-24,MAC-08,Finance,Storage,219.44,1
2026-02-24,MAC-08,Operations,Data Services,410.06,1
2026-02-24,MAC-08,Operations,Storage,304.29,1
2026-02-24,MAC-08,Operations,Compute,426.22,1
2026-02-24,MAC-08,Operations,Networking,138.7,1
2026-02-25,MAC-01,DevOps,Data Services,424.27,1
2026-02-25,MAC-01,DevOps,Networking,247.5,1
2026-02-25,MAC-01,DevOps,Compute,1289.15,1
2026-02-25,MAC-01,DevOps,Storage,357.83,1
2026-02-25,MAC-01,Platform,Storage,356.82,1
2026-02-25,MAC-01,Platform,Networking,255.34,1
2026-02-25,MAC-01,Platform,Data Services,384.72,1
2026-02-25,MAC-01,Platform,Compute,1217.5,1
2026-02-25,MAC-02,Analytics,Data Services,1063.54,1
2026-02-25,MAC-02,Analytics,Storage,588.3,1
2026-02-25,MAC-02,Analytics,Networking,191.79,1
2026-02-25,MAC-02,Analytics,Compute,1027.4,1
2026-02-25,MAC-02,DataEngineering,Storage,665.96,1
2026-02-25,MAC-02,DataEngineering,Compute,1082.54,1
2026-02-25,MAC-02,DataEngineering,Data Services,946.65,1
2026-02-25,MAC-02,DataEngineering,Networking,214.16,1
2026-02-25,MAC-03,Frontend,Compute,494.73,1
2026-02-25,MAC-03,Frontend,Networking,123.65,1
2026-02-25,MAC-03,Frontend,Data Services,223.58,1
2026-02-25,MAC-03,Frontend,Storage,191.01,1
2026-02-25,MAC-03,Product,Storage,197.35,1
2026-02-25,MAC-03,Product,Compute,714.34,1
2026-02-25,MAC-03,Product,Networking,125.02,1
2026-02-25,MAC-03,Product,Data Services,379.08,1
2026-02-25,MAC-04,Backend,Compute,1211.64,1
2026-02-25,MAC-04,Backend,Storage,420.33,1
2026-02-25,MAC-04,Backend,Data Services,495.7,1
2026-02-25,MAC-04,Backend,Networking,253.12,1
2026-02-25,MAC-04,QA,Data Services,306.64,1
2026-02-25,MAC-04,QA,Networking,91.14,1
2026-02-25,MAC-04,QA,Compute,462.1,1
2026-02-25,MAC-04,QA,Storage,178.03,1
2026-02-25,MAC-05,Compliance,Storage,216.65,1
2026-02-25,MAC-05,Compliance,Compute,405.61,1
2026-02-25,MAC-05,Compliance,Networking,153.67,1
2026-02-25,MAC-05,Compliance,Data Services,356.46,1
2026-02-25,MAC-05,Security,Compute,811.3,1
2026-02-25,MAC-05,Security,Networking,371.04,1
2026-02-25,MAC-05,Security,Data Services,443.22,1
2026-02-25,MAC-05,Security,Storage,313.19,1
2026-02-25,MAC-06,CloudOps,Networking,337.89,1
2026-02-25,MAC-06,CloudOps,Data Services,476.78,1
2026-02-25,MAC-06,CloudOps,Compute,1407.8,1
2026-02-25,MAC-06,CloudOps,Storage,472.43,1
2026-02-25,MAC-06,Infrastructure,Data Services,512.45,1
2026-02-25,MAC-06,Infrastructure,Storage,398.81,1
2026-02-25,MAC-06,Infrastructure,Networking,381.19,1
2026-02-25,MAC-06,Infrastructure,Compute,1520.11,1
2026-02-25,MAC-07,ML,Storage,590.92,1
2026-02-25,MAC-07,ML,Compute,1570.12,1
2026-02-25,MAC-07,ML,Data Services,785.9,1
2026-02-25,MAC-07,ML,Networking,219.1,1
2026-02-25,MAC-07,Research,Data Services,715.69,1
2026-02-25,MAC-07,Research,Networking,211.07,1
2026-02-25,MAC-07,Research,Storage,436.82,1
2026-02-25,MAC-07,Research,Compute,980.41,1
2026-02-25,MAC-08,Finance,Compute,294.22,1
2026-02-25,MAC-08,Finance,Networking,113.69,1
2026-02-25,MAC-08,Finance,Data Services,519.92,1
2026-02-25,MAC-08,Finance,Storage,209.41,1
2026-02-25,MAC-08,Operations,Compute,467.39,1
2026-02-25,MAC-08,Operations,Storage,311.21,1
2026-02-25,MAC-08,Operations,Networking,141.88,1
2026-02-25,MAC-08,Operations,Data Services,379.3,1
2026-02-26,MAC-01,DevOps,Data Services,392.94,1
2026-02-26,MAC-01,DevOps,Compute,1469.98,1
2026-02-26,MAC-01,DevOps,Storage,335.43,1
2026-02-26,MAC-01,DevOps,Networking,204.32,1
2026-02-26,MAC-01,Platform,Storage,266.73,1
2026-02-26,MAC-01,Platform,Compute,1253.96,1
2026-02-26,MAC-01,Platform,Networking,300.81,1
2026-02-26,MAC-01,Platform,Data Services,407.33,1
2026-02-26,MAC-02,Analytics,Data Services,918.25,1
2026-02-26,MAC-02,Analytics,Networking,199.32,1
2026-02-26,MAC-02,Analytics,Storage,600.66,1
2026-02-26,MAC-02,Analytics,Compute,872.14,1
2026-02-26,MAC-02,DataEngineering,Storage,760.02,1
2026-02-26,MAC-02,DataEngineering,Compute,1054.55,1
2026-02-26,MAC-02,DataEngineering,Data Services,999.37,1
2026-02-26,MAC-02,DataEngineering,Networking,175.56,1
2026-02-26,MAC-03,Frontend,Storage,157.86,1
2026-02-26,MAC-03,Frontend,Compute,531.98,1
2026-02-26,MAC-03,Frontend,Data Services,200.09,1
2026-02-26,MAC-03,Frontend,Networking,113.81,1
2026-02-26,MAC-03,Product,Compute,651.89,1
2026-02-26,MAC-03,Product,Networking,132.66,1
2026-02-26,MAC-03,Product,Data Services,304.73,1
2026-02-26,MAC-03,Product,Storage,221.9,1
2026-02-26,MAC-04,Backend,Data Services,523.57,1
2026-02-26,MAC-04,Backend,Compute,1013.43,1
2026-02-26,MAC-04,Backend,Networking,209.12,1
2026-02-26,MAC-04,Backend,Storage,343.48,1
2026-02-26,MAC-04,QA,Compute,478.84,1
2026-02-26,MAC-04,QA,Networking,104.35,1
2026-02-26,MAC-04,QA,Data Services,302.9,1
2026-02-26,MAC-04,QA,Storage,190.29,1
2026-02-26,MAC-05,Compliance,Storage,210.49,1
2026-02-26,MAC-05,Compliance,Compute,401.15,1
2026-02-26,MAC-05,Compliance,Networking,164.67,1
2026-02-26,MAC-05,Compliance,Data Services,310.7,1
2026-02-26,MAC-05,Security,Storage,239.89,1
2026-02-26,MAC-05,Security,Data Services,443.97,1
2026-02-26,MAC-05,Security,Networking,304.96,1
2026-02-26,MAC-05,Security,Compute,851.43,1
2026-02-26,MAC-06,CloudOps,Compute,1544.48,1
2026-02-26,MAC-06,CloudOps,Networking,373.75,1
2026-02-26,MAC-06,CloudOps,Data Services,496.65,1
2026-02-26,MAC-06,CloudOps,Storage,443.46,1
2026-02-26,MAC-06,Infrastructure,Data Services,511.1,1
2026-02-26,MAC-06,Infrastructure,Compute,1413.87,1
2026-02-26,MAC-06,Infrastructure,Storage,459.29,1
2026-02-26,MAC-06,Infrastructure,Networking,365.5,1
2026-02-26,MAC-07,ML,Compute,1944.76,1
2026-02-26,MAC-07,ML,Networking,214.02,1
2026-02-26,MAC-07,ML,Data Services,875.87,1
2026-02-26,MAC-07,ML,Storage,581.26,1
2026-02-26,MAC-07,Research,Storage,484.23,1
2026-02-26,MAC-07,Research,Compute,768.56,1
2026-02-26,MAC-07,Research,Data Services,715.99,1
2026-02-26,MAC-07,Research,Networking,173.02,1
2026-02-26,MAC-08,Finance,Storage,204.69,1
2026-02-26,MAC-08,Finance,Networking,124.83,1
2026-02-26,MAC-08,Finance,Data Services,448.77,1
2026-02-26,MAC-08,Finance,Compute,364.75,1
2026-02-26,MAC-08,Operations,Storage,370.32,1
2026-02-26,MAC-08,Operations,Data Services,373.11,1
2026-02-26,MAC-08,Operations,Compute,536.11,1
2026-02-26,MAC-08,Operations,Networking,152.62,1
2026-02-27,MAC-01,DevOps,Networking,248.36,1
2026-02-27,MAC-01,DevOps,Storage,296.96,1
2026-02-27,MAC-01,DevOps,Compute,1283.32,1
2026-02-27,MAC-01,DevOps,Data Services,495.03,1
2026-02-27,MAC-01,Platform,Data Services,369.82,1
2026-02-27,MAC-01,Platform,Networking,260.08,1
2026-02-27,MAC-01,Platform,Compute,1115.8,1
2026-02-27,MAC-01,Platform,Storage,355.75,1
2026-02-27,MAC-02,Analytics,Storage,623.55,1
2026-02-27,MAC-02,Analytics,Networking,166.97,1
2026-02-27,MAC-02,Analytics,Compute,1074.62,1
2026-02-27,MAC-02,Analytics,Data Services,822.76,1
2026-02-27,MAC-02,DataEngineering,Data Services,1126.07,1
2026-02-27,MAC-02,DataEngineering,Storage,731.52,1
2026-02-27,MAC-02,DataEngineering,Compute,892.05,1
2026-02-27,MAC-02,DataEngineering,Networking,214.2,1
2026-02-27,MAC-03,Frontend,Storage,148.31,1
2026-02-27,MAC-03,Frontend,Networking,100.71,1
2026-02-27,MAC-03,Frontend,Compute,574.52,1
2026-02-27,MAC-03,Frontend,Data Services,238.52,1
2026-02-27,MAC-03,Product,Networking,135.5,1
2026-02-27,MAC-03,Product,Storage,215.82,1
2026-02-27,MAC-03,Product,Compute,630.45,1
2026-02-27,MAC-03,Product,Data Services,338.29,1
2026-02-27,MAC-04,Backend,Storage,337.48,1
2026-02-27,MAC-04,Backend,Data Services,628.19,1
2026-02-27,MAC-04,Backend,Networking,272.96,1
2026-02-27,MAC-04,Backend,Compute,988.86,1
2026-02-27,MAC-04,QA,Storage,201.49,1
2026-02-27,MAC-04,QA,Data Services,258.11,1
2026-02-27,MAC-04,QA,Networking,113.55,1
2026-02-27,MAC-04,QA,Compute,474.23,1
2026-02-27,MAC-05,Compliance,Networking,175.41,1
2026-02-27,MAC-05,Compliance,Storage,251.89,1
2026-02-27,MAC-05,Compliance,Compute,424.1,1
2026-02-27,MAC-05,Compliance,Data Services,380.77,1
2026-02-27,MAC-05,Security,Data Services,429.27,1
2026-02-27,MAC-05,Security,Networking,381.93,1
2026-02-27,MAC-05,Security,Compute,895.78,1
2026-02-27,MAC-05,Security,Storage,277.36,1
2026-02-27,MAC-06,CloudOps,Compute,1555.05,1
2026-02-27,MAC-06,CloudOps,Networking,370.84,1
2026-02-27,MAC-06,CloudOps,Storage,381.3,1
2026-02-27,MAC-06,CloudOps,Data Services,434.51,1
2026-02-27,MAC-06,Infrastructure,Storage,446.97,1
2026-02-27,MAC-06,Infrastructure,Networking,358.28,1
2026-02-27,MAC-06,Infrastructure,Data Services,444.49,1
2026-02-27,MAC-06,Infrastructure,Compute,1405.82,1
2026-02-27,MAC-07,ML,Compute,1735.63,1
2026-02-27,MAC-07,ML,Networking,223.32,1
2026-02-27,MAC-07,ML,Storage,496.59,1
2026-02-27,MAC-07,ML,Data Services,853.01,1
2026-02-27,MAC-07,Research,Compute,996.86,1
2026-02-27,MAC-07,Research,Networking,210.04,1
2026-02-27,MAC-07,Research,Data Services,734.84,1
2026-02-27,MAC-07,Research,Storage,475.45,1
2026-02-27,MAC-08,Finance,Data Services,447.03,1
2026-02-27,MAC-08,Finance,Networking,120.31,1
2026-02-27,MAC-08,Finance,Compute,306.82,1
2026-02-27,MAC-08,Finance,Storage,191.85,1
2026-02-27,MAC-08,Operations,Storage,353.58,1
2026-02-27,MAC-08,Operations,Networking,142.14,1
2026-02-27,MAC-08,Operations,Data Services,420.01,1
2026-02-27,MAC-08,Operations,Compute,511.47,1
2026-02-28,MAC-01,DevOps,Data Services,462.9,1
2026-02-28,MAC-01,DevOps,Storage,314.16,1
2026-02-28,MAC-01,DevOps,Compute,1364.65,1
2026-02-28,MAC-01,DevOps,Networking,245.94,1
2026-02-28,MAC-01,Platform,Data Services,479.94,1
2026-02-28,MAC-01,Platform,Compute,1338.35,1
2026-02-28,MAC-01,Platform,Networking,240.3,1
2026-02-28,MAC-01,Platform,Storage,294.99,1
2026-02-28,MAC-02,Analytics,Data Services,928.08,1
2026-02-28,MAC-02,Analytics,Storage,662.05,1
2026-02-28,MAC-02,Analytics,Compute,812.58,1
2026-02-28,MAC-02,Analytics,Networking,168.8,1
2026-02-28,MAC-02,DataEngineering,Networking,229.66,1
2026-02-28,MAC-02,DataEngineering,Compute,1103.26,1
2026-02-28,MAC-02,DataEngineering,Data Services,1125.9,1
2026-02-28,MAC-02,DataEngineering,Storage,743.76,1
2026-02-28,MAC-03,Frontend,Storage,178.16,1
2026-02-28,MAC-03,Frontend,Networking,124.75,1
2026-02-28,MAC-03,Frontend,Data Services,197.59,1
2026-02-28,MAC-03,Frontend,Compute,610.83,1
2026-02-28,MAC-03,Product,Compute,691.79,1
2026-02-28,MAC-03,Product,Networking,153.58,1
2026-02-28,MAC-03,Product,Data Services,349.58,1
2026-02-28,MAC-03,Product,Storage,236.36,1
2026-02-28,MAC-04,Backend,Data Services,612.06,1
2026-02-28,MAC-04,Backend,Compute,1110.29,1
2026-02-28,MAC-04,Backend,Networking,256.13,1
2026-02-28,MAC-04,Backend,Storage,359.93,1
2026-02-28,MAC-04,QA,Data Services,315.41,1
2026-02-28,MAC-04,QA,Networking,115.28,1
2026-02-28,MAC-04,QA,Compute,386.29,1
2026-02-28,MAC-04,QA,Storage,203.66,1
2026-02-28,MAC-05,Compliance,Storage,255.2,1
2026-02-28,MAC-05,Compliance,Networking,153.51,1
2026-02-28,MAC-05,Compliance,Compute,417.56,1
2026-02-28,MAC-05,Compliance,Data Services,287.43,1
2026-02-28,MAC-05,Security,Networking,344.58,1
2026-02-28,MAC-05,Security,Storage,245.27,1
2026-02-28,MAC-05,Security,Compute,734.26,1
2026-02-28,MAC-05,Security,Data Services,418.33,1
2026-02-28,MAC-06,CloudOps,Storage,399.66,1
2026-02-28,MAC-06,CloudOps,Data Services,491.04,1
2026-02-28,MAC-06,CloudOps,Networking,312.78,1
2026-02-28,MAC-06,CloudOps,Compute,1437.47,1
2026-02-28,MAC-06,Infrastructure,Data Services,453.97,1
2026-02-28,MAC-06,Infrastructure,Compute,1767.35,1
2026-02-28,MAC-06,Infrastructure,Networking,411.22,1
2026-02-28,MAC-06,Infrastructure,Storage,394.78,1
2026-02-28,MAC-07,ML,Data Services,712.86,1
2026-02-28,MAC-07,ML,Networking,247.03,1
2026-02-28,MAC-07,ML,Compute,1669.2,1
2026-02-28,MAC-07,ML,Storage,599.55,1
2026-02-28,MAC-07,Research,Storage,499.49,1
2026-02-28,MAC-07,Research,Data Services,658.28,1
2026-02-28,MAC-07,Research,Networking,218.99,1
2026-02-28,MAC-07,Research,Compute,1026.01,1
2026-02-28,MAC-08,Finance,Compute,343.39,1
2026-02-28,MAC-08,Finance,Data Services,455.08,1
2026-02-28,MAC-08,Finance,Networking,98.69,1
2026-02-28,MAC-08,Finance,Storage,246.86,1
2026-02-28,MAC-08,Operations,Storage,346.6,1
2026-02-28,MAC-08,Operations,Networking,125.49,1
2026-02-28,MAC-08,Operations,Data Services,465.83,1
2026-02-28,MAC-08,Operations,Compute,544.72,1
2026-03-01,MAC-01,DevOps,Storage,338.54,1
2026-03-01,MAC-01,DevOps,Networking,244.05,1
2026-03-01,MAC-01,DevOps,Data Services,392.59,1
2026-03-01,MAC-01,DevOps,Compute,1470.4,1
2026-03-01,MAC-01,Platform,Storage,321.14,1
2026-03-01,MAC-01,Platform,Data Services,444.29,1
2026-03-01,MAC-01,Platform,Networking,271.47,1
2026-03-01,MAC-01,Platform,Compute,1236.74,1
2026-03-01,MAC-02,Analytics,Storage,640.02,1
2026-03-01,MAC-02,Analytics,Compute,1075.86,1
2026-03-01,MAC-02,Analytics,Networking,191.29,1
2026-03-01,MAC-02,Analytics,Data Services,909.95,1
2026-03-01,MAC-02,DataEngineering,Data Services,943.5,1
2026-03-01,MAC-02,DataEngineering,Storage,749.98,1
2026-03-01,MAC-02,DataEngineering,Compute,908.13,1
2026-03-01,MAC-02,DataEngineering,Networking,172.77,1
2026-03-01,MAC-03,Frontend,Compute,543.73,1
2026-03-01,MAC-03,Frontend,Networking,122.36,1
2026-03-01,MAC-03,Frontend,Data Services,240.59,1
2026-03-01,MAC-03,Frontend,Storage,158.98,1
2026-03-01,MAC-03,Product,Data Services,338.08,1
2026-03-01,MAC-03,Product,Compute,700.25,1
2026-03-01,MAC-03,Product,Networking,139.77,1
2026-03-01,MAC-03,Product,Storage,252.07,1
2026-03-01,MAC-04,Backend,Storage,419.36,1
2026-03-01,MAC-04,Backend,Networking,264.59,1
2026-03-01,MAC-04,Backend,Compute,986.0,1
2026-03-01,MAC-04,Backend,Data Services,527.33,1
2026-03-01,MAC-04,QA,Storage,215.99,1
2026-03-01,MAC-04,QA,Compute,466.41,1
2026-03-01,MAC-04,QA,Data Services,315.54,1
2026-03-01,MAC-04,QA,Networking,94.98,1
2026-03-01,MAC-05,Compliance,Storage,257.21,1
2026-03-01,MAC-05,Compliance,Compute,403.63,1
2026-03-01,MAC-05,Compliance,Networking,145.62,1
2026-03-01,MAC-05,Compliance,Data Services,354.51,1
2026-03-01,MAC-05,Security,Storage,262.82,1
2026-03-01,MAC-05,Security,Data Services,388.31,1
2026-03-01,MAC-05,Security,Networking,328.22,1
2026-03-01,MAC-05,Security,Compute,716.93,1
2026-03-01,MAC-06,CloudOps,Storage,447.24,1
2026-03-01,MAC-06,CloudOps,Networking,353.37,1
2026-03-01,MAC-06,CloudOps,Compute,1355.04,1
2026-03-01,MAC-06,CloudOps,Data Services,417.63,1
2026-03-01,MAC-06,Infrastructure,Storage,427.44,1
2026-03-01,MAC-06,Infrastructure,Compute,1643.08,1
2026-03-01,MAC-06,Infrastructure,Networking,410.89,1
2026-03-01,MAC-06,Infrastructure,Data Services,525.77,1
2026-03-01,MAC-07,ML,Storage,541.25,1
2026-03-01,MAC-07,ML,Compute,1915.13,1
2026-03-01,MAC-07,ML,Data Services,684.82,1
2026-03-01,MAC-07,ML,Networking,193.91,1
2026-03-01,MAC-07,Research,Compute,813.19,1
2026-03-01,MAC-07,Research,Networking,213.36,1
2026-03-01,MAC-07,Research,Data Services,716.06,1
2026-03-01,MAC-07,Research,Storage,453.71,1
2026-03-01,MAC-08,Finance,Data Services,558.24,1
2026-03-01,MAC-08,Finance,Compute,364.84,1
2026-03-01,MAC-08,Finance,Networking,97.25,1
2026-03-01,MAC-08,Finance,Storage,256.7,1
2026-03-01,MAC-08,Operations,Storage,353.86,1
2026-03-01,MAC-08,Operations,Networking,126.39,1
2026-03-01,MAC-08,Operations,Data Services,396.49,1
2026-03-01,MAC-08,Operations,Compute,541.94,1
2026-03-02,MAC-01,DevOps,Compute,1436.83,1
2026-03-02,MAC-01,DevOps,Networking,234.44,1
2026-03-02,MAC-01,DevOps,Storage,296.61,1
2026-03-02,MAC-01,DevOps,Data Services,470.03,1
2026-03-02,MAC-01,Platform,Networking,302.79,1
2026-03-02,MAC-01,Platform,Storage,324.53,1
2026-03-02,MAC-01,Platform,Compute,1328.29,1
2026-03-02,MAC-01,Platform,Data Services,447.71,1
2026-03-02,MAC-02,Analytics,Networking,182.07,1
2026-03-02,MAC-02,Analytics,Compute,1029.77,1
2026-03-02,MAC-02,Analytics,Data Services,884.7,1
2026-03-02,MAC-02,Analytics,Storage,595.79,1
2026-03-02,MAC-02,DataEngineering,Data Services,1127.48,1
2026-03-02,MAC-02,DataEngineering,Storage,584.65,1
2026-03-02,MAC-02,DataEngineering,Compute,931.51,1
2026-03-02,MAC-02,DataEngineering,Networking,230.31,1
2026-03-02,MAC-03,Frontend,Networking,98.3,1
2026-03-02,MAC-03,Frontend,Data Services,253.26,1
2026-03-02,MAC-03,Frontend,Compute,501.34,1
2026-03-02,MAC-03,Frontend,Storage,182.37,1
2026-03-02,MAC-03,Product,Data Services,384.18,1
2026-03-02,MAC-03,Product,Networking,121.29,1
2026-03-02,MAC-03,Product,Compute,627.26,1
2026-03-02,MAC-03,Product,Storage,213.37,1
2026-03-02,MAC-04,Backend,Compute,1195.72,1
2026-03-02,MAC-04,Backend,Storage,385.85,1
2026-03-02,MAC-04,Backend,Networking,224.32,1
2026-03-02,MAC-04,Backend,Data Services,626.19,1
2026-03-02,MAC-04,QA,Data Services,303.74,1
2026-03-02,MAC-04,QA,Storage,212.71,1
2026-03-02,MAC-04,QA,Networking,115.86,1
2026-03-02,MAC-04,QA,Compute,493.29,1
2026-03-02,MAC-05,Compliance,Storage,230.2,1
2026-03-02,MAC-05,Compliance,Networking,173.29,1
2026-03-02,MAC-05,Compliance,Data Services,356.21,1
2026-03-02,MAC-05,Compliance,Compute,342.46,1
2026-03-02,MAC-05,Security,Compute,755.34,1
2026-03-02,MAC-05,Security,Storage,303.71,1
2026-03-02,MAC-05,Security,Data Services,449.95,1
2026-03-02,MAC-05,Security,Networking,343.18,1
2026-03-02,MAC-06,CloudOps,Data Services,453.26,1
2026-03-02,MAC-06,CloudOps,Compute,1360.31,1
2026-03-02,MAC-06,CloudOps,Networking,398.01,1
2026-03-02,MAC-06,CloudOps,Storage,441.33,1
2026-03-02,MAC-06,Infrastructure,Networking,433.45,1
2026-03-02,MAC-06,Infrastructure,Storage,471.89,1
2026-03-02,MAC-06,Infrastructure,Compute,1441.43,1
2026-03-02,MAC-06,Infrastructure,Data Services,449.28,1
2026-03-02,MAC-07,ML,Storage,527.52,1
2026-03-02,MAC-07,ML,Compute,7633.31,1
2026-03-02,MAC-07,ML,Data Services,872.7,1
2026-03-02,MAC-07,ML,Networking,203.89,1
2026-03-02,MAC-07,Research,Data Services,670.58,1
2026-03-02,MAC-07,Research,Compute,909.98,1
2026-03-02,MAC-07,Research,Storage,488.77,1
2026-03-02,MAC-07,Research,Networking,178.27,1
2026-03-02,MAC-08,Finance,Data Services,544.2,1
2026-03-02,MAC-08,Finance,Compute,363.6,1
2026-03-02,MAC-08,Finance,Storage,219.47,1
2026-03-02,MAC-08,Finance,Networking,118.94,1
2026-03-02,MAC-08,Operations,Data Services,416.45,1
2026-03-02,MAC-08,Operations,Networking,162.53,1
2026-03-02,MAC-08,Operations,Storage,340.95,1
2026-03-02,MAC-08,Operations,Compute,552.88,1
2026-03-03,MAC-01,DevOps,Data Services,415.87,1
2026-03-03,MAC-01,DevOps,Networking,212.58,1
2026-03-03,MAC-01,DevOps,Compute,1333.62,1
2026-03-03,MAC-01,DevOps,Storage,333.47,1
2026-03-03,MAC-01,Platform,Networking,320.66,1
2026-03-03,MAC-01,Platform,Compute,1107.72,1
2026-03-03,MAC-01,Platform,Data Services,459.62,1
2026-03-03,MAC-01,Platform,Storage,279.21,1
2026-03-03,MAC-02,Analytics,Storage,639.03,1
2026-03-03,MAC-02,Analytics,Networking,161.0,1
2026-03-03,MAC-02,Analytics,Data Services,846.61,1
2026-03-03,MAC-02,Analytics,Compute,911.25,1
2026-03-03,MAC-02,DataEngineering,Data Services,907.09,1
2026-03-03,MAC-02,DataEngineering,Storage,770.81,1
2026-03-03,MAC-02,DataEngineering,Compute,876.74,1
2026-03-03,MAC-02,DataEngineering,Networking,208.01,1
2026-03-03,MAC-03,Frontend,Networking,106.45,1
2026-03-03,MAC-03,Frontend,Compute,621.37,1
2026-03-03,MAC-03,Frontend,Data Services,233.63,1
2026-03-03,MAC-03,Frontend,Storage,146.92,1
2026-03-03,MAC-03,Product,Data Services,343.01,1
2026-03-03,MAC-03,Product,Networking,117.37,1
2026-03-03,MAC-03,Product,Compute,658.39,1
2026-03-03,MAC-03,Product,Storage,209.77,1
2026-03-03,MAC-04,Backend,Data Services,478.82,1
2026-03-03,MAC-04,Backend,Compute,1122.41,1
2026-03-03,MAC-04,Backend,Networking,226.73,1
2026-03-03,MAC-04,Backend,Storage,369.21,1
2026-03-03,MAC-04,QA,Storage,221.44,1
2026-03-03,MAC-04,QA,Networking,109.89,1
2026-03-03,MAC-04,QA,Data Services,251.84,1
2026-03-03,MAC-04,QA,Compute,406.52,1
2026-03-03,MAC-05,Compliance,Data Services,370.34,1
2026-03-03,MAC-05,Compliance,Networking,165.18,1
2026-03-03,MAC-05,Compliance,Compute,426.74,1
2026-03-03,MAC-05,Compliance,Storage,247.78,1
2026-03-03,MAC-05,Security,Networking,335.03,1
2026-03-03,MAC-05,Security,Storage,318.26,1
2026-03-03,MAC-05,Security,Compute,851.88,1
2026-03-03,MAC-05,Security,Data Services,425.99,1
2026-03-03,MAC-06,CloudOps,Networking,367.74,1
2026-03-03,MAC-06,CloudOps,Data Services,399.86,1
2026-03-03,MAC-06,CloudOps,Compute,1290.28,1
2026-03-03,MAC-06,CloudOps,Storage,399.25,1
2026-03-03,MAC-06,Infrastructure,Storage,442.53,1
2026-03-03,MAC-06,Infrastructure,Data Services,402.69,1
2026-03-03,MAC-06,Infrastructure,Networking,414.24,1
2026-03-03,MAC-06,Infrastructure,Compute,1483.45,1
2026-03-03,MAC-07,ML,Storage,585.93,1
2026-03-03,MAC-07,ML,Compute,1603.39,1
2026-03-03,MAC-07,ML,Data Services,702.01,1
2026-03-03,MAC-07,ML,Networking,199.82,1
2026-03-03,MAC-07,Research,Storage,556.49,1
2026-03-03,MAC-07,Research,Networking,213.69,1
2026-03-03,MAC-07,Research,Data Services,709.27,1
2026-03-03,MAC-07,Research,Compute,773.21,1
2026-03-03,MAC-08,Finance,Data Services,474.37,1
2026-03-03,MAC-08,Finance,Compute,294.3,1
2026-03-03,MAC-08,Finance,Storage,226.71,1
2026-03-03,MAC-08,Finance,Networking,100.77,1
2026-03-03,MAC-08,Operations,Compute,569.62,1
2026-03-03,MAC-08,Operations,Data Services,370.38,1
2026-03-03,MAC-08,Operations,Networking,132.13,1
2026-03-03,MAC-08,Operations,Storage,303.36,1
2026-03-04,MAC-01,DevOps,Storage,318.0,1
2026-03-04,MAC-01,DevOps,Data Services,422.76,1
2026-03-04,MAC-01,DevOps,Compute,1544.33,1
2026-03-04,MAC-01,DevOps,Networking,231.21,1
2026-03-04,MAC-01,Platform,Storage,325.22,1
2026-03-04,MAC-01,Platform,Compute,1236.6,1
2026-03-04,MAC-01,Platform,Data Services,400.92,1
2026-03-04,MAC-01,Platform,Networking,252.75,1
2026-03-04,MAC-02,Analytics,Compute,989.18,1
2026-03-04,MAC-02,Analytics,Networking,190.64,1
2026-03-04,MAC-02,Analytics,Data Services,1027.76,1
2026-03-04,MAC-02,Analytics,Storage,570.38,1
2026-03-04,MAC-02,DataEngineering,Data Services,1155.27,1
2026-03-04,MAC-02,DataEngineering,Storage,635.49,1
2026-03-04,MAC-02,DataEngineering,Networking,220.75,1
2026-03-04,MAC-02,DataEngineering,Compute,922.91,1
2026-03-04,MAC-03,Frontend,Data Services,252.22,1
2026-03-04,MAC-03,Frontend,Compute,496.54,1
2026-03-04,MAC-03,Frontend,Storage,171.03,1
2026-03-04,MAC-03,Frontend,Networking,116.62,1
2026-03-04,MAC-03,Product,Compute,647.65,1
2026-03-04,MAC-03,Product,Data Services,346.94,1
2026-03-04,MAC-03,Product,Networking,135.99,1
2026-03-04,MAC-03,Product,Storage,216.59,1
2026-03-04,MAC-04,Backend,Data Services,495.93,1
2026-03-04,MAC-04,Backend,Compute,1190.55,1
2026-03-04,MAC-04,Backend,Networking,283.2,1
2026-03-04,MAC-04,Backend,Storage,401.46,1
2026-03-04,MAC-04,QA,Storage,219.03,1
2026-03-04,MAC-04,QA,Networking,91.79,1
2026-03-04,MAC-04,QA,Compute,506.95,1
2026-03-04,MAC-04,QA,Data Services,299.1,1
2026-03-04,MAC-05,Compliance,Compute,375.09,1
2026-03-04,MAC-05,Compliance,Networking,171.02,1
2026-03-04,MAC-05,Compliance,Storage,269.36,1
2026-03-04,MAC-05,Compliance,Data Services,345.05,1
2026-03-04,MAC-05,Security,Storage,315.94,1
2026-03-04,MAC-05,Security,Networking,385.53,1
2026-03-04,MAC-05,Security,Compute,897.45,1
2026-03-04,MAC-05,Security,Data Services,351.42,1
2026-03-04,MAC-06,CloudOps,Compute,1679.55,1
2026-03-04,MAC-06,CloudOps,Data Services,460.41,1
2026-03-04,MAC-06,CloudOps,Storage,475.53,1
2026-03-04,MAC-06,CloudOps,Networking,340.56,1
2026-03-04,MAC-06,Infrastructure,Storage,427.65,1
2026-03-04,MAC-06,Infrastructure,Networking,360.8,1
2026-03-04,MAC-06,Infrastructure,Compute,1711.66,1
2026-03-04,MAC-06,Infrastructure,Data Services,447.64,1
2026-03-04,MAC-07,ML,Data Services,704.48,1
2026-03-04,MAC-07,ML,Compute,1891.9,1
2026-03-04,MAC-07,ML,Storage,613.02,1
2026-03-04,MAC-07,ML,Networking,236.71,1
2026-03-04,MAC-07,Research,Storage,543.59,1
2026-03-04,MAC-07,Research,Data Services,699.19,1
2026-03-04,MAC-07,Research,Compute,1023.07,1
2026-03-04,MAC-07,Research,Networking,190.66,1
2026-03-04,MAC-08,Finance,Compute,293.34,1
2026-03-04,MAC-08,Finance,Networking,126.37,1
2026-03-04,MAC-08,Finance,Storage,192.55,1
2026-03-04,MAC-08,Finance,Data Services,451.62,1
2026-03-04,MAC-08,Operations,Data Services,444.52,1
2026-03-04,MAC-08,Operations,Networking,155.68,1
2026-03-04,MAC-08,Operations,Compute,499.12,1
2026-03-04,MAC-08,Operations,Storage,351.87,1
2026-03-05,MAC-01,DevOps,Storage,330.23,1
2026-03-05,MAC-01,DevOps,Networking,252.14,1
2026-03-05,MAC-01,DevOps,Compute,1369.23,1
2026-03-05,MAC-01,DevOps,Data Services,387.71,1
2026-03-05,MAC-01,Platform,Networking,306.46,1
2026-03-05,MAC-01,Platform,Compute,1210.08,1
2026-03-05,MAC-01,Platform,Data Services,389.24,1
2026-03-05,MAC-01,Platform,Storage,326.29,1
2026-03-05,MAC-02,Analytics,Networking,175.29,1
2026-03-05,MAC-02,Analytics,Data Services,1051.85,1
2026-03-05,MAC-02,Analytics,Compute,912.24,1
2026-03-05,MAC-02,Analytics,Storage,561.35,1
2026-03-05,MAC-02,DataEngineering,Storage,763.9,1
2026-03-05,MAC-02,DataEngineering,Compute,1033.96,1
2026-03-05,MAC-02,DataEngineering,Data Services,1135.23,1
2026-03-05,MAC-02,DataEngineering,Networking,216.7,1
2026-03-05,MAC-03,Frontend,Data Services,231.57,1
2026-03-05,MAC-03,Frontend,Compute,487.22,1
2026-03-05,MAC-03,Frontend,Networking,110.83,1
2026-03-05,MAC-03,Frontend,Storage,168.51,1
2026-03-05,MAC-03,Product,Compute,599.35,1
2026-03-05,MAC-03,Product,Storage,228.39,1
2026-03-05,MAC-03,Product,Networking,130.77,1
2026-03-05,MAC-03,Product,Data Services,287.25,1
2026-03-05,MAC-04,Backend,Compute,1144.26,1
2026-03-05,MAC-04,Backend,Storage,341.3,1
2026-03-05,MAC-04,Backend,Networking,273.14,1
2026-03-05,MAC-04,Backend,Data Services,484.94,1
2026-03-05,MAC-04,QA,Networking,96.34,1
2026-03-05,MAC-04,QA,Data Services,250.68,1
2026-03-05,MAC-04,QA,Compute,500.06,1
2026-03-05,MAC-04,QA,Storage,218.13,1
2026-03-05,MAC-05,Compliance,Data Services,355.23,1
2026-03-05,MAC-05,Compliance,Networking,148.84,1
2026-03-05,MAC-05,Compliance,Compute,384.22,1
2026-03-05,MAC-05,Compliance,Storage,223.95,1
2026-03-05,MAC-05,Security,Data Services,442.92,1
2026-03-05,MAC-05,Security,Networking,343.75,1
2026-03-05,MAC-05,Security,Compute,833.53,1
2026-03-05,MAC-05,Security,Storage,302.33,1
2026-03-05,MAC-06,CloudOps,Networking,323.56,1
2026-03-05,MAC-06,CloudOps,Storage,478.37,1
2026-03-05,MAC-06,CloudOps,Compute,1369.14,1
2026-03-05,MAC-06,CloudOps,Data Services,427.93,1
2026-03-05,MAC-06,Infrastructure,Networking,452.97,1
2026-03-05,MAC-06,Infrastructure,Storage,496.57,1
2026-03-05,MAC-06,Infrastructure,Compute,1602.56,1
2026-03-05,MAC-06,Infrastructure,Data Services,527.08,1
2026-03-05,MAC-07,ML,Data Services,670.51,1
2026-03-05,MAC-07,ML,Storage,626.34,1
2026-03-05,MAC-07,ML,Networking,223.09,1
2026-03-05,MAC-07,ML,Compute,2003.41,1
2026-03-05,MAC-07,Research,Storage,522.79,1
2026-03-05,MAC-07,Research,Data Services,771.31,1
2026-03-05,MAC-07,Research,Networking,186.53,1
2026-03-05,MAC-07,Research,Compute,842.81,1
2026-03-05,MAC-08,Finance,Data Services,532.8,1
2026-03-05,MAC-08,Finance,Networking,128.64,1
2026-03-05,MAC-08,Finance,Storage,239.78,1
2026-03-05,MAC-08,Finance,Compute,361.11,1
2026-03-05,MAC-08,Operations,Networking,127.92,1
2026-03-05,MAC-08,Operations,Storage,339.49,1
2026-03-05,MAC-08,Operations,Compute,439.36,1
2026-03-05,MAC-08,Operations,Data Services,470.38,1
2026-03-06,MAC-01,DevOps,Data Services,516.5,1
2026-03-06,MAC-01,DevOps,Compute,1408.51,1
2026-03-06,MAC-01,DevOps,Networking,229.57,1
2026-03-06,MAC-01,DevOps,Storage,375.78,1
2026-03-06,MAC-01,Platform,Networking,308.58,1
2026-03-06,MAC-01,Platform,Compute,1339.11,1
2026-03-06,MAC-01,Platform,Data Services,415.21,1
2026-03-06,MAC-01,Platform,Storage,319.11,1
2026-03-06,MAC-02,Analytics,Networking,196.93,1
2026-03-06,MAC-02,Analytics,Storage,593.49,1
2026-03-06,MAC-02,Analytics,Compute,1013.46,1
2026-03-06,MAC-02,Analytics,Data Services,950.92,1
2026-03-06,MAC-02,DataEngineering,Compute,1030.14,1
2026-03-06,MAC-02,DataEngineering,Networking,197.59,1
2026-03-06,MAC-02,DataEngineering,Storage,669.48,1
2026-03-06,MAC-02,DataEngineering,Data Services,1124.92,1
2026-03-06,MAC-03,Frontend,Storage,190.39,1
2026-03-06,MAC-03,Frontend,Compute,575.36,1
2026-03-06,MAC-03,Frontend,Data Services,216.21,1
2026-03-06,MAC-03,Frontend,Networking,116.18,1
2026-03-06,MAC-03,Product,Data Services,333.96,1
2026-03-06,MAC-03,Product,Compute,613.98,1
2026-03-06,MAC-03,Product,Networking,120.9,1
2026-03-06,MAC-03,Product,Storage,227.94,1
2026-03-06,MAC-04,Backend,Compute,1057.7,1
2026-03-06,MAC-04,Backend,Storage,405.37,1
2026-03-06,MAC-04,Backend,Networking,217.35,1
2026-03-06,MAC-04,Backend,Data Services,619.41,1
2026-03-06,MAC-04,QA,Storage,223.47,1
2026-03-06,MAC-04,QA,Networking,87.75,1
2026-03-06,MAC-04,QA,Compute,438.55,1
2026-03-06,MAC-04,QA,Data Services,285.27,1
2026-03-06,MAC-05,Compliance,Data Services,377.16,1
2026-03-06,MAC-05,Compliance,Compute,404.82,1
2026-03-06,MAC-05,Compliance,Networking,149.79,1
2026-03-06,MAC-05,Compliance,Storage,251.75,1
2026-03-06,MAC-05,Security,Compute,742.24,1
2026-03-06,MAC-05,Security,Networking,330.86,1
2026-03-06,MAC-05,Security,Storage,246.25,1
2026-03-06,MAC-05,Security,Data Services,398.24,1
2026-03-06,MAC-06,CloudOps,Data Services,496.04,1
2026-03-06,MAC-06,CloudOps,Networking,395.03,1
2026-03-06,MAC-06,CloudOps,Storage,396.78,1
2026-03-06,MAC-06,CloudOps,Compute,1261.65,1
2026-03-06,MAC-06,Infrastructure,Compute,1356.84,1
2026-03-06,MAC-06,Infrastructure,Data Services,512.95,1
2026-03-06,MAC-06,Infrastructure,Networking,449.19,1
2026-03-06,MAC-06,Infrastructure,Storage,401.15,1
2026-03-06,MAC-07,ML,Compute,1937.89,1
2026-03-06,MAC-07,ML,Storage,523.62,1
2026-03-06,MAC-07,ML,Networking,213.97,1
2026-03-06,MAC-07,ML,Data Services,780.26,1
2026-03-06,MAC-07,Research,Compute,943.38,1
2026-03-06,MAC-07,Research,Networking,225.74,1
2026-03-06,MAC-07,Research,Storage,577.42,1
2026-03-06,MAC-07,Research,Data Services,686.91,1
2026-03-06,MAC-08,Finance,Networking,111.42,1
2026-03-06,MAC-08,Finance,Storage,209.85,1
2026-03-06,MAC-08,Finance,Compute,343.14,1
2026-03-06,MAC-08,Finance,Data Services,446.87,1
2026-03-06,MAC-08,Operations,Networking,157.96,1
2026-03-06,MAC-08,Operations,Data Services,405.13,1
2026-03-06,MAC-08,Operations,Compute,478.64,1
2026-03-06,MAC-08,Operations,Storage,363.79,1
2026-03-07,MAC-01,DevOps,Storage,349.0,1
2026-03-07,MAC-01,DevOps,Compute,1196.24,1
2026-03-07,MAC-01,DevOps,Data Services,489.11,1
2026-03-07,MAC-01,DevOps,Networking,241.11,1
2026-03-07,MAC-01,Platform,Storage,307.71,1
2026-03-07,MAC-01,Platform,Compute,1174.88,1
2026-03-07,MAC-01,Platform,Data Services,396.7,1
2026-03-07,MAC-01,Platform,Networking,310.78,1
2026-03-07,MAC-02,Analytics,Data Services,920.99,1
2026-03-07,MAC-02,Analytics,Storage,547.78,1
2026-03-07,MAC-02,Analytics,Networking,187.25,1
2026-03-07,MAC-02,Analytics,Compute,848.03,1
2026-03-07,MAC-02,DataEngineering,Networking,196.58,1
2026-03-07,MAC-02,DataEngineering,Compute,1133.4,1
2026-03-07,MAC-02,DataEngineering,Data Services,986.55,1
2026-03-07,MAC-02,DataEngineering,Storage,768.71,1
2026-03-07,MAC-03,Frontend,Data Services,234.52,1
2026-03-07,MAC-03,Frontend,Compute,611.72,1
2026-03-07,MAC-03,Frontend,Networking,102.04,1
2026-03-07,MAC-03,Frontend,Storage,156.0,1
2026-03-07,MAC-03,Product,Networking,133.48,1
2026-03-07,MAC-03,Product,Storage,205.56,1
2026-03-07,MAC-03,Product,Compute,747.08,1
2026-03-07,MAC-03,Product,Data Services,388.92,1
2026-03-07,MAC-04,Backend,Data Services,540.6,1
2026-03-07,MAC-04,Backend,Storage,388.23,1
2026-03-07,MAC-04,Backend,Networking,222.45,1
2026-03-07,MAC-04,Backend,Compute,950.62,1
2026-03-07,MAC-04,QA,Storage,195.07,1
2026-03-07,MAC-04,QA,Compute,485.31,1
2026-03-07,MAC-04,QA,Data Services,276.7,1
2026-03-07,MAC-04,QA,Networking,92.13,1
2026-03-07,MAC-05,Compliance,Data Services,288.5,1
2026-03-07,MAC-05,Compliance,Compute,442.6,1
2026-03-07,MAC-05,Compliance,Storage,217.17,1
2026-03-07,MAC-05,Compliance,Networking,184.49,1
2026-03-07,MAC-05,Security,Storage,305.04,1
2026-03-07,MAC-05,Security,Compute,872.93,1
2026-03-07,MAC-05,Security,Networking,339.99,1
2026-03-07,MAC-05,Security,Data Services,397.09,1
2026-03-07,MAC-06,CloudOps,Networking,313.03,1
2026-03-07,MAC-06,CloudOps,Compute,1485.51,1
2026-03-07,MAC-06,CloudOps,Data Services,501.33,1
2026-03-07,MAC-06,CloudOps,Storage,382.02,1
2026-03-07,MAC-06,Infrastructure,Storage,461.17,1
2026-03-07,MAC-06,Infrastructure,Networking,403.94,1
2026-03-07,MAC-06,Infrastructure,Data Services,509.82,1
2026-03-07,MAC-06,Infrastructure,Compute,1745.65,1
2026-03-07,MAC-07,ML,Storage,533.13,1
2026-03-07,MAC-07,ML,Compute,1748.57,1
2026-03-07,MAC-07,ML,Networking,198.68,1
2026-03-07,MAC-07,ML,Data Services,821.74,1
2026-03-07,MAC-07,Research,Storage,447.63,1
2026-03-07,MAC-07,Research,Compute,825.59,1
2026-03-07,MAC-07,Research,Data Services,715.86,1
2026-03-07,MAC-07,Research,Networking,216.19,1
2026-03-07,MAC-08,Finance,Data Services,567.37,1
2026-03-07,MAC-08,Finance,Networking,127.42,1
2026-03-07,MAC-08,Finance,Storage,229.07,1
2026-03-07,MAC-08,Finance,Compute,349.44,1
2026-03-07,MAC-08,Operations,Storage,300.73,1
2026-03-07,MAC-08,Operations,Networking,166.95,1
2026-03-07,MAC-08,Operations,Data Services,379.17,1
2026-03-07,MAC-08,Operations,Compute,509.07,1
2026-03-08,MAC-01,DevOps,Networking,259.83,1
2026-03-08,MAC-01,DevOps,Storage,350.73,1
2026-03-08,MAC-01,DevOps,Compute,1242.27,1
2026-03-08,MAC-01,DevOps,Data Services,512.89,1
2026-03-08,MAC-01,Platform,Networking,251.35,1
2026-03-08,MAC-01,Platform,Data Services,490.83,1
2026-03-08,MAC-01,Platform,Compute,1070.48,1
2026-03-08,MAC-01,Platform,Storage,356.93,1
2026-03-08,MAC-02,Analytics,Storage,580.5,1
2026-03-08,MAC-02,Analytics,Networking,183.57,1
2026-03-08,MAC-02,Analytics,Data Services,955.75,1
2026-03-08,MAC-02,Analytics,Compute,1086.99,1
2026-03-08,MAC-02,DataEngineering,Storage,670.9,1
2026-03-08,MAC-02,DataEngineering,Compute,996.98,1
2026-03-08,MAC-02,DataEngineering,Data Services,1120.94,1
2026-03-08,MAC-02,DataEngineering,Networking,188.74,1
2026-03-08,MAC-03,Frontend,Data Services,224.46,1
2026-03-08,MAC-03,Frontend,Storage,164.72,1
2026-03-08,MAC-03,Frontend,Networking,100.31,1
2026-03-08,MAC-03,Frontend,Compute,630.8,1
2026-03-08,MAC-03,Product,Data Services,387.11,1
2026-03-08,MAC-03,Product,Networking,141.44,1
2026-03-08,MAC-03,Product,Compute,701.63,1
2026-03-08,MAC-03,Product,Storage,229.57,1
2026-03-08,MAC-04,Backend,Compute,1003.65,1
2026-03-08,MAC-04,Backend,Data Services,562.66,1
2026-03-08,MAC-04,Backend,Networking,249.8,1
2026-03-08,MAC-04,Backend,Storage,363.27,1
2026-03-08,MAC-04,QA,Storage,214.94,1
2026-03-08,MAC-04,QA,Data Services,293.32,1
2026-03-08,MAC-04,QA,Networking,94.83,1
2026-03-08,MAC-04,QA,Compute,507.94,1
2026-03-08,MAC-05,Compliance,Compute,367.45,1
2026-03-08,MAC-05,Compliance,Data Services,310.27,1
2026-03-08,MAC-05,Compliance,Networking,166.31,1
2026-03-08,MAC-05,Compliance,Storage,230.87,1
2026-03-08,MAC-05,Security,Compute,876.99,1
2026-03-08,MAC-05,Security,Networking,339.42,1
2026-03-08,MAC-05,Security,Data Services,351.37,1
2026-03-08,MAC-05,Security,Storage,291.97,1
2026-03-08,MAC-06,CloudOps,Storage,470.93,1
2026-03-08,MAC-06,CloudOps,Networking,312.33,1
2026-03-08,MAC-06,CloudOps,Data Services,442.36,1
2026-03-08,MAC-06,CloudOps,Compute,1421.06,1
2026-03-08,MAC-06,Infrastructure,Storage,500.0,1
2026-03-08,MAC-06,Infrastructure,Compute,1819.37,1
2026-03-08,MAC-06,Infrastructure,Networking,440.85,1
2026-03-08,MAC-06,Infrastructure,Data Services,537.06,1
2026-03-08,MAC-07,ML,Networking,224.5,1
2026-03-08,MAC-07,ML,Data Services,710.65,1
2026-03-08,MAC-07,ML,Compute,1543.72,1
2026-03-08,MAC-07,ML,Storage,555.02,1
2026-03-08,MAC-07,Research,Storage,505.4,1
2026-03-08,MAC-07,Research,Data Services,710.5,1
2026-03-08,MAC-07,Research,Networking,200.26,1
2026-03-08,MAC-07,Research,Compute,1024.19,1
2026-03-08,MAC-08,Finance,Compute,366.83,1
2026-03-08,MAC-08,Finance,Storage,240.31,1
2026-03-08,MAC-08,Finance,Networking,109.23,1
2026-03-08,MAC-08,Finance,Data Services,532.15,1
2026-03-08,MAC-08,Operations,Networking,160.38,1
2026-03-08,MAC-08,Operations,Compute,521.73,1
2026-03-08,MAC-08,Operations,Data Services,371.63,1
2026-03-08,MAC-08,Operations,Storage,336.65,1
2026-03-09,MAC-01,DevOps,Storage,307.13,1
2026-03-09,MAC-01,DevOps,Networking,204.11,1
2026-03-09,MAC-01,DevOps,Data Services,519.36,1
2026-03-09,MAC-01,DevOps,Compute,1217.77,1
2026-03-09,MAC-01,Platform,Storage,327.87,1
2026-03-09,MAC-01,Platform,Networking,245.3,1
2026-03-09,MAC-01,Platform,Compute,1116.61,1
2026-03-09,MAC-01,Platform,Data Services,485.81,1
2026-03-09,MAC-02,Analytics,Data Services,827.15,1
2026-03-09,MAC-02,Analytics,Networking,180.29,1
2026-03-09,MAC-02,Analytics,Compute,1004.74,1
2026-03-09,MAC-02,Analytics,Storage,586.04,1
2026-03-09,MAC-02,DataEngineering,Compute,1034.01,1
2026-03-09,MAC-02,DataEngineering,Storage,753.64,1
2026-03-09,MAC-02,DataEngineering,Networking,187.02,1
2026-03-09,MAC-02,DataEngineering,Data Services,1015.32,1
2026-03-09,MAC-03,Frontend,Data Services,193.28,1
2026-03-09,MAC-03,Frontend,Compute,623.83,1
2026-03-09,MAC-03,Frontend,Networking,119.6,1
2026-03-09,MAC-03,Frontend,Storage,166.95,1
2026-03-09,MAC-03,Product,Data Services,319.54,1
2026-03-09,MAC-03,Product,Networking,129.19,1
2026-03-09,MAC-03,Product,Storage,233.55,1
2026-03-09,MAC-03,Product,Compute,723.82,1
2026-03-09,MAC-04,Backend,Compute,917.6,1
2026-03-09,MAC-04,Backend,Networking,237.6,1
2026-03-09,MAC-04,Backend,Storage,391.32,1
2026-03-09,MAC-04,Backend,Data Services,647.85,1
2026-03-09,MAC-04,QA,Networking,110.15,1
2026-03-09,MAC-04,QA,Storage,197.73,1
2026-03-09,MAC-04,QA,Compute,391.47,1
2026-03-09,MAC-04,QA,Data Services,297.8,1
2026-03-09,MAC-05,Compliance,Storage,280.14,1
2026-03-09,MAC-05,Compliance,Data Services,339.02,1
2026-03-09,MAC-05,Compliance,Networking,187.87,1
2026-03-09,MAC-05,Compliance,Compute,344.75,1
2026-03-09,MAC-05,Security,Data Services,392.14,1
2026-03-09,MAC-05,Security,Networking,300.59,1
2026-03-09,MAC-05,Security,Compute,692.63,1
2026-03-09,MAC-05,Security,Storage,296.08,1
2026-03-09,MAC-06,CloudOps,Storage,422.55,1
2026-03-09,MAC-06,CloudOps,Compute,1327.84,1
2026-03-09,MAC-06,CloudOps,Data Services,442.95,1
2026-03-09,MAC-06,CloudOps,Networking,391.36,1
2026-03-09,MAC-06,Infrastructure,Compute,1514.76,1
2026-03-09,MAC-06,Infrastructure,Data Services,466.34,1
2026-03-09,MAC-06,Infrastructure,Networking,391.85,1
2026-03-09,MAC-06,Infrastructure,Storage,422.5,1
2026-03-09,MAC-07,ML,Data Services,791.12,1
2026-03-09,MAC-07,ML,Storage,581.81,1
2026-03-09,MAC-07,ML,Compute,2058.75,1
2026-03-09,MAC-07,ML,Networking,260.66,1
2026-03-09,MAC-07,Research,Data Services,767.27,1
2026-03-09,MAC-07,Research,Storage,512.02,1
2026-03-09,MAC-07,Research,Networking,195.52,1
2026-03-09,MAC-07,Research,Compute,915.1,1
2026-03-09,MAC-08,Finance,Data Services,537.5,1
2026-03-09,MAC-08,Finance,Compute,313.25,1
2026-03-09,MAC-08,Finance,Storage,204.1,1
2026-03-09,MAC-08,Finance,Networking,122.53,1
2026-03-09,MAC-08,Operations,Storage,294.93,1
2026-03-09,MAC-08,Operations,Compute,544.94,1
2026-03-09,MAC-08,Operations,Networking,164.19,1
2026-03-09,MAC-08,Operations,Data Services,467.96,1
2026-03-10,MAC-01,DevOps,Compute,1359.82,1
2026-03-10,MAC-01,DevOps,Storage,382.86,1
2026-03-10,MAC-01,DevOps,Data Services,452.17,1
2026-03-10,MAC-01,DevOps,Networking,225.0,1
2026-03-10,MAC-01,Platform,Data Services,483.16,1
2026-03-10,MAC-01,Platform,Compute,1394.58,1
2026-03-10,MAC-01,Platform,Networking,321.0,1
2026-03-10,MAC-01,Platform,Storage,326.25,1
2026-03-10,MAC-02,Analytics,Storage,653.61,1
2026-03-10,MAC-02,Analytics,Data Services,1080.54,1
2026-03-10,MAC-02,Analytics,Compute,954.4,1
2026-03-10,MAC-02,Analytics,Networking,184.54,1
2026-03-10,MAC-02,DataEngineering,Data Services,960.59,1
2026-03-10,MAC-02,DataEngineering,Networking,175.2,1
2026-03-10,MAC-02,DataEngineering,Compute,1082.1,1
2026-03-10,MAC-02,DataEngineering,Storage,735.23,1
2026-03-10,MAC-03,Frontend,Data Services,208.74,1
2026-03-10,MAC-03,Frontend,Storage,164.73,1
2026-03-10,MAC-03,Frontend,Networking,104.1,1
2026-03-10,MAC-03,Frontend,Compute,608.51,1
2026-03-10,MAC-03,Product,Storage,259.25,1
2026-03-10,MAC-03,Product,Networking,121.67,1
2026-03-10,MAC-03,Product,Compute,780.0,1
2026-03-10,MAC-03,Product,Data Services,316.57,1
2026-03-10,MAC-04,Backend,Data Services,508.45,1
2026-03-10,MAC-04,Backend,Compute,1057.35,1
2026-03-10,MAC-04,Backend,Storage,407.05,1
2026-03-10,MAC-04,Backend,Networking,253.93,1
2026-03-10,MAC-04,QA,Storage,206.54,1
2026-03-10,MAC-04,QA,Data Services,258.68,1
2026-03-10,MAC-04,QA,Compute,412.47,1
2026-03-10,MAC-04,QA,Networking,102.7,1
2026-03-10,MAC-05,Compliance,Storage,248.74,1
2026-03-10,MAC-05,Compliance,Networking,157.6,1
2026-03-10,MAC-05,Compliance,Data Services,368.3,1
2026-03-10,MAC-05,Compliance,Compute,427.13,1
2026-03-10,MAC-05,Security,Storage,247.38,1
2026-03-10,MAC-05,Security,Compute,690.18,1
2026-03-10,MAC-05,Security,Data Services,437.57,1
2026-03-10,MAC-05,Security,Networking,324.28,1
2026-03-10,MAC-06,CloudOps,Compute,1623.46,1
2026-03-10,MAC-06,CloudOps,Networking,346.65,1
2026-03-10,MAC-06,CloudOps,Data Services,430.7,1
2026-03-10,MAC-06,CloudOps,Storage,479.59,1
2026-03-10,MAC-06,Infrastructure,Networking,448.33,1
2026-03-10,MAC-06,Infrastructure,Data Services,476.88,1
2026-03-10,MAC-06,Infrastructure,Compute,1447.2,1
2026-03-10,MAC-06,Infrastructure,Storage,456.84,1
2026-03-10,MAC-07,ML,Storage,544.72,1
2026-03-10,MAC-07,ML,Networking,203.81,1
2026-03-10,MAC-07,ML,Compute,1853.7,1
2026-03-10,MAC-07,ML,Data Services,795.3,1
2026-03-10,MAC-07,Research,Storage,573.7,1
2026-03-10,MAC-07,Research,Data Services,786.12,1
2026-03-10,MAC-07,Research,Compute,941.8,1
2026-03-10,MAC-07,Research,Networking,196.71,1
2026-03-10,MAC-08,Finance,Storage,224.79,1
2026-03-10,MAC-08,Finance,Compute,386.29,1
2026-03-10,MAC-08,Finance,Data Services,577.31,1
2026-03-10,MAC-08,Finance,Networking,113.18,1
2026-03-10,MAC-08,Operations,Storage,295.52,1
2026-03-10,MAC-08,Operations,Networking,129.84,1
2026-03-10,MAC-08,Operations,Compute,515.15,1
2026-03-10,MAC-08,Operations,Data Services,442.88,1
2026-03-11,MAC-01,DevOps,Compute,1344.46,1
2026-03-11,MAC-01,DevOps,Networking,234.64,1
2026-03-11,MAC-01,DevOps,Storage,321.51,1
2026-03-11,MAC-01,DevOps,Data Services,475.14,1
2026-03-11,MAC-01,Platform,Storage,296.6,1
2026-03-11,MAC-01,Platform,Data Services,410.44,1
2026-03-11,MAC-01,Platform,Networking,252.51,1
2026-03-11,MAC-01,Platform,Compute,1147.51,1
2026-03-11,MAC-02,Analytics,Data Services,1003.03,1
2026-03-11,MAC-02,Analytics,Compute,853.18,1
2026-03-11,MAC-02,Analytics,Storage,694.33,1
2026-03-11,MAC-02,Analytics,Networking,173.4,1
2026-03-11,MAC-02,DataEngineering,Networking,220.6,1
2026-03-11,MAC-02,DataEngineering,Storage,729.68,1
2026-03-11,MAC-02,DataEngineering,Compute,1044.06,1
2026-03-11,MAC-02,DataEngineering,Data Services,1080.11,1
2026-03-11,MAC-03,Frontend,Networking,104.37,1
2026-03-11,MAC-03,Frontend,Storage,188.59,1
2026-03-11,MAC-03,Frontend,Compute,558.41,1
2026-03-11,MAC-03,Frontend,Data Services,203.16,1
2026-03-11,MAC-03,Product,Data Services,353.21,1
2026-03-11,MAC-03,Product,Compute,753.39,1
2026-03-11,MAC-03,Product,Networking,153.61,1
2026-03-11,MAC-03,Product,Storage,225.88,1
2026-03-11,MAC-04,Backend,Storage,396.42,1
2026-03-11,MAC-04,Backend,Compute,966.35,1
2026-03-11,MAC-04,Backend,Data Services,592.17,1
2026-03-11,MAC-04,Backend,Networking,283.17,1
2026-03-11,MAC-04,QA,Networking,114.22,1
2026-03-11,MAC-04,QA,Data Services,253.19,1
2026-03-11,MAC-04,QA,Compute,513.08,1
2026-03-11,MAC-04,QA,Storage,204.37,1
2026-03-11,MAC-05,Compliance,Storage,279.36,1
2026-03-11,MAC-05,Compliance,Networking,177.06,1
2026-03-11,MAC-05,Compliance,Data Services,300.29,1
2026-03-11,MAC-05,Compliance,Compute,340.18,1
2026-03-11,MAC-05,Security,Storage,280.86,1
2026-03-11,MAC-05,Security,Networking,345.02,1
2026-03-11,MAC-05,Security,Data Services,374.83,1
2026-03-11,MAC-05,Security,Compute,887.05,1
2026-03-11,MAC-06,CloudOps,Data Services,431.77,1
2026-03-11,MAC-06,CloudOps,Networking,378.6,1
2026-03-11,MAC-06,CloudOps,Compute,1382.19,1
2026-03-11,MAC-06,CloudOps,Storage,475.15,1
2026-03-11,MAC-06,Infrastructure,Compute,1372.54,1
2026-03-11,MAC-06,Infrastructure,Networking,362.58,1
2026-03-11,MAC-06,Infrastructure,Data Services,429.39,1
2026-03-11,MAC-06,Infrastructure,Storage,397.85,1
2026-03-11,MAC-07,ML,Storage,569.16,1
2026-03-11,MAC-07,ML,Networking,211.53,1
2026-03-11,MAC-07,ML,Data Services,830.52,1
2026-03-11,MAC-07,ML,Compute,2003.34,1
2026-03-11,MAC-07,Research,Data Services,735.39,1
2026-03-11,MAC-07,Research,Compute,803.97,1
2026-03-11,MAC-07,Research,Networking,184.68,1
2026-03-11,MAC-07,Research,Storage,543.85,1
2026-03-11,MAC-08,Finance,Compute,329.04,1
2026-03-11,MAC-08,Finance,Data Services,493.01,1
2026-03-11,MAC-08,Finance,Networking,123.18,1
2026-03-11,MAC-08,Finance,Storage,210.81,1
2026-03-11,MAC-08,Operations,Data Services,372.51,1
2026-03-11,MAC-08,Operations,Compute,512.14,1
2026-03-11,MAC-08,Operations,Networking,142.5,1
2026-03-11,MAC-08,Operations,Storage,355.86,1
2026-03-12,MAC-01,DevOps,Storage,331.27,1
2026-03-12,MAC-01,DevOps,Data Services,516.43,1
2026-03-12,MAC-01,DevOps,Compute,1224.53,1
2026-03-12,MAC-01,DevOps,Networking,203.82,1
2026-03-12,MAC-01,Platform,Networking,270.14,1
2026-03-12,MAC-01,Platform,Data Services,423.87,1
2026-03-12,MAC-01,Platform,Compute,1136.83,1
2026-03-12,MAC-01,Platform,Storage,358.01,1
2026-03-12,MAC-02,Analytics,Storage,676.96,1
2026-03-12,MAC-02,Analytics,Compute,832.18,1
2026-03-12,MAC-02,Analytics,Data Services,972.99,1
2026-03-12,MAC-02,Analytics,Networking,174.28,1
2026-03-12,MAC-02,DataEngineering,Compute,1085.76,1
2026-03-12,MAC-02,DataEngineering,Data Services,1102.16,1
2026-03-12,MAC-02,DataEngineering,Networking,225.75,1
2026-03-12,MAC-02,DataEngineering,Storage,685.58,1
2026-03-12,MAC-03,Frontend,Storage,176.1,1
2026-03-12,MAC-03,Frontend,Compute,510.98,1
2026-03-12,MAC-03,Frontend,Data Services,198.2,1
2026-03-12,MAC-03,Frontend,Networking,112.68,1
2026-03-12,MAC-03,Product,Compute,667.6,1
2026-03-12,MAC-03,Product,Data Services,338.58,1
2026-03-12,MAC-03,Product,Networking,138.06,1
2026-03-12,MAC-03,Product,Storage,195.9,1
2026-03-12,MAC-04,Backend,Networking,266.05,1
2026-03-12,MAC-04,Backend,Compute,950.37,1
2026-03-12,MAC-04,Backend,Data Services,525.65,1
2026-03-12,MAC-04,Backend,Storage,357.36,1
2026-03-12,MAC-04,QA,Compute,519.45,1
2026-03-12,MAC-04,QA,Storage,215.29,1
2026-03-12,MAC-04,QA,Networking,115.09,1
2026-03-12,MAC-04,QA,Data Services,322.83,1
2026-03-12,MAC-05,Compliance,Data Services,377.18,1
2026-03-12,MAC-05,Compliance,Compute,366.62,1
2026-03-12,MAC-05,Compliance,Networking,166.39,1
2026-03-12,MAC-05,Compliance,Storage,218.92,1
2026-03-12,MAC-05,Security,Networking,304.83,1
2026-03-12,MAC-05,Security,Data Services,393.08,1
2026-03-12,MAC-05,Security,Compute,843.7,1
2026-03-12,MAC-05,Security,Storage,311.39,1
2026-03-12,MAC-06,CloudOps,Data Services,467.11,1
2026-03-12,MAC-06,CloudOps,Storage,453.02,1
2026-03-12,MAC-06,CloudOps,Compute,1479.26,1
2026-03-12,MAC-06,CloudOps,Networking,400.36,1
2026-03-12,MAC-06,Infrastructure,Storage,519.02,1
2026-03-12,MAC-06,Infrastructure,Networking,388.8,1
2026-03-12,MAC-06,Infrastructure,Data Services,550.08,1
2026-03-12,MAC-06,Infrastructure,Compute,1653.54,1
2026-03-12,MAC-07,ML,Networking,194.73,1
2026-03-12,MAC-07,ML,Storage,538.67,1
2026-03-12,MAC-07,ML,Compute,1972.86,1
2026-03-12,MAC-07,ML,Data Services,766.34,1
2026-03-12,MAC-07,Research,Storage,543.79,1
2026-03-12,MAC-07,Research,Compute,1032.03,1
2026-03-12,MAC-07,Research,Networking,213.83,1
2026-03-12,MAC-07,Research,Data Services,729.75,1
2026-03-12,MAC-08,Finance,Data Services,559.4,1
2026-03-12,MAC-08,Finance,Storage,195.21,1
2026-03-12,MAC-08,Finance,Compute,384.9,1
2026-03-12,MAC-08,Finance,Networking,100.2,1
2026-03-12,MAC-08,Operations,Compute,527.5,1
2026-03-12,MAC-08,Operations,Networking,162.64,1
2026-03-12,MAC-08,Operations,Data Services,442.61,1
2026-03-12,MAC-08,Operations,Storage,336.58,1
2026-03-13,MAC-01,DevOps,Networking,258.97,1
2026-03-13,MAC-01,DevOps,Compute,1211.24,1
2026-03-13,MAC-01,DevOps,Data Services,425.46,1
2026-03-13,MAC-01,DevOps,Storage,351.95,1
2026-03-13,MAC-01,Platform,Storage,308.05,1
2026-03-13,MAC-01,Platform,Data Services,389.91,1
2026-03-13,MAC-01,Platform,Networking,278.99,1
2026-03-13,MAC-01,Platform,Compute,1345.7,1
2026-03-13,MAC-02,Analytics,Compute,905.22,1
2026-03-13,MAC-02,Analytics,Networking,206.46,1
2026-03-13,MAC-02,Analytics,Data Services,902.59,1
2026-03-13,MAC-02,Analytics,Storage,574.85,1
2026-03-13,MAC-02,DataEngineering,Compute,1158.79,1
2026-03-13,MAC-02,DataEngineering,Networking,191.43,1
2026-03-13,MAC-02,DataEngineering,Data Services,1063.7,1
2026-03-13,MAC-02,DataEngineering,Storage,653.56,1
2026-03-13,MAC-03,Frontend,Networking,126.02,1
2026-03-13,MAC-03,Frontend,Storage,188.23,1
2026-03-13,MAC-03,Frontend,Compute,549.27,1
2026-03-13,MAC-03,Frontend,Data Services,217.82,1
2026-03-13,MAC-03,Product,Compute,778.67,1
2026-03-13,MAC-03,Product,Storage,230.28,1
2026-03-13,MAC-03,Product,Networking,121.8,1
2026-03-13,MAC-03,Product,Data Services,325.91,1
2026-03-13,MAC-04,Backend,Networking,213.71,1
2026-03-13,MAC-04,Backend,Storage,407.25,1
2026-03-13,MAC-04,Backend,Compute,1222.81,1
2026-03-13,MAC-04,Backend,Data Services,594.44,1
2026-03-13,MAC-04,QA,Storage,225.82,1
2026-03-13,MAC-04,QA,Compute,454.4,1
2026-03-13,MAC-04,QA,Data Services,276.24,1
2026-03-13,MAC-04,QA,Networking,114.56,1
2026-03-13,MAC-05,Compliance,Data Services,327.44,1
2026-03-13,MAC-05,Compliance,Storage,246.84,1
2026-03-13,MAC-05,Compliance,Networking,151.21,1
2026-03-13,MAC-05,Compliance,Compute,415.09,1
2026-03-13,MAC-05,Security,Networking,360.23,1
2026-03-13,MAC-05,Security,Storage,312.39,1
2026-03-13,MAC-05,Security,Compute,838.48,1
2026-03-13,MAC-05,Security,Data Services,455.82,1
2026-03-13,MAC-06,CloudOps,Storage,372.13,1
2026-03-13,MAC-06,CloudOps,Networking,389.71,1
2026-03-13,MAC-06,CloudOps,Data Services,392.86,1
2026-03-13,MAC-06,CloudOps,Compute,1284.8,1
2026-03-13,MAC-06,Infrastructure,Data Services,496.57,1
2026-03-13,MAC-06,Infrastructure,Compute,1495.51,1
2026-03-13,MAC-06,Infrastructure,Networking,350.6,1
2026-03-13,MAC-06,Infrastructure,Storage,521.22,1
2026-03-13,MAC-07,ML,Data Services,741.3,1
2026-03-13,MAC-07,ML,Networking,208.01,1
2026-03-13,MAC-07,ML,Compute,2050.35,1
2026-03-13,MAC-07,ML,Storage,627.52,1
2026-03-13,MAC-07,Research,Storage,490.05,1
2026-03-13,MAC-07,Research,Networking,184.09,1
2026-03-13,MAC-07,Research,Data Services,694.16,1
2026-03-13,MAC-07,Research,Compute,914.04,1
2026-03-13,MAC-08,Finance,Data Services,437.82,1
2026-03-13,MAC-08,Finance,Storage,201.47,1
2026-03-13,MAC-08,Finance,Compute,335.05,1
2026-03-13,MAC-08,Finance,Networking,127.94,1
2026-03-13,MAC-08,Operations,Data Services,483.15,1
2026-03-13,MAC-08,Operations,Storage,387.14,1
2026-03-13,MAC-08,Operations,Compute,486.97,1
2026-03-13,MAC-08,Operations,Networking,140.27,1
2026-03-14,MAC-01,DevOps,Storage,364.21,1
2026-03-14,MAC-01,DevOps,Networking,218.06,1
2026-03-14,MAC-01,DevOps,Data Services,474.25,1
2026-03-14,MAC-01,DevOps,Compute,1560.48,1
2026-03-14,MAC-01,Platform,Compute,1320.04,1
2026-03-14,MAC-01,Platform,Storage,285.23,1
2026-03-14,MAC-01,Platform,Data Services,398.65,1
2026-03-14,MAC-01,Platform,Networking,306.0,1
2026-03-14,MAC-02,Analytics,Compute,917.6,1
2026-03-14,MAC-02,Analytics,Networking,207.94,1
2026-03-14,MAC-02,Analytics,Data Services,953.1,1
2026-03-14,MAC-02,Analytics,Storage,680.78,1
2026-03-14,MAC-02,DataEngineering,Storage,710.35,1
2026-03-14,MAC-02,DataEngineering,Compute,972.24,1
2026-03-14,MAC-02,DataEngineering,Data Services,1160.96,1
2026-03-14,MAC-02,DataEngineering,Networking,232.6,1
2026-03-14,MAC-03,Frontend,Data Services,260.31,1
2026-03-14,MAC-03,Frontend,Networking,120.65,1
2026-03-14,MAC-03,Frontend,Compute,644.26,1
2026-03-14,MAC-03,Frontend,Storage,189.83,1
2026-03-14,MAC-03,Product,Storage,212.9,1
2026-03-14,MAC-03,Product,Compute,621.17,1
2026-03-14,MAC-03,Product,Networking,150.74,1
2026-03-14,MAC-03,Product,Data Services,363.57,1
2026-03-14,MAC-04,Backend,Storage,373.33,1
2026-03-14,MAC-04,Backend,Compute,1075.4,1
2026-03-14,MAC-04,Backend,Networking,259.52,1
2026-03-14,MAC-04,Backend,Data Services,594.45,1
2026-03-14,MAC-04,QA,Compute,413.27,1
2026-03-14,MAC-04,QA,Networking,92.23,1
2026-03-14,MAC-04,QA,Data Services,287.03,1
2026-03-14,MAC-04,QA,Storage,228.76,1
2026-03-14,MAC-05,Compliance,Storage,257.46,1
2026-03-14,MAC-05,Compliance,Compute,400.88,1
2026-03-14,MAC-05,Compliance,Networking,155.25,1
2026-03-14,MAC-05,Compliance,Data Services,347.94,1
2026-03-14,MAC-05,Security,Storage,287.56,1
2026-03-14,MAC-05,Security,Compute,730.95,1
2026-03-14,MAC-05,Security,Data Services,382.49,1
2026-03-14,MAC-05,Security,Networking,369.31,1
2026-03-14,MAC-06,CloudOps,Compute,1520.96,1
2026-03-14,MAC-06,CloudOps,Networking,386.12,1
2026-03-14,MAC-06,CloudOps,Data Services,474.14,1
2026-03-14,MAC-06,CloudOps,Storage,473.4,1
2026-03-14,MAC-06,Infrastructure,Storage,521.58,1
2026-03-14,MAC-06,Infrastructure,Data Services,450.85,1
2026-03-14,MAC-06,Infrastructure,Networking,450.19,1
2026-03-14,MAC-06,Infrastructure,Compute,1389.06,1
2026-03-14,MAC-07,ML,Data Services,692.48,1
2026-03-14,MAC-07,ML,Networking,245.22,1
2026-03-14,MAC-07,ML,Compute,1887.66,1
2026-03-14,MAC-07,ML,Storage,503.18,1
2026-03-14,MAC-07,Research,Networking,226.17,1
2026-03-14,MAC-07,Research,Compute,783.16,1
2026-03-14,MAC-07,Research,Data Services,791.21,1
2026-03-14,MAC-07,Research,Storage,504.8,1
2026-03-14,MAC-08,Finance,Data Services,453.66,1
2026-03-14,MAC-08,Finance,Networking,130.82,1
2026-03-14,MAC-08,Finance,Storage,228.85,1
2026-03-14,MAC-08,Finance,Compute,331.2,1
2026-03-14,MAC-08,Operations,Networking,155.37,1
2026-03-14,MAC-08,Operations,Compute,449.18,1
2026-03-14,MAC-08,Operations,Data Services,419.01,1
2026-03-14,MAC-08,Operations,Storage,325.43,1
2026-03-15,MAC-01,DevOps,Data Services,527.1,1
2026-03-15,MAC-01,DevOps,Storage,351.73,1
2026-03-15,MAC-01,DevOps,Networking,202.78,1
2026-03-15,MAC-01,DevOps,Compute,1434.31,1
2026-03-15,MAC-01,Platform,Data Services,400.0,1
2026-03-15,MAC-01,Platform,Networking,324.58,1
2026-03-15,MAC-01,Platform,Storage,322.01,1
2026-03-15,MAC-01,Platform,Compute,1125.7,1
2026-03-15,MAC-02,Analytics,Data Services,852.32,1
2026-03-15,MAC-02,Analytics,Compute,1102.6,1
2026-03-15,MAC-02,Analytics,Storage,651.64,1
2026-03-15,MAC-02,Analytics,Networking,203.21,1
2026-03-15,MAC-02,DataEngineering,Storage,697.77,1
2026-03-15,MAC-02,DataEngineering,Networking,178.95,1
2026-03-15,MAC-02,DataEngineering,Compute,1132.99,1
2026-03-15,MAC-02,DataEngineering,Data Services,1088.53,1
2026-03-15,MAC-03,Frontend,Compute,540.66,1
2026-03-15,MAC-03,Frontend,Networking,108.17,1
2026-03-15,MAC-03,Frontend,Data Services,204.41,1
2026-03-15,MAC-03,Frontend,Storage,196.59,1
2026-03-15,MAC-03,Product,Storage,227.01,1
2026-03-15,MAC-03,Product,Networking,153.95,1
2026-03-15,MAC-03,Product,Data Services,320.5,1
2026-03-15,MAC-03,Product,Compute,720.31,1
2026-03-15,MAC-04,Backend,Data Services,489.98,1
2026-03-15,MAC-04,Backend,Compute,1215.43,1
2026-03-15,MAC-04,Backend,Networking,235.87,1
2026-03-15,MAC-04,Backend,Storage,394.3,1
2026-03-15,MAC-04,QA,Compute,428.73,1
2026-03-15,MAC-04,QA,Networking,100.16,1
2026-03-15,MAC-04,QA,Data Services,274.91,1
2026-03-15,MAC-04,QA,Storage,176.22,1
2026-03-15,MAC-05,Compliance,Storage,233.43,1
2026-03-15,MAC-05,Compliance,Networking,177.42,1
2026-03-15,MAC-05,Compliance,Compute,357.13,1
2026-03-15,MAC-05,Compliance,Data Services,361.55,1
2026-03-15,MAC-05,Security,Compute,884.23,1
2026-03-15,MAC-05,Security,Storage,316.8,1
2026-03-15,MAC-05,Security,Data Services,355.43,1
2026-03-15,MAC-05,Security,Networking,362.4,1
2026-03-15,MAC-06,CloudOps,Data Services,423.87,1
2026-03-15,MAC-06,CloudOps,Compute,1592.12,1
2026-03-15,MAC-06,CloudOps,Networking,392.2,1
2026-03-15,MAC-06,CloudOps,Storage,455.94,1
2026-03-15,MAC-06,Infrastructure,Data Services,532.23,1
2026-03-15,MAC-06,Infrastructure,Networking,416.89,1
2026-03-15,MAC-06,Infrastructure,Compute,1660.01,1
2026-03-15,MAC-06,Infrastructure,Storage,457.36,1
2026-03-15,MAC-07,ML,Compute,1795.12,1
2026-03-15,MAC-07,ML,Storage,631.13,1
2026-03-15,MAC-07,ML,Data Services,752.36,1
2026-03-15,MAC-07,ML,Networking,239.7,1
2026-03-15,MAC-07,Research,Compute,1021.64,1
2026-03-15,MAC-07,Research,Networking,221.59,1
2026-03-15,MAC-07,Research,Data Services,823.98,1
2026-03-15,MAC-07,Research,Storage,576.74,1
2026-03-15,MAC-08,Finance,Networking,111.0,1
2026-03-15,MAC-08,Finance,Compute,299.43,1
2026-03-15,MAC-08,Finance,Data Services,490.96,1
2026-03-15,MAC-08,Finance,Storage,236.9,1
2026-03-15,MAC-08,Operations,Networking,170.94,1
2026-03-15,MAC-08,Operations,Data Services,491.96,1
2026-03-15,MAC-08,Operations,Compute,534.93,1
2026-03-15,MAC-08,Operations,Storage,305.74,1
2026-03-16,MAC-01,DevOps,Data Services,495.48,1
2026-03-16,MAC-01,DevOps,Compute,1450.06,1
2026-03-16,MAC-01,DevOps,Networking,225.32,1
2026-03-16,MAC-01,DevOps,Storage,381.65,1
2026-03-16,MAC-01,Platform,Data Services,396.15,1
2026-03-16,MAC-01,Platform,Compute,1359.81,1
2026-03-16,MAC-01,Platform,Networking,303.81,1
2026-03-16,MAC-01,Platform,Storage,280.82,1
2026-03-16,MAC-02,Analytics,Storage,665.39,1
2026-03-16,MAC-02,Analytics,Networking,186.07,1
2026-03-16,MAC-02,Analytics,Compute,889.81,1
2026-03-16,MAC-02,Analytics,Data Services,938.82,1
2026-03-16,MAC-02,DataEngineering,Networking,230.74,1
2026-03-16,MAC-02,DataEngineering,Storage,729.76,1
2026-03-16,MAC-02,DataEngineering,Compute,1143.19,1
2026-03-16,MAC-02,DataEngineering,Data Services,1021.99,1
2026-03-16,MAC-03,Frontend,Storage,154.63,1
2026-03-16,MAC-03,Frontend,Data Services,248.21,1
2026-03-16,MAC-03,Frontend,Compute,489.35,1
2026-03-16,MAC-03,Frontend,Networking,112.53,1
2026-03-16,MAC-03,Product,Data Services,375.38,1
2026-03-16,MAC-03,Product,Networking,138.86,1
2026-03-16,MAC-03,Product,Compute,678.52,1
2026-03-16,MAC-03,Product,Storage,195.68,1
2026-03-16,MAC-04,Backend,Data Services,653.28,1
2026-03-16,MAC-04,Backend,Compute,1198.13,1
2026-03-16,MAC-04,Backend,Networking,286.09,1
2026-03-16,MAC-04,Backend,Storage,456.81,1
2026-03-16,MAC-04,QA,Compute,434.44,1
2026-03-16,MAC-04,QA,Storage,182.3,1
2026-03-16,MAC-04,QA,Networking,102.88,1
2026-03-16,MAC-04,QA,Data Services,273.42,1
2026-03-16,MAC-05,Compliance,Storage,275.26,1
2026-03-16,MAC-05,Compliance,Networking,179.68,1
2026-03-16,MAC-05,Compliance,Compute,349.38,1
2026-03-16,MAC-05,Compliance,Data Services,358.55,1
2026-03-16,MAC-05,Security,Storage,269.92,1
2026-03-16,MAC-05,Security,Data Services,361.77,1
2026-03-16,MAC-05,Security,Compute,913.21,1
2026-03-16,MAC-05,Security,Networking,295.82,1
2026-03-16,MAC-06,CloudOps,Compute,1679.29,1
2026-03-16,MAC-06,CloudOps,Storage,468.68,1
2026-03-16,MAC-06,CloudOps,Networking,390.02,1
2026-03-16,MAC-06,CloudOps,Data Services,519.26,1
2026-03-16,MAC-06,Infrastructure,Compute,1603.74,1
2026-03-16,MAC-06,Infrastructure,Networking,446.81,1
2026-03-16,MAC-06,Infrastructure,Storage,508.68,1
2026-03-16,MAC-06,Infrastructure,Data Services,520.42,1
2026-03-16,MAC-07,ML,Storage,590.87,1
2026-03-16,MAC-07,ML,Compute,2045.24,1
2026-03-16,MAC-07,ML,Data Services,729.99,1
2026-03-16,MAC-07,ML,Networking,219.41,1
2026-03-16,MAC-07,Research,Data Services,821.24,1
2026-03-16,MAC-07,Research,Networking,212.3,1
2026-03-16,MAC-07,Research,Compute,907.05,1
2026-03-16,MAC-07,Research,Storage,529.93,1
2026-03-16,MAC-08,Finance,Storage,211.04,1
2026-03-16,MAC-08,Finance,Data Services,562.61,1
2026-03-16,MAC-08,Finance,Networking,107.32,1
2026-03-16,MAC-08,Finance,Compute,332.05,1
2026-03-16,MAC-08,Operations,Data Services,381.41,1
2026-03-16,MAC-08,Operations,Networking,156.44,1
2026-03-16,MAC-08,Operations,Storage,339.86,1
2026-03-16,MAC-08,Operations,Compute,523.3,1
2026-03-17,MAC-01,DevOps,Storage,385.41,1
2026-03-17,MAC-01,DevOps,Networking,224.33,1
2026-03-17,MAC-01,DevOps,Data Services,432.41,1
2026-03-17,MAC-01,DevOps,Compute,1240.47,1
2026-03-17,MAC-01,Platform,Compute,1119.79,1
2026-03-17,MAC-01,Platform,Networking,269.81,1
2026-03-17,MAC-01,Platform,Data Services,418.78,1
2026-03-17,MAC-01,Platform,Storage,369.37,1
2026-03-17,MAC-02,Analytics,Data Services,980.27,1
2026-03-17,MAC-02,Analytics,Networking,159.22,1
2026-03-17,MAC-02,Analytics,Compute,986.26,1
2026-03-17,MAC-02,Analytics,Storage,594.6,1
2026-03-17,MAC-02,DataEngineering,Compute,1025.88,1
2026-03-17,MAC-02,DataEngineering,Networking,229.41,1
2026-03-17,MAC-02,DataEngineering,Data Services,1060.96,1
2026-03-17,MAC-02,DataEngineering,Storage,718.17,1
2026-03-17,MAC-03,Frontend,Storage,195.14,1
2026-03-17,MAC-03,Frontend,Networking,109.91,1
2026-03-17,MAC-03,Frontend,Compute,627.29,1
2026-03-17,MAC-03,Frontend,Data Services,205.72,1
2026-03-17,MAC-03,Product,Data Services,326.76,1
2026-03-17,MAC-03,Product,Networking,144.09,1
2026-03-17,MAC-03,Product,Compute,682.44,1
2026-03-17,MAC-03,Product,Storage,226.83,1
2026-03-17,MAC-04,Backend,Storage,368.22,1
2026-03-17,MAC-04,Backend,Compute,1021.85,1
2026-03-17,MAC-04,Backend,Data Services,577.64,1
2026-03-17,MAC-04,Backend,Networking,226.19,1
2026-03-17,MAC-04,QA,Storage,196.6,1
2026-03-17,MAC-04,QA,Data Services,288.09,1
2026-03-17,MAC-04,QA,Networking,96.23,1
2026-03-17,MAC-04,QA,Compute,480.57,1
2026-03-17,MAC-05,Compliance,Networking,153.99,1
2026-03-17,MAC-05,Compliance,Compute,372.66,1
2026-03-17,MAC-05,Compliance,Data Services,388.1,1
2026-03-17,MAC-05,Compliance,Storage,248.22,1
2026-03-17,MAC-05,Security,Compute,690.01,1
2026-03-17,MAC-05,Security,Storage,294.46,1
2026-03-17,MAC-05,Security,Networking,318.73,1
2026-03-17,MAC-05,Security,Data Services,437.42,1
2026-03-17,MAC-06,CloudOps,Data Services,399.74,1
2026-03-17,MAC-06,CloudOps,Networking,335.5,1
2026-03-17,MAC-06,CloudOps,Compute,1648.59,1
2026-03-17,MAC-06,CloudOps,Storage,444.27,1
2026-03-17,MAC-06,Infrastructure,Storage,426.09,1
2026-03-17,MAC-06,Infrastructure,Compute,1673.48,1
2026-03-17,MAC-06,Infrastructure,Networking,420.6,1
2026-03-17,MAC-06,Infrastructure,Data Services,534.14,1
2026-03-17,MAC-07,ML,Compute,2031.77,1
2026-03-17,MAC-07,ML,Networking,263.8,1
2026-03-17,MAC-07,ML,Data Services,705.72,1
2026-03-17,MAC-07,ML,Storage,642.31,1
2026-03-17,MAC-07,Research,Networking,199.06,1
2026-03-17,MAC-07,Research,Storage,501.84,1
2026-03-17,MAC-07,Research,Compute,1019.2,1
2026-03-17,MAC-07,Research,Data Services,796.62,1
2026-03-17,MAC-08,Finance,Data Services,496.4,1
2026-03-17,MAC-08,Finance,Networking,107.76,1
2026-03-17,MAC-08,Finance,Compute,385.26,1
2026-03-17,MAC-08,Finance,Storage,258.64,1
2026-03-17,MAC-08,Operations,Compute,540.38,1
2026-03-17,MAC-08,Operations,Networking,150.55,1
2026-03-17,MAC-08,Operations,Data Services,502.12,1
2026-03-17,MAC-08,Operations,Storage,319.18,1
2026-03-18,MAC-01,DevOps,Networking,263.78,1
2026-03-18,MAC-01,DevOps,Data Services,406.57,1
2026-03-18,MAC-01,DevOps,Compute,1280.72,1
2026-03-18,MAC-01,DevOps,Storage,354.81,1
2026-03-18,MAC-01,Platform,Compute,1181.0,1
2026-03-18,MAC-01,Platform,Networking,304.38,1
2026-03-18,MAC-01,Platform,Storage,311.71,1
2026-03-18,MAC-01,Platform,Data Services,466.3,1
2026-03-18,MAC-02,Analytics,Storage,630.33,1
2026-03-18,MAC-02,Analytics,Networking,195.49,1
2026-03-18,MAC-02,Analytics,Data Services,1102.33,1
2026-03-18,MAC-02,Analytics,Compute,961.91,1
2026-03-18,MAC-02,DataEngineering,Data Services,1112.33,1
2026-03-18,MAC-02,DataEngineering,Networking,217.5,1
2026-03-18,MAC-02,DataEngineering,Compute,940.27,1
2026-03-18,MAC-02,DataEngineering,Storage,616.35,1
2026-03-18,MAC-03,Frontend,Compute,598.41,1
2026-03-18,MAC-03,Frontend,Data Services,212.22,1
2026-03-18,MAC-03,Frontend,Networking,124.28,1
2026-03-18,MAC-03,Frontend,Storage,192.06,1
2026-03-18,MAC-03,Product,Networking,138.44,1
2026-03-18,MAC-03,Product,Storage,209.11,1
2026-03-18,MAC-03,Product,Compute,693.94,1
2026-03-18,MAC-03,Product,Data Services,396.03,1
2026-03-18,MAC-04,Backend,Networking,261.01,1
2026-03-18,MAC-04,Backend,Data Services,557.51,1
2026-03-18,MAC-04,Backend,Compute,1143.87,1
2026-03-18,MAC-04,Backend,Storage,443.95,1
2026-03-18,MAC-04,QA,Data Services,283.65,1
2026-03-18,MAC-04,QA,Compute,476.49,1
2026-03-18,MAC-04,QA,Networking,108.19,1
2026-03-18,MAC-04,QA,Storage,208.25,1
2026-03-18,MAC-05,Compliance,Data Services,374.63,1
2026-03-18,MAC-05,Compliance,Compute,462.56,1
2026-03-18,MAC-05,Compliance,Networking,158.66,1
2026-03-18,MAC-05,Compliance,Storage,253.57,1
2026-03-18,MAC-05,Security,Data Services,344.43,1
2026-03-18,MAC-05,Security,Networking,310.1,1
2026-03-18,MAC-05,Security,Storage,293.74,1
2026-03-18,MAC-05,Security,Compute,703.51,1
2026-03-18,MAC-06,CloudOps,Compute,1337.46,1
2026-03-18,MAC-06,CloudOps,Networking,366.43,1
2026-03-18,MAC-06,CloudOps,Data Services,445.14,1
2026-03-18,MAC-06,CloudOps,Storage,474.85,1
2026-03-18,MAC-06,Infrastructure,Compute,1750.96,1
2026-03-18,MAC-06,Infrastructure,Networking,397.85,1
2026-03-18,MAC-06,Infrastructure,Data Services,539.86,1
2026-03-18,MAC-06,Infrastructure,Storage,440.68,1
2026-03-18,MAC-07,ML,Data Services,924.53,1
2026-03-18,MAC-07,ML,Networking,226.87,1
2026-03-18,MAC-07,ML,Compute,1566.73,1
2026-03-18,MAC-07,ML,Storage,600.22,1
2026-03-18,MAC-07,Research,Compute,1023.03,1
2026-03-18,MAC-07,Research,Storage,453.41,1
2026-03-18,MAC-07,Research,Data Services,820.73,1
2026-03-18,MAC-07,Research,Networking,209.21,1
2026-03-18,MAC-08,Finance,Networking,119.53,1
2026-03-18,MAC-08,Finance,Storage,259.9,1
2026-03-18,MAC-08,Finance,Compute,344.62,1
2026-03-18,MAC-08,Finance,Data Services,535.32,1
2026-03-18,MAC-08,Operations,Storage,305.63,1
2026-03-18,MAC-08,Operations,Networking,148.28,1
2026-03-18,MAC-08,Operations,Data Services,394.11,1
2026-03-18,MAC-08,Operations,Compute,468.24,1
2026-03-19,MAC-01,DevOps,Data Services,468.14,1
2026-03-19,MAC-01,DevOps,Storage,373.37,1
2026-03-19,MAC-01,DevOps,Networking,226.39,1
2026-03-19,MAC-01,DevOps,Compute,1348.04,1
2026-03-19,MAC-01,Platform,Compute,1387.57,1
2026-03-19,MAC-01,Platform,Networking,281.89,1
2026-03-19,MAC-01,Platform,Data Services,437.49,1
2026-03-19,MAC-01,Platform,Storage,304.16,1
2026-03-19,MAC-02,Analytics,Networking,194.9,1
2026-03-19,MAC-02,Analytics,Data Services,889.25,1
2026-03-19,MAC-02,Analytics,Compute,934.4,1
2026-03-19,MAC-02,Analytics,Storage,639.97,1
2026-03-19,MAC-02,DataEngineering,Data Services,1131.37,1
2026-03-19,MAC-02,DataEngineering,Networking,190.02,1
2026-03-19,MAC-02,DataEngineering,Compute,1083.11,1
2026-03-19,MAC-02,DataEngineering,Storage,793.13,1
2026-03-19,MAC-03,Frontend,Compute,548.9,1
2026-03-19,MAC-03,Frontend,Storage,187.93,1
2026-03-19,MAC-03,Frontend,Data Services,210.51,1
2026-03-19,MAC-03,Frontend,Networking,113.12,1
2026-03-19,MAC-03,Product,Compute,609.7,1
2026-03-19,MAC-03,Product,Data Services,391.0,1
2026-03-19,MAC-03,Product,Networking,132.18,1
2026-03-19,MAC-03,Product,Storage,196.5,1
2026-03-19,MAC-04,Backend,Storage,418.1,1
2026-03-19,MAC-04,Backend,Data Services,517.38,1
2026-03-19,MAC-04,Backend,Compute,1104.68,1
2026-03-19,MAC-04,Backend,Networking,264.2,1
2026-03-19,MAC-04,QA,Compute,498.63,1
2026-03-19,MAC-04,QA,Storage,226.26,1
2026-03-19,MAC-04,QA,Data Services,322.64,1
2026-03-19,MAC-04,QA,Networking,92.25,1
2026-03-19,MAC-05,Compliance,Compute,451.2,1
2026-03-19,MAC-05,Compliance,Data Services,326.86,1
2026-03-19,MAC-05,Compliance,Networking,149.54,1
2026-03-19,MAC-05,Compliance,Storage,231.19,1
2026-03-19,MAC-05,Security,Networking,380.27,1
2026-03-19,MAC-05,Security,Data Services,381.41,1
2026-03-19,MAC-05,Security,Compute,833.82,1
2026-03-19,MAC-05,Security,Storage,302.81,1
2026-03-19,MAC-06,CloudOps,Compute,1709.02,1
2026-03-19,MAC-06,CloudOps,Storage,497.07,1
2026-03-19,MAC-06,CloudOps,Networking,344.42,1
2026-03-19,MAC-06,CloudOps,Data Services,412.95,1
2026-03-19,MAC-06,Infrastructure,Compute,1825.3,1
2026-03-19,MAC-06,Infrastructure,Data Services,455.37,1
2026-03-19,MAC-06,Infrastructure,Networking,357.58,1
2026-03-19,MAC-06,Infrastructure,Storage,457.45,1
2026-03-19,MAC-07,ML,Compute,1895.29,1
2026-03-19,MAC-07,ML,Storage,609.45,1
2026-03-19,MAC-07,ML,Data Services,746.62,1
2026-03-19,MAC-07,ML,Networking,204.07,1
2026-03-19,MAC-07,Research,Compute,1007.19,1
2026-03-19,MAC-07,Research,Networking,197.08,1
2026-03-19,MAC-07,Research,Data Services,755.46,1
2026-03-19,MAC-07,Research,Storage,543.86,1
2026-03-19,MAC-08,Finance,Data Services,471.83,1
2026-03-19,MAC-08,Finance,Compute,350.92,1
2026-03-19,MAC-08,Finance,Networking,112.77,1
2026-03-19,MAC-08,Finance,Storage,257.86,1
2026-03-19,MAC-08,Operations,Compute,453.76,1
2026-03-19,MAC-08,Operations,Networking,166.24,1
2026-03-19,MAC-08,Operations,Data Services,477.94,1
2026-03-19,MAC-08,Operations,Storage,377.7,1
2026-03-20,MAC-01,DevOps,Storage,306.6,1
2026-03-20,MAC-01,DevOps,Networking,250.88,1
2026-03-20,MAC-01,DevOps,Data Services,492.27,1
2026-03-20,MAC-01,DevOps,Compute,1320.95,1
2026-03-20,MAC-01,Platform,Storage,296.49,1
2026-03-20,MAC-01,Platform,Compute,1396.19,1
2026-03-20,MAC-01,Platform,Data Services,447.77,1
2026-03-20,MAC-01,Platform,Networking,320.76,1
2026-03-20,MAC-02,Analytics,Storage,702.64,1
2026-03-20,MAC-02,Analytics,Compute,1007.5,1
2026-03-20,MAC-02,Analytics,Data Services,841.96,1
2026-03-20,MAC-02,Analytics,Networking,172.43,1
2026-03-20,MAC-02,DataEngineering,Storage,643.25,1
2026-03-20,MAC-02,DataEngineering,Compute,907.47,1
2026-03-20,MAC-02,DataEngineering,Networking,197.45,1
2026-03-20,MAC-02,DataEngineering,Data Services,1193.25,1
2026-03-20,MAC-03,Frontend,Data Services,226.29,1
2026-03-20,MAC-03,Frontend,Compute,491.68,1
2026-03-20,MAC-03,Frontend,Networking,132.88,1
2026-03-20,MAC-03,Frontend,Storage,197.38,1
2026-03-20,MAC-03,Product,Data Services,343.02,1
2026-03-20,MAC-03,Product,Networking,131.66,1
2026-03-20,MAC-03,Product,Compute,596.35,1
2026-03-20,MAC-03,Product,Storage,239.37,1
2026-03-20,MAC-04,Backend,Networking,287.03,1
2026-03-20,MAC-04,Backend,Compute,1235.91,1
2026-03-20,MAC-04,Backend,Data Services,569.48,1
2026-03-20,MAC-04,Backend,Storage,439.56,1
2026-03-20,MAC-04,QA,Storage,184.98,1
2026-03-20,MAC-04,QA,Data Services,301.2,1
2026-03-20,MAC-04,QA,Networking,89.53,1
2026-03-20,MAC-04,QA,Compute,531.15,1
2026-03-20,MAC-05,Compliance,Compute,367.21,1
2026-03-20,MAC-05,Compliance,Networking,194.28,1
2026-03-20,MAC-05,Compliance,Storage,243.3,1
2026-03-20,MAC-05,Compliance,Data Services,301.51,1
2026-03-20,MAC-05,Security,Compute,850.39,1
2026-03-20,MAC-05,Security,Networking,312.57,1
2026-03-20,MAC-05,Security,Data Services,377.94,1
2026-03-20,MAC-05,Security,Storage,267.87,1
2026-03-20,MAC-06,CloudOps,Networking,389.57,1
2026-03-20,MAC-06,CloudOps,Storage,431.28,1
2026-03-20,MAC-06,CloudOps,Compute,1626.97,1
2026-03-20,MAC-06,CloudOps,Data Services,457.68,1
2026-03-20,MAC-06,Infrastructure,Data Services,467.67,1
2026-03-20,MAC-06,Infrastructure,Storage,525.41,1
2026-03-20,MAC-06,Infrastructure,Compute,1417.84,1
2026-03-20,MAC-06,Infrastructure,Networking,352.22,1
2026-03-20,MAC-07,ML,Compute,1791.26,1
2026-03-20,MAC-07,ML,Networking,243.85,1
2026-03-20,MAC-07,ML,Storage,548.38,1
2026-03-20,MAC-07,ML,Data Services,875.16,1
2026-03-20,MAC-07,Research,Networking,229.9,1
2026-03-20,MAC-07,Research,Compute,797.82,1
2026-03-20,MAC-07,Research,Data Services,729.76,1
2026-03-20,MAC-07,Research,Storage,486.95,1
2026-03-20,MAC-08,Finance,Compute,309.3,1
2026-03-20,MAC-08,Finance,Data Services,504.87,1
2026-03-20,MAC-08,Finance,Networking,101.9,1
2026-03-20,MAC-08,Finance,Storage,224.18,1
2026-03-20,MAC-08,Operations,Compute,559.81,1
2026-03-20,MAC-08,Operations,Storage,312.94,1
2026-03-20,MAC-08,Operations,Data Services,424.3,1
2026-03-20,MAC-08,Operations,Networking,136.4,1
2026-03-21,MAC-01,DevOps,Data Services,501.24,1
2026-03-21,MAC-01,DevOps,Storage,312.42,1
2026-03-21,MAC-01,DevOps,Compute,1291.14,1
2026-03-21,MAC-01,DevOps,Networking,259.41,1
2026-03-21,MAC-01,Platform,Compute,1196.65,1
2026-03-21,MAC-01,Platform,Data Services,454.29,1
2026-03-21,MAC-01,Platform,Networking,272.65,1
2026-03-21,MAC-01,Platform,Storage,331.79,1
2026-03-21,MAC-02,Analytics,Networking,191.68,1
2026-03-21,MAC-02,Analytics,Compute,842.94,1
2026-03-21,MAC-02,Analytics,Data Services,1081.95,1
2026-03-21,MAC-02,Analytics,Storage,702.7,1
2026-03-21,MAC-02,DataEngineering,Data Services,990.45,1
2026-03-21,MAC-02,DataEngineering,Networking,195.56,1
2026-03-21,MAC-02,DataEngineering,Compute,1097.88,1
2026-03-21,MAC-02,DataEngineering,Storage,614.4,1
2026-03-21,MAC-03,Frontend,Data Services,207.0,1
2026-03-21,MAC-03,Frontend,Storage,183.3,1
2026-03-21,MAC-03,Frontend,Networking,115.31,1
2026-03-21,MAC-03,Frontend,Compute,618.21,1
2026-03-21,MAC-03,Product,Data Services,309.21,1
2026-03-21,MAC-03,Product,Compute,735.92,1
2026-03-21,MAC-03,Product,Networking,134.52,1
2026-03-21,MAC-03,Product,Storage,265.9,1
2026-03-21,MAC-04,Backend,Storage,393.44,1
2026-03-21,MAC-04,Backend,Compute,973.84,1
2026-03-21,MAC-04,Backend,Data Services,626.79,1
2026-03-21,MAC-04,Backend,Networking,234.49,1
2026-03-21,MAC-04,QA,Compute,409.12,1
2026-03-21,MAC-04,QA,Networking,101.94,1
2026-03-21,MAC-04,QA,Data Services,257.59,1
2026-03-21,MAC-04,QA,Storage,212.01,1
2026-03-21,MAC-05,Compliance,Storage,218.68,1
2026-03-21,MAC-05,Compliance,Compute,359.47,1
2026-03-21,MAC-05,Compliance,Networking,183.18,1
2026-03-21,MAC-05,Compliance,Data Services,368.5,1
2026-03-21,MAC-05,Security,Networking,335.89,1
2026-03-21,MAC-05,Security,Storage,307.05,1
2026-03-21,MAC-05,Security,Compute,791.89,1
2026-03-21,MAC-05,Security,Data Services,428.0,1
2026-03-21,MAC-06,CloudOps,Compute,1552.47,1
2026-03-21,MAC-06,CloudOps,Networking,332.76,1
2026-03-21,MAC-06,CloudOps,Data Services,462.23,1
2026-03-21,MAC-06,CloudOps,Storage,377.13,1
2026-03-21,MAC-06,Infrastructure,Compute,1859.87,1
2026-03-21,MAC-06,Infrastructure,Data Services,474.63,1
2026-03-21,MAC-06,Infrastructure,Networking,440.85,1
2026-03-21,MAC-06,Infrastructure,Storage,429.64,1
2026-03-21,MAC-07,ML,Networking,199.87,1
2026-03-21,MAC-07,ML,Storage,582.48,1
2026-03-21,MAC-07,ML,Compute,1594.55,1
2026-03-21,MAC-07,ML,Data Services,832.1,1
2026-03-21,MAC-07,Research,Data Services,657.74,1
2026-03-21,MAC-07,Research,Compute,835.3,1
2026-03-21,MAC-07,Research,Networking,204.58,1
2026-03-21,MAC-07,Research,Storage,592.65,1
2026-03-21,MAC-08,Finance,Compute,319.32,1
2026-03-21,MAC-08,Finance,Networking,108.71,1
2026-03-21,MAC-08,Finance,Storage,241.26,1
2026-03-21,MAC-08,Finance,Data Services,526.57,1
2026-03-21,MAC-08,Operations,Compute,578.97,1
2026-03-21,MAC-08,Operations,Networking,148.37,1
2026-03-21,MAC-08,Operations,Storage,395.98,1
2026-03-21,MAC-08,Operations,Data Services,440.95,1
2026-03-22,MAC-01,DevOps,Storage,326.89,1
2026-03-22,MAC-01,DevOps,Compute,1530.88,1
2026-03-22,MAC-01,DevOps,Data Services,455.09,1
2026-03-22,MAC-01,DevOps,Networking,200.71,1
2026-03-22,MAC-01,Platform,Compute,1196.42,1
2026-03-22,MAC-01,Platform,Storage,373.49,1
2026-03-22,MAC-01,Platform,Data Services,415.08,1
2026-03-22,MAC-01,Platform,Networking,298.66,1
2026-03-22,MAC-02,Analytics,Networking,183.08,1
2026-03-22,MAC-02,Analytics,Storage,692.44,1
2026-03-22,MAC-02,Analytics,Compute,882.89,1
2026-03-22,MAC-02,Analytics,Data Services,1082.34,1
2026-03-22,MAC-02,DataEngineering,Data Services,1108.34,1
2026-03-22,MAC-02,DataEngineering,Networking,210.48,1
2026-03-22,MAC-02,DataEngineering,Compute,1057.85,1
2026-03-22,MAC-02,DataEngineering,Storage,727.54,1
2026-03-22,MAC-03,Frontend,Storage,148.43,1
2026-03-22,MAC-03,Frontend,Networking,103.41,1
2026-03-22,MAC-03,Frontend,Data Services,239.41,1
2026-03-22,MAC-03,Frontend,Compute,588.79,1
2026-03-22,MAC-03,Product,Compute,738.07,1
2026-03-22,MAC-03,Product,Networking,122.65,1
2026-03-22,MAC-03,Product,Data Services,316.97,1
2026-03-22,MAC-03,Product,Storage,235.39,1
2026-03-22,MAC-04,Backend,Data Services,590.85,1
2026-03-22,MAC-04,Backend,Compute,1013.26,1
2026-03-22,MAC-04,Backend,Storage,463.16,1
2026-03-22,MAC-04,Backend,Networking,239.32,1
2026-03-22,MAC-04,QA,Storage,198.38,1
2026-03-22,MAC-04,QA,Networking,110.25,1
2026-03-22,MAC-04,QA,Data Services,257.92,1
2026-03-22,MAC-04,QA,Compute,448.78,1
2026-03-22,MAC-05,Compliance,Storage,271.04,1
2026-03-22,MAC-05,Compliance,Networking,190.8,1
2026-03-22,MAC-05,Compliance,Compute,448.77,1
2026-03-22,MAC-05,Compliance,Data Services,392.9,1
2026-03-22,MAC-05,Security,Data Services,403.91,1
2026-03-22,MAC-05,Security,Networking,310.57,1
2026-03-22,MAC-05,Security,Storage,251.78,1
2026-03-22,MAC-05,Security,Compute,756.04,1
2026-03-22,MAC-06,CloudOps,Data Services,453.71,1
2026-03-22,MAC-06,CloudOps,Networking,339.76,1
2026-03-22,MAC-06,CloudOps,Storage,418.79,1
2026-03-22,MAC-06,CloudOps,Compute,1332.58,1
2026-03-22,MAC-06,Infrastructure,Compute,1469.78,1
2026-03-22,MAC-06,Infrastructure,Storage,502.99,1
2026-03-22,MAC-06,Infrastructure,Data Services,487.31,1
2026-03-22,MAC-06,Infrastructure,Networking,410.1,1
2026-03-22,MAC-07,ML,Data Services,880.59,1
2026-03-22,MAC-07,ML,Storage,661.16,1
2026-03-22,MAC-07,ML,Compute,1613.32,1
2026-03-22,MAC-07,ML,Networking,200.0,1
2026-03-22,MAC-07,Research,Networking,237.2,1
2026-03-22,MAC-07,Research,Data Services,772.18,1
2026-03-22,MAC-07,Research,Compute,1060.94,1
2026-03-22,MAC-07,Research,Storage,469.11,1
2026-03-22,MAC-08,Finance,Data Services,527.88,1
2026-03-22,MAC-08,Finance,Networking,122.71,1
2026-03-22,MAC-08,Finance,Storage,211.16,1
2026-03-22,MAC-08,Finance,Compute,361.93,1
2026-03-22,MAC-08,Operations,Data Services,437.83,1
2026-03-22,MAC-08,Operations,Networking,154.31,1
2026-03-22,MAC-08,Operations,Compute,572.63,1
2026-03-22,MAC-08,Operations,Storage,383.28,1
2026-03-23,MAC-01,DevOps,Storage,368.32,1
2026-03-23,MAC-01,DevOps,Networking,199.0,1
2026-03-23,MAC-01,DevOps,Compute,1345.79,1
2026-03-23,MAC-01,DevOps,Data Services,408.04,1
2026-03-23,MAC-01,Platform,Networking,296.5,1
2026-03-23,MAC-01,Platform,Storage,356.88,1
2026-03-23,MAC-01,Platform,Compute,1396.87,1
2026-03-23,MAC-01,Platform,Data Services,469.32,1
2026-03-23,MAC-02,Analytics,Data Services,1022.73,1
2026-03-23,MAC-02,Analytics,Compute,1015.05,1
2026-03-23,MAC-02,Analytics,Networking,209.82,1
2026-03-23,MAC-02,Analytics,Storage,726.98,1
2026-03-23,MAC-02,DataEngineering,Compute,991.24,1
2026-03-23,MAC-02,DataEngineering,Data Services,1158.06,1
2026-03-23,MAC-02,DataEngineering,Networking,191.06,1
2026-03-23,MAC-02,DataEngineering,Storage,766.71,1
2026-03-23,MAC-03,Frontend,Data Services,224.04,1
2026-03-23,MAC-03,Frontend,Compute,507.38,1
2026-03-23,MAC-03,Frontend,Networking,103.09,1
2026-03-23,MAC-03,Frontend,Storage,149.89,1
2026-03-23,MAC-03,Product,Data Services,362.77,1
2026-03-23,MAC-03,Product,Networking,121.77,1
2026-03-23,MAC-03,Product,Compute,621.14,1
2026-03-23,MAC-03,Product,Storage,210.08,1
2026-03-23,MAC-04,Backend,Compute,1046.04,1
2026-03-23,MAC-04,Backend,Networking,228.1,1
2026-03-23,MAC-04,Backend,Storage,436.99,1
2026-03-23,MAC-04,Backend,Data Services,627.29,1
2026-03-23,MAC-04,QA,Storage,213.2,1
2026-03-23,MAC-04,QA,Data Services,249.06,1
2026-03-23,MAC-04,QA,Compute,517.03,1
2026-03-23,MAC-04,QA,Networking,104.61,1
2026-03-23,MAC-05,Compliance,Data Services,327.93,1
2026-03-23,MAC-05,Compliance,Compute,414.69,1
2026-03-23,MAC-05,Compliance,Storage,269.34,1
2026-03-23,MAC-05,Compliance,Networking,170.09,1
2026-03-23,MAC-05,Security,Storage,302.26,1
2026-03-23,MAC-05,Security,Networking,383.84,1
2026-03-23,MAC-05,Security,Data Services,381.96,1
2026-03-23,MAC-05,Security,Compute,807.45,1
2026-03-23,MAC-06,CloudOps,Data Services,456.02,1
2026-03-23,MAC-06,CloudOps,Compute,1376.99,1
2026-03-23,MAC-06,CloudOps,Storage,437.5,1
2026-03-23,MAC-06,CloudOps,Networking,389.78,1
2026-03-23,MAC-06,Infrastructure,Data Services,479.7,1
2026-03-23,MAC-06,Infrastructure,Networking,430.63,1
2026-03-23,MAC-06,Infrastructure,Compute,1758.18,1
2026-03-23,MAC-06,Infrastructure,Storage,439.75,1
2026-03-23,MAC-07,ML,Storage,620.8,1
2026-03-23,MAC-07,ML,Compute,1729.38,1
2026-03-23,MAC-07,ML,Data Services,814.39,1
2026-03-23,MAC-07,ML,Networking,256.98,1
2026-03-23,MAC-07,Research,Data Services,709.46,1
2026-03-23,MAC-07,Research,Compute,1052.09,1
2026-03-23,MAC-07,Research,Storage,492.98,1
2026-03-23,MAC-07,Research,Networking,206.59,1
2026-03-23,MAC-08,Finance,Data Services,543.37,1
2026-03-23,MAC-08,Finance,Networking,123.16,1
2026-03-23,MAC-08,Finance,Compute,304.65,1
2026-03-23,MAC-08,Finance,Storage,239.57,1
2026-03-23,MAC-08,Operations,Storage,334.32,1
2026-03-23,MAC-08,Operations,Networking,167.03,1
2026-03-23,MAC-08,Operations,Data Services,404.03,1
2026-03-23,MAC-08,Operations,Compute,464.1,1
2026-03-24,MAC-01,DevOps,Compute,1308.6,1
2026-03-24,MAC-01,DevOps,Storage,375.94,1
2026-03-24,MAC-01,DevOps,Networking,248.95,1
2026-03-24,MAC-01,DevOps,Data Services,397.16,1
2026-03-24,MAC-01,Platform,Data Services,441.21,1
2026-03-24,MAC-01,Platform,Networking,271.44,1
2026-03-24,MAC-01,Platform,Compute,1450.68,1
2026-03-24,MAC-01,Platform,Storage,284.67,1
2026-03-24,MAC-02,Analytics,Storage,567.79,1
2026-03-24,MAC-02,Analytics,Compute,1130.72,1
2026-03-24,MAC-02,Analytics,Networking,170.12,1
2026-03-24,MAC-02,Analytics,Data Services,903.85,1
2026-03-24,MAC-02,DataEngineering,Data Services,913.77,1
2026-03-24,MAC-02,DataEngineering,Compute,1009.96,1
2026-03-24,MAC-02,DataEngineering,Networking,208.87,1
2026-03-24,MAC-02,DataEngineering,Storage,617.85,1
2026-03-24,MAC-03,Frontend,Compute,579.21,1
2026-03-24,MAC-03,Frontend,Storage,169.14,1
2026-03-24,MAC-03,Frontend,Networking,131.15,1
2026-03-24,MAC-03,Frontend,Data Services,206.16,1
2026-03-24,MAC-03,Product,Storage,210.35,1
2026-03-24,MAC-03,Product,Data Services,333.18,1
2026-03-24,MAC-03,Product,Networking,131.03,1
2026-03-24,MAC-03,Product,Compute,632.8,1
2026-03-24,MAC-04,Backend,Compute,1200.11,1
2026-03-24,MAC-04,Backend,Networking,238.37,1
2026-03-24,MAC-04,Backend,Storage,438.53,1
2026-03-24,MAC-04,Backend,Data Services,507.44,1
2026-03-24,MAC-04,QA,Data Services,257.84,1
2026-03-24,MAC-04,QA,Storage,204.8,1
2026-03-24,MAC-04,QA,Networking,94.63,1
2026-03-24,MAC-04,QA,Compute,437.94,1
2026-03-24,MAC-05,Compliance,Data Services,392.08,1
2026-03-24,MAC-05,Compliance,Networking,151.76,1
2026-03-24,MAC-05,Compliance,Compute,452.11,1
2026-03-24,MAC-05,Compliance,Storage,283.82,1
2026-03-24,MAC-05,Security,Data Services,374.82,1
2026-03-24,MAC-05,Security,Storage,313.57,1
2026-03-24,MAC-05,Security,Networking,377.9,1
2026-03-24,MAC-05,Security,Compute,844.39,1
2026-03-24,MAC-06,CloudOps,Storage,439.45,1
2026-03-24,MAC-06,CloudOps,Networking,378.48,1
2026-03-24,MAC-06,CloudOps,Data Services,440.25,1
2026-03-24,MAC-06,CloudOps,Compute,1663.65,1
2026-03-24,MAC-06,Infrastructure,Data Services,535.43,1
2026-03-24,MAC-06,Infrastructure,Storage,519.98,1
2026-03-24,MAC-06,Infrastructure,Networking,394.49,1
2026-03-24,MAC-06,Infrastructure,Compute,1555.53,1
2026-03-24,MAC-07,ML,Data Services,697.28,1
2026-03-24,MAC-07,ML,Networking,223.48,1
2026-03-24,MAC-07,ML,Compute,1996.24,1
2026-03-24,MAC-07,ML,Storage,591.76,1
2026-03-24,MAC-07,Research,Data Services,813.32,1
2026-03-24,MAC-07,Research,Networking,179.47,1
2026-03-24,MAC-07,Research,Storage,547.05,1
2026-03-24,MAC-07,Research,Compute,935.86,1
2026-03-24,MAC-08,Finance,Networking,123.93,1
2026-03-24,MAC-08,Finance,Storage,227.97,1
2026-03-24,MAC-08,Finance,Compute,375.69,1
2026-03-24,MAC-08,Finance,Data Services,484.09,1
2026-03-24,MAC-08,Operations,Compute,501.27,1
2026-03-24,MAC-08,Operations,Networking,152.41,1
2026-03-24,MAC-08,Operations,Data Services,463.34,1
2026-03-24,MAC-08,Operations,Storage,378.66,1
2026-03-25,MAC-01,DevOps,Data Services,492.89,1
2026-03-25,MAC-01,DevOps,Compute,1417.49,1
2026-03-25,MAC-01,DevOps,Storage,348.4,1
2026-03-25,MAC-01,DevOps,Networking,215.85,1
2026-03-25,MAC-01,Platform,Storage,302.91,1
2026-03-25,MAC-01,Platform,Networking,315.67,1
2026-03-25,MAC-01,Platform,Compute,1443.28,1
2026-03-25,MAC-01,Platform,Data Services,504.25,1
2026-03-25,MAC-02,Analytics,Storage,558.2,1
2026-03-25,MAC-02,Analytics,Networking,193.03,1
2026-03-25,MAC-02,Analytics,Data Services,1048.32,1
2026-03-25,MAC-02,Analytics,Compute,882.98,1
2026-03-25,MAC-02,DataEngineering,Compute,898.43,1
2026-03-25,MAC-02,DataEngineering,Networking,208.47,1
2026-03-25,MAC-02,DataEngineering,Storage,605.84,1
2026-03-25,MAC-02,DataEngineering,Data Services,1018.75,1
2026-03-25,MAC-03,Frontend,Compute,502.32,1
2026-03-25,MAC-03,Frontend,Networking,101.87,1
2026-03-25,MAC-03,Frontend,Data Services,237.11,1
2026-03-25,MAC-03,Frontend,Storage,151.08,1
2026-03-25,MAC-03,Product,Data Services,352.41,1
2026-03-25,MAC-03,Product,Compute,596.49,1
2026-03-25,MAC-03,Product,Storage,200.96,1
2026-03-25,MAC-03,Product,Networking,123.71,1
2026-03-25,MAC-04,Backend,Compute,965.21,1
2026-03-25,MAC-04,Backend,Networking,252.29,1
2026-03-25,MAC-04,Backend,Data Services,629.2,1
2026-03-25,MAC-04,Backend,Storage,400.86,1
2026-03-25,MAC-04,QA,Storage,218.01,1
2026-03-25,MAC-04,QA,Compute,507.62,1
2026-03-25,MAC-04,QA,Data Services,282.07,1
2026-03-25,MAC-04,QA,Networking,91.3,1
2026-03-25,MAC-05,Compliance,Storage,227.69,1
2026-03-25,MAC-05,Compliance,Data Services,373.25,1
2026-03-25,MAC-05,Compliance,Compute,346.92,1
2026-03-25,MAC-05,Compliance,Networking,191.52,1
2026-03-25,MAC-05,Security,Compute,930.93,1
2026-03-25,MAC-05,Security,Storage,269.93,1
2026-03-25,MAC-05,Security,Networking,310.89,1
2026-03-25,MAC-05,Security,Data Services,409.1,1
2026-03-25,MAC-06,CloudOps,Networking,358.37,1
2026-03-25,MAC-06,CloudOps,Data Services,502.69,1
2026-03-25,MAC-06,CloudOps,Compute,1571.98,1
2026-03-25,MAC-06,CloudOps,Storage,474.92,1
2026-03-25,MAC-06,Infrastructure,Storage,494.76,1
2026-03-25,MAC-06,Infrastructure,Networking,456.3,1
2026-03-25,MAC-06,Infrastructure,Data Services,537.04,1
2026-03-25,MAC-06,Infrastructure,Compute,1544.72,1
2026-03-25,MAC-07,ML,Data Services,840.52,1
2026-03-25,MAC-07,ML,Networking,266.16,1
2026-03-25,MAC-07,ML,Storage,496.85,1
2026-03-25,MAC-07,ML,Compute,1660.81,1
2026-03-25,MAC-07,Research,Data Services,749.28,1
2026-03-25,MAC-07,Research,Networking,216.21,1
2026-03-25,MAC-07,Research,Compute,1020.35,1
2026-03-25,MAC-07,Research,Storage,540.78,1
2026-03-25,MAC-08,Finance,Storage,225.82,1
2026-03-25,MAC-08,Finance,Data Services,602.01,1
2026-03-25,MAC-08,Finance,Compute,391.08,1
2026-03-25,MAC-08,Finance,Networking,117.41,1
2026-03-25,MAC-08,Operations,Storage,364.43,1
2026-03-25,MAC-08,Operations,Networking,158.03,1
2026-03-25,MAC-08,Operations,Data Services,507.58,1
2026-03-25,MAC-08,Operations,Compute,538.46,1
2026-03-26,MAC-01,DevOps,Data Services,433.4,1
2026-03-26,MAC-01,DevOps,Networking,261.88,1
2026-03-26,MAC-01,DevOps,Compute,1522.46,1
2026-03-26,MAC-01,DevOps,Storage,298.26,1
2026-03-26,MAC-01,Platform,Networking,298.67,1
2026-03-26,MAC-01,Platform,Data Services,388.98,1
2026-03-26,MAC-01,Platform,Compute,1153.29,1
2026-03-26,MAC-01,Platform,Storage,360.74,1
2026-03-26,MAC-02,Analytics,Storage,560.54,1
2026-03-26,MAC-02,Analytics,Networking,181.52,1
2026-03-26,MAC-02,Analytics,Data Services,1002.28,1
2026-03-26,MAC-02,Analytics,Compute,1031.49,1
2026-03-26,MAC-02,DataEngineering,Data Services,952.65,1
2026-03-26,MAC-02,DataEngineering,Networking,217.59,1
2026-03-26,MAC-02,DataEngineering,Compute,1122.86,1
2026-03-26,MAC-02,DataEngineering,Storage,781.31,1
2026-03-26,MAC-03,Frontend,Data Services,207.33,1
2026-03-26,MAC-03,Frontend,Networking,119.29,1
2026-03-26,MAC-03,Frontend,Compute,543.33,1
2026-03-26,MAC-03,Frontend,Storage,186.66,1
2026-03-26,MAC-03,Product,Networking,150.86,1
2026-03-26,MAC-03,Product,Compute,618.97,1
2026-03-26,MAC-03,Product,Data Services,327.23,1
2026-03-26,MAC-03,Product,Storage,266.01,1
2026-03-26,MAC-04,Backend,Compute,1218.51,1
2026-03-26,MAC-04,Backend,Storage,435.6,1
2026-03-26,MAC-04,Backend,Networking,243.59,1
2026-03-26,MAC-04,Backend,Data Services,619.83,1
2026-03-26,MAC-04,QA,Storage,232.75,1
2026-03-26,MAC-04,QA,Networking,119.19,1
2026-03-26,MAC-04,QA,Compute,426.69,1
2026-03-26,MAC-04,QA,Data Services,254.55,1
2026-03-26,MAC-05,Compliance,Data Services,305.96,1
2026-03-26,MAC-05,Compliance,Compute,415.8,1
2026-03-26,MAC-05,Compliance,Networking,177.47,1
2026-03-26,MAC-05,Compliance,Storage,262.4,1
2026-03-26,MAC-05,Security,Networking,368.59,1
2026-03-26,MAC-05,Security,Storage,296.03,1
2026-03-26,MAC-05,Security,Compute,881.08,1
2026-03-26,MAC-05,Security,Data Services,401.72,1
2026-03-26,MAC-06,CloudOps,Data Services,463.27,1
2026-03-26,MAC-06,CloudOps,Storage,481.18,1
2026-03-26,MAC-06,CloudOps,Compute,1653.48,1
2026-03-26,MAC-06,CloudOps,Networking,322.87,1
2026-03-26,MAC-06,Infrastructure,Storage,512.89,1
2026-03-26,MAC-06,Infrastructure,Data Services,447.0,1
2026-03-26,MAC-06,Infrastructure,Compute,1632.59,1
2026-03-26,MAC-06,Infrastructure,Networking,457.68,1
2026-03-26,MAC-07,ML,Storage,638.33,1
2026-03-26,MAC-07,ML,Data Services,815.34,1
2026-03-26,MAC-07,ML,Compute,1618.69,1
2026-03-26,MAC-07,ML,Networking,235.67,1
2026-03-26,MAC-07,Research,Compute,943.4,1
2026-03-26,MAC-07,Research,Networking,236.74,1
2026-03-26,MAC-07,Research,Data Services,685.84,1
2026-03-26,MAC-07,Research,Storage,598.17,1
2026-03-26,MAC-08,Finance,Compute,327.44,1
2026-03-26,MAC-08,Finance,Networking,133.5,1
2026-03-26,MAC-08,Finance,Data Services,563.28,1
2026-03-26,MAC-08,Finance,Storage,246.23,1
2026-03-26,MAC-08,Operations,Storage,312.94,1
2026-03-26,MAC-08,Operations,Data Services,463.2,1
2026-03-26,MAC-08,Operations,Compute,458.99,1
2026-03-26,MAC-08,Operations,Networking,145.75,1
2026-03-27,MAC-01,DevOps,Networking,231.48,1
2026-03-27,MAC-01,DevOps,Storage,390.32,1
2026-03-27,MAC-01,DevOps,Compute,1285.82,1
2026-03-27,MAC-01,DevOps,Data Services,432.19,1
2026-03-27,MAC-01,Platform,Data Services,506.98,1
2026-03-27,MAC-01,Platform,Compute,1260.2,1
2026-03-27,MAC-01,Platform,Storage,360.77,1
2026-03-27,MAC-01,Platform,Networking,302.31,1
2026-03-27,MAC-02,Analytics,Data Services,990.79,1
2026-03-27,MAC-02,Analytics,Compute,1087.86,1
2026-03-27,MAC-02,Analytics,Storage,650.98,1
2026-03-27,MAC-02,Analytics,Networking,176.09,1
2026-03-27,MAC-02,DataEngineering,Networking,237.45,1
2026-03-27,MAC-02,DataEngineering,Compute,1015.39,1
2026-03-27,MAC-02,DataEngineering,Data Services,1197.69,1
2026-03-27,MAC-02,DataEngineering,Storage,774.96,1
2026-03-27,MAC-03,Frontend,Data Services,226.04,1
2026-03-27,MAC-03,Frontend,Networking,123.6,1
2026-03-27,MAC-03,Frontend,Compute,614.42,1
2026-03-27,MAC-03,Frontend,Storage,165.8,1
2026-03-27,MAC-03,Product,Storage,226.68,1
2026-03-27,MAC-03,Product,Networking,120.59,1
2026-03-27,MAC-03,Product,Data Services,368.44,1
2026-03-27,MAC-03,Product,Compute,598.01,1
2026-03-27,MAC-04,Backend,Data Services,534.04,1
2026-03-27,MAC-04,Backend,Networking,291.87,1
2026-03-27,MAC-04,Backend,Compute,1227.13,1
2026-03-27,MAC-04,Backend,Storage,373.61,1
2026-03-27,MAC-04,QA,Data Services,271.24,1
2026-03-27,MAC-04,QA,Networking,100.95,1
2026-03-27,MAC-04,QA,Compute,439.61,1
2026-03-27,MAC-04,QA,Storage,207.23,1
2026-03-27,MAC-05,Compliance,Data Services,330.86,1
2026-03-27,MAC-05,Compliance,Networking,195.33,1
2026-03-27,MAC-05,Compliance,Compute,361.85,1
2026-03-27,MAC-05,Compliance,Storage,236.7,1
2026-03-27,MAC-05,Security,Data Services,396.57,1
2026-03-27,MAC-05,Security,Storage,255.43,1
2026-03-27,MAC-05,Security,Compute,730.3,1
2026-03-27,MAC-05,Security,Networking,337.97,1
2026-03-27,MAC-06,CloudOps,Data Services,481.26,1
2026-03-27,MAC-06,CloudOps,Compute,1512.37,1
2026-03-27,MAC-06,CloudOps,Networking,401.55,1
2026-03-27,MAC-06,CloudOps,Storage,394.44,1
2026-03-27,MAC-06,Infrastructure,Compute,1661.86,1
2026-03-27,MAC-06,Infrastructure,Networking,352.04,1
2026-03-27,MAC-06,Infrastructure,Data Services,485.19,1
2026-03-27,MAC-06,Infrastructure,Storage,419.22,1
2026-03-27,MAC-07,ML,Storage,591.29,1
2026-03-27,MAC-07,ML,Data Services,897.05,1
2026-03-27,MAC-07,ML,Compute,2033.51,1
2026-03-27,MAC-07,ML,Networking,206.19,1
2026-03-27,MAC-07,Research,Data Services,775.64,1
2026-03-27,MAC-07,Research,Compute,1068.59,1
2026-03-27,MAC-07,Research,Storage,562.44,1
2026-03-27,MAC-07,Research,Networking,189.49,1
2026-03-27,MAC-08,Finance,Storage,209.93,1
2026-03-27,MAC-08,Finance,Networking,128.45,1
2026-03-27,MAC-08,Finance,Compute,374.9,1
2026-03-27,MAC-08,Finance,Data Services,458.66,1
2026-03-27,MAC-08,Operations,Storage,345.77,1
2026-03-27,MAC-08,Operations,Data Services,392.66,1
2026-03-27,MAC-08,Operations,Networking,171.47,1
2026-03-27,MAC-08,Operations,Compute,453.27,1
2026-03-28,MAC-01,DevOps,Networking,226.49,1
2026-03-28,MAC-01,DevOps,Storage,336.98,1
2026-03-28,MAC-01,DevOps,Compute,1520.24,1
2026-03-28,MAC-01,DevOps,Data Services,530.81,1
2026-03-28,MAC-01,Platform,Data Services,476.86,1
2026-03-28,MAC-01,Platform,Networking,302.83,1
2026-03-28,MAC-01,Platform,Compute,1444.98,1
2026-03-28,MAC-01,Platform,Storage,321.42,1
2026-03-28,MAC-02,Analytics,Storage,643.37,1
2026-03-28,MAC-02,Analytics,Networking,178.91,1
2026-03-28,MAC-02,Analytics,Compute,1106.24,1
2026-03-28,MAC-02,Analytics,Data Services,1022.67,1
2026-03-28,MAC-02,DataEngineering,Compute,953.31,1
2026-03-28,MAC-02,DataEngineering,Data Services,920.64,1
2026-03-28,MAC-02,DataEngineering,Networking,219.11,1
2026-03-28,MAC-02,DataEngineering,Storage,667.98,1
2026-03-28,MAC-03,Frontend,Storage,172.59,1
2026-03-28,MAC-03,Frontend,Compute,666.51,1
2026-03-28,MAC-03,Frontend,Data Services,254.03,1
2026-03-28,MAC-03,Frontend,Networking,130.08,1
2026-03-28,MAC-03,Product,Storage,234.36,1
2026-03-28,MAC-03,Product,Data Services,345.12,1
2026-03-28,MAC-03,Product,Networking,160.29,1
2026-03-28,MAC-03,Product,Compute,698.41,1
2026-03-28,MAC-04,Backend,Storage,372.46,1
2026-03-28,MAC-04,Backend,Compute,978.61,1
2026-03-28,MAC-04,Backend,Data Services,539.66,1
2026-03-28,MAC-04,Backend,Networking,225.85,1
2026-03-28,MAC-04,QA,Compute,534.61,1
2026-03-28,MAC-04,QA,Networking,91.06,1
2026-03-28,MAC-04,QA,Data Services,272.37,1
2026-03-28,MAC-04,QA,Storage,205.17,1
2026-03-28,MAC-05,Compliance,Networking,198.48,1
2026-03-28,MAC-05,Compliance,Compute,358.29,1
2026-03-28,MAC-05,Compliance,Data Services,342.84,1
2026-03-28,MAC-05,Compliance,Storage,223.8,1
2026-03-28,MAC-05,Security,Storage,329.56,1
2026-03-28,MAC-05,Security,Data Services,411.04,1
2026-03-28,MAC-05,Security,Networking,339.15,1
2026-03-28,MAC-05,Security,Compute,838.58,1
2026-03-28,MAC-06,CloudOps,Compute,1639.6,1
2026-03-28,MAC-06,CloudOps,Storage,485.25,1
2026-03-28,MAC-06,CloudOps,Networking,385.37,1
2026-03-28,MAC-06,CloudOps,Data Services,515.0,1
2026-03-28,MAC-06,Infrastructure,Storage,528.83,1
2026-03-28,MAC-06,Infrastructure,Networking,389.09,1
2026-03-28,MAC-06,Infrastructure,Compute,1752.4,1
2026-03-28,MAC-06,Infrastructure,Data Services,465.83,1
2026-03-28,MAC-07,ML,Storage,567.03,1
2026-03-28,MAC-07,ML,Data Services,707.76,1
2026-03-28,MAC-07,ML,Networking,252.78,1
2026-03-28,MAC-07,ML,Compute,1952.93,1
2026-03-28,MAC-07,Research,Data Services,866.26,1
2026-03-28,MAC-07,Research,Networking,228.09,1
2026-03-28,MAC-07,Research,Storage,595.77,1
2026-03-28,MAC-07,Research,Compute,1052.26,1
2026-03-28,MAC-08,Finance,Data Services,551.86,1
2026-03-28,MAC-08,Finance,Compute,402.65,1
2026-03-28,MAC-08,Finance,Storage,210.86,1
2026-03-28,MAC-08,Finance,Networking,111.61,1
2026-03-28,MAC-08,Operations,Storage,364.82,1
2026-03-28,MAC-08,Operations,Networking,161.1,1
2026-03-28,MAC-08,Operations,Data Services,384.4,1
2026-03-28,MAC-08,Operations,Compute,498.06,1
2026-03-29,MAC-01,DevOps,Compute,1527.29,1
2026-03-29,MAC-01,DevOps,Storage,379.36,1
2026-03-29,MAC-01,DevOps,Data Services,401.03,1
2026-03-29,MAC-01,DevOps,Networking,228.03,1
2026-03-29,MAC-01,Platform,Data Services,431.98,1
2026-03-29,MAC-01,Platform,Compute,1106.52,1
2026-03-29,MAC-01,Platform,Networking,285.53,1
2026-03-29,MAC-01,Platform,Storage,287.31,1
2026-03-29,MAC-02,Analytics,Compute,1052.44,1
2026-03-29,MAC-02,Analytics,Networking,202.11,1
2026-03-29,MAC-02,Analytics,Storage,708.5,1
2026-03-29,MAC-02,Analytics,Data Services,991.9,1
2026-03-29,MAC-02,DataEngineering,Compute,1101.26,1
2026-03-29,MAC-02,DataEngineering,Storage,644.64,1
2026-03-29,MAC-02,DataEngineering,Data Services,934.97,1
2026-03-29,MAC-02,DataEngineering,Networking,235.68,1
2026-03-29,MAC-03,Frontend,Data Services,239.05,1
2026-03-29,MAC-03,Frontend,Storage,155.47,1
2026-03-29,MAC-03,Frontend,Compute,551.8,1
2026-03-29,MAC-03,Frontend,Networking,123.95,1
2026-03-29,MAC-03,Product,Networking,136.69,1
2026-03-29,MAC-03,Product,Storage,210.62,1
2026-03-29,MAC-03,Product,Compute,629.48,1
2026-03-29,MAC-03,Product,Data Services,379.27,1
2026-03-29,MAC-04,Backend,Networking,277.23,1
2026-03-29,MAC-04,Backend,Compute,1072.9,1
2026-03-29,MAC-04,Backend,Data Services,529.94,1
2026-03-29,MAC-04,Backend,Storage,438.31,1
2026-03-29,MAC-04,QA,Storage,236.62,1
2026-03-29,MAC-04,QA,Networking,112.52,1
2026-03-29,MAC-04,QA,Data Services,283.31,1
2026-03-29,MAC-04,QA,Compute,465.42,1
2026-03-29,MAC-05,Compliance,Storage,263.47,1
2026-03-29,MAC-05,Compliance,Networking,184.58,1
2026-03-29,MAC-05,Compliance,Data Services,304.45,1
2026-03-29,MAC-05,Compliance,Compute,449.11,1
2026-03-29,MAC-05,Security,Compute,774.97,1
2026-03-29,MAC-05,Security,Storage,326.6,1
2026-03-29,MAC-05,Security,Data Services,384.46,1
2026-03-29,MAC-05,Security,Networking,383.67,1
2026-03-29,MAC-06,CloudOps,Networking,416.01,1
2026-03-29,MAC-06,CloudOps,Compute,1646.84,1
2026-03-29,MAC-06,CloudOps,Data Services,429.16,1
2026-03-29,MAC-06,CloudOps,Storage,493.21,1
2026-03-29,MAC-06,Infrastructure,Storage,417.1,1
2026-03-29,MAC-06,Infrastructure,Data Services,546.75,1
2026-03-29,MAC-06,Infrastructure,Compute,1649.8,1
2026-03-29,MAC-06,Infrastructure,Networking,379.73,1
2026-03-29,MAC-07,ML,Networking,227.77,1
2026-03-29,MAC-07,ML,Compute,1783.24,1
2026-03-29,MAC-07,ML,Data Services,863.18,1
2026-03-29,MAC-07,ML,Storage,631.94,1
2026-03-29,MAC-07,Research,Storage,593.05,1
2026-03-29,MAC-07,Research,Networking,189.41,1
2026-03-29,MAC-07,Research,Data Services,708.83,1
2026-03-29,MAC-07,Research,Compute,898.61,1
2026-03-29,MAC-08,Finance,Compute,313.59,1
2026-03-29,MAC-08,Finance,Storage,227.26,1
2026-03-29,MAC-08,Finance,Networking,102.66,1
2026-03-29,MAC-08,Finance,Data Services,450.94,1
2026-03-29,MAC-08,Operations,Storage,299.49,1
2026-03-29,MAC-08,Operations,Compute,599.96,1
2026-03-29,MAC-08,Operations,Data Services,405.95,1
2026-03-29,MAC-08,Operations,Networking,134.44,1
2026-03-30,MAC-01,DevOps,Storage,386.01,1
2026-03-30,MAC-01,DevOps,Networking,229.37,1
2026-03-30,MAC-01,DevOps,Data Services,489.55,1
2026-03-30,MAC-01,DevOps,Compute,1240.89,1
2026-03-30,MAC-01,Platform,Data Services,395.9,1
2026-03-30,MAC-01,Platform,Networking,258.76,1
2026-03-30,MAC-01,Platform,Compute,1374.98,1
2026-03-30,MAC-01,Platform,Storage,334.02,1
2026-03-30,MAC-02,Analytics,Storage,706.81,1
2026-03-30,MAC-02,Analytics,Networking,160.84,1
2026-03-30,MAC-02,Analytics,Data Services,961.1,1
2026-03-30,MAC-02,Analytics,Compute,1036.14,1
2026-03-30,MAC-02,DataEngineering,Storage,606.4,1
2026-03-30,MAC-02,DataEngineering,Networking,198.72,1
2026-03-30,MAC-02,DataEngineering,Data Services,1124.1,1
2026-03-30,MAC-02,DataEngineering,Compute,904.05,1
2026-03-30,MAC-03,Frontend,Compute,610.82,1
2026-03-30,MAC-03,Frontend,Data Services,244.08,1
2026-03-30,MAC-03,Frontend,Networking,112.71,1
2026-03-30,MAC-03,Frontend,Storage,155.8,1
2026-03-30,MAC-03,Product,Networking,142.03,1
2026-03-30,MAC-03,Product,Storage,265.91,1
2026-03-30,MAC-03,Product,Compute,631.79,1
2026-03-30,MAC-03,Product,Data Services,311.83,1
2026-03-30,MAC-04,Backend,Storage,457.79,1
2026-03-30,MAC-04,Backend,Compute,1022.45,1
2026-03-30,MAC-04,Backend,Data Services,606.71,1
2026-03-30,MAC-04,Backend,Networking,278.42,1
2026-03-30,MAC-04,QA,Data Services,273.37,1
2026-03-30,MAC-04,QA,Networking,109.54,1
2026-03-30,MAC-04,QA,Compute,498.73,1
2026-03-30,MAC-04,QA,Storage,231.09,1
2026-03-30,MAC-05,Compliance,Data Services,334.74,1
2026-03-30,MAC-05,Compliance,Networking,195.97,1
2026-03-30,MAC-05,Compliance,Compute,383.47,1
2026-03-30,MAC-05,Compliance,Storage,246.53,1
2026-03-30,MAC-05,Security,Storage,301.68,1
2026-03-30,MAC-05,Security,Data Services,412.96,1
2026-03-30,MAC-05,Security,Compute,745.06,1
2026-03-30,MAC-05,Security,Networking,334.96,1
2026-03-30,MAC-06,CloudOps,Storage,406.51,1
2026-03-30,MAC-06,CloudOps,Data Services,531.74,1
2026-03-30,MAC-06,CloudOps,Networking,427.14,1
2026-03-30,MAC-06,CloudOps,Compute,1499.42,1
2026-03-30,MAC-06,Infrastructure,Storage,430.29,1
2026-03-30,MAC-06,Infrastructure,Networking,445.11,1
2026-03-30,MAC-06,Infrastructure,Data Services,435.1,1
2026-03-30,MAC-06,Infrastructure,Compute,1641.86,1
2026-03-30,MAC-07,ML,Compute,1701.52,1
2026-03-30,MAC-07,ML,Storage,563.39,1
2026-03-30,MAC-07,ML,Networking,250.79,1
2026-03-30,MAC-07,ML,Data Services,748.28,1
2026-03-30,MAC-07,Research,Storage,574.78,1
2026-03-30,MAC-07,Research,Networking,206.2,1
2026-03-30,MAC-07,Research,Compute,917.79,1
2026-03-30,MAC-07,Research,Data Services,870.16,1
2026-03-30,MAC-08,Finance,Storage,235.74,1
2026-03-30,MAC-08,Finance,Compute,375.2,1
2026-03-30,MAC-08,Finance,Networking,104.18,1
2026-03-30,MAC-08,Finance,Data Services,567.17,1
2026-03-30,MAC-08,Operations,Compute,549.48,1
2026-03-30,MAC-08,Operations,Data Services,479.92,1
2026-03-30,MAC-08,Operations,Networking,167.48,1
2026-03-30,MAC-08,Operations,Storage,310.99,1
2026-03-31,MAC-01,DevOps,Storage,358.07,1
2026-03-31,MAC-01,DevOps,Compute,1511.62,1
2026-03-31,MAC-01,DevOps,Networking,232.52,1
2026-03-31,MAC-01,DevOps,Data Services,459.22,1
2026-03-31,MAC-01,Platform,Compute,1349.0,1
2026-03-31,MAC-01,Platform,Networking,315.84,1
2026-03-31,MAC-01,Platform,Data Services,459.12,1
2026-03-31,MAC-01,Platform,Storage,373.89,1
2026-03-31,MAC-02,Analytics,Data Services,962.82,1
2026-03-31,MAC-02,Analytics,Compute,888.1,1
2026-03-31,MAC-02,Analytics,Networking,169.62,1
2026-03-31,MAC-02,Analytics,Storage,658.13,1
2026-03-31,MAC-02,DataEngineering,Networking,218.16,1
2026-03-31,MAC-02,DataEngineering,Storage,707.68,1
2026-03-31,MAC-02,DataEngineering,Compute,994.44,1
2026-03-31,MAC-02,DataEngineering,Data Services,902.02,1
2026-03-31,MAC-03,Frontend,Data Services,269.36,1
2026-03-31,MAC-03,Frontend,Networking,114.53,1
2026-03-31,MAC-03,Frontend,Storage,179.33,1
2026-03-31,MAC-03,Frontend,Compute,672.74,1
2026-03-31,MAC-03,Product,Data Services,345.71,1
2026-03-31,MAC-03,Product,Networking,137.34,1
2026-03-31,MAC-03,Product,Storage,202.42,1
2026-03-31,MAC-03,Product,Compute,632.53,1
2026-03-31,MAC-04,Backend,Networking,233.81,1
2026-03-31,MAC-04,Backend,Compute,1266.06,1
2026-03-31,MAC-04,Backend,Data Services,670.78,1
2026-03-31,MAC-04,Backend,Storage,447.53,1
2026-03-31,MAC-04,QA,Storage,235.52,1
2026-03-31,MAC-04,QA,Data Services,257.45,1
2026-03-31,MAC-04,QA,Compute,402.74,1
2026-03-31,MAC-04,QA,Networking,106.61,1
2026-03-31,MAC-05,Compliance,Networking,165.8,1
2026-03-31,MAC-05,Compliance,Compute,442.66,1
2026-03-31,MAC-05,Compliance,Data Services,340.2,1
2026-03-31,MAC-05,Compliance,Storage,237.7,1
2026-03-31,MAC-05,Security,Networking,391.43,1
2026-03-31,MAC-05,Security,Storage,259.86,1
2026-03-31,MAC-05,Security,Compute,831.19,1
2026-03-31,MAC-05,Security,Data Services,352.18,1
2026-03-31,MAC-06,CloudOps,Data Services,497.62,1
2026-03-31,MAC-06,CloudOps,Networking,364.32,1
2026-03-31,MAC-06,CloudOps,Compute,1412.32,1
2026-03-31,MAC-06,CloudOps,Storage,428.81,1
2026-03-31,MAC-06,Infrastructure,Data Services,509.76,1
2026-03-31,MAC-06,Infrastructure,Compute,1616.52,1
2026-03-31,MAC-06,Infrastructure,Storage,400.54,1
2026-03-31,MAC-06,Infrastructure,Networking,414.6,1
2026-03-31,MAC-07,ML,Compute,1797.7,1
2026-03-31,MAC-07,ML,Storage,657.99,1
2026-03-31,MAC-07,ML,Data Services,778.09,1
2026-03-31,MAC-07,ML,Networking,229.56,1
2026-03-31,MAC-07,Research,Compute,835.38,1
2026-03-31,MAC-07,Research,Data Services,722.38,1
2026-03-31,MAC-07,Research,Networking,220.79,1
2026-03-31,MAC-07,Research,Storage,585.65,1
2026-03-31,MAC-08,Finance,Networking,116.74,1
2026-03-31,MAC-08,Finance,Storage,258.41,1
2026-03-31,MAC-08,Finance,Compute,384.78,1
2026-03-31,MAC-08,Finance,Data Services,536.66,1
2026-03-31,MAC-08,Operations,Storage,327.9,1
2026-03-31,MAC-08,Operations,Compute,467.15,1
2026-03-31,MAC-08,Operations,Data Services,434.59,1
2026-03-31,MAC-08,Operations,Networking,174.76,1
