usage_date,mac_id,resource_category,total_cost_inr,resource_count
2026-01-01,MAC-01,Compute,2255.54,2
2026-01-01,MAC-01,Networking,479.08,2
2026-01-01,MAC-01,Data Services,853.36,2
2026-01-01,MAC-01,Storage,561.88,2
2026-01-01,MAC-02,Compute,1596.98,2
2026-01-01,MAC-02,Data Services,1680.81,2
2026-01-01,MAC-02,Networking,344.42,2
2026-01-01,MAC-02,Storage,1250.14,2
2026-01-01,MAC-03,Networking,234.7,2
2026-01-01,MAC-03,Data Services,511.3,2
2026-01-01,MAC-03,Compute,1003.61,2
2026-01-01,MAC-03,Storage,341.61,2
2026-01-01,MAC-04,Compute,1439.77,2
2026-01-01,MAC-04,Data Services,773.23,2
2026-01-01,MAC-04,Networking,320.04,2
2026-01-01,MAC-04,Storage,590.17,2
2026-01-01,MAC-05,Compute,1011.64,2
2026-01-01,MAC-05,Data Services,695.73,2
2026-01-01,MAC-05,Networking,456.6,2
2026-01-01,MAC-05,Storage,519.82,2
2026-01-01,MAC-06,Networking,664.62,2
2026-01-01,MAC-06,Storage,833.86,2
2026-01-01,MAC-06,Compute,2680.68,2
2026-01-01,MAC-06,Data Services,726.02,2
2026-01-01,MAC-07,Data Services,1389.74,2
2026-01-01,MAC-07,Compute,2393.65,2
2026-01-01,MAC-07,Storage,958.87,2
2026-01-01,MAC-07,Networking,391.9,2
2026-01-01,MAC-08,Storage,525.36,2
2026-01-01,MAC-08,Compute,801.75,2
2026-01-01,MAC-08,Data Services,835.74,2
2026-01-01,MAC-08,Networking,228.53,2
2026-01-02,MAC-01,Storage,513.53,2
2026-01-02,MAC-01,Networking,448.4,2
2026-01-02,MAC-01,Compute,2244.17,2
2026-01-02,MAC-01,Data Services,792.35,2
2026-01-02,MAC-02,Data Services,1743.95,2
2026-01-02,MAC-02,Networking,360.55,2
2026-01-02,MAC-02,Compute,1540.59,2
2026-01-02,MAC-02,Storage,1170.01,2
2026-01-02,MAC-03,Storage,369.75,2
2026-01-02,MAC-03,Networking,226.13,2
2026-01-02,MAC-03,Data Services,516.04,2
2026-01-02,MAC-03,Compute,968.24,2
2026-01-02,MAC-04,Storage,510.8,2
2026-01-02,MAC-04,Networking,294.45,2
2026-01-02,MAC-04,Data Services,779.34,2
2026-01-02,MAC-04,Compute,1381.39,2
2026-01-02,MAC-05,Compute,1135.09,2
2026-01-02,MAC-05,Networking,446.87,2
2026-01-02,MAC-05,Data Services,714.58,2
2026-01-02,MAC-05,Storage,451.6,2
2026-01-02,MAC-06,Storage,756.99,2
2026-01-02,MAC-06,Data Services,798.07,2
2026-01-02,MAC-06,Compute,2404.78,2
2026-01-02,MAC-06,Networking,657.68,2
2026-01-02,MAC-07,Storage,880.79,2
2026-01-02,MAC-07,Networking,376.3,2
2026-01-02,MAC-07,Compute,2168.04,2
2026-01-02,MAC-07,Data Services,1372.46,2
2026-01-02,MAC-08,Data Services,823.94,2
2026-01-02,MAC-08,Networking,208.54,2
2026-01-02,MAC-08,Compute,710.82,2
2026-01-02,MAC-08,Storage,528.43,2
2026-01-03,MAC-01,Storage,591.47,2
2026-01-03,MAC-01,Networking,443.13,2
2026-01-03,MAC-01,Compute,2404.81,2
2026-01-03,MAC-01,Data Services,768.13,2
2026-01-03,MAC-02,Compute,1564.7,2
2026-01-03,MAC-02,Data Services,1790.48,2
2026-01-03,MAC-02,Networking,339.47,2
2026-01-03,MAC-02,Storage,1107.24,2
2026-01-03,MAC-03,Storage,365.87,2
2026-01-03,MAC-03,Networking,214.15,2
2026-01-03,MAC-03,Data Services,540.34,2
2026-01-03,MAC-03,Compute,1205.16,2
2026-01-03,MAC-04,Data Services,728.71,2
2026-01-03,MAC-04,Networking,304.28,2
2026-01-03,MAC-04,Compute,1283.34,2
2026-01-03,MAC-04,Storage,596.94,2
2026-01-03,MAC-05,Networking,432.83,2
2026-01-03,MAC-05,Data Services,686.9,2
2026-01-03,MAC-05,Compute,1203.34,2
2026-01-03,MAC-05,Storage,491.01,2
2026-01-03,MAC-06,Networking,726.63,2
2026-01-03,MAC-06,Data Services,838.76,2
2026-01-03,MAC-06,Compute,2682.66,2
2026-01-03,MAC-06,Storage,796.55,2
2026-01-03,MAC-07,Storage,966.64,2
2026-01-03,MAC-07,Networking,376.62,2
2026-01-03,MAC-07,Data Services,1376.57,2
2026-01-03,MAC-07,Compute,2375.89,2
2026-01-03,MAC-08,Networking,217.19,2
2026-01-03,MAC-08,Compute,758.14,2
2026-01-03,MAC-08,Data Services,917.63,2
2026-01-03,MAC-08,Storage,467.1,2
2026-01-04,MAC-01,Compute,2263.45,2
2026-01-04,MAC-01,Networking,431.77,2
2026-01-04,MAC-01,Data Services,705.47,2
2026-01-04,MAC-01,Storage,602.75,2
2026-01-04,MAC-02,Networking,373.94,2
2026-01-04,MAC-02,Data Services,1742.32,2
2026-01-04,MAC-02,Compute,1747.63,2
2026-01-04,MAC-02,Storage,1225.47,2
2026-01-04,MAC-03,Storage,354.38,2
2026-01-04,MAC-03,Data Services,516.37,2
2026-01-04,MAC-03,Networking,226.62,2
2026-01-04,MAC-03,Compute,1187.23,2
2026-01-04,MAC-04,Data Services,740.0,2
2026-01-04,MAC-04,Networking,302.1,2
2026-01-04,MAC-04,Compute,1260.09,2
2026-01-04,MAC-04,Storage,489.26,2
2026-01-04,MAC-05,Compute,1148.23,2
2026-01-04,MAC-05,Storage,519.7,2
2026-01-04,MAC-05,Data Services,610.28,2
2026-01-04,MAC-05,Networking,495.21,2
2026-01-04,MAC-06,Networking,676.6,2
2026-01-04,MAC-06,Data Services,793.64,2
2026-01-04,MAC-06,Compute,2571.89,2
2026-01-04,MAC-06,Storage,790.46,2
2026-01-04,MAC-07,Networking,405.93,2
2026-01-04,MAC-07,Compute,2440.48,2
2026-01-04,MAC-07,Data Services,1299.44,2
2026-01-04,MAC-07,Storage,890.58,2
2026-01-04,MAC-08,Data Services,820.85,2
2026-01-04,MAC-08,Networking,232.01,2
2026-01-04,MAC-08,Storage,466.04,2
2026-01-04,MAC-08,Compute,808.14,2
2026-01-05,MAC-01,Data Services,715.02,2
2026-01-05,MAC-01,Networking,470.27,2
2026-01-05,MAC-01,Compute,2453.81,2
2026-01-05,MAC-01,Storage,626.6,2
2026-01-05,MAC-02,Storage,1134.56,2
2026-01-05,MAC-02,Networking,356.21,2
2026-01-05,MAC-02,Compute,1646.45,2
2026-01-05,MAC-02,Data Services,1917.53,2
2026-01-05,MAC-03,Data Services,545.99,2
2026-01-05,MAC-03,Networking,220.29,2
2026-01-05,MAC-03,Compute,1004.51,2
2026-01-05,MAC-03,Storage,365.48,2
2026-01-05,MAC-04,Data Services,804.67,2
2026-01-05,MAC-04,Networking,326.33,2
2026-01-05,MAC-04,Compute,1463.19,2
2026-01-05,MAC-04,Storage,569.11,2
2026-01-05,MAC-05,Storage,458.13,2
2026-01-05,MAC-05,Networking,416.92,2
2026-01-05,MAC-05,Data Services,688.26,2
2026-01-05,MAC-05,Compute,1105.33,2
2026-01-05,MAC-06,Data Services,883.74,2
2026-01-05,MAC-06,Networking,691.68,2
2026-01-05,MAC-06,Storage,765.95,2
2026-01-05,MAC-06,Compute,2473.0,2
2026-01-05,MAC-07,Networking,360.29,2
2026-01-05,MAC-07,Storage,962.01,2
2026-01-05,MAC-07,Data Services,1366.64,2
2026-01-05,MAC-07,Compute,2470.88,2
2026-01-05,MAC-08,Networking,261.62,2
2026-01-05,MAC-08,Compute,717.78,2
2026-01-05,MAC-08,Storage,467.31,2
2026-01-05,MAC-08,Data Services,786.8,2
2026-01-06,MAC-01,Storage,570.57,2
2026-01-06,MAC-01,Networking,416.68,2
2026-01-06,MAC-01,Data Services,788.85,2
2026-01-06,MAC-01,Compute,1993.28,2
2026-01-06,MAC-02,Compute,1572.63,2
2026-01-06,MAC-02,Networking,336.56,2
2026-01-06,MAC-02,Data Services,1781.1,2
2026-01-06,MAC-02,Storage,1082.78,2
2026-01-06,MAC-03,Networking,249.31,2
2026-01-06,MAC-03,Compute,1144.96,2
2026-01-06,MAC-03,Storage,364.4,2
2026-01-06,MAC-03,Data Services,501.54,2
2026-01-06,MAC-04,Compute,1322.46,2
2026-01-06,MAC-04,Storage,483.03,2
2026-01-06,MAC-04,Networking,303.38,2
2026-01-06,MAC-04,Data Services,794.77,2
2026-01-06,MAC-05,Data Services,632.64,2
2026-01-06,MAC-05,Compute,1020.98,2
2026-01-06,MAC-05,Networking,412.94,2
2026-01-06,MAC-05,Storage,473.87,2
2026-01-06,MAC-06,Networking,667.94,2
2026-01-06,MAC-06,Storage,746.23,2
2026-01-06,MAC-06,Data Services,867.49,2
2026-01-06,MAC-06,Compute,2672.2,2
2026-01-06,MAC-07,Storage,914.82,2
2026-01-06,MAC-07,Data Services,1526.89,2
2026-01-06,MAC-07,Networking,387.12,2
2026-01-06,MAC-07,Compute,2369.76,2
2026-01-06,MAC-08,Storage,548.41,2
2026-01-06,MAC-08,Data Services,865.05,2
2026-01-06,MAC-08,Networking,245.59,2
2026-01-06,MAC-08,Compute,799.81,2
2026-01-07,MAC-01,Compute,2116.9,2
2026-01-07,MAC-01,Networking,396.8,2
2026-01-07,MAC-01,Data Services,865.26,2
2026-01-07,MAC-01,Storage,572.93,2
2026-01-07,MAC-02,Data Services,2006.35,2
2026-01-07,MAC-02,Networking,330.86,2
2026-01-07,MAC-02,Storage,1099.19,2
2026-01-07,MAC-02,Compute,1823.23,2
2026-01-07,MAC-03,Networking,217.34,2
2026-01-07,MAC-03,Data Services,461.66,2
2026-01-07,MAC-03,Storage,356.41,2
2026-01-07,MAC-03,Compute,992.1,2
2026-01-07,MAC-04,Compute,1436.63,2
2026-01-07,MAC-04,Networking,323.81,2
2026-01-07,MAC-04,Storage,484.71,2
2026-01-07,MAC-04,Data Services,851.04,2
2026-01-07,MAC-05,Data Services,609.05,2
2026-01-07,MAC-05,Compute,1060.72,2
2026-01-07,MAC-05,Storage,494.33,2
2026-01-07,MAC-05,Networking,434.25,2
2026-01-07,MAC-06,Compute,2625.84,2
2026-01-07,MAC-06,Storage,742.83,2
2026-01-07,MAC-06,Data Services,880.15,2
2026-01-07,MAC-06,Networking,607.29,2
2026-01-07,MAC-07,Networking,377.11,2
2026-01-07,MAC-07,Data Services,1377.85,2
2026-01-07,MAC-07,Storage,889.48,2
2026-01-07,MAC-07,Compute,2722.69,2
2026-01-07,MAC-08,Compute,822.76,2
2026-01-07,MAC-08,Networking,231.09,2
2026-01-07,MAC-08,Data Services,825.38,2
2026-01-07,MAC-08,Storage,511.09,2
2026-01-08,MAC-01,Networking,482.95,2
2026-01-08,MAC-01,Compute,2272.9,2
2026-01-08,MAC-01,Storage,595.73,2
2026-01-08,MAC-01,Data Services,887.62,2
2026-01-08,MAC-02,Data Services,1617.15,2
2026-01-08,MAC-02,Compute,1748.13,2
2026-01-08,MAC-02,Storage,1187.22,2
2026-01-08,MAC-02,Networking,306.64,2
2026-01-08,MAC-03,Storage,384.08,2
2026-01-08,MAC-03,Networking,245.27,2
2026-01-08,MAC-03,Compute,1152.15,2
2026-01-08,MAC-03,Data Services,474.23,2
2026-01-08,MAC-04,Data Services,798.87,2
2026-01-08,MAC-04,Networking,350.42,2
2026-01-08,MAC-04,Compute,1443.25,2
2026-01-08,MAC-04,Storage,576.63,2
2026-01-08,MAC-05,Storage,473.13,2
2026-01-08,MAC-05,Networking,411.77,2
2026-01-08,MAC-05,Data Services,694.9,2
2026-01-08,MAC-05,Compute,1195.31,2
2026-01-08,MAC-06,Data Services,915.18,2
2026-01-08,MAC-06,Networking,733.78,2
2026-01-08,MAC-06,Compute,2484.17,2
2026-01-08,MAC-06,Storage,730.78,2
2026-01-08,MAC-07,Networking,382.05,2
2026-01-08,MAC-07,Data Services,1353.4,2
2026-01-08,MAC-07,Compute,2295.95,2
2026-01-08,MAC-07,Storage,922.8,2
2026-01-08,MAC-08,Networking,233.18,2
2026-01-08,MAC-08,Compute,805.08,2
2026-01-08,MAC-08,Data Services,864.63,2
2026-01-08,MAC-08,Storage,493.13,2
2026-01-09,MAC-01,Data Services,798.27,2
2026-01-09,MAC-01,Networking,495.82,2
2026-01-09,MAC-01,Compute,2276.16,2
2026-01-09,MAC-01,Storage,612.71,2
2026-01-09,MAC-02,Networking,358.86,2
2026-01-09,MAC-02,Compute,1834.36,2
2026-01-09,MAC-02,Data Services,1753.48,2
2026-01-09,MAC-02,Storage,1234.06,2
2026-01-09,MAC-03,Storage,326.58,2
2026-01-09,MAC-03,Networking,216.92,2
2026-01-09,MAC-03,Data Services,467.62,2
2026-01-09,MAC-03,Compute,1144.82,2
2026-01-09,MAC-04,Networking,308.04,2
2026-01-09,MAC-04,Compute,1406.05,2
2026-01-09,MAC-04,Data Services,749.9,2
2026-01-09,MAC-04,Storage,580.15,2
2026-01-09,MAC-05,Compute,1056.28,2
2026-01-09,MAC-05,Networking,456.33,2
2026-01-09,MAC-05,Storage,483.63,2
2026-01-09,MAC-05,Data Services,676.42,2
2026-01-09,MAC-06,Data Services,861.27,2
2026-01-09,MAC-06,Storage,849.14,2
2026-01-09,MAC-06,Compute,2404.06,2
2026-01-09,MAC-06,Networking,747.98,2
2026-01-09,MAC-07,Networking,405.86,2
2026-01-09,MAC-07,Compute,2302.38,2
2026-01-09,MAC-07,Storage,953.86,2
2026-01-09,MAC-07,Data Services,1352.5,2
2026-01-09,MAC-08,Compute,772.52,2
2026-01-09,MAC-08,Storage,502.24,2
2026-01-09,MAC-08,Data Services,812.93,2
2026-01-09,MAC-08,Networking,242.42,2
2026-01-10,MAC-01,Data Services,768.49,2
2026-01-10,MAC-01,Networking,410.9,2
2026-01-10,MAC-01,Storage,567.39,2
2026-01-10,MAC-01,Compute,2361.44,2
2026-01-10,MAC-02,Networking,346.78,2
2026-01-10,MAC-02,Data Services,1741.96,2
2026-01-10,MAC-02,Storage,1212.82,2
2026-01-10,MAC-02,Compute,1799.94,2
2026-01-10,MAC-03,Compute,1122.17,2
2026-01-10,MAC-03,Data Services,518.13,2
2026-01-10,MAC-03,Networking,234.49,2
2026-01-10,MAC-03,Storage,386.84,2
2026-01-10,MAC-04,Networking,334.7,2
2026-01-10,MAC-04,Data Services,762.75,2
2026-01-10,MAC-04,Compute,1474.83,2
2026-01-10,MAC-04,Storage,507.54,2
2026-01-10,MAC-05,Storage,529.33,2
2026-01-10,MAC-05,Networking,450.7,2
2026-01-10,MAC-05,Compute,1032.62,2
2026-01-10,MAC-05,Data Services,647.03,2
2026-01-10,MAC-06,Storage,790.56,2
2026-01-10,MAC-06,Compute,2753.98,2
2026-01-10,MAC-06,Networking,779.94,2
2026-01-10,MAC-06,Data Services,827.52,2
2026-01-10,MAC-07,Storage,1029.75,2
2026-01-10,MAC-07,Data Services,1449.2,2
2026-01-10,MAC-07,Compute,2561.48,2
2026-01-10,MAC-07,Networking,406.15,2
2026-01-10,MAC-08,Storage,447.47,2
2026-01-10,MAC-08,Data Services,872.7,2
2026-01-10,MAC-08,Compute,785.18,2
2026-01-10,MAC-08,Networking,227.32,2
2026-01-11,MAC-01,Storage,527.83,2
2026-01-11,MAC-01,Networking,468.66,2
2026-01-11,MAC-01,Compute,2249.6,2
2026-01-11,MAC-01,Data Services,856.23,2
2026-01-11,MAC-02,Storage,1109.38,2
2026-01-11,MAC-02,Compute,1713.89,2
2026-01-11,MAC-02,Data Services,1817.4,2
2026-01-11,MAC-02,Networking,343.42,2
2026-01-11,MAC-03,Storage,351.42,2
2026-01-11,MAC-03,Compute,1128.55,2
2026-01-11,MAC-03,Data Services,513.84,2
2026-01-11,MAC-03,Networking,230.88,2
2026-01-11,MAC-04,Data Services,841.64,2
2026-01-11,MAC-04,Storage,587.48,2
2026-01-11,MAC-04,Networking,326.09,2
2026-01-11,MAC-04,Compute,1513.19,2
2026-01-11,MAC-05,Compute,971.75,2
2026-01-11,MAC-05,Networking,475.26,2
2026-01-11,MAC-05,Data Services,675.34,2
2026-01-11,MAC-05,Storage,433.3,2
2026-01-11,MAC-06,Networking,675.07,2
2026-01-11,MAC-06,Compute,2840.94,2
2026-01-11,MAC-06,Data Services,838.39,2
2026-01-11,MAC-06,Storage,794.33,2
2026-01-11,MAC-07,Compute,2318.46,2
2026-01-11,MAC-07,Networking,397.72,2
2026-01-11,MAC-07,Data Services,1514.78,2
2026-01-11,MAC-07,Storage,981.1,2
2026-01-11,MAC-08,Data Services,842.24,2
2026-01-11,MAC-08,Storage,485.24,2
2026-01-11,MAC-08,Compute,739.99,2
2026-01-11,MAC-08,Networking,253.33,2
2026-01-12,MAC-01,Storage,634.94,2
2026-01-12,MAC-01,Data Services,862.94,2
2026-01-12,MAC-01,Compute,2555.71,2
2026-01-12,MAC-01,Networking,478.01,2
2026-01-12,MAC-02,Storage,1208.97,2
2026-01-12,MAC-02,Data Services,1791.51,2
2026-01-12,MAC-02,Networking,316.16,2
2026-01-12,MAC-02,Compute,1974.87,2
2026-01-12,MAC-03,Networking,207.47,2
2026-01-12,MAC-03,Data Services,550.53,2
2026-01-12,MAC-03,Compute,1048.52,2
2026-01-12,MAC-03,Storage,323.93,2
2026-01-12,MAC-04,Data Services,802.17,2
2026-01-12,MAC-04,Networking,342.12,2
2026-01-12,MAC-04,Compute,1327.73,2
2026-01-12,MAC-04,Storage,556.68,2
2026-01-12,MAC-05,Storage,526.89,2
2026-01-12,MAC-05,Compute,957.67,2
2026-01-12,MAC-05,Networking,480.92,2
2026-01-12,MAC-05,Data Services,685.34,2
2026-01-12,MAC-06,Networking,659.7,2
2026-01-12,MAC-06,Storage,763.23,2
2026-01-12,MAC-06,Compute,2701.71,2
2026-01-12,MAC-06,Data Services,783.22,2
2026-01-12,MAC-07,Storage,932.96,2
2026-01-12,MAC-07,Compute,2382.07,2
2026-01-12,MAC-07,Data Services,1514.59,2
2026-01-12,MAC-07,Networking,362.89,2
2026-01-12,MAC-08,Compute,732.43,2
2026-01-12,MAC-08,Networking,221.7,2
2026-01-12,MAC-08,Storage,477.53,2
2026-01-12,MAC-08,Data Services,785.21,2
2026-01-13,MAC-01,Data Services,892.61,2
2026-01-13,MAC-01,Storage,627.39,2
2026-01-13,MAC-01,Compute,2356.22,2
2026-01-13,MAC-01,Networking,483.97,2
2026-01-13,MAC-02,Data Services,1649.57,2
2026-01-13,MAC-02,Networking,358.32,2
2026-01-13,MAC-02,Compute,1728.96,2
2026-01-13,MAC-02,Storage,1213.6,2
2026-01-13,MAC-03,Compute,1003.86,2
2026-01-13,MAC-03,Data Services,516.52,2
2026-01-13,MAC-03,Networking,246.55,2
2026-01-13,MAC-03,Storage,350.02,2
2026-01-13,MAC-04,Compute,1298.32,2
2026-01-13,MAC-04,Data Services,741.1,2
2026-01-13,MAC-04,Storage,532.43,2
2026-01-13,MAC-04,Networking,345.78,2
2026-01-13,MAC-05,Networking,461.76,2
2026-01-13,MAC-05,Data Services,736.41,2
2026-01-13,MAC-05,Compute,1065.28,2
2026-01-13,MAC-05,Storage,509.4,2
2026-01-13,MAC-06,Storage,836.83,2
2026-01-13,MAC-06,Compute,2743.66,2
2026-01-13,MAC-06,Networking,659.77,2
2026-01-13,MAC-06,Data Services,887.8,2
2026-01-13,MAC-07,Storage,971.94,2
2026-01-13,MAC-07,Compute,2539.18,2
2026-01-13,MAC-07,Networking,368.99,2
2026-01-13,MAC-07,Data Services,1315.12,2
2026-01-13,MAC-08,Networking,232.08,2
2026-01-13,MAC-08,Compute,719.31,2
2026-01-13,MAC-08,Data Services,838.51,2
2026-01-13,MAC-08,Storage,466.04,2
2026-01-14,MAC-01,Storage,521.77,2
2026-01-14,MAC-01,Compute,2455.23,2
2026-01-14,MAC-01,Networking,458.08,2
2026-01-14,MAC-01,Data Services,822.57,2
2026-01-14,MAC-02,Compute,1959.14,2
2026-01-14,MAC-02,Data Services,1925.07,2
2026-01-14,MAC-02,Networking,383.69,2
2026-01-14,MAC-02,Storage,1206.72,2
2026-01-14,MAC-03,Storage,324.96,2
2026-01-14,MAC-03,Data Services,481.09,2
2026-01-14,MAC-03,Compute,1058.7,2
2026-01-14,MAC-03,Networking,214.93,2
2026-01-14,MAC-04,Compute,1410.92,2
2026-01-14,MAC-04,Networking,346.17,2
2026-01-14,MAC-04,Data Services,740.56,2
2026-01-14,MAC-04,Storage,548.01,2
2026-01-14,MAC-05,Networking,468.61,2
2026-01-14,MAC-05,Compute,1080.13,2
2026-01-14,MAC-05,Data Services,649.59,2
2026-01-14,MAC-05,Storage,420.41,2
2026-01-14,MAC-06,Compute,2675.68,2
2026-01-14,MAC-06,Storage,732.7,2
2026-01-14,MAC-06,Data Services,843.53,2
2026-01-14,MAC-06,Networking,663.07,2
2026-01-14,MAC-07,Data Services,1304.09,2
2026-01-14,MAC-07,Networking,401.44,2
2026-01-14,MAC-07,Compute,2235.8,2
2026-01-14,MAC-07,Storage,1069.08,2
2026-01-14,MAC-08,Networking,237.78,2
2026-01-14,MAC-08,Storage,490.2,2
2026-01-14,MAC-08,Data Services,830.52,2
2026-01-14,MAC-08,Compute,766.5,2
2026-01-15,MAC-01,Networking,482.39,2
2026-01-15,MAC-01,Data Services,775.19,2
2026-01-15,MAC-01,Storage,553.71,2
2026-01-15,MAC-01,Compute,2171.15,2
2026-01-15,MAC-02,Storage,1023.91,2
2026-01-15,MAC-02,Networking,347.49,2
2026-01-15,MAC-02,Data Services,1764.51,2
2026-01-15,MAC-02,Compute,1702.09,2
2026-01-15,MAC-03,Networking,238.39,2
2026-01-15,MAC-03,Compute,1043.12,2
2026-01-15,MAC-03,Storage,374.39,2
2026-01-15,MAC-03,Data Services,550.07,2
2026-01-15,MAC-04,Compute,1404.18,2
2026-01-15,MAC-04,Data Services,710.9,2
2026-01-15,MAC-04,Networking,295.56,2
2026-01-15,MAC-04,Storage,557.6,2
2026-01-15,MAC-05,Storage,503.3,2
2026-01-15,MAC-05,Networking,418.04,2
2026-01-15,MAC-05,Compute,1047.52,2
2026-01-15,MAC-05,Data Services,676.2,2
2026-01-15,MAC-06,Networking,643.04,2
2026-01-15,MAC-06,Data Services,841.0,2
2026-01-15,MAC-06,Storage,816.74,2
2026-01-15,MAC-06,Compute,2912.26,2
2026-01-15,MAC-07,Compute,2576.84,2
2026-01-15,MAC-07,Networking,351.38,2
2026-01-15,MAC-07,Storage,1069.75,2
2026-01-15,MAC-07,Data Services,1338.23,2
2026-01-15,MAC-08,Data Services,835.04,2
2026-01-15,MAC-08,Networking,222.77,2
2026-01-15,MAC-08,Compute,791.52,2
2026-01-15,MAC-08,Storage,502.07,2
2026-01-16,MAC-01,Networking,457.95,2
2026-01-16,MAC-01,Data Services,850.29,2
2026-01-16,MAC-01,Storage,568.33,2
2026-01-16,MAC-01,Compute,2670.24,2
2026-01-16,MAC-02,Networking,343.74,2
2026-01-16,MAC-02,Compute,1700.85,2
2026-01-16,MAC-02,Storage,1217.57,2
2026-01-16,MAC-02,Data Services,1753.03,2
2026-01-16,MAC-03,Compute,1088.75,2
2026-01-16,MAC-03,Data Services,575.75,2
2026-01-16,MAC-03,Networking,245.25,2
2026-01-16,MAC-03,Storage,371.13,2
2026-01-16,MAC-04,Storage,486.68,2
2026-01-16,MAC-04,Compute,1369.85,2
2026-01-16,MAC-04,Data Services,696.78,2
2026-01-16,MAC-04,Networking,319.9,2
2026-01-16,MAC-05,Data Services,692.65,2
2026-01-16,MAC-05,Compute,1005.68,2
2026-01-16,MAC-05,Storage,445.65,2
2026-01-16,MAC-05,Networking,493.76,2
2026-01-16,MAC-06,Compute,2865.55,2
2026-01-16,MAC-06,Networking,691.38,2
2026-01-16,MAC-06,Data Services,758.74,2
2026-01-16,MAC-06,Storage,817.52,2
2026-01-16,MAC-07,Compute,2462.85,2
2026-01-16,MAC-07,Networking,382.93,2
2026-01-16,MAC-07,Storage,1005.29,2
2026-01-16,MAC-07,Data Services,1293.73,2
2026-01-16,MAC-08,Compute,813.33,2
2026-01-16,MAC-08,Data Services,840.71,2
2026-01-16,MAC-08,Networking,228.25,2
2026-01-16,MAC-08,Storage,513.39,2
2026-01-17,MAC-01,Compute,2361.63,2
2026-01-17,MAC-01,Storage,631.18,2
2026-01-17,MAC-01,Networking,474.11,2
2026-01-17,MAC-01,Data Services,867.64,2
2026-01-17,MAC-02,Compute,1753.97,2
2026-01-17,MAC-02,Data Services,1864.54,2
2026-01-17,MAC-02,Networking,342.75,2
2026-01-17,MAC-02,Storage,1223.65,2
2026-01-17,MAC-03,Networking,236.99,2
2026-01-17,MAC-03,Compute,1037.83,2
2026-01-17,MAC-03,Storage,380.67,2
2026-01-17,MAC-03,Data Services,558.26,2
2026-01-17,MAC-04,Compute,1246.87,2
2026-01-17,MAC-04,Data Services,796.68,2
2026-01-17,MAC-04,Networking,334.03,2
2026-01-17,MAC-04,Storage,526.65,2
2026-01-17,MAC-05,Data Services,636.72,2
2026-01-17,MAC-05,Networking,517.11,2
2026-01-17,MAC-05,Storage,458.73,2
2026-01-17,MAC-05,Compute,1073.36,2
2026-01-17,MAC-06,Storage,892.3,2
2026-01-17,MAC-06,Networking,756.33,2
2026-01-17,MAC-06,Data Services,756.18,2
2026-01-17,MAC-06,Compute,2760.93,2
2026-01-17,MAC-07,Storage,931.21,2
2026-01-17,MAC-07,Data Services,1304.05,2
2026-01-17,MAC-07,Compute,2438.99,2
2026-01-17,MAC-07,Networking,413.9,2
2026-01-17,MAC-08,Networking,224.88,2
2026-01-17,MAC-08,Data Services,847.05,2
2026-01-17,MAC-08,Storage,570.02,2
2026-01-17,MAC-08,Compute,761.44,2
2026-01-18,MAC-01,Compute,2347.02,2
2026-01-18,MAC-01,Networking,493.84,2
2026-01-18,MAC-01,Storage,547.97,2
2026-01-18,MAC-01,Data Services,868.37,2
2026-01-18,MAC-02,Compute,1574.02,2
2026-01-18,MAC-02,Data Services,2037.7,2
2026-01-18,MAC-02,Networking,318.94,2
2026-01-18,MAC-02,Storage,1233.91,2
2026-01-18,MAC-03,Storage,368.77,2
2026-01-18,MAC-03,Networking,229.83,2
2026-01-18,MAC-03,Compute,1122.61,2
2026-01-18,MAC-03,Data Services,485.27,2
2026-01-18,MAC-04,Compute,1268.86,2
2026-01-18,MAC-04,Networking,275.05,2
2026-01-18,MAC-04,Data Services,846.66,2
2026-01-18,MAC-04,Storage,546.29,2
2026-01-18,MAC-05,Storage,487.16,2
2026-01-18,MAC-05,Data Services,681.55,2
2026-01-18,MAC-05,Compute,1129.84,2
2026-01-18,MAC-05,Networking,465.96,2
2026-01-18,MAC-06,Data Services,943.54,2
2026-01-18,MAC-06,Storage,815.73,2
2026-01-18,MAC-06,Compute,2831.47,2
2026-01-18,MAC-06,Networking,651.33,2
2026-01-18,MAC-07,Data Services,1311.08,2
2026-01-18,MAC-07,Networking,402.65,2
2026-01-18,MAC-07,Compute,2117.84,2
2026-01-18,MAC-07,Storage,1019.71,2
2026-01-18,MAC-08,Compute,840.53,2
2026-01-18,MAC-08,Networking,215.32,2
2026-01-18,MAC-08,Data Services,950.21,2
2026-01-18,MAC-08,Storage,517.36,2
2026-01-19,MAC-01,Compute,2436.97,2
2026-01-19,MAC-01,Data Services,807.66,2
2026-01-19,MAC-01,Networking,445.36,2
2026-01-19,MAC-01,Storage,589.77,2
2026-01-19,MAC-02,Storage,1199.97,2
2026-01-19,MAC-02,Networking,377.36,2
2026-01-19,MAC-02,Compute,1770.74,2
2026-01-19,MAC-02,Data Services,1838.65,2
2026-01-19,MAC-03,Data Services,461.65,2
2026-01-19,MAC-03,Storage,399.93,2
2026-01-19,MAC-03,Compute,1159.52,2
2026-01-19,MAC-03,Networking,243.86,2
2026-01-19,MAC-04,Storage,615.55,2
2026-01-19,MAC-04,Networking,315.35,2
2026-01-19,MAC-04,Data Services,718.56,2
2026-01-19,MAC-04,Compute,1530.69,2
2026-01-19,MAC-05,Storage,544.1,2
2026-01-19,MAC-05,Networking,458.4,2
2026-01-19,MAC-05,Compute,994.65,2
2026-01-19,MAC-05,Data Services,749.03,2
2026-01-19,MAC-06,Storage,739.81,2
2026-01-19,MAC-06,Compute,2569.39,2
2026-01-19,MAC-06,Data Services,818.48,2
2026-01-19,MAC-06,Networking,681.77,2
2026-01-19,MAC-07,Compute,2507.5,2
2026-01-19,MAC-07,Storage,1050.47,2
2026-01-19,MAC-07,Data Services,1429.43,2
2026-01-19,MAC-07,Networking,446.68,2
2026-01-19,MAC-08,Compute,697.99,2
2026-01-19,MAC-08,Networking,241.32,2
2026-01-19,MAC-08,Data Services,892.32,2
2026-01-19,MAC-08,Storage,534.88,2
2026-01-20,MAC-01,Networking,466.88,2
2026-01-20,MAC-01,Data Services,807.4,2
2026-01-20,MAC-01,Storage,581.06,2
2026-01-20,MAC-01,Compute,2291.02,2
2026-01-20,MAC-02,Compute,1968.32,2
2026-01-20,MAC-02,Storage,1137.01,2
2026-01-20,MAC-02,Data Services,1830.63,2
2026-01-20,MAC-02,Networking,336.57,2
2026-01-20,MAC-03,Compute,1105.59,2
2026-01-20,MAC-03,Networking,210.51,2
2026-01-20,MAC-03,Data Services,546.31,2
2026-01-20,MAC-03,Storage,362.16,2
2026-01-20,MAC-04,Data Services,762.68,2
2026-01-20,MAC-04,Networking,313.86,2
2026-01-20,MAC-04,Compute,1260.45,2
2026-01-20,MAC-04,Storage,586.43,2
2026-01-20,MAC-05,Networking,466.42,2
2026-01-20,MAC-05,Data Services,672.28,2
2026-01-20,MAC-05,Compute,996.43,2
2026-01-20,MAC-05,Storage,473.54,2
2026-01-20,MAC-06,Data Services,870.87,2
2026-01-20,MAC-06,Compute,2558.89,2
2026-01-20,MAC-06,Networking,712.37,2
2026-01-20,MAC-06,Storage,804.99,2
2026-01-20,MAC-07,Storage,971.13,2
2026-01-20,MAC-07,Networking,385.09,2
2026-01-20,MAC-07,Data Services,1285.79,2
2026-01-20,MAC-07,Compute,2381.44,2
2026-01-20,MAC-08,Compute,770.04,2
2026-01-20,MAC-08,Networking,235.65,2
2026-01-20,MAC-08,Data Services,835.29,2
2026-01-20,MAC-08,Storage,583.52,2
2026-01-21,MAC-01,Networking,440.2,2
2026-01-21,MAC-01,Data Services,830.49,2
2026-01-21,MAC-01,Storage,539.58,2
2026-01-21,MAC-01,Compute,2203.59,2
2026-01-21,MAC-02,Data Services,1621.95,2
2026-01-21,MAC-02,Compute,1908.43,2
2026-01-21,MAC-02,Storage,1212.21,2
2026-01-21,MAC-02,Networking,353.2,2
2026-01-21,MAC-03,Compute,1244.09,2
2026-01-21,MAC-03,Networking,247.35,2
2026-01-21,MAC-03,Storage,333.84,2
2026-01-21,MAC-03,Data Services,502.31,2
2026-01-21,MAC-04,Storage,573.26,2
2026-01-21,MAC-04,Networking,336.45,2
2026-01-21,MAC-04,Compute,1512.7,2
2026-01-21,MAC-04,Data Services,730.92,2
2026-01-21,MAC-05,Data Services,681.08,2
2026-01-21,MAC-05,Compute,1131.4,2
2026-01-21,MAC-05,Storage,480.41,2
2026-01-21,MAC-05,Networking,436.38,2
2026-01-21,MAC-06,Compute,2957.05,2
2026-01-21,MAC-06,Networking,612.92,2
2026-01-21,MAC-06,Data Services,848.41,2
2026-01-21,MAC-06,Storage,901.29,2
2026-01-21,MAC-07,Compute,2395.7,2
2026-01-21,MAC-07,Networking,347.57,2
2026-01-21,MAC-07,Storage,887.36,2
2026-01-21,MAC-07,Data Services,1269.3,2
2026-01-21,MAC-08,Networking,257.37,2
2026-01-21,MAC-08,Storage,531.95,2
2026-01-21,MAC-08,Data Services,860.08,2
2026-01-21,MAC-08,Compute,728.49,2
2026-01-22,MAC-01,Compute,2599.18,2
2026-01-22,MAC-01,Storage,649.56,2
2026-01-22,MAC-01,Networking,483.47,2
2026-01-22,MAC-01,Data Services,822.87,2
2026-01-22,MAC-02,Compute,1702.73,2
2026-01-22,MAC-02,Data Services,1908.86,2
2026-01-22,MAC-02,Networking,386.25,2
2026-01-22,MAC-02,Storage,1115.45,2
2026-01-22,MAC-03,Networking,225.7,2
2026-01-22,MAC-03,Data Services,518.42,2
2026-01-22,MAC-03,Compute,1126.94,2
2026-01-22,MAC-03,Storage,403.78,2
2026-01-22,MAC-04,Data Services,754.62,2
2026-01-22,MAC-04,Storage,538.11,2
2026-01-22,MAC-04,Networking,314.81,2
2026-01-22,MAC-04,Compute,1371.36,2
2026-01-22,MAC-05,Data Services,635.16,2
2026-01-22,MAC-05,Networking,487.35,2
2026-01-22,MAC-05,Storage,443.25,2
2026-01-22,MAC-05,Compute,1201.21,2
2026-01-22,MAC-06,Compute,2796.26,2
2026-01-22,MAC-06,Data Services,875.93,2
2026-01-22,MAC-06,Networking,649.6,2
2026-01-22,MAC-06,Storage,788.4,2
2026-01-22,MAC-07,Storage,966.71,2
2026-01-22,MAC-07,Networking,408.15,2
2026-01-22,MAC-07,Compute,2647.56,2
2026-01-22,MAC-07,Data Services,1546.91,2
2026-01-22,MAC-08,Compute,703.34,2
2026-01-22,MAC-08,Storage,525.65,2
2026-01-22,MAC-08,Networking,229.18,2
2026-01-22,MAC-08,Data Services,935.52,2
2026-01-23,MAC-01,Networking,482.53,2
2026-01-23,MAC-01,Data Services,775.69,2
2026-01-23,MAC-01,Compute,2195.91,2
2026-01-23,MAC-01,Storage,631.29,2
2026-01-23,MAC-02,Compute,1898.5,2
2026-01-23,MAC-02,Networking,389.65,2
2026-01-23,MAC-02,Data Services,1813.15,2
2026-01-23,MAC-02,Storage,1184.98,2
2026-01-23,MAC-03,Storage,351.49,2
2026-01-23,MAC-03,Networking,224.99,2
2026-01-23,MAC-03,Compute,1103.61,2
2026-01-23,MAC-03,Data Services,529.34,2
2026-01-23,MAC-04,Storage,534.25,2
2026-01-23,MAC-04,Compute,1226.27,2
2026-01-23,MAC-04,Data Services,698.98,2
2026-01-23,MAC-04,Networking,349.95,2
2026-01-23,MAC-05,Data Services,652.86,2
2026-01-23,MAC-05,Storage,486.42,2
2026-01-23,MAC-05,Compute,1083.4,2
2026-01-23,MAC-05,Networking,442.08,2
2026-01-23,MAC-06,Networking,744.68,2
2026-01-23,MAC-06,Storage,780.41,2
2026-01-23,MAC-06,Compute,2820.7,2
2026-01-23,MAC-06,Data Services,736.95,2
2026-01-23,MAC-07,Networking,382.81,2
2026-01-23,MAC-07,Compute,2603.34,2
2026-01-23,MAC-07,Storage,1013.73,2
2026-01-23,MAC-07,Data Services,1442.02,2
2026-01-23,MAC-08,Compute,835.09,2
2026-01-23,MAC-08,Data Services,795.84,2
2026-01-23,MAC-08,Networking,245.72,2
2026-01-23,MAC-08,Storage,489.17,2
2026-01-24,MAC-01,Data Services,805.14,2
2026-01-24,MAC-01,Storage,613.74,2
2026-01-24,MAC-01,Networking,476.34,2
2026-01-24,MAC-01,Compute,2346.89,2
2026-01-24,MAC-02,Storage,1178.39,2
2026-01-24,MAC-02,Compute,1815.84,2
2026-01-24,MAC-02,Data Services,1612.37,2
2026-01-24,MAC-02,Networking,348.03,2
2026-01-24,MAC-03,Storage,339.12,2
2026-01-24,MAC-03,Compute,1289.01,2
2026-01-24,MAC-03,Data Services,457.28,2
2026-01-24,MAC-03,Networking,251.21,2
2026-01-24,MAC-04,Storage,550.97,2
2026-01-24,MAC-04,Networking,304.71,2
2026-01-24,MAC-04,Compute,1532.87,2
2026-01-24,MAC-04,Data Services,723.57,2
2026-01-24,MAC-05,Data Services,651.91,2
2026-01-24,MAC-05,Compute,1145.64,2
2026-01-24,MAC-05,Networking,531.0,2
2026-01-24,MAC-05,Storage,534.61,2
2026-01-24,MAC-06,Data Services,877.77,2
2026-01-24,MAC-06,Networking,606.31,2
2026-01-24,MAC-06,Compute,2438.3,2
2026-01-24,MAC-06,Storage,808.78,2
2026-01-24,MAC-07,Storage,1006.7,2
2026-01-24,MAC-07,Compute,2342.76,2
2026-01-24,MAC-07,Data Services,1495.28,2
2026-01-24,MAC-07,Networking,436.84,2
2026-01-24,MAC-08,Data Services,819.51,2
2026-01-24,MAC-08,Storage,544.14,2
2026-01-24,MAC-08,Compute,782.8,2
2026-01-24,MAC-08,Networking,228.96,2
2026-01-25,MAC-01,Networking,491.33,2
2026-01-25,MAC-01,Data Services,796.96,2
2026-01-25,MAC-01,Storage,660.22,2
2026-01-25,MAC-01,Compute,2383.65,2
2026-01-25,MAC-02,Compute,2006.03,2
2026-01-25,MAC-02,Networking,357.5,2
2026-01-25,MAC-02,Storage,1234.39,2
2026-01-25,MAC-02,Data Services,1827.96,2
2026-01-25,MAC-03,Networking,221.89,2
2026-01-25,MAC-03,Data Services,537.27,2
2026-01-25,MAC-03,Compute,1119.66,2
2026-01-25,MAC-03,Storage,338.33,2
2026-01-25,MAC-04,Storage,605.37,2
2026-01-25,MAC-04,Networking,283.97,2
2026-01-25,MAC-04,Compute,1317.27,2
2026-01-25,MAC-04,Data Services,760.6,2
2026-01-25,MAC-05,Compute,1079.94,2
2026-01-25,MAC-05,Data Services,732.01,2
2026-01-25,MAC-05,Networking,505.26,2
2026-01-25,MAC-05,Storage,506.77,2
2026-01-25,MAC-06,Compute,3170.35,2
2026-01-25,MAC-06,Networking,749.37,2
2026-01-25,MAC-06,Data Services,872.28,2
2026-01-25,MAC-06,Storage,832.09,2
2026-01-25,MAC-07,Compute,2549.08,2
2026-01-25,MAC-07,Storage,964.74,2
2026-01-25,MAC-07,Data Services,1381.53,2
2026-01-25,MAC-07,Networking,382.52,2
2026-01-25,MAC-08,Networking,239.89,2
2026-01-25,MAC-08,Data Services,825.96,2
2026-01-25,MAC-08,Storage,539.83,2
2026-01-25,MAC-08,Compute,763.42,2
2026-01-26,MAC-01,Compute,2457.22,2
2026-01-26,MAC-01,Networking,517.65,2
2026-01-26,MAC-01,Storage,642.6,2
2026-01-26,MAC-01,Data Services,847.33,2
2026-01-26,MAC-02,Storage,1169.01,2
2026-01-26,MAC-02,Networking,362.41,2
2026-01-26,MAC-02,Compute,1923.57,2
2026-01-26,MAC-02,Data Services,1672.56,2
2026-01-26,MAC-03,Compute,1092.67,2
2026-01-26,MAC-03,Networking,245.16,2
2026-01-26,MAC-03,Data Services,553.19,2
2026-01-26,MAC-03,Storage,361.59,2
2026-01-26,MAC-04,Compute,1432.82,2
2026-01-26,MAC-04,Storage,548.22,2
2026-01-26,MAC-04,Data Services,848.86,2
2026-01-26,MAC-04,Networking,297.71,2
2026-01-26,MAC-05,Storage,467.7,2
2026-01-26,MAC-05,Networking,516.01,2
2026-01-26,MAC-05,Compute,1166.27,2
2026-01-26,MAC-05,Data Services,726.77,2
2026-01-26,MAC-06,Data Services,856.35,2
2026-01-26,MAC-06,Networking,642.9,2
2026-01-26,MAC-06,Storage,802.18,2
2026-01-26,MAC-06,Compute,2470.24,2
2026-01-26,MAC-07,Networking,397.35,2
2026-01-26,MAC-07,Data Services,1413.21,2
2026-01-26,MAC-07,Storage,1024.38,2
2026-01-26,MAC-07,Compute,2595.01,2
2026-01-26,MAC-08,Networking,232.37,2
2026-01-26,MAC-08,Data Services,857.9,2
2026-01-26,MAC-08,Compute,796.64,2
2026-01-26,MAC-08,Storage,476.92,2
2026-01-27,MAC-01,Compute,2342.05,2
2026-01-27,MAC-01,Data Services,888.75,2
2026-01-27,MAC-01,Storage,578.44,2
2026-01-27,MAC-01,Networking,420.58,2
2026-01-27,MAC-02,Storage,1119.54,2
2026-01-27,MAC-02,Data Services,1626.76,2
2026-01-27,MAC-02,Compute,1795.87,2
2026-01-27,MAC-02,Networking,357.56,2
2026-01-27,MAC-03,Data Services,534.57,2
2026-01-27,MAC-03,Storage,388.64,2
2026-01-27,MAC-03,Compute,998.87,2
2026-01-27,MAC-03,Networking,247.7,2
2026-01-27,MAC-04,Storage,537.19,2
2026-01-27,MAC-04,Networking,330.45,2
2026-01-27,MAC-04,Data Services,815.39,2
2026-01-27,MAC-04,Compute,1293.56,2
2026-01-27,MAC-05,Storage,511.61,2
2026-01-27,MAC-05,Compute,1167.17,2
2026-01-27,MAC-05,Data Services,701.11,2
2026-01-27,MAC-05,Networking,516.78,2
2026-01-27,MAC-06,Data Services,847.92,2
2026-01-27,MAC-06,Networking,764.57,2
2026-01-27,MAC-06,Compute,2867.34,2
2026-01-27,MAC-06,Storage,886.99,2
2026-01-27,MAC-07,Storage,953.88,2
2026-01-27,MAC-07,Networking,405.63,2
2026-01-27,MAC-07,Data Services,1301.03,2
2026-01-27,MAC-07,Compute,2265.99,2
2026-01-27,MAC-08,Storage,539.71,2
2026-01-27,MAC-08,Compute,757.83,2
2026-01-27,MAC-08,Data Services,863.95,2
2026-01-27,MAC-08,Networking,242.59,2
2026-01-28,MAC-01,Storage,555.38,2
2026-01-28,MAC-01,Compute,2446.07,2
2026-01-28,MAC-01,Data Services,861.4,2
2026-01-28,MAC-01,Networking,465.04,2
2026-01-28,MAC-02,Storage,1207.03,2
2026-01-28,MAC-02,Networking,386.32,2
2026-01-28,MAC-02,Compute,1793.82,2
2026-01-28,MAC-02,Data Services,1680.22,2
2026-01-28,MAC-03,Storage,353.55,2
2026-01-28,MAC-03,Networking,233.43,2
2026-01-28,MAC-03,Data Services,486.49,2
2026-01-28,MAC-03,Compute,1035.9,2
2026-01-28,MAC-04,Networking,348.36,2
2026-01-28,MAC-04,Compute,1370.37,2
2026-01-28,MAC-04,Data Services,882.81,2
2026-01-28,MAC-04,Storage,593.36,2
2026-01-28,MAC-05,Storage,468.55,2
2026-01-28,MAC-05,Data Services,711.22,2
2026-01-28,MAC-05,Compute,1147.46,2
2026-01-28,MAC-05,Networking,449.53,2
2026-01-28,MAC-06,Storage,833.01,2
2026-01-28,MAC-06,Networking,718.41,2
2026-01-28,MAC-06,Data Services,941.5,2
2026-01-28,MAC-06,Compute,2987.6,2
2026-01-28,MAC-07,Compute,2665.35,2
2026-01-28,MAC-07,Data Services,1402.28,2
2026-01-28,MAC-07,Storage,1109.35,2
2026-01-28,MAC-07,Networking,416.39,2
2026-01-28,MAC-08,Data Services,926.68,2
2026-01-28,MAC-08,Storage,467.71,2
2026-01-28,MAC-08,Networking,234.19,2
2026-01-28,MAC-08,Compute,805.77,2
2026-01-29,MAC-01,Storage,632.86,2
2026-01-29,MAC-01,Compute,2644.44,2
2026-01-29,MAC-01,Networking,444.34,2
2026-01-29,MAC-01,Data Services,882.3,2
2026-01-29,MAC-02,Storage,1077.34,2
2026-01-29,MAC-02,Networking,369.63,2
2026-01-29,MAC-02,Data Services,1631.71,2
2026-01-29,MAC-02,Compute,1929.0,2
2026-01-29,MAC-03,Compute,1270.61,2
2026-01-29,MAC-03,Networking,248.74,2
2026-01-29,MAC-03,Storage,387.41,2
2026-01-29,MAC-03,Data Services,488.35,2
2026-01-29,MAC-04,Compute,1259.23,2
2026-01-29,MAC-04,Networking,317.05,2
2026-01-29,MAC-04,Data Services,832.95,2
2026-01-29,MAC-04,Storage,592.45,2
2026-01-29,MAC-05,Storage,494.91,2
2026-01-29,MAC-05,Networking,435.12,2
2026-01-29,MAC-05,Compute,1072.86,2
2026-01-29,MAC-05,Data Services,710.96,2
2026-01-29,MAC-06,Storage,875.11,2
2026-01-29,MAC-06,Data Services,878.23,2
2026-01-29,MAC-06,Compute,3114.16,2
2026-01-29,MAC-06,Networking,720.96,2
2026-01-29,MAC-07,Compute,2566.24,2
2026-01-29,MAC-07,Data Services,1279.79,2
2026-01-29,MAC-07,Networking,437.54,2
2026-01-29,MAC-07,Storage,971.36,2
2026-01-29,MAC-08,Data Services,836.58,2
2026-01-29,MAC-08,Networking,263.08,2
2026-01-29,MAC-08,Compute,752.44,2
2026-01-29,MAC-08,Storage,485.6,2
2026-01-30,MAC-01,Storage,631.26,2
2026-01-30,MAC-01,Data Services,848.24,2
2026-01-30,MAC-01,Compute,2357.71,2
2026-01-30,MAC-01,Networking,456.14,2
2026-01-30,MAC-02,Storage,1172.83,2
2026-01-30,MAC-02,Data Services,1730.74,2
2026-01-30,MAC-02,Compute,1883.56,2
2026-01-30,MAC-02,Networking,327.83,2
2026-01-30,MAC-03,Storage,333.77,2
2026-01-30,MAC-03,Data Services,490.08,2
2026-01-30,MAC-03,Compute,1172.25,2
2026-01-30,MAC-03,Networking,264.04,2
2026-01-30,MAC-04,Networking,322.77,2
2026-01-30,MAC-04,Data Services,703.68,2
2026-01-30,MAC-04,Storage,548.26,2
2026-01-30,MAC-04,Compute,1476.65,2
2026-01-30,MAC-05,Networking,503.46,2
2026-01-30,MAC-05,Data Services,617.51,2
2026-01-30,MAC-05,Storage,490.63,2
2026-01-30,MAC-05,Compute,1170.26,2
2026-01-30,MAC-06,Storage,813.67,2
2026-01-30,MAC-06,Networking,735.59,2
2026-01-30,MAC-06,Compute,2908.09,2
2026-01-30,MAC-06,Data Services,803.69,2
2026-01-30,MAC-07,Storage,1104.1,2
2026-01-30,MAC-07,Data Services,1485.84,2
2026-01-30,MAC-07,Compute,2376.01,2
2026-01-30,MAC-07,Networking,448.42,2
2026-01-30,MAC-08,Networking,226.69,2
2026-01-30,MAC-08,Data Services,891.5,2
2026-01-30,MAC-08,Storage,559.47,2
2026-01-30,MAC-08,Compute,749.78,2
2026-01-31,MAC-01,Storage,612.94,2
2026-01-31,MAC-01,Compute,2431.11,2
2026-01-31,MAC-01,Data Services,826.33,2
2026-01-31,MAC-01,Networking,457.63,2
2026-01-31,MAC-02,Data Services,1713.34,2
2026-01-31,MAC-02,Networking,355.51,2
2026-01-31,MAC-02,Compute,1634.88,2
2026-01-31,MAC-02,Storage,1275.18,2
2026-01-31,MAC-03,Compute,1103.84,2
2026-01-31,MAC-03,Networking,242.44,2
2026-01-31,MAC-03,Data Services,520.16,2
2026-01-31,MAC-03,Storage,386.87,2
2026-01-31,MAC-04,Compute,1402.95,2
2026-01-31,MAC-04,Data Services,846.9,2
2026-01-31,MAC-04,Networking,355.79,2
2026-01-31,MAC-04,Storage,538.83,2
2026-01-31,MAC-05,Data Services,685.53,2
2026-01-31,MAC-05,Networking,424.32,2
2026-01-31,MAC-05,Compute,1031.04,2
2026-01-31,MAC-05,Storage,534.51,2
2026-01-31,MAC-06,Storage,868.34,2
2026-01-31,MAC-06,Data Services,851.22,2
2026-01-31,MAC-06,Networking,769.03,2
2026-01-31,MAC-06,Compute,2793.95,2
2026-01-31,MAC-07,Networking,441.69,2
2026-01-31,MAC-07,Compute,2582.8,2
2026-01-31,MAC-07,Storage,1051.89,2
2026-01-31,MAC-07,Data Services,1351.59,2
2026-01-31,MAC-08,Storage,595.86,2
2026-01-31,MAC-08,Data Services,801.96,2
2026-01-31,MAC-08,Compute,848.43,2
2026-01-31,MAC-08,Networking,257.54,2
2026-02-01,MAC-01,Compute,2479.61,2
2026-02-01,MAC-01,Storage,617.1,2
2026-02-01,MAC-01,Data Services,847.1,2
2026-02-01,MAC-01,Networking,474.08,2
2026-02-01,MAC-02,Storage,1313.27,2
2026-02-01,MAC-02,Data Services,1768.43,2
2026-02-01,MAC-02,Compute,1989.78,2
2026-02-01,MAC-02,Networking,329.97,2
2026-02-01,MAC-03,Networking,241.84,2
2026-02-01,MAC-03,Compute,1133.94,2
2026-02-01,MAC-03,Storage,354.45,2
2026-02-01,MAC-03,Data Services,548.95,2
2026-02-01,MAC-04,Compute,1401.51,2
2026-02-01,MAC-04,Data Services,724.19,2
2026-02-01,MAC-04,Networking,342.4,2
2026-02-01,MAC-04,Storage,561.47,2
2026-02-01,MAC-05,Compute,1057.96,2
2026-02-01,MAC-05,Networking,485.6,2
2026-02-01,MAC-05,Storage,493.15,2
2026-02-01,MAC-05,Data Services,691.39,2
2026-02-01,MAC-06,Storage,815.08,2
2026-02-01,MAC-06,Networking,669.84,2
2026-02-01,MAC-06,Data Services,926.9,2
2026-02-01,MAC-06,Compute,3171.49,2
2026-02-01,MAC-07,Data Services,1472.07,2
2026-02-01,MAC-07,Networking,402.4,2
2026-02-01,MAC-07,Compute,2560.67,2
2026-02-01,MAC-07,Storage,941.16,2
2026-02-01,MAC-08,Storage,471.63,2
2026-02-01,MAC-08,Networking,277.83,2
2026-02-01,MAC-08,Data Services,894.46,2
2026-02-01,MAC-08,Compute,755.85,2
2026-02-02,MAC-01,Compute,2466.37,2
2026-02-02,MAC-01,Data Services,922.15,2
2026-02-02,MAC-01,Networking,438.07,2
2026-02-02,MAC-01,Storage,613.99,2
2026-02-02,MAC-02,Networking,327.7,2
2026-02-02,MAC-02,Storage,1337.84,2
2026-02-02,MAC-02,Data Services,1799.08,2
2026-02-02,MAC-02,Compute,1849.35,2
2026-02-02,MAC-03,Data Services,591.85,2
2026-02-02,MAC-03,Networking,248.74,2
2026-02-02,MAC-03,Compute,1307.66,2
2026-02-02,MAC-03,Storage,382.93,2
2026-02-02,MAC-04,Networking,332.64,2
2026-02-02,MAC-04,Data Services,722.52,2
2026-02-02,MAC-04,Compute,1437.68,2
2026-02-02,MAC-04,Storage,561.5,2
2026-02-02,MAC-05,Storage,451.98,2
2026-02-02,MAC-05,Networking,453.19,2
2026-02-02,MAC-05,Data Services,714.76,2
2026-02-02,MAC-05,Compute,1146.1,2
2026-02-02,MAC-06,Storage,894.25,2
2026-02-02,MAC-06,Networking,758.74,2
2026-02-02,MAC-06,Compute,3033.11,2
2026-02-02,MAC-06,Data Services,913.92,2
2026-02-02,MAC-07,Networking,353.44,2
2026-02-02,MAC-07,Data Services,1495.96,2
2026-02-02,MAC-07,Compute,2430.83,2
2026-02-02,MAC-07,Storage,1111.7,2
2026-02-02,MAC-08,Data Services,884.71,2
2026-02-02,MAC-08,Storage,480.73,2
2026-02-02,MAC-08,Networking,242.13,2
2026-02-02,MAC-08,Compute,797.16,2
2026-02-03,MAC-01,Compute,2296.18,2
2026-02-03,MAC-01,Networking,473.19,2
2026-02-03,MAC-01,Data Services,823.91,2
2026-02-03,MAC-01,Storage,624.97,2
2026-02-03,MAC-02,Networking,334.31,2
2026-02-03,MAC-02,Compute,2126.49,2
2026-02-03,MAC-02,Data Services,1790.78,2
2026-02-03,MAC-02,Storage,1311.87,2
2026-02-03,MAC-03,Compute,1268.15,2
2026-02-03,MAC-03,Storage,371.51,2
2026-02-03,MAC-03,Data Services,566.43,2
2026-02-03,MAC-03,Networking,218.88,2
2026-02-03,MAC-04,Storage,553.33,2
2026-02-03,MAC-04,Compute,1378.51,2
2026-02-03,MAC-04,Data Services,781.37,2
2026-02-03,MAC-04,Networking,351.93,2
2026-02-03,MAC-05,Storage,494.11,2
2026-02-03,MAC-05,Networking,487.55,2
2026-02-03,MAC-05,Data Services,649.99,2
2026-02-03,MAC-05,Compute,1079.54,2
2026-02-03,MAC-06,Data Services,915.0,2
2026-02-03,MAC-06,Compute,2654.45,2
2026-02-03,MAC-06,Networking,719.06,2
2026-02-03,MAC-06,Storage,895.03,2
2026-02-03,MAC-07,Storage,1058.47,2
2026-02-03,MAC-07,Networking,373.91,2
2026-02-03,MAC-07,Compute,2674.56,2
2026-02-03,MAC-07,Data Services,1484.43,2
2026-02-03,MAC-08,Data Services,806.09,2
2026-02-03,MAC-08,Networking,242.93,2
2026-02-03,MAC-08,Compute,829.33,2
2026-02-03,MAC-08,Storage,532.13,2
2026-02-04,MAC-01,Data Services,803.13,2
2026-02-04,MAC-01,Storage,626.07,2
2026-02-04,MAC-01,Networking,517.48,2
2026-02-04,MAC-01,Compute,2479.34,2
2026-02-04,MAC-02,Storage,1256.71,2
2026-02-04,MAC-02,Data Services,2018.64,2
2026-02-04,MAC-02,Networking,365.0,2
2026-02-04,MAC-02,Compute,1928.56,2
2026-02-04,MAC-03,Networking,238.09,2
2026-02-04,MAC-03,Storage,393.34,2
2026-02-04,MAC-03,Data Services,466.74,2
2026-02-04,MAC-03,Compute,1147.17,2
2026-02-04,MAC-04,Storage,570.87,2
2026-02-04,MAC-04,Networking,344.05,2
2026-02-04,MAC-04,Data Services,776.89,2
2026-02-04,MAC-04,Compute,1637.84,2
2026-02-04,MAC-05,Data Services,649.8,2
2026-02-04,MAC-05,Compute,1228.67,2
2026-02-04,MAC-05,Storage,485.86,2
2026-02-04,MAC-05,Networking,489.63,2
2026-02-04,MAC-06,Data Services,831.35,2
2026-02-04,MAC-06,Networking,731.48,2
2026-02-04,MAC-06,Compute,3063.07,2
2026-02-04,MAC-06,Storage,841.56,2
2026-02-04,MAC-07,Storage,1105.15,2
2026-02-04,MAC-07,Networking,382.12,2
2026-02-04,MAC-07,Data Services,1282.74,2
2026-02-04,MAC-07,Compute,2311.21,2
2026-02-04,MAC-08,Compute,762.09,2
2026-02-04,MAC-08,Data Services,936.48,2
2026-02-04,MAC-08,Networking,215.46,2
2026-02-04,MAC-08,Storage,482.06,2
2026-02-05,MAC-01,Networking,450.7,2
2026-02-05,MAC-01,Compute,2559.91,2
2026-02-05,MAC-01,Data Services,878.86,2
2026-02-05,MAC-01,Storage,613.24,2
2026-02-05,MAC-02,Data Services,1811.99,2
2026-02-05,MAC-02,Networking,354.35,2
2026-02-05,MAC-02,Compute,1787.82,2
2026-02-05,MAC-02,Storage,1116.14,2
2026-02-05,MAC-03,Compute,1028.98,2
2026-02-05,MAC-03,Data Services,535.09,2
2026-02-05,MAC-03,Networking,219.76,2
2026-02-05,MAC-03,Storage,370.65,2
2026-02-05,MAC-04,Networking,327.78,2
2026-02-05,MAC-04,Data Services,795.66,2
2026-02-05,MAC-04,Storage,527.0,2
2026-02-05,MAC-04,Compute,1482.48,2
2026-02-05,MAC-05,Storage,467.28,2
2026-02-05,MAC-05,Data Services,666.22,2
2026-02-05,MAC-05,Compute,1060.03,2
2026-02-05,MAC-05,Networking,493.03,2
2026-02-05,MAC-06,Compute,2830.57,2
2026-02-05,MAC-06,Networking,783.47,2
2026-02-05,MAC-06,Storage,834.08,2
2026-02-05,MAC-06,Data Services,889.3,2
2026-02-05,MAC-07,Storage,1050.96,2
2026-02-05,MAC-07,Data Services,1376.34,2
2026-02-05,MAC-07,Compute,2603.53,2
2026-02-05,MAC-07,Networking,371.35,2
2026-02-05,MAC-08,Compute,816.59,2
2026-02-05,MAC-08,Data Services,868.79,2
2026-02-05,MAC-08,Networking,258.18,2
2026-02-05,MAC-08,Storage,564.68,2
2026-02-06,MAC-01,Storage,626.53,2
2026-02-06,MAC-01,Compute,2394.94,2
2026-02-06,MAC-01,Data Services,758.81,2
2026-02-06,MAC-01,Networking,514.15,2
2026-02-06,MAC-02,Data Services,1822.77,2
2026-02-06,MAC-02,Networking,354.95,2
2026-02-06,MAC-02,Compute,1886.07,2
2026-02-06,MAC-02,Storage,1246.53,2
2026-02-06,MAC-03,Compute,1260.48,2
2026-02-06,MAC-03,Networking,252.72,2
2026-02-06,MAC-03,Data Services,544.69,2
2026-02-06,MAC-03,Storage,368.13,2
2026-02-06,MAC-04,Networking,331.84,2
2026-02-06,MAC-04,Data Services,884.85,2
2026-02-06,MAC-04,Compute,1457.01,2
2026-02-06,MAC-04,Storage,606.78,2
2026-02-06,MAC-05,Storage,545.95,2
2026-02-06,MAC-05,Compute,1123.59,2
2026-02-06,MAC-05,Data Services,683.28,2
2026-02-06,MAC-05,Networking,444.05,2
2026-02-06,MAC-06,Storage,793.36,2
2026-02-06,MAC-06,Data Services,904.75,2
2026-02-06,MAC-06,Networking,768.54,2
2026-02-06,MAC-06,Compute,2977.24,2
2026-02-06,MAC-07,Networking,396.22,2
2026-02-06,MAC-07,Data Services,1331.63,2
2026-02-06,MAC-07,Compute,2734.26,2
2026-02-06,MAC-07,Storage,941.54,2
2026-02-06,MAC-08,Networking,256.74,2
2026-02-06,MAC-08,Storage,526.23,2
2026-02-06,MAC-08,Compute,858.05,2
2026-02-06,MAC-08,Data Services,907.75,2
2026-02-07,MAC-01,Compute,2541.16,2
2026-02-07,MAC-01,Networking,487.46,2
2026-02-07,MAC-01,Storage,591.42,2
2026-02-07,MAC-01,Data Services,920.07,2
2026-02-07,MAC-02,Storage,1225.79,2
2026-02-07,MAC-02,Data Services,1892.88,2
2026-02-07,MAC-02,Networking,332.15,2
2026-02-07,MAC-02,Compute,1800.05,2
2026-02-07,MAC-03,Storage,371.94,2
2026-02-07,MAC-03,Networking,242.14,2
2026-02-07,MAC-03,Compute,1108.0,2
2026-02-07,MAC-03,Data Services,571.27,2
2026-02-07,MAC-04,Storage,558.13,2
2026-02-07,MAC-04,Networking,343.4,2
2026-02-07,MAC-04,Data Services,848.82,2
2026-02-07,MAC-04,Compute,1387.24,2
2026-02-07,MAC-05,Compute,990.86,2
2026-02-07,MAC-05,Networking,437.93,2
2026-02-07,MAC-05,Data Services,695.96,2
2026-02-07,MAC-05,Storage,504.01,2
2026-02-07,MAC-06,Networking,722.24,2
2026-02-07,MAC-06,Compute,3291.34,2
2026-02-07,MAC-06,Data Services,873.32,2
2026-02-07,MAC-06,Storage,779.22,2
2026-02-07,MAC-07,Networking,363.89,2
2026-02-07,MAC-07,Compute,2367.98,2
2026-02-07,MAC-07,Storage,1009.43,2
2026-02-07,MAC-07,Data Services,1476.95,2
2026-02-07,MAC-08,Data Services,804.6,2
2026-02-07,MAC-08,Storage,536.15,2
2026-02-07,MAC-08,Networking,253.1,2
2026-02-07,MAC-08,Compute,775.59,2
2026-02-08,MAC-01,Data Services,928.44,2
2026-02-08,MAC-01,Networking,526.43,2
2026-02-08,MAC-01,Compute,2194.73,2
2026-02-08,MAC-01,Storage,645.25,2
2026-02-08,MAC-02,Compute,1917.3,2
2026-02-08,MAC-02,Data Services,1756.35,2
2026-02-08,MAC-02,Storage,1187.66,2
2026-02-08,MAC-02,Networking,378.94,2
2026-02-08,MAC-03,Networking,237.08,2
2026-02-08,MAC-03,Compute,1143.78,2
2026-02-08,MAC-03,Data Services,493.32,2
2026-02-08,MAC-03,Storage,375.59,2
2026-02-08,MAC-04,Storage,520.83,2
2026-02-08,MAC-04,Networking,307.84,2
2026-02-08,MAC-04,Data Services,844.6,2
2026-02-08,MAC-04,Compute,1418.75,2
2026-02-08,MAC-05,Networking,486.0,2
2026-02-08,MAC-05,Data Services,734.71,2
2026-02-08,MAC-05,Compute,1103.94,2
2026-02-08,MAC-05,Storage,512.51,2
2026-02-08,MAC-06,Networking,718.89,2
2026-02-08,MAC-06,Data Services,928.02,2
2026-02-08,MAC-06,Compute,2723.26,2
2026-02-08,MAC-06,Storage,861.82,2
2026-02-08,MAC-07,Data Services,1532.5,2
2026-02-08,MAC-07,Networking,386.04,2
2026-02-08,MAC-07,Compute,2770.13,2
2026-02-08,MAC-07,Storage,1072.67,2
2026-02-08,MAC-08,Compute,841.66,2
2026-02-08,MAC-08,Networking,273.21,2
2026-02-08,MAC-08,Storage,512.65,2
2026-02-08,MAC-08,Data Services,947.76,2
2026-02-09,MAC-01,Storage,615.66,2
2026-02-09,MAC-01,Data Services,840.53,2
2026-02-09,MAC-01,Compute,2474.62,2
2026-02-09,MAC-01,Networking,467.4,2
2026-02-09,MAC-02,Storage,1126.15,2
2026-02-09,MAC-02,Networking,351.41,2
2026-02-09,MAC-02,Data Services,2012.01,2
2026-02-09,MAC-02,Compute,1910.9,2
2026-02-09,MAC-03,Compute,1257.9,2
2026-02-09,MAC-03,Data Services,536.15,2
2026-02-09,MAC-03,Networking,244.77,2
2026-02-09,MAC-03,Storage,334.52,2
2026-02-09,MAC-04,Storage,516.37,2
2026-02-09,MAC-04,Networking,286.01,2
2026-02-09,MAC-04,Compute,1307.69,2
2026-02-09,MAC-04,Data Services,784.37,2
2026-02-09,MAC-05,Data Services,705.62,2
2026-02-09,MAC-05,Storage,496.25,2
2026-02-09,MAC-05,Compute,1008.25,2
2026-02-09,MAC-05,Networking,466.64,2
2026-02-09,MAC-06,Storage,815.36,2
2026-02-09,MAC-06,Compute,2818.73,2
2026-02-09,MAC-06,Data Services,938.29,2
2026-02-09,MAC-06,Networking,759.02,2
2026-02-09,MAC-07,Data Services,1415.74,2
2026-02-09,MAC-07,Networking,391.56,2
2026-02-09,MAC-07,Storage,983.32,2
2026-02-09,MAC-07,Compute,2625.27,2
2026-02-09,MAC-08,Storage,500.95,2
2026-02-09,MAC-08,Compute,776.86,2
2026-02-09,MAC-08,Data Services,965.42,2
2026-02-09,MAC-08,Networking,238.35,2
2026-02-10,MAC-01,Storage,559.09,2
2026-02-10,MAC-01,Networking,490.47,2
2026-02-10,MAC-01,Data Services,795.52,2
2026-02-10,MAC-01,Compute,2423.37,2
2026-02-10,MAC-02,Storage,1228.67,2
2026-02-10,MAC-02,Networking,391.82,2
2026-02-10,MAC-02,Data Services,1876.69,2
2026-02-10,MAC-02,Compute,1805.17,2
2026-02-10,MAC-03,Storage,392.74,2
2026-02-10,MAC-03,Data Services,554.68,2
2026-02-10,MAC-03,Compute,1222.89,2
2026-02-10,MAC-03,Networking,231.49,2
2026-02-10,MAC-04,Compute,1549.99,2
2026-02-10,MAC-04,Data Services,902.25,2
2026-02-10,MAC-04,Networking,295.5,2
2026-02-10,MAC-04,Storage,576.13,2
2026-02-10,MAC-05,Compute,1070.56,2
2026-02-10,MAC-05,Data Services,744.56,2
2026-02-10,MAC-05,Networking,516.52,2
2026-02-10,MAC-05,Storage,535.25,2
2026-02-10,MAC-06,Storage,807.97,2
2026-02-10,MAC-06,Networking,655.1,2
2026-02-10,MAC-06,Data Services,876.32,2
2026-02-10,MAC-06,Compute,3004.1,2
2026-02-10,MAC-07,Storage,1020.53,2
2026-02-10,MAC-07,Networking,422.17,2
2026-02-10,MAC-07,Data Services,1456.35,2
2026-02-10,MAC-07,Compute,2709.18,2
2026-02-10,MAC-08,Networking,253.02,2
2026-02-10,MAC-08,Data Services,855.94,2
2026-02-10,MAC-08,Compute,774.41,2
2026-02-10,MAC-08,Storage,568.99,2
2026-02-11,MAC-01,Compute,2259.57,2
2026-02-11,MAC-01,Data Services,811.0,2
2026-02-11,MAC-01,Storage,590.51,2
2026-02-11,MAC-01,Networking,512.24,2
2026-02-11,MAC-02,Data Services,1905.39,2
2026-02-11,MAC-02,Networking,403.4,2
2026-02-11,MAC-02,Compute,1881.57,2
2026-02-11,MAC-02,Storage,1191.1,2
2026-02-11,MAC-03,Networking,259.21,2
2026-02-11,MAC-03,Data Services,503.82,2
2026-02-11,MAC-03,Compute,1036.65,2
2026-02-11,MAC-03,Storage,385.04,2
2026-02-11,MAC-04,Networking,315.11,2
2026-02-11,MAC-04,Data Services,717.84,2
2026-02-11,MAC-04,Storage,559.61,2
2026-02-11,MAC-04,Compute,1398.06,2
2026-02-11,MAC-05,Storage,493.51,2
2026-02-11,MAC-05,Networking,504.87,2
2026-02-11,MAC-05,Data Services,666.94,2
2026-02-11,MAC-05,Compute,1128.45,2
2026-02-11,MAC-06,Data Services,919.04,2
2026-02-11,MAC-06,Networking,697.57,2
2026-02-11,MAC-06,Compute,2909.65,2
2026-02-11,MAC-06,Storage,836.41,2
2026-02-11,MAC-07,Compute,2273.54,2
2026-02-11,MAC-07,Networking,363.34,2
2026-02-11,MAC-07,Data Services,1311.95,2
2026-02-11,MAC-07,Storage,1002.41,2
2026-02-11,MAC-08,Networking,222.7,2
2026-02-11,MAC-08,Data Services,942.18,2
2026-02-11,MAC-08,Storage,548.99,2
2026-02-11,MAC-08,Compute,879.38,2
2026-02-12,MAC-01,Data Services,815.62,2
2026-02-12,MAC-01,Compute,2618.95,2
2026-02-12,MAC-01,Networking,461.36,2
2026-02-12,MAC-01,Storage,613.07,2
2026-02-12,MAC-02,Compute,1703.91,2
2026-02-12,MAC-02,Networking,339.8,2
2026-02-12,MAC-02,Storage,1231.7,2
2026-02-12,MAC-02,Data Services,1875.23,2
2026-02-12,MAC-03,Data Services,550.23,2
2026-02-12,MAC-03,Networking,260.39,2
2026-02-12,MAC-03,Compute,1140.51,2
2026-02-12,MAC-03,Storage,341.16,2
2026-02-12,MAC-04,Data Services,737.41,2
2026-02-12,MAC-04,Storage,549.57,2
2026-02-12,MAC-04,Networking,331.09,2
2026-02-12,MAC-04,Compute,1634.24,2
2026-02-12,MAC-05,Compute,1201.96,2
2026-02-12,MAC-05,Data Services,635.89,2
2026-02-12,MAC-05,Networking,543.24,2
2026-02-12,MAC-05,Storage,558.44,2
2026-02-12,MAC-06,Networking,741.6,2
2026-02-12,MAC-06,Storage,761.24,2
2026-02-12,MAC-06,Data Services,921.25,2
2026-02-12,MAC-06,Compute,2816.96,2
2026-02-12,MAC-07,Networking,397.79,2
2026-02-12,MAC-07,Data Services,1345.3,2
2026-02-12,MAC-07,Compute,2353.48,2
2026-02-12,MAC-07,Storage,976.94,2
2026-02-12,MAC-08,Networking,237.22,2
2026-02-12,MAC-08,Compute,815.43,2
2026-02-12,MAC-08,Data Services,943.93,2
2026-02-12,MAC-08,Storage,515.86,2
2026-02-13,MAC-01,Storage,650.91,2
2026-02-13,MAC-01,Data Services,822.84,2
2026-02-13,MAC-01,Compute,2596.32,2
2026-02-13,MAC-01,Networking,469.65,2
2026-02-13,MAC-02,Storage,1206.05,2
2026-02-13,MAC-02,Networking,357.58,2
2026-02-13,MAC-02,Compute,1836.24,2
2026-02-13,MAC-02,Data Services,1886.57,2
2026-02-13,MAC-03,Networking,269.67,2
2026-02-13,MAC-03,Storage,360.74,2
2026-02-13,MAC-03,Data Services,502.67,2
2026-02-13,MAC-03,Compute,1259.75,2
2026-02-13,MAC-04,Networking,324.41,2
2026-02-13,MAC-04,Compute,1458.68,2
2026-02-13,MAC-04,Storage,574.45,2
2026-02-13,MAC-04,Data Services,823.92,2
2026-02-13,MAC-05,Networking,446.67,2
2026-02-13,MAC-05,Data Services,747.57,2
2026-02-13,MAC-05,Compute,1098.4,2
2026-02-13,MAC-05,Storage,550.05,2
2026-02-13,MAC-06,Networking,737.42,2
2026-02-13,MAC-06,Storage,887.86,2
2026-02-13,MAC-06,Data Services,823.35,2
2026-02-13,MAC-06,Compute,3117.7,2
2026-02-13,MAC-07,Data Services,1414.31,2
2026-02-13,MAC-07,Networking,413.78,2
2026-02-13,MAC-07,Storage,954.14,2
2026-02-13,MAC-07,Compute,2883.71,2
2026-02-13,MAC-08,Storage,485.22,2
2026-02-13,MAC-08,Networking,239.08,2
2026-02-13,MAC-08,Compute,745.27,2
2026-02-13,MAC-08,Data Services,855.26,2
2026-02-14,MAC-01,Networking,519.71,2
2026-02-14,MAC-01,Data Services,815.53,2
2026-02-14,MAC-01,Compute,2337.06,2
2026-02-14,MAC-01,Storage,607.56,2
2026-02-14,MAC-02,Data Services,1777.19,2
2026-02-14,MAC-02,Compute,1883.05,2
2026-02-14,MAC-02,Networking,376.73,2
2026-02-14,MAC-02,Storage,1075.15,2
2026-02-14,MAC-03,Storage,357.5,2
2026-02-14,MAC-03,Data Services,557.89,2
2026-02-14,MAC-03,Compute,1198.95,2
2026-02-14,MAC-03,Networking,242.94,2
2026-02-14,MAC-04,Storage,629.51,2
2026-02-14,MAC-04,Networking,346.61,2
2026-02-14,MAC-04,Compute,1591.7,2
2026-02-14,MAC-04,Data Services,813.79,2
2026-02-14,MAC-05,Compute,1232.71,2
2026-02-14,MAC-05,Networking,458.99,2
2026-02-14,MAC-05,Storage,496.88,2
2026-02-14,MAC-05,Data Services,690.96,2
2026-02-14,MAC-06,Data Services,871.93,2
2026-02-14,MAC-06,Compute,3116.0,2
2026-02-14,MAC-06,Networking,751.42,2
2026-02-14,MAC-06,Storage,894.91,2
2026-02-14,MAC-07,Compute,2691.42,2
2026-02-14,MAC-07,Data Services,1288.31,2
2026-02-14,MAC-07,Networking,376.23,2
2026-02-14,MAC-07,Storage,912.33,2
2026-02-14,MAC-08,Data Services,930.16,2
2026-02-14,MAC-08,Networking,240.53,2
2026-02-14,MAC-08,Compute,797.62,2
2026-02-14,MAC-08,Storage,482.06,2
2026-02-15,MAC-01,Networking,491.82,2
2026-02-15,MAC-01,Compute,2420.57,2
2026-02-15,MAC-01,Storage,654.1,2
2026-02-15,MAC-01,Data Services,932.09,2
2026-02-15,MAC-02,Storage,1300.27,2
2026-02-15,MAC-02,Compute,1986.96,2
2026-02-15,MAC-02,Data Services,1737.5,2
2026-02-15,MAC-02,Networking,336.61,2
2026-02-15,MAC-03,Storage,372.0,2
2026-02-15,MAC-03,Data Services,543.27,2
2026-02-15,MAC-03,Compute,1209.01,2
2026-02-15,MAC-03,Networking,239.82,2
2026-02-15,MAC-04,Compute,1520.36,2
2026-02-15,MAC-04,Networking,305.87,2
2026-02-15,MAC-04,Storage,542.48,2
2026-02-15,MAC-04,Data Services,838.79,2
2026-02-15,MAC-05,Data Services,743.73,2
2026-02-15,MAC-05,Compute,1205.45,2
2026-02-15,MAC-05,Storage,502.29,2
2026-02-15,MAC-05,Networking,477.42,2
2026-02-15,MAC-06,Storage,832.04,2
2026-02-15,MAC-06,Networking,781.03,2
2026-02-15,MAC-06,Data Services,867.67,2
2026-02-15,MAC-06,Compute,2569.85,2
2026-02-15,MAC-07,Networking,406.98,2
2026-02-15,MAC-07,Compute,2631.48,2
2026-02-15,MAC-07,Data Services,1394.37,2
2026-02-15,MAC-07,Storage,1065.95,2
2026-02-15,MAC-08,Data Services,941.4,2
2026-02-15,MAC-08,Networking,249.36,2
2026-02-15,MAC-08,Compute,885.11,2
2026-02-15,MAC-08,Storage,509.73,2
2026-02-16,MAC-01,Data Services,732.66,2
2026-02-16,MAC-01,Networking,534.44,2
2026-02-16,MAC-01,Compute,2451.7,2
2026-02-16,MAC-01,Storage,640.32,2
2026-02-16,MAC-02,Data Services,1966.94,2
2026-02-16,MAC-02,Networking,364.33,2
2026-02-16,MAC-02,Compute,1982.67,2
2026-02-16,MAC-02,Storage,1231.7,2
2026-02-16,MAC-03,Data Services,513.5,2
2026-02-16,MAC-03,Networking,217.12,2
2026-02-16,MAC-03,Compute,1116.03,2
2026-02-16,MAC-03,Storage,363.83,2
2026-02-16,MAC-04,Compute,1448.13,2
2026-02-16,MAC-04,Data Services,810.15,2
2026-02-16,MAC-04,Networking,357.25,2
2026-02-16,MAC-04,Storage,596.12,2
2026-02-16,MAC-05,Data Services,695.49,2
2026-02-16,MAC-05,Networking,529.43,2
2026-02-16,MAC-05,Compute,1095.8,2
2026-02-16,MAC-05,Storage,526.28,2
2026-02-16,MAC-06,Compute,2782.33,2
2026-02-16,MAC-06,Networking,743.9,2
2026-02-16,MAC-06,Data Services,889.07,2
2026-02-16,MAC-06,Storage,935.04,2
2026-02-16,MAC-07,Storage,1102.84,2
2026-02-16,MAC-07,Compute,2873.29,2
2026-02-16,MAC-07,Data Services,1500.03,2
2026-02-16,MAC-07,Networking,465.63,2
2026-02-16,MAC-08,Compute,806.74,2
2026-02-16,MAC-08,Networking,248.86,2
2026-02-16,MAC-08,Storage,605.35,2
2026-02-16,MAC-08,Data Services,961.82,2
2026-02-17,MAC-01,Storage,669.62,2
2026-02-17,MAC-01,Compute,2615.63,2
2026-02-17,MAC-01,Networking,524.29,2
2026-02-17,MAC-01,Data Services,799.65,2
2026-02-17,MAC-02,Storage,1296.63,2
2026-02-17,MAC-02,Compute,1808.72,2
2026-02-17,MAC-02,Data Services,2097.29,2
2026-02-17,MAC-02,Networking,393.08,2
2026-02-17,MAC-03,Storage,381.76,2
2026-02-17,MAC-03,Networking,217.87,2
2026-02-17,MAC-03,Compute,1119.15,2
2026-02-17,MAC-03,Data Services,585.51,2
2026-02-17,MAC-04,Compute,1642.71,2
2026-02-17,MAC-04,Data Services,804.8,2
2026-02-17,MAC-04,Networking,343.33,2
2026-02-17,MAC-04,Storage,647.8,2
2026-02-17,MAC-05,Networking,549.65,2
2026-02-17,MAC-05,Data Services,713.34,2
2026-02-17,MAC-05,Storage,537.57,2
2026-02-17,MAC-05,Compute,1081.62,2
2026-02-17,MAC-06,Storage,783.62,2
2026-02-17,MAC-06,Compute,2902.7,2
2026-02-17,MAC-06,Data Services,968.34,2
2026-02-17,MAC-06,Networking,829.18,2
2026-02-17,MAC-07,Compute,2396.69,2
2026-02-17,MAC-07,Data Services,1489.65,2
2026-02-17,MAC-07,Storage,1057.36,2
2026-02-17,MAC-07,Networking,467.35,2
2026-02-17,MAC-08,Storage,520.94,2
2026-02-17,MAC-08,Data Services,909.55,2
2026-02-17,MAC-08,Networking,257.17,2
2026-02-17,MAC-08,Compute,773.51,2
2026-02-18,MAC-01,Storage,650.04,2
2026-02-18,MAC-01,Data Services,904.85,2
2026-02-18,MAC-01,Compute,2440.26,2
2026-02-18,MAC-01,Networking,466.01,2
2026-02-18,MAC-02,Storage,1217.28,2
2026-02-18,MAC-02,Data Services,1888.95,2
2026-02-18,MAC-02,Compute,2008.14,2
2026-02-18,MAC-02,Networking,350.92,2
2026-02-18,MAC-03,Compute,1147.64,2
2026-02-18,MAC-03,Data Services,529.34,2
2026-02-18,MAC-03,Networking,211.18,2
2026-02-18,MAC-03,Storage,400.37,2
2026-02-18,MAC-04,Storage,603.24,2
2026-02-18,MAC-04,Compute,1487.12,2
2026-02-18,MAC-04,Data Services,809.1,2
2026-02-18,MAC-04,Networking,358.62,2
2026-02-18,MAC-05,Compute,1119.28,2
2026-02-18,MAC-05,Data Services,732.3,2
2026-02-18,MAC-05,Networking,506.25,2
2026-02-18,MAC-05,Storage,484.58,2
2026-02-18,MAC-06,Storage,848.12,2
2026-02-18,MAC-06,Networking,648.97,2
2026-02-18,MAC-06,Data Services,918.34,2
2026-02-18,MAC-06,Compute,3263.12,2
2026-02-18,MAC-07,Compute,2577.47,2
2026-02-18,MAC-07,Networking,387.75,2
2026-02-18,MAC-07,Storage,938.51,2
2026-02-18,MAC-07,Data Services,1495.71,2
2026-02-18,MAC-08,Compute,771.67,2
2026-02-18,MAC-08,Networking,248.43,2
2026-02-18,MAC-08,Data Services,944.9,2
2026-02-18,MAC-08,Storage,547.63,2
2026-02-19,MAC-01,Storage,572.39,2
2026-02-19,MAC-01,Data Services,902.87,2
2026-02-19,MAC-01,Compute,2697.89,2
2026-02-19,MAC-01,Networking,504.36,2
2026-02-19,MAC-02,Compute,1881.09,2
2026-02-19,MAC-02,Networking,373.57,2
2026-02-19,MAC-02,Data Services,1964.64,2
2026-02-19,MAC-02,Storage,1386.43,2
2026-02-19,MAC-03,Compute,1126.93,2
2026-02-19,MAC-03,Networking,236.27,2
2026-02-19,MAC-03,Data Services,536.99,2
2026-02-19,MAC-03,Storage,383.17,2
2026-02-19,MAC-04,Data Services,839.91,2
2026-02-19,MAC-04,Networking,341.35,2
2026-02-19,MAC-04,Compute,1499.2,2
2026-02-19,MAC-04,Storage,549.08,2
2026-02-19,MAC-05,Compute,1212.61,2
2026-02-19,MAC-05,Networking,471.01,2
2026-02-19,MAC-05,Data Services,759.51,2
2026-02-19,MAC-05,Storage,540.25,2
2026-02-19,MAC-06,Storage,802.49,2
2026-02-19,MAC-06,Networking,712.78,2
2026-02-19,MAC-06,Compute,2672.99,2
2026-02-19,MAC-06,Data Services,880.31,2
2026-02-19,MAC-07,Data Services,1528.98,2
2026-02-19,MAC-07,Compute,2981.63,2
2026-02-19,MAC-07,Networking,407.92,2
2026-02-19,MAC-07,Storage,1055.42,2
2026-02-19,MAC-08,Storage,488.04,2
2026-02-19,MAC-08,Compute,860.97,2
2026-02-19,MAC-08,Data Services,972.04,2
2026-02-19,MAC-08,Networking,226.86,2
2026-02-20,MAC-01,Storage,590.22,2
2026-02-20,MAC-01,Compute,2371.22,2
2026-02-20,MAC-01,Data Services,831.33,2
2026-02-20,MAC-01,Networking,492.43,2
2026-02-20,MAC-02,Compute,1890.93,2
2026-02-20,MAC-02,Data Services,1979.5,2
2026-02-20,MAC-02,Networking,409.13,2
2026-02-20,MAC-02,Storage,1124.67,2
2026-02-20,MAC-03,Compute,1326.11,2
2026-02-20,MAC-03,Networking,231.16,2
2026-02-20,MAC-03,Storage,379.44,2
2026-02-20,MAC-03,Data Services,531.59,2
2026-02-20,MAC-04,Data Services,890.06,2
2026-02-20,MAC-04,Compute,1419.77,2
2026-02-20,MAC-04,Networking,361.96,2
2026-02-20,MAC-04,Storage,576.9,2
2026-02-20,MAC-05,Networking,539.29,2
2026-02-20,MAC-05,Compute,1185.38,2
2026-02-20,MAC-05,Storage,481.94,2
2026-02-20,MAC-05,Data Services,740.39,2
2026-02-20,MAC-06,Compute,3198.72,2
2026-02-20,MAC-06,Data Services,861.79,2
2026-02-20,MAC-06,Networking,702.49,2
2026-02-20,MAC-06,Storage,783.56,2
2026-02-20,MAC-07,Compute,2784.99,2
2026-02-20,MAC-07,Networking,431.54,2
2026-02-20,MAC-07,Storage,1135.17,2
2026-02-20,MAC-07,Data Services,1482.44,2
2026-02-20,MAC-08,Networking,250.83,2
2026-02-20,MAC-08,Compute,872.02,2
2026-02-20,MAC-08,Data Services,925.33,2
2026-02-20,MAC-08,Storage,614.34,2
2026-02-21,MAC-01,Storage,616.09,2
2026-02-21,MAC-01,Compute,2697.7,2
2026-02-21,MAC-01,Data Services,795.99,2
2026-02-21,MAC-01,Networking,494.04,2
2026-02-21,MAC-02,Storage,1283.78,2
2026-02-21,MAC-02,Networking,413.9,2
2026-02-21,MAC-02,Data Services,1946.93,2
2026-02-21,MAC-02,Compute,1887.41,2
2026-02-21,MAC-03,Compute,1276.55,2
2026-02-21,MAC-03,Networking,240.83,2
2026-02-21,MAC-03,Data Services,559.06,2
2026-02-21,MAC-03,Storage,391.75,2
2026-02-21,MAC-04,Storage,626.06,2
2026-02-21,MAC-04,Data Services,853.71,2
2026-02-21,MAC-04,Compute,1353.7,2
2026-02-21,MAC-04,Networking,332.09,2
2026-02-21,MAC-05,Storage,525.47,2
2026-02-21,MAC-05,Networking,511.38,2
2026-02-21,MAC-05,Compute,1213.66,2
2026-02-21,MAC-05,Data Services,685.26,2
2026-02-21,MAC-06,Storage,850.85,2
2026-02-21,MAC-06,Networking,752.76,2
2026-02-21,MAC-06,Data Services,931.11,2
2026-02-21,MAC-06,Compute,2935.34,2
2026-02-21,MAC-07,Compute,2850.41,2
2026-02-21,MAC-07,Storage,1010.3,2
2026-02-21,MAC-07,Networking,471.36,2
2026-02-21,MAC-07,Data Services,1294.65,2
2026-02-21,MAC-08,Compute,865.08,2
2026-02-21,MAC-08,Data Services,951.12,2
2026-02-21,MAC-08,Storage,564.06,2
2026-02-21,MAC-08,Networking,272.11,2
2026-02-22,MAC-01,Networking,495.4,2
2026-02-22,MAC-01,Data Services,901.6,2
2026-02-22,MAC-01,Compute,2712.86,2
2026-02-22,MAC-01,Storage,624.05,2
2026-02-22,MAC-02,Storage,1152.79,2
2026-02-22,MAC-02,Data Services,2142.39,2
2026-02-22,MAC-02,Compute,2207.16,2
2026-02-22,MAC-02,Networking,355.06,2
2026-02-22,MAC-03,Storage,362.73,2
2026-02-22,MAC-03,Networking,238.69,2
2026-02-22,MAC-03,Data Services,489.37,2
2026-02-22,MAC-03,Compute,1294.93,2
2026-02-22,MAC-04,Networking,319.35,2
2026-02-22,MAC-04,Data Services,823.26,2
2026-02-22,MAC-04,Storage,613.16,2
2026-02-22,MAC-04,Compute,1523.12,2
2026-02-22,MAC-05,Compute,1175.27,2
2026-02-22,MAC-05,Data Services,660.24,2
2026-02-22,MAC-05,Networking,525.1,2
2026-02-22,MAC-05,Storage,561.82,2
2026-02-22,MAC-06,Data Services,953.54,2
2026-02-22,MAC-06,Networking,681.05,2
2026-02-22,MAC-06,Compute,2837.48,2
2026-02-22,MAC-06,Storage,912.7,2
2026-02-22,MAC-07,Data Services,1405.29,2
2026-02-22,MAC-07,Networking,386.04,2
2026-02-22,MAC-07,Compute,2566.16,2
2026-02-22,MAC-07,Storage,1010.45,2
2026-02-22,MAC-08,Compute,823.6,2
2026-02-22,MAC-08,Networking,241.16,2
2026-02-22,MAC-08,Storage,522.32,2
2026-02-22,MAC-08,Data Services,930.25,2
2026-02-23,MAC-01,Networking,512.68,2
2026-02-23,MAC-01,Data Services,941.26,2
2026-02-23,MAC-01,Storage,662.67,2
2026-02-23,MAC-01,Compute,2723.62,2
2026-02-23,MAC-02,Networking,400.84,2
2026-02-23,MAC-02,Storage,1266.91,2
2026-02-23,MAC-02,Data Services,1865.04,2
2026-02-23,MAC-02,Compute,2077.74,2
2026-02-23,MAC-03,Storage,413.45,2
2026-02-23,MAC-03,Data Services,575.7,2
2026-02-23,MAC-03,Compute,1250.45,2
2026-02-23,MAC-03,Networking,224.22,2
2026-02-23,MAC-04,Compute,1532.98,2
2026-02-23,MAC-04,Storage,564.23,2
2026-02-23,MAC-04,Networking,339.33,2
2026-02-23,MAC-04,Data Services,814.06,2
2026-02-23,MAC-05,Compute,1248.7,2
2026-02-23,MAC-05,Data Services,726.95,2
2026-02-23,MAC-05,Networking,476.78,2
2026-02-23,MAC-05,Storage,465.18,2
2026-02-23,MAC-06,Storage,780.62,2
2026-02-23,MAC-06,Networking,758.18,2
2026-02-23,MAC-06,Compute,2681.83,2
2026-02-23,MAC-06,Data Services,921.02,2
2026-02-23,MAC-07,Networking,413.33,2
2026-02-23,MAC-07,Storage,967.27,2
2026-02-23,MAC-07,Data Services,1359.71,2
2026-02-23,MAC-07,Compute,2527.88,2
2026-02-23,MAC-08,Storage,587.63,2
2026-02-23,MAC-08,Networking,267.38,2
2026-02-23,MAC-08,Compute,844.4,2
2026-02-23,MAC-08,Data Services,853.07,2
2026-02-24,MAC-01,Networking,512.12,2
2026-02-24,MAC-01,Compute,2702.26,2
2026-02-24,MAC-01,Storage,705.11,2
2026-02-24,MAC-01,Data Services,792.99,2
2026-02-24,MAC-02,Storage,1128.56,2
2026-02-24,MAC-02,Networking,342.02,2
2026-02-24,MAC-02,Compute,1999.03,2
2026-02-24,MAC-02,Data Services,1826.42,2
2026-02-24,MAC-03,Networking,246.59,2
2026-02-24,MAC-03,Data Services,592.23,2
2026-02-24,MAC-03,Storage,365.92,2
2026-02-24,MAC-03,Compute,1147.01,2
2026-02-24,MAC-04,Storage,592.86,2
2026-02-24,MAC-04,Networking,321.74,2
2026-02-24,MAC-04,Compute,1445.41,2
2026-02-24,MAC-04,Data Services,751.82,2
2026-02-24,MAC-05,Data Services,717.95,2
2026-02-24,MAC-05,Networking,513.69,2
2026-02-24,MAC-05,Compute,1230.75,2
2026-02-24,MAC-05,Storage,584.97,2
2026-02-24,MAC-06,Compute,3224.65,2
2026-02-24,MAC-06,Data Services,925.84,2
2026-02-24,MAC-06,Networking,794.7,2
2026-02-24,MAC-06,Storage,919.88,2
2026-02-24,MAC-07,Compute,2461.49,2
2026-02-24,MAC-07,Networking,439.03,2
2026-02-24,MAC-07,Data Services,1545.71,2
2026-02-24,MAC-07,Storage,1127.27,2
2026-02-24,MAC-08,Storage,523.73,2
2026-02-24,MAC-08,Data Services,960.14,2
2026-02-24,MAC-08,Compute,790.61,2
2026-02-24,MAC-08,Networking,246.88,2
2026-02-25,MAC-01,Compute,2506.65,2
2026-02-25,MAC-01,Data Services,808.99,2
2026-02-25,MAC-01,Networking,502.84,2
2026-02-25,MAC-01,Storage,714.65,2
2026-02-25,MAC-02,Compute,2109.94,2
2026-02-25,MAC-02,Networking,405.95,2
2026-02-25,MAC-02,Storage,1254.26,2
2026-02-25,MAC-02,Data Services,2010.19,2
2026-02-25,MAC-03,Data Services,602.66,2
2026-02-25,MAC-03,Compute,1209.07,2
2026-02-25,MAC-03,Storage,388.36,2
2026-02-25,MAC-03,Networking,248.67,2
2026-02-25,MAC-04,Compute,1673.74,2
2026-02-25,MAC-04,Networking,344.26,2
2026-02-25,MAC-04,Storage,598.36,2
2026-02-25,MAC-04,Data Services,802.34,2
2026-02-25,MAC-05,Networking,524.71,2
2026-02-25,MAC-05,Data Services,799.68,2
2026-02-25,MAC-05,Storage,529.84,2
2026-02-25,MAC-05,Compute,1216.91,2
2026-02-25,MAC-06,Compute,2927.91,2
2026-02-25,MAC-06,Data Services,989.23,2
2026-02-25,MAC-06,Storage,871.24,2
2026-02-25,MAC-06,Networking,719.08,2
2026-02-25,MAC-07,Storage,1027.74,2
2026-02-25,MAC-07,Networking,430.17,2
2026-02-25,MAC-07,Data Services,1501.59,2
2026-02-25,MAC-07,Compute,2550.53,2
2026-02-25,MAC-08,Data Services,899.22,2
2026-02-25,MAC-08,Networking,255.57,2
2026-02-25,MAC-08,Compute,761.61,2
2026-02-25,MAC-08,Storage,520.62,2
2026-02-26,MAC-01,Networking,505.13,2
2026-02-26,MAC-01,Storage,602.16,2
2026-02-26,MAC-01,Compute,2723.94,2
2026-02-26,MAC-01,Data Services,800.27,2
2026-02-26,MAC-02,Data Services,1917.62,2
2026-02-26,MAC-02,Networking,374.88,2
2026-02-26,MAC-02,Compute,1926.69,2
2026-02-26,MAC-02,Storage,1360.68,2
2026-02-26,MAC-03,Data Services,504.82,2
2026-02-26,MAC-03,Networking,246.47,2
2026-02-26,MAC-03,Compute,1183.87,2
2026-02-26,MAC-03,Storage,379.76,2
2026-02-26,MAC-04,Storage,533.77,2
2026-02-26,MAC-04,Data Services,826.47,2
2026-02-26,MAC-04,Compute,1492.27,2
2026-02-26,MAC-04,Networking,313.47,2
2026-02-26,MAC-05,Storage,450.38,2
2026-02-26,MAC-05,Compute,1252.58,2
2026-02-26,MAC-05,Data Services,754.67,2
2026-02-26,MAC-05,Networking,469.63,2
2026-02-26,MAC-06,Compute,2958.35,2
2026-02-26,MAC-06,Networking,739.25,2
2026-02-26,MAC-06,Data Services,1007.75,2
2026-02-26,MAC-06,Storage,902.75,2
2026-02-26,MAC-07,Data Services,1591.86,2
2026-02-26,MAC-07,Networking,387.04,2
2026-02-26,MAC-07,Compute,2713.32,2
2026-02-26,MAC-07,Storage,1065.49,2
2026-02-26,MAC-08,Storage,575.01,2
2026-02-26,MAC-08,Networking,277.45,2
2026-02-26,MAC-08,Compute,900.86,2
2026-02-26,MAC-08,Data Services,821.88,2
2026-02-27,MAC-01,Storage,652.71,2
2026-02-27,MAC-01,Networking,508.44,2
2026-02-27,MAC-01,Data Services,864.85,2
2026-02-27,MAC-01,Compute,2399.12,2
2026-02-27,MAC-02,Compute,1966.67,2
2026-02-27,MAC-02,Data Services,1948.83,2
2026-02-27,MAC-02,Networking,381.17,2
2026-02-27,MAC-02,Storage,1355.07,2
2026-02-27,MAC-03,Storage,364.13,2
2026-02-27,MAC-03,Compute,1204.97,2
2026-02-27,MAC-03,Data Services,576.81,2
2026-02-27,MAC-03,Networking,236.21,2
2026-02-27,MAC-04,Storage,538.97,2
2026-02-27,MAC-04,Networking,386.51,2
2026-02-27,MAC-04,Data Services,886.3,2
2026-02-27,MAC-04,Compute,1463.09,2
2026-02-27,MAC-05,Data Services,810.04,2
2026-02-27,MAC-05,Networking,557.34,2
2026-02-27,MAC-05,Compute,1319.88,2
2026-02-27,MAC-05,Storage,529.25,2
2026-02-27,MAC-06,Storage,828.27,2
2026-02-27,MAC-06,Networking,729.12,2
2026-02-27,MAC-06,Compute,2960.87,2
2026-02-27,MAC-06,Data Services,879.0,2
2026-02-27,MAC-07,Networking,433.36,2
2026-02-27,MAC-07,Data Services,1587.85,2
2026-02-27,MAC-07,Compute,2732.49,2
2026-02-27,MAC-07,Storage,972.04,2
2026-02-27,MAC-08,Storage,545.43,2
2026-02-27,MAC-08,Networking,262.45,2
2026-02-27,MAC-08,Compute,818.29,2
2026-02-27,MAC-08,Data Services,867.04,2
2026-02-28,MAC-01,Storage,609.15,2
2026-02-28,MAC-01,Compute,2703.0,2
2026-02-28,MAC-01,Data Services,942.84,2
2026-02-28,MAC-01,Networking,486.24,2
2026-02-28,MAC-02,Storage,1405.81,2
2026-02-28,MAC-02,Compute,1915.84,2
2026-02-28,MAC-02,Data Services,2053.98,2
2026-02-28,MAC-02,Networking,398.46,2
2026-02-28,MAC-03,Storage,414.52,2
2026-02-28,MAC-03,Data Services,547.17,2
2026-02-28,MAC-03,Networking,278.33,2
2026-02-28,MAC-03,Compute,1302.62,2
2026-02-28,MAC-04,Compute,1496.58,2
2026-02-28,MAC-04,Storage,563.59,2
2026-02-28,MAC-04,Data Services,927.47,2
2026-02-28,MAC-04,Networking,371.41,2
2026-02-28,MAC-05,Networking,498.09,2
2026-02-28,MAC-05,Data Services,705.76,2
2026-02-28,MAC-05,Compute,1151.82,2
2026-02-28,MAC-05,Storage,500.47,2
2026-02-28,MAC-06,Compute,3204.82,2
2026-02-28,MAC-06,Data Services,945.01,2
2026-02-28,MAC-06,Networking,724.0,2
2026-02-28,MAC-06,Storage,794.44,2
2026-02-28,MAC-07,Storage,1099.04,2
2026-02-28,MAC-07,Compute,2695.21,2
2026-02-28,MAC-07,Data Services,1371.14,2
2026-02-28,MAC-07,Networking,466.02,2
2026-02-28,MAC-08,Networking,224.18,2
2026-02-28,MAC-08,Storage,593.46,2
2026-02-28,MAC-08,Data Services,920.91,2
2026-02-28,MAC-08,Compute,888.11,2
2026-03-01,MAC-01,Storage,659.68,2
2026-03-01,MAC-01,Networking,515.52,2
2026-03-01,MAC-01,Data Services,836.88,2
2026-03-01,MAC-01,Compute,2707.14,2
2026-03-01,MAC-02,Storage,1390.0,2
2026-03-01,MAC-02,Data Services,1853.45,2
2026-03-01,MAC-02,Compute,1983.99,2
2026-03-01,MAC-02,Networking,364.06,2
2026-03-01,MAC-03,Data Services,578.67,2
2026-03-01,MAC-03,Networking,262.13,2
2026-03-01,MAC-03,Compute,1243.98,2
2026-03-01,MAC-03,Storage,411.05,2
2026-03-01,MAC-04,Storage,635.35,2
2026-03-01,MAC-04,Compute,1452.41,2
2026-03-01,MAC-04,Data Services,842.87,2
2026-03-01,MAC-04,Networking,359.57,2
2026-03-01,MAC-05,Data Services,742.82,2
2026-03-01,MAC-05,Networking,473.84,2
2026-03-01,MAC-05,Storage,520.03,2
2026-03-01,MAC-05,Compute,1120.56,2
2026-03-01,MAC-06,Storage,874.68,2
2026-03-01,MAC-06,Networking,764.26,2
2026-03-01,MAC-06,Data Services,943.4,2
2026-03-01,MAC-06,Compute,2998.12,2
2026-03-01,MAC-07,Compute,2728.32,2
2026-03-01,MAC-07,Data Services,1400.88,2
2026-03-01,MAC-07,Networking,407.27,2
2026-03-01,MAC-07,Storage,994.96,2
2026-03-01,MAC-08,Storage,610.56,2
2026-03-01,MAC-08,Networking,223.64,2
2026-03-01,MAC-08,Compute,906.78,2
2026-03-01,MAC-08,Data Services,954.73,2
2026-03-02,MAC-01,Data Services,917.74,2
2026-03-02,MAC-01,Networking,537.23,2
2026-03-02,MAC-01,Compute,2765.12,2
2026-03-02,MAC-01,Storage,621.14,2
2026-03-02,MAC-02,Data Services,2012.18,2
2026-03-02,MAC-02,Storage,1180.44,2
2026-03-02,MAC-02,Compute,1961.28,2
2026-03-02,MAC-02,Networking,412.38,2
2026-03-02,MAC-03,Networking,219.59,2
2026-03-02,MAC-03,Storage,395.74,2
2026-03-02,MAC-03,Compute,1128.6,2
2026-03-02,MAC-03,Data Services,637.44,2
2026-03-02,MAC-04,Data Services,929.93,2
2026-03-02,MAC-04,Networking,340.18,2
2026-03-02,MAC-04,Compute,1689.01,2
2026-03-02,MAC-04,Storage,598.56,2
2026-03-02,MAC-05,Storage,533.91,2
2026-03-02,MAC-05,Networking,516.47,2
2026-03-02,MAC-05,Compute,1097.8,2
2026-03-02,MAC-05,Data Services,806.16,2
2026-03-02,MAC-06,Networking,831.46,2
2026-03-02,MAC-06,Data Services,902.54,2
2026-03-02,MAC-06,Storage,913.22,2
2026-03-02,MAC-06,Compute,2801.74,2
2026-03-02,MAC-07,Data Services,1543.28,2
2026-03-02,MAC-07,Networking,382.16,2
2026-03-02,MAC-07,Storage,1016.29,2
2026-03-02,MAC-07,Compute,8543.29,2
2026-03-02,MAC-08,Compute,916.48,2
2026-03-02,MAC-08,Storage,560.42,2
2026-03-02,MAC-08,Networking,281.47,2
2026-03-02,MAC-08,Data Services,960.65,2
2026-03-03,MAC-01,Networking,533.24,2
2026-03-03,MAC-01,Data Services,875.49,2
2026-03-03,MAC-01,Storage,612.68,2
2026-03-03,MAC-01,Compute,2441.34,2
2026-03-03,MAC-02,Storage,1409.84,2
2026-03-03,MAC-02,Networking,369.01,2
2026-03-03,MAC-02,Compute,1787.99,2
2026-03-03,MAC-02,Data Services,1753.7,2
2026-03-03,MAC-03,Storage,356.69,2
2026-03-03,MAC-03,Networking,223.82,2
2026-03-03,MAC-03,Compute,1279.76,2
2026-03-03,MAC-03,Data Services,576.64,2
2026-03-03,MAC-04,Data Services,730.66,2
2026-03-03,MAC-04,Storage,590.65,2
2026-03-03,MAC-04,Compute,1528.93,2
2026-03-03,MAC-04,Networking,336.62,2
2026-03-03,MAC-05,Compute,1278.62,2
2026-03-03,MAC-05,Networking,500.21,2
2026-03-03,MAC-05,Storage,566.04,2
2026-03-03,MAC-05,Data Services,796.33,2
2026-03-03,MAC-06,Storage,841.78,2
2026-03-03,MAC-06,Compute,2773.73,2
2026-03-03,MAC-06,Networking,781.98,2
2026-03-03,MAC-06,Data Services,802.55,2
2026-03-03,MAC-07,Storage,1142.42,2
2026-03-03,MAC-07,Compute,2376.6,2
2026-03-03,MAC-07,Data Services,1411.28,2
2026-03-03,MAC-07,Networking,413.51,2
2026-03-03,MAC-08,Compute,863.92,2
2026-03-03,MAC-08,Networking,232.9,2
2026-03-03,MAC-08,Data Services,844.75,2
2026-03-03,MAC-08,Storage,530.07,2
2026-03-04,MAC-01,Compute,2780.93,2
2026-03-04,MAC-01,Networking,483.96,2
2026-03-04,MAC-01,Data Services,823.68,2
2026-03-04,MAC-01,Storage,643.22,2
2026-03-04,MAC-02,Storage,1205.87,2
2026-03-04,MAC-02,Networking,411.39,2
2026-03-04,MAC-02,Compute,1912.09,2
2026-03-04,MAC-02,Data Services,2183.03,2
2026-03-04,MAC-03,Data Services,599.16,2
2026-03-04,MAC-03,Storage,387.62,2
2026-03-04,MAC-03,Networking,252.61,2
2026-03-04,MAC-03,Compute,1144.19,2
2026-03-04,MAC-04,Networking,374.99,2
2026-03-04,MAC-04,Data Services,795.03,2
2026-03-04,MAC-04,Compute,1697.5,2
2026-03-04,MAC-04,Storage,620.49,2
2026-03-04,MAC-05,Data Services,696.47,2
2026-03-04,MAC-05,Networking,556.55,2
2026-03-04,MAC-05,Compute,1272.54,2
2026-03-04,MAC-05,Storage,585.3,2
2026-03-04,MAC-06,Storage,903.18,2
2026-03-04,MAC-06,Data Services,908.05,2
2026-03-04,MAC-06,Compute,3391.21,2
2026-03-04,MAC-06,Networking,701.36,2
2026-03-04,MAC-07,Storage,1156.61,2
2026-03-04,MAC-07,Data Services,1403.67,2
2026-03-04,MAC-07,Networking,427.37,2
2026-03-04,MAC-07,Compute,2914.97,2
2026-03-04,MAC-08,Compute,792.46,2
2026-03-04,MAC-08,Data Services,896.14,2
2026-03-04,MAC-08,Networking,282.05,2
2026-03-04,MAC-08,Storage,544.42,2
2026-03-05,MAC-01,Storage,656.52,2
2026-03-05,MAC-01,Networking,558.6,2
2026-03-05,MAC-01,Data Services,776.95,2
2026-03-05,MAC-01,Compute,2579.31,2
2026-03-05,MAC-02,Storage,1325.25,2
2026-03-05,MAC-02,Data Services,2187.08,2
2026-03-05,MAC-02,Compute,1946.2,2
2026-03-05,MAC-02,Networking,391.99,2
2026-03-05,MAC-03,Storage,396.9,2
2026-03-05,MAC-03,Networking,241.6,2
2026-03-05,MAC-03,Data Services,518.82,2
2026-03-05,MAC-03,Compute,1086.57,2
2026-03-05,MAC-04,Networking,369.48,2
2026-03-05,MAC-04,Compute,1644.32,2
2026-03-05,MAC-04,Data Services,735.62,2
2026-03-05,MAC-04,Storage,559.43,2
2026-03-05,MAC-05,Data Services,798.15,2
2026-03-05,MAC-05,Networking,492.59,2
2026-03-05,MAC-05,Compute,1217.75,2
2026-03-05,MAC-05,Storage,526.28,2
2026-03-05,MAC-06,Storage,974.94,2
2026-03-05,MAC-06,Networking,776.53,2
2026-03-05,MAC-06,Compute,2971.7,2
2026-03-05,MAC-06,Data Services,955.01,2
2026-03-05,MAC-07,Storage,1149.13,2
2026-03-05,MAC-07,Compute,2846.22,2
2026-03-05,MAC-07,Data Services,1441.82,2
2026-03-05,MAC-07,Networking,409.62,2
2026-03-05,MAC-08,Data Services,1003.18,2
2026-03-05,MAC-08,Compute,800.47,2
2026-03-05,MAC-08,Storage,579.27,2
2026-03-05,MAC-08,Networking,256.56,2
2026-03-06,MAC-01,Storage,694.89,2
2026-03-06,MAC-01,Networking,538.15,2
2026-03-06,MAC-01,Data Services,931.71,2
2026-03-06,MAC-01,Compute,2747.62,2
2026-03-06,MAC-02,Storage,1262.97,2
2026-03-06,MAC-02,Compute,2043.6,2
2026-03-06,MAC-02,Networking,394.52,2
2026-03-06,MAC-02,Data Services,2075.84,2
2026-03-06,MAC-03,Storage,418.33,2
2026-03-06,MAC-03,Data Services,550.17,2
2026-03-06,MAC-03,Compute,1189.34,2
2026-03-06,MAC-03,Networking,237.08,2
2026-03-06,MAC-04,Storage,628.84,2
2026-03-06,MAC-04,Networking,305.1,2
2026-03-06,MAC-04,Compute,1496.25,2
2026-03-06,MAC-04,Data Services,904.68,2
2026-03-06,MAC-05,Storage,498.0,2
2026-03-06,MAC-05,Networking,480.65,2
2026-03-06,MAC-05,Data Services,775.4,2
2026-03-06,MAC-05,Compute,1147.06,2
2026-03-06,MAC-06,Storage,797.93,2
2026-03-06,MAC-06,Compute,2618.49,2
2026-03-06,MAC-06,Networking,844.22,2
2026-03-06,MAC-06,Data Services,1008.99,2
2026-03-06,MAC-07,Networking,439.71,2
2026-03-06,MAC-07,Compute,2881.27,2
2026-03-06,MAC-07,Data Services,1467.17,2
2026-03-06,MAC-07,Storage,1101.04,2
2026-03-06,MAC-08,Storage,573.64,2
2026-03-06,MAC-08,Compute,821.78,2
2026-03-06,MAC-08,Data Services,852.0,2
2026-03-06,MAC-08,Networking,269.38,2
2026-03-07,MAC-01,Storage,656.71,2
2026-03-07,MAC-01,Data Services,885.81,2
2026-03-07,MAC-01,Compute,2371.12,2
2026-03-07,MAC-01,Networking,551.89,2
2026-03-07,MAC-02,Storage,1316.49,2
2026-03-07,MAC-02,Compute,1981.43,2
2026-03-07,MAC-02,Data Services,1907.54,2
2026-03-07,MAC-02,Networking,383.83,2
2026-03-07,MAC-03,Data Services,623.44,2
2026-03-07,MAC-03,Storage,361.56,2
2026-03-07,MAC-03,Compute,1358.8,2
2026-03-07,MAC-03,Networking,235.52,2
2026-03-07,MAC-04,Compute,1435.93,2
2026-03-07,MAC-04,Networking,314.58,2
2026-03-07,MAC-04,Storage,583.3,2
2026-03-07,MAC-04,Data Services,817.3,2
2026-03-07,MAC-05,Data Services,685.59,2
2026-03-07,MAC-05,Networking,524.48,2
2026-03-07,MAC-05,Compute,1315.53,2
2026-03-07,MAC-05,Storage,522.21,2
2026-03-07,MAC-06,Storage,843.19,2
2026-03-07,MAC-06,Data Services,1011.15,2
2026-03-07,MAC-06,Networking,716.97,2
2026-03-07,MAC-06,Compute,3231.16,2
2026-03-07,MAC-07,Storage,980.76,2
2026-03-07,MAC-07,Networking,414.87,2
2026-03-07,MAC-07,Compute,2574.16,2
2026-03-07,MAC-07,Data Services,1537.6,2
2026-03-07,MAC-08,Compute,858.51,2
2026-03-07,MAC-08,Data Services,946.54,2
2026-03-07,MAC-08,Networking,294.37,2
2026-03-07,MAC-08,Storage,529.8,2
2026-03-08,MAC-01,Compute,2312.75,2
2026-03-08,MAC-01,Data Services,1003.72,2
2026-03-08,MAC-01,Networking,511.18,2
2026-03-08,MAC-01,Storage,707.66,2
2026-03-08,MAC-02,Storage,1251.4,2
2026-03-08,MAC-02,Compute,2083.97,2
2026-03-08,MAC-02,Data Services,2076.69,2
2026-03-08,MAC-02,Networking,372.31,2
2026-03-08,MAC-03,Networking,241.75,2
2026-03-08,MAC-03,Data Services,611.57,2
2026-03-08,MAC-03,Compute,1332.43,2
2026-03-08,MAC-03,Storage,394.29,2
2026-03-08,MAC-04,Storage,578.21,2
2026-03-08,MAC-04,Networking,344.63,2
2026-03-08,MAC-04,Compute,1511.59,2
2026-03-08,MAC-04,Data Services,855.98,2
2026-03-08,MAC-05,Compute,1244.44,2
2026-03-08,MAC-05,Storage,522.84,2
2026-03-08,MAC-05,Data Services,661.64,2
2026-03-08,MAC-05,Networking,505.73,2
2026-03-08,MAC-06,Data Services,979.42,2
2026-03-08,MAC-06,Networking,753.18,2
2026-03-08,MAC-06,Compute,3240.43,2
2026-03-08,MAC-06,Storage,970.93,2
2026-03-08,MAC-07,Networking,424.76,2
2026-03-08,MAC-07,Data Services,1421.15,2
2026-03-08,MAC-07,Compute,2567.91,2
2026-03-08,MAC-07,Storage,1060.42,2
2026-03-08,MAC-08,Compute,888.56,2
2026-03-08,MAC-08,Networking,269.61,2
2026-03-08,MAC-08,Data Services,903.78,2
2026-03-08,MAC-08,Storage,576.96,2
2026-03-09,MAC-01,Compute,2334.38,2
2026-03-09,MAC-01,Networking,449.41,2
2026-03-09,MAC-01,Data Services,1005.17,2
2026-03-09,MAC-01,Storage,635.0,2
2026-03-09,MAC-02,Compute,2038.75,2
2026-03-09,MAC-02,Storage,1339.68,2
2026-03-09,MAC-02,Data Services,1842.47,2
2026-03-09,MAC-02,Networking,367.31,2
2026-03-09,MAC-03,Compute,1347.65,2
2026-03-09,MAC-03,Storage,400.5,2
2026-03-09,MAC-03,Data Services,512.82,2
2026-03-09,MAC-03,Networking,248.79,2
2026-03-09,MAC-04,Data Services,945.65,2
2026-03-09,MAC-04,Storage,589.05,2
2026-03-09,MAC-04,Networking,347.75,2
2026-03-09,MAC-04,Compute,1309.07,2
2026-03-09,MAC-05,Storage,576.22,2
2026-03-09,MAC-05,Networking,488.46,2
2026-03-09,MAC-05,Data Services,731.16,2
2026-03-09,MAC-05,Compute,1037.38,2
2026-03-09,MAC-06,Data Services,909.29,2
2026-03-09,MAC-06,Networking,783.21,2
2026-03-09,MAC-06,Compute,2842.6,2
2026-03-09,MAC-06,Storage,845.05,2
2026-03-09,MAC-07,Storage,1093.83,2
2026-03-09,MAC-07,Data Services,1558.39,2
2026-03-09,MAC-07,Compute,2973.85,2
2026-03-09,MAC-07,Networking,456.18,2
2026-03-09,MAC-08,Storage,499.03,2
2026-03-09,MAC-08,Networking,286.72,2
2026-03-09,MAC-08,Compute,858.19,2
2026-03-09,MAC-08,Data Services,1005.46,2
2026-03-10,MAC-01,Storage,709.11,2
2026-03-10,MAC-01,Networking,546.0,2
2026-03-10,MAC-01,Data Services,935.33,2
2026-03-10,MAC-01,Compute,2754.4,2
2026-03-10,MAC-02,Data Services,2041.13,2
2026-03-10,MAC-02,Networking,359.74,2
2026-03-10,MAC-02,Compute,2036.5,2
2026-03-10,MAC-02,Storage,1388.84,2
2026-03-10,MAC-03,Compute,1388.51,2
2026-03-10,MAC-03,Networking,225.77,2
2026-03-10,MAC-03,Data Services,525.31,2
2026-03-10,MAC-03,Storage,423.98,2
2026-03-10,MAC-04,Compute,1469.82,2
2026-03-10,MAC-04,Data Services,767.13,2
2026-03-10,MAC-04,Networking,356.63,2
2026-03-10,MAC-04,Storage,613.59,2
2026-03-10,MAC-05,Data Services,805.87,2
2026-03-10,MAC-05,Networking,481.88,2
2026-03-10,MAC-05,Storage,496.12,2
2026-03-10,MAC-05,Compute,1117.31,2
2026-03-10,MAC-06,Storage,936.43,2
2026-03-10,MAC-06,Compute,3070.66,2
2026-03-10,MAC-06,Data Services,907.58,2
2026-03-10,MAC-06,Networking,794.98,2
2026-03-10,MAC-07,Storage,1118.42,2
2026-03-10,MAC-07,Data Services,1581.42,2
2026-03-10,MAC-07,Compute,2795.5,2
2026-03-10,MAC-07,Networking,400.52,2
2026-03-10,MAC-08,Compute,901.44,2
2026-03-10,MAC-08,Networking,243.02,2
2026-03-10,MAC-08,Data Services,1020.19,2
2026-03-10,MAC-08,Storage,520.31,2
2026-03-11,MAC-01,Storage,618.11,2
2026-03-11,MAC-01,Networking,487.15,2
2026-03-11,MAC-01,Data Services,885.58,2
2026-03-11,MAC-01,Compute,2491.97,2
2026-03-11,MAC-02,Storage,1424.01,2
2026-03-11,MAC-02,Networking,394.0,2
2026-03-11,MAC-02,Data Services,2083.14,2
2026-03-11,MAC-02,Compute,1897.24,2
2026-03-11,MAC-03,Compute,1311.8,2
2026-03-11,MAC-03,Networking,257.98,2
2026-03-11,MAC-03,Data Services,556.37,2
2026-03-11,MAC-03,Storage,414.47,2
2026-03-11,MAC-04,Storage,600.79,2
2026-03-11,MAC-04,Data Services,845.36,2
2026-03-11,MAC-04,Compute,1479.43,2
2026-03-11,MAC-04,Networking,397.39,2
2026-03-11,MAC-05,Data Services,675.12,2
2026-03-11,MAC-05,Compute,1227.23,2
2026-03-11,MAC-05,Storage,560.22,2
2026-03-11,MAC-05,Networking,522.08,2
2026-03-11,MAC-06,Storage,873.0,2
2026-03-11,MAC-06,Compute,2754.73,2
2026-03-11,MAC-06,Data Services,861.16,2
2026-03-11,MAC-06,Networking,741.18,2
2026-03-11,MAC-07,Storage,1113.01,2
2026-03-11,MAC-07,Compute,2807.31,2
2026-03-11,MAC-07,Networking,396.21,2
2026-03-11,MAC-07,Data Services,1565.91,2
2026-03-11,MAC-08,Storage,566.67,2
2026-03-11,MAC-08,Compute,841.18,2
2026-03-11,MAC-08,Data Services,865.52,2
2026-03-11,MAC-08,Networking,265.68,2
2026-03-12,MAC-01,Data Services,940.3,2
2026-03-12,MAC-01,Networking,473.96,2
2026-03-12,MAC-01,Compute,2361.36,2
2026-03-12,MAC-01,Storage,689.28,2
2026-03-12,MAC-02,Data Services,2075.15,2
2026-03-12,MAC-02,Networking,400.03,2
2026-03-12,MAC-02,Compute,1917.94,2
2026-03-12,MAC-02,Storage,1362.54,2
2026-03-12,MAC-03,Networking,250.74,2
2026-03-12,MAC-03,Data Services,536.78,2
2026-03-12,MAC-03,Compute,1178.58,2
2026-03-12,MAC-03,Storage,372.0,2
2026-03-12,MAC-04,Compute,1469.82,2
2026-03-12,MAC-04,Networking,381.14,2
2026-03-12,MAC-04,Storage,572.65,2
2026-03-12,MAC-04,Data Services,848.48,2
2026-03-12,MAC-05,Storage,530.31,2
2026-03-12,MAC-05,Compute,1210.32,2
2026-03-12,MAC-05,Data Services,770.26,2
2026-03-12,MAC-05,Networking,471.22,2
2026-03-12,MAC-06,Storage,972.04,2
2026-03-12,MAC-06,Networking,789.16,2
2026-03-12,MAC-06,Compute,3132.8,2
2026-03-12,MAC-06,Data Services,1017.19,2
2026-03-12,MAC-07,Compute,3004.89,2
2026-03-12,MAC-07,Networking,408.56,2
2026-03-12,MAC-07,Storage,1082.46,2
2026-03-12,MAC-07,Data Services,1496.09,2
2026-03-12,MAC-08,Compute,912.4,2
2026-03-12,MAC-08,Networking,262.84,2
2026-03-12,MAC-08,Storage,531.79,2
2026-03-12,MAC-08,Data Services,1002.01,2
2026-03-13,MAC-01,Storage,660.0,2
2026-03-13,MAC-01,Compute,2556.94,2
2026-03-13,MAC-01,Data Services,815.37,2
2026-03-13,MAC-01,Networking,537.96,2
2026-03-13,MAC-02,Compute,2064.01,2
2026-03-13,MAC-02,Networking,397.89,2
2026-03-13,MAC-02,Storage,1228.41,2
2026-03-13,MAC-02,Data Services,1966.29,2
2026-03-13,MAC-03,Storage,418.51,2
2026-03-13,MAC-03,Data Services,543.73,2
2026-03-13,MAC-03,Compute,1327.94,2
2026-03-13,MAC-03,Networking,247.82,2
2026-03-13,MAC-04,Storage,633.07,2
2026-03-13,MAC-04,Compute,1677.21,2
2026-03-13,MAC-04,Networking,328.27,2
2026-03-13,MAC-04,Data Services,870.68,2
2026-03-13,MAC-05,Data Services,783.26,2
2026-03-13,MAC-05,Networking,511.44,2
2026-03-13,MAC-05,Storage,559.23,2
2026-03-13,MAC-05,Compute,1253.57,2
2026-03-13,MAC-06,Storage,893.35,2
2026-03-13,MAC-06,Networking,740.31,2
2026-03-13,MAC-06,Compute,2780.31,2
2026-03-13,MAC-06,Data Services,889.43,2
2026-03-13,MAC-07,Storage,1117.57,2
2026-03-13,MAC-07,Compute,2964.39,2
2026-03-13,MAC-07,Data Services,1435.46,2
2026-03-13,MAC-07,Networking,392.1,2
2026-03-13,MAC-08,Compute,822.02,2
2026-03-13,MAC-08,Data Services,920.97,2
2026-03-13,MAC-08,Networking,268.21,2
2026-03-13,MAC-08,Storage,588.61,2
2026-03-14,MAC-01,Storage,649.44,2
2026-03-14,MAC-01,Networking,524.06,2
2026-03-14,MAC-01,Compute,2880.52,2
2026-03-14,MAC-01,Data Services,872.9,2
2026-03-14,MAC-02,Data Services,2114.06,2
2026-03-14,MAC-02,Networking,440.54,2
2026-03-14,MAC-02,Compute,1889.84,2
2026-03-14,MAC-02,Storage,1391.13,2
2026-03-14,MAC-03,Storage,402.73,2
2026-03-14,MAC-03,Compute,1265.43,2
2026-03-14,MAC-03,Data Services,623.88,2
2026-03-14,MAC-03,Networking,271.39,2
2026-03-14,MAC-04,Compute,1488.67,2
2026-03-14,MAC-04,Networking,351.75,2
2026-03-14,MAC-04,Data Services,881.48,2
2026-03-14,MAC-04,Storage,602.09,2
2026-03-14,MAC-05,Data Services,730.43,2
2026-03-14,MAC-05,Networking,524.56,2
2026-03-14,MAC-05,Storage,545.02,2
2026-03-14,MAC-05,Compute,1131.83,2
2026-03-14,MAC-06,Networking,836.31,2
2026-03-14,MAC-06,Compute,2910.02,2
2026-03-14,MAC-06,Data Services,924.99,2
2026-03-14,MAC-06,Storage,994.98,2
2026-03-14,MAC-07,Compute,2670.82,2
2026-03-14,MAC-07,Data Services,1483.69,2
2026-03-14,MAC-07,Storage,1007.98,2
2026-03-14,MAC-07,Networking,471.39,2
2026-03-14,MAC-08,Networking,286.19,2
2026-03-14,MAC-08,Data Services,872.67,2
2026-03-14,MAC-08,Compute,780.38,2
2026-03-14,MAC-08,Storage,554.28,2
2026-03-15,MAC-01,Storage,673.74,2
2026-03-15,MAC-01,Compute,2560.01,2
2026-03-15,MAC-01,Data Services,927.1,2
2026-03-15,MAC-01,Networking,527.36,2
2026-03-15,MAC-02,Compute,2235.59,2
2026-03-15,MAC-02,Data Services,1940.85,2
2026-03-15,MAC-02,Networking,382.16,2
2026-03-15,MAC-02,Storage,1349.41,2
2026-03-15,MAC-03,Storage,423.6,2
2026-03-15,MAC-03,Networking,262.12,2
2026-03-15,MAC-03,Data Services,524.91,2
2026-03-15,MAC-03,Compute,1260.97,2
2026-03-15,MAC-04,Compute,1644.16,2
2026-03-15,MAC-04,Data Services,764.89,2
2026-03-15,MAC-04,Networking,336.03,2
2026-03-15,MAC-04,Storage,570.52,2
2026-03-15,MAC-05,Networking,539.82,2
2026-03-15,MAC-05,Data Services,716.98,2
2026-03-15,MAC-05,Compute,1241.36,2
2026-03-15,MAC-05,Storage,550.23,2
2026-03-15,MAC-06,Compute,3252.13,2
2026-03-15,MAC-06,Networking,809.09,2
2026-03-15,MAC-06,Data Services,956.1,2
2026-03-15,MAC-06,Storage,913.3,2
2026-03-15,MAC-07,Storage,1207.87,2
2026-03-15,MAC-07,Networking,461.29,2
2026-03-15,MAC-07,Compute,2816.76,2
2026-03-15,MAC-07,Data Services,1576.34,2
2026-03-15,MAC-08,Data Services,982.92,2
2026-03-15,MAC-08,Networking,281.94,2
2026-03-15,MAC-08,Compute,834.36,2
2026-03-15,MAC-08,Storage,542.64,2
2026-03-16,MAC-01,Compute,2809.87,2
2026-03-16,MAC-01,Data Services,891.63,2
2026-03-16,MAC-01,Networking,529.13,2
2026-03-16,MAC-01,Storage,662.47,2
2026-03-16,MAC-02,Data Services,1960.81,2
2026-03-16,MAC-02,Compute,2033.0,2
2026-03-16,MAC-02,Networking,416.81,2
2026-03-16,MAC-02,Storage,1395.15,2
2026-03-16,MAC-03,Data Services,623.59,2
2026-03-16,MAC-03,Networking,251.39,2
2026-03-16,MAC-03,Compute,1167.87,2
2026-03-16,MAC-03,Storage,350.31,2
2026-03-16,MAC-04,Networking,388.97,2
2026-03-16,MAC-04,Compute,1632.57,2
2026-03-16,MAC-04,Data Services,926.7,2
2026-03-16,MAC-04,Storage,639.11,2
2026-03-16,MAC-05,Compute,1262.59,2
2026-03-16,MAC-05,Data Services,720.32,2
2026-03-16,MAC-05,Networking,475.5,2
2026-03-16,MAC-05,Storage,545.18,2
2026-03-16,MAC-06,Compute,3283.03,2
2026-03-16,MAC-06,Networking,836.83,2
2026-03-16,MAC-06,Data Services,1039.68,2
2026-03-16,MAC-06,Storage,977.36,2
2026-03-16,MAC-07,Storage,1120.8,2
2026-03-16,MAC-07,Networking,431.71,2
2026-03-16,MAC-07,Compute,2952.29,2
2026-03-16,MAC-07,Data Services,1551.23,2
2026-03-16,MAC-08,Networking,263.76,2
2026-03-16,MAC-08,Storage,550.9,2
2026-03-16,MAC-08,Data Services,944.02,2
2026-03-16,MAC-08,Compute,855.35,2
2026-03-17,MAC-01,Compute,2360.26,2
2026-03-17,MAC-01,Networking,494.14,2
2026-03-17,MAC-01,Storage,754.78,2
2026-03-17,MAC-01,Data Services,851.19,2
2026-03-17,MAC-02,Networking,388.63,2
2026-03-17,MAC-02,Data Services,2041.23,2
2026-03-17,MAC-02,Compute,2012.14,2
2026-03-17,MAC-02,Storage,1312.77,2
2026-03-17,MAC-03,Data Services,532.48,2
2026-03-17,MAC-03,Networking,254.0,2
2026-03-17,MAC-03,Compute,1309.73,2
2026-03-17,MAC-03,Storage,421.97,2
2026-03-17,MAC-04,Data Services,865.73,2
2026-03-17,MAC-04,Networking,322.42,2
2026-03-17,MAC-04,Storage,564.82,2
2026-03-17,MAC-04,Compute,1502.42,2
2026-03-17,MAC-05,Networking,472.72,2
2026-03-17,MAC-05,Compute,1062.67,2
2026-03-17,MAC-05,Data Services,825.52,2
2026-03-17,MAC-05,Storage,542.68,2
2026-03-17,MAC-06,Compute,3322.07,2
2026-03-17,MAC-06,Data Services,933.88,2
2026-03-17,MAC-06,Storage,870.36,2
2026-03-17,MAC-06,Networking,756.1,2
2026-03-17,MAC-07,Data Services,1502.34,2
2026-03-17,MAC-07,Storage,1144.15,2
2026-03-17,MAC-07,Compute,3050.97,2
2026-03-17,MAC-07,Networking,462.86,2
2026-03-17,MAC-08,Storage,577.82,2
2026-03-17,MAC-08,Networking,258.31,2
2026-03-17,MAC-08,Data Services,998.52,2
2026-03-17,MAC-08,Compute,925.64,2
2026-03-18,MAC-01,Data Services,872.87,2
2026-03-18,MAC-01,Networking,568.16,2
2026-03-18,MAC-01,Compute,2461.72,2
2026-03-18,MAC-01,Storage,666.52,2
2026-03-18,MAC-02,Storage,1246.68,2
2026-03-18,MAC-02,Data Services,2214.66,2
2026-03-18,MAC-02,Compute,1902.18,2
2026-03-18,MAC-02,Networking,412.99,2
2026-03-18,MAC-03,Compute,1292.35,2
2026-03-18,MAC-03,Networking,262.72,2
2026-03-18,MAC-03,Data Services,608.25,2
2026-03-18,MAC-03,Storage,401.17,2
2026-03-18,MAC-04,Storage,652.2,2
2026-03-18,MAC-04,Data Services,841.16,2
2026-03-18,MAC-04,Networking,369.2,2
2026-03-18,MAC-04,Compute,1620.36,2
2026-03-18,MAC-05,Storage,547.31,2
2026-03-18,MAC-05,Networking,468.76,2
2026-03-18,MAC-05,Data Services,719.06,2
2026-03-18,MAC-05,Compute,1166.07,2
2026-03-18,MAC-06,Storage,915.53,2
2026-03-18,MAC-06,Networking,764.28,2
2026-03-18,MAC-06,Data Services,985.0,2
2026-03-18,MAC-06,Compute,3088.42,2
2026-03-18,MAC-07,Data Services,1745.26,2
2026-03-18,MAC-07,Networking,436.08,2
2026-03-18,MAC-07,Compute,2589.76,2
2026-03-18,MAC-07,Storage,1053.63,2
2026-03-18,MAC-08,Storage,565.53,2
2026-03-18,MAC-08,Networking,267.81,2
2026-03-18,MAC-08,Compute,812.86,2
2026-03-18,MAC-08,Data Services,929.43,2
2026-03-19,MAC-01,Storage,677.53,2
2026-03-19,MAC-01,Compute,2735.61,2
2026-03-19,MAC-01,Data Services,905.63,2
2026-03-19,MAC-01,Networking,508.28,2
2026-03-19,MAC-02,Storage,1433.1,2
2026-03-19,MAC-02,Compute,2017.51,2
2026-03-19,MAC-02,Data Services,2020.62,2
2026-03-19,MAC-02,Networking,384.92,2
2026-03-19,MAC-03,Data Services,601.51,2
2026-03-19,MAC-03,Storage,384.43,2
2026-03-19,MAC-03,Compute,1158.6,2
2026-03-19,MAC-03,Networking,245.3,2
2026-03-19,MAC-04,Storage,644.36,2
2026-03-19,MAC-04,Networking,356.45,2
2026-03-19,MAC-04,Compute,1603.31,2
2026-03-19,MAC-04,Data Services,840.02,2
2026-03-19,MAC-05,Storage,534.0,2
2026-03-19,MAC-05,Networking,529.81,2
2026-03-19,MAC-05,Data Services,708.27,2
2026-03-19,MAC-05,Compute,1285.02,2
2026-03-19,MAC-06,Compute,3534.32,2
2026-03-19,MAC-06,Data Services,868.32,2
2026-03-19,MAC-06,Networking,702.0,2
2026-03-19,MAC-06,Storage,954.52,2
2026-03-19,MAC-07,Compute,2902.48,2
2026-03-19,MAC-07,Networking,401.15,2
2026-03-19,MAC-07,Data Services,1502.08,2
2026-03-19,MAC-07,Storage,1153.31,2
2026-03-19,MAC-08,Storage,635.56,2
2026-03-19,MAC-08,Data Services,949.77,2
2026-03-19,MAC-08,Compute,804.68,2
2026-03-19,MAC-08,Networking,279.01,2
2026-03-20,MAC-01,Storage,603.09,2
2026-03-20,MAC-01,Networking,571.64,2
2026-03-20,MAC-01,Compute,2717.14,2
2026-03-20,MAC-01,Data Services,940.04,2
2026-03-20,MAC-02,Data Services,2035.21,2
2026-03-20,MAC-02,Networking,369.88,2
2026-03-20,MAC-02,Compute,1914.97,2
2026-03-20,MAC-02,Storage,1345.89,2
2026-03-20,MAC-03,Networking,264.54,2
2026-03-20,MAC-03,Compute,1088.03,2
2026-03-20,MAC-03,Storage,436.75,2
2026-03-20,MAC-03,Data Services,569.31,2
2026-03-20,MAC-04,Compute,1767.06,2
2026-03-20,MAC-04,Data Services,870.68,2
2026-03-20,MAC-04,Networking,376.56,2
2026-03-20,MAC-04,Storage,624.54,2
2026-03-20,MAC-05,Compute,1217.6,2
2026-03-20,MAC-05,Networking,506.85,2
2026-03-20,MAC-05,Data Services,679.45,2
2026-03-20,MAC-05,Storage,511.17,2
2026-03-20,MAC-06,Networking,741.79,2
2026-03-20,MAC-06,Compute,3044.81,2
2026-03-20,MAC-06,Storage,956.69,2
2026-03-20,MAC-06,Data Services,925.35,2
2026-03-20,MAC-07,Networking,473.75,2
2026-03-20,MAC-07,Storage,1035.33,2
2026-03-20,MAC-07,Compute,2589.08,2
2026-03-20,MAC-07,Data Services,1604.92,2
2026-03-20,MAC-08,Compute,869.11,2
2026-03-20,MAC-08,Data Services,929.17,2
2026-03-20,MAC-08,Storage,537.12,2
2026-03-20,MAC-08,Networking,238.3,2
2026-03-21,MAC-01,Networking,532.06,2
2026-03-21,MAC-01,Storage,644.21,2
2026-03-21,MAC-01,Compute,2487.79,2
2026-03-21,MAC-01,Data Services,955.53,2
2026-03-21,MAC-02,Networking,387.24,2
2026-03-21,MAC-02,Data Services,2072.4,2
2026-03-21,MAC-02,Storage,1317.1,2
2026-03-21,MAC-02,Compute,1940.82,2
2026-03-21,MAC-03,Compute,1354.13,2
2026-03-21,MAC-03,Data Services,516.21,2
2026-03-21,MAC-03,Networking,249.83,2
2026-03-21,MAC-03,Storage,449.2,2
2026-03-21,MAC-04,Storage,605.45,2
2026-03-21,MAC-04,Data Services,884.38,2
2026-03-21,MAC-04,Compute,1382.96,2
2026-03-21,MAC-04,Networking,336.43,2
2026-03-21,MAC-05,Networking,519.07,2
2026-03-21,MAC-05,Compute,1151.36,2
2026-03-21,MAC-05,Storage,525.73,2
2026-03-21,MAC-05,Data Services,796.5,2
2026-03-21,MAC-06,Data Services,936.86,2
2026-03-21,MAC-06,Compute,3412.34,2
2026-03-21,MAC-06,Networking,773.61,2
2026-03-21,MAC-06,Storage,806.77,2
2026-03-21,MAC-07,Storage,1175.13,2
2026-03-21,MAC-07,Compute,2429.85,2
2026-03-21,MAC-07,Networking,404.45,2
2026-03-21,MAC-07,Data Services,1489.84,2
2026-03-21,MAC-08,Data Services,967.52,2
2026-03-21,MAC-08,Storage,637.24,2
2026-03-21,MAC-08,Networking,257.08,2
2026-03-21,MAC-08,Compute,898.29,2
2026-03-22,MAC-01,Networking,499.37,2
2026-03-22,MAC-01,Data Services,870.17,2
2026-03-22,MAC-01,Compute,2727.3,2
2026-03-22,MAC-01,Storage,700.38,2
2026-03-22,MAC-02,Compute,1940.74,2
2026-03-22,MAC-02,Data Services,2190.68,2
2026-03-22,MAC-02,Storage,1419.98,2
2026-03-22,MAC-02,Networking,393.56,2
2026-03-22,MAC-03,Compute,1326.86,2
2026-03-22,MAC-03,Networking,226.06,2
2026-03-22,MAC-03,Storage,383.82,2
2026-03-22,MAC-03,Data Services,556.38,2
2026-03-22,MAC-04,Compute,1462.04,2
2026-03-22,MAC-04,Data Services,848.77,2
2026-03-22,MAC-04,Networking,349.57,2
2026-03-22,MAC-04,Storage,661.54,2
2026-03-22,MAC-05,Storage,522.82,2
2026-03-22,MAC-05,Networking,501.37,2
2026-03-22,MAC-05,Data Services,796.81,2
2026-03-22,MAC-05,Compute,1204.81,2
2026-03-22,MAC-06,Storage,921.78,2
2026-03-22,MAC-06,Networking,749.86,2
2026-03-22,MAC-06,Data Services,941.02,2
2026-03-22,MAC-06,Compute,2802.36,2
2026-03-22,MAC-07,Storage,1130.27,2
2026-03-22,MAC-07,Compute,2674.26,2
2026-03-22,MAC-07,Data Services,1652.77,2
2026-03-22,MAC-07,Networking,437.2,2
2026-03-22,MAC-08,Storage,594.44,2
2026-03-22,MAC-08,Data Services,965.71,2
2026-03-22,MAC-08,Compute,934.56,2
2026-03-22,MAC-08,Networking,277.02,2
2026-03-23,MAC-01,Compute,2742.66,2
2026-03-23,MAC-01,Networking,495.5,2
2026-03-23,MAC-01,Data Services,877.36,2
2026-03-23,MAC-01,Storage,725.2,2
2026-03-23,MAC-02,Storage,1493.69,2
2026-03-23,MAC-02,Compute,2006.29,2
2026-03-23,MAC-02,Data Services,2180.79,2
2026-03-23,MAC-02,Networking,400.88,2
2026-03-23,MAC-03,Compute,1128.52,2
2026-03-23,MAC-03,Data Services,586.81,2
2026-03-23,MAC-03,Networking,224.86,2
2026-03-23,MAC-03,Storage,359.97,2
2026-03-23,MAC-04,Storage,650.19,2
2026-03-23,MAC-04,Data Services,876.35,2
2026-03-23,MAC-04,Networking,332.71,2
2026-03-23,MAC-04,Compute,1563.07,2
2026-03-23,MAC-05,Data Services,709.89,2
2026-03-23,MAC-05,Networking,553.93,2
2026-03-23,MAC-05,Compute,1222.14,2
2026-03-23,MAC-05,Storage,571.6,2
2026-03-23,MAC-06,Compute,3135.17,2
2026-03-23,MAC-06,Data Services,935.72,2
2026-03-23,MAC-06,Storage,877.25,2
2026-03-23,MAC-06,Networking,820.41,2
2026-03-23,MAC-07,Networking,463.57,2
2026-03-23,MAC-07,Compute,2781.47,2
2026-03-23,MAC-07,Data Services,1523.85,2
2026-03-23,MAC-07,Storage,1113.78,2
2026-03-23,MAC-08,Data Services,947.4,2
2026-03-23,MAC-08,Storage,573.89,2
2026-03-23,MAC-08,Networking,290.19,2
2026-03-23,MAC-08,Compute,768.75,2
2026-03-24,MAC-01,Networking,520.39,2
2026-03-24,MAC-01,Compute,2759.28,2
2026-03-24,MAC-01,Storage,660.61,2
2026-03-24,MAC-01,Data Services,838.37,2
2026-03-24,MAC-02,Storage,1185.64,2
2026-03-24,MAC-02,Networking,378.99,2
2026-03-24,MAC-02,Compute,2140.68,2
2026-03-24,MAC-02,Data Services,1817.62,2
2026-03-24,MAC-03,Data Services,539.34,2
2026-03-24,MAC-03,Compute,1212.01,2
2026-03-24,MAC-03,Networking,262.18,2
2026-03-24,MAC-03,Storage,379.49,2
2026-03-24,MAC-04,Data Services,765.28,2
2026-03-24,MAC-04,Networking,333.0,2
2026-03-24,MAC-04,Compute,1638.05,2
2026-03-24,MAC-04,Storage,643.33,2
2026-03-24,MAC-05,Networking,529.66,2
2026-03-24,MAC-05,Compute,1296.5,2
2026-03-24,MAC-05,Data Services,766.9,2
2026-03-24,MAC-05,Storage,597.39,2
2026-03-24,MAC-06,Compute,3219.18,2
2026-03-24,MAC-06,Data Services,975.68,2
2026-03-24,MAC-06,Networking,772.97,2
2026-03-24,MAC-06,Storage,959.43,2
2026-03-24,MAC-07,Data Services,1510.6,2
2026-03-24,MAC-07,Networking,402.95,2
2026-03-24,MAC-07,Compute,2932.1,2
2026-03-24,MAC-07,Storage,1138.81,2
2026-03-24,MAC-08,Data Services,947.43,2
2026-03-24,MAC-08,Compute,876.96,2
2026-03-24,MAC-08,Networking,276.34,2
2026-03-24,MAC-08,Storage,606.63,2
2026-03-25,MAC-01,Compute,2860.77,2
2026-03-25,MAC-01,Networking,531.52,2
2026-03-25,MAC-01,Storage,651.31,2
2026-03-25,MAC-01,Data Services,997.14,2
2026-03-25,MAC-02,Networking,401.5,2
2026-03-25,MAC-02,Data Services,2067.07,2
2026-03-25,MAC-02,Compute,1781.41,2
2026-03-25,MAC-02,Storage,1164.04,2
2026-03-25,MAC-03,Data Services,589.52,2
2026-03-25,MAC-03,Storage,352.04,2
2026-03-25,MAC-03,Networking,225.58,2
2026-03-25,MAC-03,Compute,1098.81,2
2026-03-25,MAC-04,Networking,343.59,2
2026-03-25,MAC-04,Data Services,911.27,2
2026-03-25,MAC-04,Compute,1472.83,2
2026-03-25,MAC-04,Storage,618.87,2
2026-03-25,MAC-05,Storage,497.62,2
2026-03-25,MAC-05,Data Services,782.35,2
2026-03-25,MAC-05,Compute,1277.85,2
2026-03-25,MAC-05,Networking,502.41,2
2026-03-25,MAC-06,Networking,814.67,2
2026-03-25,MAC-06,Storage,969.68,2
2026-03-25,MAC-06,Data Services,1039.73,2
2026-03-25,MAC-06,Compute,3116.7,2
2026-03-25,MAC-07,Data Services,1589.8,2
2026-03-25,MAC-07,Networking,482.37,2
2026-03-25,MAC-07,Compute,2681.16,2
2026-03-25,MAC-07,Storage,1037.63,2
2026-03-25,MAC-08,Data Services,1109.59,2
2026-03-25,MAC-08,Networking,275.44,2
2026-03-25,MAC-08,Compute,929.54,2
2026-03-25,MAC-08,Storage,590.25,2
2026-03-26,MAC-01,Storage,659.0,2
2026-03-26,MAC-01,Networking,560.55,2
2026-03-26,MAC-01,Compute,2675.75,2
2026-03-26,MAC-01,Data Services,822.38,2
2026-03-26,MAC-02,Storage,1341.85,2
2026-03-26,MAC-02,Networking,399.11,2
2026-03-26,MAC-02,Compute,2154.35,2
2026-03-26,MAC-02,Data Services,1954.93,2
2026-03-26,MAC-03,Data Services,534.56,2
2026-03-26,MAC-03,Networking,270.15,2
2026-03-26,MAC-03,Compute,1162.3,2
2026-03-26,MAC-03,Storage,452.67,2
2026-03-26,MAC-04,Networking,362.78,2
2026-03-26,MAC-04,Data Services,874.38,2
2026-03-26,MAC-04,Storage,668.35,2
2026-03-26,MAC-04,Compute,1645.2,2
2026-03-26,MAC-05,Compute,1296.88,2
2026-03-26,MAC-05,Data Services,707.68,2
2026-03-26,MAC-05,Networking,546.06,2
2026-03-26,MAC-05,Storage,558.43,2
2026-03-26,MAC-06,Storage,994.07,2
2026-03-26,MAC-06,Data Services,910.27,2
2026-03-26,MAC-06,Networking,780.55,2
2026-03-26,MAC-06,Compute,3286.07,2
2026-03-26,MAC-07,Storage,1236.5,2
2026-03-26,MAC-07,Compute,2562.09,2
2026-03-26,MAC-07,Data Services,1501.18,2
2026-03-26,MAC-07,Networking,472.41,2
2026-03-26,MAC-08,Networking,279.25,2
2026-03-26,MAC-08,Data Services,1026.48,2
2026-03-26,MAC-08,Compute,786.43,2
2026-03-26,MAC-08,Storage,559.17,2
2026-03-27,MAC-01,Compute,2546.02,2
2026-03-27,MAC-01,Networking,533.79,2
2026-03-27,MAC-01,Data Services,939.17,2
2026-03-27,MAC-01,Storage,751.09,2
2026-03-27,MAC-02,Compute,2103.25,2
2026-03-27,MAC-02,Data Services,2188.48,2
2026-03-27,MAC-02,Networking,413.54,2
2026-03-27,MAC-02,Storage,1425.94,2
2026-03-27,MAC-03,Data Services,594.48,2
2026-03-27,MAC-03,Networking,244.19,2
2026-03-27,MAC-03,Compute,1212.43,2
2026-03-27,MAC-03,Storage,392.48,2
2026-03-27,MAC-04,Data Services,805.28,2
2026-03-27,MAC-04,Storage,580.84,2
2026-03-27,MAC-04,Compute,1666.74,2
2026-03-27,MAC-04,Networking,392.82,2
2026-03-27,MAC-05,Data Services,727.43,2
2026-03-27,MAC-05,Storage,492.13,2
2026-03-27,MAC-05,Compute,1092.15,2
2026-03-27,MAC-05,Networking,533.3,2
2026-03-27,MAC-06,Networking,753.59,2
2026-03-27,MAC-06,Data Services,966.45,2
2026-03-27,MAC-06,Compute,3174.23,2
2026-03-27,MAC-06,Storage,813.66,2
2026-03-27,MAC-07,Data Services,1672.69,2
2026-03-27,MAC-07,Networking,395.68,2
2026-03-27,MAC-07,Compute,3102.1,2
2026-03-27,MAC-07,Storage,1153.73,2
2026-03-27,MAC-08,Storage,555.7,2
2026-03-27,MAC-08,Networking,299.92,2
2026-03-27,MAC-08,Data Services,851.32,2
2026-03-27,MAC-08,Compute,828.17,2
2026-03-28,MAC-01,Data Services,1007.67,2
2026-03-28,MAC-01,Storage,658.4,2
2026-03-28,MAC-01,Compute,2965.22,2
2026-03-28,MAC-01,Networking,529.32,2
2026-03-28,MAC-02,Compute,2059.55,2
2026-03-28,MAC-02,Networking,398.02,2
2026-03-28,MAC-02,Storage,1311.35,2
2026-03-28,MAC-02,Data Services,1943.31,2
2026-03-28,MAC-03,Compute,1364.92,2
2026-03-28,MAC-03,Networking,290.37,2
2026-03-28,MAC-03,Storage,406.95,2
2026-03-28,MAC-03,Data Services,599.15,2
2026-03-28,MAC-04,Networking,316.91,2
2026-03-28,MAC-04,Storage,577.63,2
2026-03-28,MAC-04,Compute,1513.22,2
2026-03-28,MAC-04,Data Services,812.03,2
2026-03-28,MAC-05,Storage,553.36,2
2026-03-28,MAC-05,Data Services,753.88,2
2026-03-28,MAC-05,Compute,1196.87,2
2026-03-28,MAC-05,Networking,537.63,2
2026-03-28,MAC-06,Compute,3392.0,2
2026-03-28,MAC-06,Networking,774.46,2
2026-03-28,MAC-06,Storage,1014.08,2
2026-03-28,MAC-06,Data Services,980.83,2
2026-03-28,MAC-07,Storage,1162.8,2
2026-03-28,MAC-07,Networking,480.87,2
2026-03-28,MAC-07,Compute,3005.19,2
2026-03-28,MAC-07,Data Services,1574.02,2
2026-03-28,MAC-08,Storage,575.68,2
2026-03-28,MAC-08,Compute,900.71,2
2026-03-28,MAC-08,Data Services,936.26,2
2026-03-28,MAC-08,Networking,272.71,2
2026-03-29,MAC-01,Data Services,833.01,2
2026-03-29,MAC-01,Networking,513.56,2
2026-03-29,MAC-01,Compute,2633.81,2
2026-03-29,MAC-01,Storage,666.67,2
2026-03-29,MAC-02,Networking,437.79,2
2026-03-29,MAC-02,Compute,2153.7,2
2026-03-29,MAC-02,Data Services,1926.87,2
2026-03-29,MAC-02,Storage,1353.14,2
2026-03-29,MAC-03,Storage,366.09,2
2026-03-29,MAC-03,Networking,260.64,2
2026-03-29,MAC-03,Compute,1181.28,2
2026-03-29,MAC-03,Data Services,618.32,2
2026-03-29,MAC-04,Storage,674.93,2
2026-03-29,MAC-04,Networking,389.75,2
2026-03-29,MAC-04,Compute,1538.32,2
2026-03-29,MAC-04,Data Services,813.25,2
2026-03-29,MAC-05,Storage,590.07,2
2026-03-29,MAC-05,Networking,568.25,2
2026-03-29,MAC-05,Compute,1224.08,2
2026-03-29,MAC-05,Data Services,688.91,2
2026-03-29,MAC-06,Storage,910.31,2
2026-03-29,MAC-06,Data Services,975.91,2
2026-03-29,MAC-06,Compute,3296.64,2
2026-03-29,MAC-06,Networking,795.74,2
2026-03-29,MAC-07,Networking,417.18,2
2026-03-29,MAC-07,Data Services,1572.01,2
2026-03-29,MAC-07,Storage,1224.99,2
2026-03-29,MAC-07,Compute,2681.85,2
2026-03-29,MAC-08,Storage,526.75,2
2026-03-29,MAC-08,Networking,237.1,2
2026-03-29,MAC-08,Data Services,856.89,2
2026-03-29,MAC-08,Compute,913.55,2
2026-03-30,MAC-01,Data Services,885.45,2
2026-03-30,MAC-01,Networking,488.13,2
2026-03-30,MAC-01,Storage,720.03,2
2026-03-30,MAC-01,Compute,2615.87,2
2026-03-30,MAC-02,Networking,359.56,2
2026-03-30,MAC-02,Data Services,2085.2,2
2026-03-30,MAC-02,Storage,1313.21,2
2026-03-30,MAC-02,Compute,1940.19,2
2026-03-30,MAC-03,Networking,254.74,2
2026-03-30,MAC-03,Data Services,555.91,2
2026-03-30,MAC-03,Storage,421.71,2
2026-03-30,MAC-03,Compute,1242.61,2
2026-03-30,MAC-04,Data Services,880.08,2
2026-03-30,MAC-04,Networking,387.96,2
2026-03-30,MAC-04,Storage,688.88,2
2026-03-30,MAC-04,Compute,1521.18,2
2026-03-30,MAC-05,Networking,530.93,2
2026-03-30,MAC-05,Data Services,747.7,2
2026-03-30,MAC-05,Storage,548.21,2
2026-03-30,MAC-05,Compute,1128.53,2
2026-03-30,MAC-06,Storage,836.8,2
2026-03-30,MAC-06,Data Services,966.84,2
2026-03-30,MAC-06,Compute,3141.28,2
2026-03-30,MAC-06,Networking,872.25,2
2026-03-30,MAC-07,Storage,1138.17,2
2026-03-30,MAC-07,Networking,456.99,2
2026-03-30,MAC-07,Data Services,1618.44,2
2026-03-30,MAC-07,Compute,2619.31,2
2026-03-30,MAC-08,Compute,924.68,2
2026-03-30,MAC-08,Data Services,1047.09,2
2026-03-30,MAC-08,Networking,271.66,2
2026-03-30,MAC-08,Storage,546.73,2
2026-03-31,MAC-01,Data Services,918.34,2
2026-03-31,MAC-01,Compute,2860.62,2
2026-03-31,MAC-01,Networking,548.36,2
2026-03-31,MAC-01,Storage,731.96,2
2026-03-31,MAC-02,Storage,1365.81,2
2026-03-31,MAC-02,Compute,1882.54,2
2026-03-31,MAC-02,Data Services,1864.84,2
2026-03-31,MAC-02,Networking,387.78,2
2026-03-31,MAC-03,Storage,381.75,2
2026-03-31,MAC-03,Compute,1305.27,2
2026-03-31,MAC-03,Data Services,615.07,2
2026-03-31,MAC-03,Networking,251.87,2
2026-03-31,MAC-04,Compute,1668.8,2
2026-03-31,MAC-04,Data Services,928.23,2
2026-03-31,MAC-04,Networking,340.42,2
2026-03-31,MAC-04,Storage,683.05,2
2026-03-31,MAC-05,Data Services,692.38,2
2026-03-31,MAC-05,Networking,557.23,2
2026-03-31,MAC-05,Compute,1273.85,2
2026-03-31,MAC-05,Storage,497.56,2
2026-03-31,MAC-06,Data Services,1007.38,2
2026-03-31,MAC-06,Networking,778.92,2
2026-03-31,MAC-06,Compute,3028.84,2
2026-03-31,MAC-06,Storage,829.35,2
2026-03-31,MAC-07,Data Services,1500.47,2
2026-03-31,MAC-07,Networking,450.35,2
2026-03-31,MAC-07,Compute,2633.08,2
2026-03-31,MAC-07,Storage,1243.64,2
2026-03-31,MAC-08,Compute,851.93,2
2026-03-31,MAC-08,Data Services,971.25,2
2026-03-31,MAC-08,Networking,291.5,2
2026-03-31,MAC-08,Storage,586.31,2
